	.text
	.syntax unified
	.eabi_attribute	67, "2.09"	@ Tag_conformance
	.cpu	cortex-m7
	.eabi_attribute	6, 13	@ Tag_CPU_arch
	.eabi_attribute	7, 77	@ Tag_CPU_arch_profile
	.eabi_attribute	8, 0	@ Tag_ARM_ISA_use
	.eabi_attribute	9, 2	@ Tag_THUMB_ISA_use
	.fpu	fpv5-d16
	.eabi_attribute	36, 1	@ Tag_FP_HP_extension
	.eabi_attribute	34, 1	@ Tag_CPU_unaligned_access
	.eabi_attribute	17, 1	@ Tag_ABI_PCS_GOT_use
	.eabi_attribute	20, 2	@ Tag_ABI_FP_denormal
	.eabi_attribute	21, 0	@ Tag_ABI_FP_exceptions
	.eabi_attribute	23, 1	@ Tag_ABI_FP_number_model
	.eabi_attribute	24, 1	@ Tag_ABI_align_needed
	.eabi_attribute	25, 1	@ Tag_ABI_align_preserved
	.eabi_attribute	28, 1	@ Tag_ABI_VFP_args
	.eabi_attribute	38, 1	@ Tag_ABI_FP_16bit_format
	.eabi_attribute	18, 2	@ Tag_ABI_PCS_wchar_t
	.eabi_attribute	26, 1	@ Tag_ABI_enum_size
	.eabi_attribute	14, 0	@ Tag_ABI_PCS_R9_use
	.file	"CAN_Task.c"
	.file	1 "D:\\keil5_app\\Keil_v5\\ARM\\ARMCLANG\\bin\\..\\include" "stdint.h"
	.file	2 "D:\\stm32_project\\daily_work\\new_bubing\\cod_update_2.0\\COD_H7_Template\\MDK-ARM" "../Task/Src/CAN_Task.c"
	.file	3 "D:\\stm32_project\\daily_work\\new_bubing\\cod_update_2.0\\COD_H7_Template\\MDK-ARM" "../Task/Inc\\CAN_Task.h"
	.file	4 "D:\\stm32_project\\daily_work\\new_bubing\\cod_update_2.0\\COD_H7_Template\\MDK-ARM" "../Drivers/CMSIS/Device/ST/STM32H7xx/Include\\stm32h7xx.h"
	.file	5 "D:\\stm32_project\\daily_work\\new_bubing\\cod_update_2.0\\COD_H7_Template\\MDK-ARM" "../Drivers/STM32H7xx_HAL_Driver/Inc\\stm32h7xx_hal_fdcan.h"
	.file	6 "D:\\stm32_project\\daily_work\\new_bubing\\cod_update_2.0\\COD_H7_Template\\MDK-ARM" "../Drivers/STM32H7xx_HAL_Driver/Inc\\stm32h7xx_hal_def.h"
	.file	7 "D:\\stm32_project\\daily_work\\new_bubing\\cod_update_2.0\\COD_H7_Template\\MDK-ARM" "../Device/Inc\\Motor.h"
	.section	.text.CAN_Task,"ax",%progbits
	.hidden	CAN_Task                        @ -- Begin function CAN_Task
	.globl	CAN_Task
	.p2align	3
	.type	CAN_Task,%function
	.code	16                              @ @CAN_Task
	.thumb_func
CAN_Task:
.Lfunc_begin0:
	.loc	2 55 0                          @ ../Task/Src/CAN_Task.c:55:0
	.fnstart
	.cfi_sections .debug_frame
	.cfi_startproc
@ %bb.0:
	.save	{r7, lr}
	push	{r7, lr}
	.cfi_def_cfa_offset 8
	.cfi_offset lr, -4
	.cfi_offset r7, -8
	.pad	#80
	sub	sp, #80
	.cfi_def_cfa_offset 88
	str	r0, [sp, #76]
.Ltmp0:
	.loc	2 56 30 prologue_end            @ ../Task/Src/CAN_Task.c:56:30
	movw	r1, :lower16:Sentry_Tx_Referee
	movt	r1, :upper16:Sentry_Tx_Referee
	movs	r0, #165
	strb	r0, [r1]
	movs	r0, #10
	.loc	2 57 34                         @ ../Task/Src/CAN_Task.c:57:34
	strh.w	r0, [r1, #1]
	mov.w	r0, #288
	.loc	2 58 37                         @ ../Task/Src/CAN_Task.c:58:37
	strh.w	r0, [r1, #7]
	movw	r0, #32896
	.loc	2 59 36                         @ ../Task/Src/CAN_Task.c:59:36
	strh.w	r0, [r1, #11]
	movw	r0, #769
	.loc	2 60 26                         @ ../Task/Src/CAN_Task.c:60:26
	strh.w	r0, [r1, #5]
	movs	r0, #107
	.loc	2 61 34                         @ ../Task/Src/CAN_Task.c:61:34
	strh.w	r0, [r1, #9]
	movs	r0, #1
	.loc	2 62 35                         @ ../Task/Src/CAN_Task.c:62:35
	str.w	r0, [r1, #13]
	add	r0, sp, #12
	movs	r1, #64
	.loc	2 64 10                         @ ../Task/Src/CAN_Task.c:64:10
	bl	__aeabi_memclr
	movs	r0, #0
	.loc	2 65 14                         @ ../Task/Src/CAN_Task.c:65:14
	str	r0, [sp, #8]
	.loc	2 66 2                          @ ../Task/Src/CAN_Task.c:66:2
	b	.LBB0_1
.LBB0_1:
.Ltmp1:
	.loc	2 68 22                         @ ../Task/Src/CAN_Task.c:68:22
	bl	osKernelSysTick
	.loc	2 68 20 is_stmt 0               @ ../Task/Src/CAN_Task.c:68:20
	str	r0, [sp, #8]
	.loc	2 70 35 is_stmt 1               @ ../Task/Src/CAN_Task.c:70:35
	movw	r0, :lower16:FDCAN1_TxFrame
	movt	r0, :upper16:FDCAN1_TxFrame
	mov.w	r1, #512
	str	r1, [r0, #4]
	.loc	2 71 36                         @ ../Task/Src/CAN_Task.c:71:36
	movw	r1, :lower16:Chassis_Info
	movt	r1, :upper16:Chassis_Info
	str	r1, [sp]                        @ 4-byte Spill
	ldrb.w	r3, [r1, #61]
	.loc	2 71 25 is_stmt 0               @ ../Task/Src/CAN_Task.c:71:25
	movw	r2, :lower16:cantx_data_chassis
	movt	r2, :upper16:cantx_data_chassis
	str	r2, [sp, #4]                    @ 4-byte Spill
	strb	r3, [r2]
	.loc	2 72 35 is_stmt 1               @ ../Task/Src/CAN_Task.c:72:35
	ldrb.w	r3, [r1, #60]
	.loc	2 72 24 is_stmt 0               @ ../Task/Src/CAN_Task.c:72:24
	strb	r3, [r2, #1]
	.loc	2 73 35 is_stmt 1               @ ../Task/Src/CAN_Task.c:73:35
	ldrb.w	r3, [r1, #63]
	.loc	2 73 24 is_stmt 0               @ ../Task/Src/CAN_Task.c:73:24
	strb	r3, [r2, #2]
	.loc	2 74 35 is_stmt 1               @ ../Task/Src/CAN_Task.c:74:35
	ldrb.w	r3, [r1, #62]
	.loc	2 74 24 is_stmt 0               @ ../Task/Src/CAN_Task.c:74:24
	strb	r3, [r2, #3]
	.loc	2 75 35 is_stmt 1               @ ../Task/Src/CAN_Task.c:75:35
	ldrb.w	r3, [r1, #65]
	.loc	2 75 24 is_stmt 0               @ ../Task/Src/CAN_Task.c:75:24
	strb	r3, [r2, #4]
	.loc	2 76 35 is_stmt 1               @ ../Task/Src/CAN_Task.c:76:35
	ldrb.w	r3, [r1, #64]
	.loc	2 76 24 is_stmt 0               @ ../Task/Src/CAN_Task.c:76:24
	strb	r3, [r2, #5]
	.loc	2 77 35 is_stmt 1               @ ../Task/Src/CAN_Task.c:77:35
	ldrb.w	r3, [r1, #67]
	.loc	2 77 24 is_stmt 0               @ ../Task/Src/CAN_Task.c:77:24
	strb	r3, [r2, #6]
	.loc	2 78 35 is_stmt 1               @ ../Task/Src/CAN_Task.c:78:35
	ldrb.w	r1, [r1, #66]
	.loc	2 78 24 is_stmt 0               @ ../Task/Src/CAN_Task.c:78:24
	strb	r1, [r2, #7]
	.loc	2 79 2 is_stmt 1                @ ../Task/Src/CAN_Task.c:79:2
	movw	r1, :lower16:Motor_chassis
	movt	r1, :upper16:Motor_chassis
	bl	USER_CAN_TxMessage
	.loc	2 81 13                         @ ../Task/Src/CAN_Task.c:81:13
	bl	osKernelSysTick
	.loc	2 81 11 is_stmt 0               @ ../Task/Src/CAN_Task.c:81:11
	movw	r1, :lower16:freq_1k
	movt	r1, :upper16:freq_1k
	str	r0, [r1]
	.loc	2 83 3 is_stmt 1                @ ../Task/Src/CAN_Task.c:83:3
	b	.LBB0_2
.LBB0_2:                                @ =>This Inner Loop Header: Depth=1
.Ltmp2:
	.loc	2 85 11                         @ ../Task/Src/CAN_Task.c:85:11
	movw	r0, :lower16:tick_ms
	movt	r0, :upper16:tick_ms
	ldrb	r1, [r0]
	adds	r1, #1
	strb	r1, [r0]
.Ltmp3:
	.loc	2 86 7                          @ ../Task/Src/CAN_Task.c:86:7
	ldrb	r0, [r0]
	movw	r2, #43690
	movt	r2, #10922
	movw	r1, #43691
	movt	r1, #43690
.Ltmp4:
	.loc	2 86 7 is_stmt 0                @ ../Task/Src/CAN_Task.c:86:7
	mla	r0, r0, r1, r2
	cmp.w	r0, #1431655765
	bhs	.LBB0_4
	b	.LBB0_3
.LBB0_3:                                @   in Loop: Header=BB0_2 Depth=1
.Ltmp5:
	.loc	2 88 5 is_stmt 1                @ ../Task/Src/CAN_Task.c:88:5
	movw	r0, :lower16:hfdcan3
	movt	r0, :upper16:hfdcan3
	movs	r1, #1
	movs	r2, #3
	bl	IMU_RequestData
	.loc	2 89 4                          @ ../Task/Src/CAN_Task.c:89:4
	b	.LBB0_10
.Ltmp6:
.LBB0_4:                                @   in Loop: Header=BB0_2 Depth=1
	.loc	2 90 12                         @ ../Task/Src/CAN_Task.c:90:12
	movw	r0, :lower16:tick_ms
	movt	r0, :upper16:tick_ms
	ldrb	r0, [r0]
.Ltmp7:
	.loc	2 90 12 is_stmt 0               @ ../Task/Src/CAN_Task.c:90:12
	lsls	r0, r0, #31
	cbnz	r0, .LBB0_6
	b	.LBB0_5
.LBB0_5:                                @   in Loop: Header=BB0_2 Depth=1
.Ltmp8:
	.loc	2 92 5 is_stmt 1                @ ../Task/Src/CAN_Task.c:92:5
	movw	r0, :lower16:hfdcan3
	movt	r0, :upper16:hfdcan3
	movs	r1, #1
	movs	r2, #2
	bl	IMU_RequestData
	.loc	2 93 4                          @ ../Task/Src/CAN_Task.c:93:4
	b	.LBB0_9
.Ltmp9:
.LBB0_6:                                @   in Loop: Header=BB0_2 Depth=1
	.loc	2 0 4 is_stmt 0                 @ ../Task/Src/CAN_Task.c:0:4
	movs	r0, #0
	.loc	2 94 12 is_stmt 1               @ ../Task/Src/CAN_Task.c:94:12
	cbnz	r0, .LBB0_8
	b	.LBB0_7
.LBB0_7:                                @   in Loop: Header=BB0_2 Depth=1
.Ltmp10:
	.loc	2 96 5                          @ ../Task/Src/CAN_Task.c:96:5
	movw	r0, :lower16:hfdcan3
	movt	r0, :upper16:hfdcan3
	movs	r2, #1
	mov	r1, r2
	bl	IMU_RequestData
	.loc	2 97 4                          @ ../Task/Src/CAN_Task.c:97:4
	b	.LBB0_8
.Ltmp11:
.LBB0_8:                                @   in Loop: Header=BB0_2 Depth=1
	.loc	2 0 4 is_stmt 0                 @ ../Task/Src/CAN_Task.c:0:4
	b	.LBB0_9
.LBB0_9:                                @   in Loop: Header=BB0_2 Depth=1
	b	.LBB0_10
.LBB0_10:                               @   in Loop: Header=BB0_2 Depth=1
	.loc	2 98 4 is_stmt 1                @ ../Task/Src/CAN_Task.c:98:4
	movw	r0, :lower16:freq_1k
	movt	r0, :upper16:freq_1k
	movs	r1, #1
	bl	osDelayUntil
.Ltmp12:
	.loc	2 83 3                          @ ../Task/Src/CAN_Task.c:83:3
	b	.LBB0_2
.Ltmp13:
.Lfunc_end0:
	.size	CAN_Task, .Lfunc_end0-CAN_Task
	.cfi_endproc
	.cantunwind
	.fnend
                                        @ -- End function
	.section	.text.DM_Motor_CAN_TxMessage,"ax",%progbits
	.hidden	DM_Motor_CAN_TxMessage          @ -- Begin function DM_Motor_CAN_TxMessage
	.globl	DM_Motor_CAN_TxMessage
	.p2align	3
	.type	DM_Motor_CAN_TxMessage,%function
	.code	16                              @ @DM_Motor_CAN_TxMessage
	.thumb_func
DM_Motor_CAN_TxMessage:
.Lfunc_begin1:
	.loc	2 127 0                         @ ../Task/Src/CAN_Task.c:127:0
	.fnstart
	.cfi_startproc
@ %bb.0:
	.save	{r7, lr}
	push	{r7, lr}
	.cfi_def_cfa_offset 8
	.cfi_offset lr, -4
	.cfi_offset r7, -8
	.pad	#64
	sub	sp, #64
	.cfi_def_cfa_offset 72
	str	r0, [sp, #60]
	str	r1, [sp, #56]
	vstr	s0, [sp, #52]
	vstr	s1, [sp, #48]
	vstr	s2, [sp, #44]
	vstr	s3, [sp, #40]
	vstr	s4, [sp, #36]
.Ltmp14:
	.loc	2 129 7 prologue_end            @ ../Task/Src/CAN_Task.c:129:7
	ldr	r0, [sp, #56]
	.loc	2 129 17 is_stmt 0              @ ../Task/Src/CAN_Task.c:129:17
	ldrb	r0, [r0]
.Ltmp15:
	.loc	2 129 7                         @ ../Task/Src/CAN_Task.c:129:7
	cmp	r0, #0
	bne	.LBB1_2
	b	.LBB1_1
.LBB1_1:
.Ltmp16:
	.loc	2 133 34 is_stmt 1              @ ../Task/Src/CAN_Task.c:133:34
	vldr	s0, [sp, #52]
	.loc	2 133 44 is_stmt 0              @ ../Task/Src/CAN_Task.c:133:44
	ldr	r0, [sp, #56]
	.loc	2 133 66                        @ ../Task/Src/CAN_Task.c:133:66
	vldr	s2, [r0, #16]
	.loc	2 133 43                        @ ../Task/Src/CAN_Task.c:133:43
	vneg.f32	s1, s2
	movs	r0, #16
	.loc	2 133 20                        @ ../Task/Src/CAN_Task.c:133:20
	bl	float_to_uint
	.loc	2 133 17                        @ ../Task/Src/CAN_Task.c:133:17
	strh.w	r0, [sp, #34]
	.loc	2 134 34 is_stmt 1              @ ../Task/Src/CAN_Task.c:134:34
	vldr	s0, [sp, #48]
	.loc	2 134 44 is_stmt 0              @ ../Task/Src/CAN_Task.c:134:44
	ldr	r0, [sp, #56]
	.loc	2 134 66                        @ ../Task/Src/CAN_Task.c:134:66
	vldr	s2, [r0, #20]
	.loc	2 134 43                        @ ../Task/Src/CAN_Task.c:134:43
	vneg.f32	s1, s2
	movs	r0, #12
	.loc	2 134 20                        @ ../Task/Src/CAN_Task.c:134:20
	str	r0, [sp, #8]                    @ 4-byte Spill
	bl	float_to_uint
	mov	r1, r0
	.loc	2 134 17                        @ ../Task/Src/CAN_Task.c:134:17
	ldr	r0, [sp, #8]                    @ 4-byte Reload
	strh.w	r1, [sp, #32]
	.loc	2 135 34 is_stmt 1              @ ../Task/Src/CAN_Task.c:135:34
	vldr	s0, [sp, #36]
	.loc	2 135 44 is_stmt 0              @ ../Task/Src/CAN_Task.c:135:44
	ldr	r1, [sp, #56]
	.loc	2 135 66                        @ ../Task/Src/CAN_Task.c:135:66
	vldr	s2, [r1, #24]
	.loc	2 135 43                        @ ../Task/Src/CAN_Task.c:135:43
	vneg.f32	s1, s2
	.loc	2 135 20                        @ ../Task/Src/CAN_Task.c:135:20
	bl	float_to_uint
	mov	r1, r0
	.loc	2 135 17                        @ ../Task/Src/CAN_Task.c:135:17
	ldr	r0, [sp, #8]                    @ 4-byte Reload
	strh.w	r1, [sp, #30]
	.loc	2 136 27 is_stmt 1              @ ../Task/Src/CAN_Task.c:136:27
	vldr	s0, [sp, #44]
	vldr	s1, .LCPI1_0
	vstr	s1, [sp, #4]                    @ 4-byte Spill
	vldr	s2, .LCPI1_1
	.loc	2 136 13 is_stmt 0              @ ../Task/Src/CAN_Task.c:136:13
	bl	float_to_uint
	vldr	s1, [sp, #4]                    @ 4-byte Reload
	mov	r1, r0
	.loc	2 136 11                        @ ../Task/Src/CAN_Task.c:136:11
	ldr	r0, [sp, #8]                    @ 4-byte Reload
	strh.w	r1, [sp, #28]
	.loc	2 137 27 is_stmt 1              @ ../Task/Src/CAN_Task.c:137:27
	vldr	s0, [sp, #40]
	vmov.f32	s2, #5.000000e+00
	.loc	2 137 13 is_stmt 0              @ ../Task/Src/CAN_Task.c:137:13
	bl	float_to_uint
	.loc	2 137 11                        @ ../Task/Src/CAN_Task.c:137:11
	strh.w	r0, [sp, #26]
	.loc	2 139 39 is_stmt 1              @ ../Task/Src/CAN_Task.c:139:39
	ldr	r0, [sp, #56]
	.loc	2 139 60 is_stmt 0              @ ../Task/Src/CAN_Task.c:139:60
	ldr	r0, [r0, #4]
	.loc	2 139 4                         @ ../Task/Src/CAN_Task.c:139:4
	ldr	r1, [sp, #60]
	.loc	2 139 37                        @ ../Task/Src/CAN_Task.c:139:37
	str	r0, [r1, #4]
	.loc	2 141 39 is_stmt 1              @ ../Task/Src/CAN_Task.c:141:39
	ldrb.w	r0, [sp, #35]
	.loc	2 141 4 is_stmt 0               @ ../Task/Src/CAN_Task.c:141:4
	ldr	r1, [sp, #60]
	.loc	2 141 27                        @ ../Task/Src/CAN_Task.c:141:27
	strb.w	r0, [r1, #40]
	.loc	2 142 39 is_stmt 1              @ ../Task/Src/CAN_Task.c:142:39
	ldrb.w	r0, [sp, #34]
	.loc	2 142 4 is_stmt 0               @ ../Task/Src/CAN_Task.c:142:4
	ldr	r1, [sp, #60]
	.loc	2 142 27                        @ ../Task/Src/CAN_Task.c:142:27
	strb.w	r0, [r1, #41]
	.loc	2 143 39 is_stmt 1              @ ../Task/Src/CAN_Task.c:143:39
	ldrh.w	r0, [sp, #32]
	lsrs	r0, r0, #4
	.loc	2 143 4 is_stmt 0               @ ../Task/Src/CAN_Task.c:143:4
	ldr	r1, [sp, #60]
	.loc	2 143 27                        @ ../Task/Src/CAN_Task.c:143:27
	strb.w	r0, [r1, #42]
	.loc	2 144 40 is_stmt 1              @ ../Task/Src/CAN_Task.c:144:40
	ldrh.w	r1, [sp, #32]
	.loc	2 144 75 is_stmt 0              @ ../Task/Src/CAN_Task.c:144:75
	ldrb.w	r0, [sp, #29]
	.loc	2 144 63                        @ ../Task/Src/CAN_Task.c:144:63
	orr.w	r0, r0, r1, lsl #4
	.loc	2 144 4                         @ ../Task/Src/CAN_Task.c:144:4
	ldr	r1, [sp, #60]
	.loc	2 144 27                        @ ../Task/Src/CAN_Task.c:144:27
	strb.w	r0, [r1, #43]
	.loc	2 145 39 is_stmt 1              @ ../Task/Src/CAN_Task.c:145:39
	ldrb.w	r0, [sp, #28]
	.loc	2 145 4 is_stmt 0               @ ../Task/Src/CAN_Task.c:145:4
	ldr	r1, [sp, #60]
	.loc	2 145 27                        @ ../Task/Src/CAN_Task.c:145:27
	strb.w	r0, [r1, #44]
	.loc	2 146 39 is_stmt 1              @ ../Task/Src/CAN_Task.c:146:39
	ldrh.w	r0, [sp, #26]
	lsrs	r0, r0, #4
	.loc	2 146 4 is_stmt 0               @ ../Task/Src/CAN_Task.c:146:4
	ldr	r1, [sp, #60]
	.loc	2 146 27                        @ ../Task/Src/CAN_Task.c:146:27
	strb.w	r0, [r1, #45]
	.loc	2 147 40 is_stmt 1              @ ../Task/Src/CAN_Task.c:147:40
	ldrh.w	r1, [sp, #26]
	.loc	2 147 69 is_stmt 0              @ ../Task/Src/CAN_Task.c:147:69
	ldrb.w	r0, [sp, #31]
	.loc	2 147 57                        @ ../Task/Src/CAN_Task.c:147:57
	orr.w	r0, r0, r1, lsl #4
	.loc	2 147 4                         @ ../Task/Src/CAN_Task.c:147:4
	ldr	r1, [sp, #60]
	.loc	2 147 27                        @ ../Task/Src/CAN_Task.c:147:27
	strb.w	r0, [r1, #46]
	.loc	2 148 39 is_stmt 1              @ ../Task/Src/CAN_Task.c:148:39
	ldrb.w	r0, [sp, #30]
	.loc	2 148 4 is_stmt 0               @ ../Task/Src/CAN_Task.c:148:4
	ldr	r1, [sp, #60]
	.loc	2 148 27                        @ ../Task/Src/CAN_Task.c:148:27
	strb.w	r0, [r1, #47]
	.loc	2 150 2 is_stmt 1               @ ../Task/Src/CAN_Task.c:150:2
	b	.LBB1_8
.Ltmp17:
.LBB1_2:
	.loc	2 150 11 is_stmt 0              @ ../Task/Src/CAN_Task.c:150:11
	ldr	r0, [sp, #56]
	.loc	2 150 21                        @ ../Task/Src/CAN_Task.c:150:21
	ldrb	r0, [r0]
.Ltmp18:
	.loc	2 150 11                        @ ../Task/Src/CAN_Task.c:150:11
	cmp	r0, #1
	bne	.LBB1_4
	b	.LBB1_3
.LBB1_3:
	.loc	2 0 11                          @ ../Task/Src/CAN_Task.c:0:11
	add	r0, sp, #52
.Ltmp19:
	.loc	2 154 17 is_stmt 1              @ ../Task/Src/CAN_Task.c:154:17
	str	r0, [sp, #20]
	add	r0, sp, #48
	.loc	2 155 17                        @ ../Task/Src/CAN_Task.c:155:17
	str	r0, [sp, #16]
	.loc	2 157 40                        @ ../Task/Src/CAN_Task.c:157:40
	ldr	r0, [sp, #56]
	.loc	2 157 61 is_stmt 0              @ ../Task/Src/CAN_Task.c:157:61
	ldr	r0, [r0, #4]
	.loc	2 157 69                        @ ../Task/Src/CAN_Task.c:157:69
	add.w	r0, r0, #256
	.loc	2 157 5                         @ ../Task/Src/CAN_Task.c:157:5
	ldr	r1, [sp, #60]
	.loc	2 157 38                        @ ../Task/Src/CAN_Task.c:157:38
	str	r0, [r1, #4]
	.loc	2 159 31 is_stmt 1              @ ../Task/Src/CAN_Task.c:159:31
	ldr	r0, [sp, #20]
	.loc	2 159 29 is_stmt 0              @ ../Task/Src/CAN_Task.c:159:29
	ldrb	r0, [r0]
	.loc	2 159 4                         @ ../Task/Src/CAN_Task.c:159:4
	ldr	r1, [sp, #60]
	.loc	2 159 27                        @ ../Task/Src/CAN_Task.c:159:27
	strb.w	r0, [r1, #40]
	.loc	2 160 31 is_stmt 1              @ ../Task/Src/CAN_Task.c:160:31
	ldr	r0, [sp, #20]
	.loc	2 160 29 is_stmt 0              @ ../Task/Src/CAN_Task.c:160:29
	ldrb	r0, [r0, #1]
	.loc	2 160 4                         @ ../Task/Src/CAN_Task.c:160:4
	ldr	r1, [sp, #60]
	.loc	2 160 27                        @ ../Task/Src/CAN_Task.c:160:27
	strb.w	r0, [r1, #41]
	.loc	2 161 31 is_stmt 1              @ ../Task/Src/CAN_Task.c:161:31
	ldr	r0, [sp, #20]
	.loc	2 161 29 is_stmt 0              @ ../Task/Src/CAN_Task.c:161:29
	ldrb	r0, [r0, #2]
	.loc	2 161 4                         @ ../Task/Src/CAN_Task.c:161:4
	ldr	r1, [sp, #60]
	.loc	2 161 27                        @ ../Task/Src/CAN_Task.c:161:27
	strb.w	r0, [r1, #42]
	.loc	2 162 31 is_stmt 1              @ ../Task/Src/CAN_Task.c:162:31
	ldr	r0, [sp, #20]
	.loc	2 162 29 is_stmt 0              @ ../Task/Src/CAN_Task.c:162:29
	ldrb	r0, [r0, #3]
	.loc	2 162 4                         @ ../Task/Src/CAN_Task.c:162:4
	ldr	r1, [sp, #60]
	.loc	2 162 27                        @ ../Task/Src/CAN_Task.c:162:27
	strb.w	r0, [r1, #43]
	.loc	2 163 32 is_stmt 1              @ ../Task/Src/CAN_Task.c:163:32
	ldr	r0, [sp, #16]
	.loc	2 163 30 is_stmt 0              @ ../Task/Src/CAN_Task.c:163:30
	ldrb	r0, [r0]
	.loc	2 163 5                         @ ../Task/Src/CAN_Task.c:163:5
	ldr	r1, [sp, #60]
	.loc	2 163 28                        @ ../Task/Src/CAN_Task.c:163:28
	strb.w	r0, [r1, #44]
	.loc	2 164 31 is_stmt 1              @ ../Task/Src/CAN_Task.c:164:31
	ldr	r0, [sp, #16]
	.loc	2 164 29 is_stmt 0              @ ../Task/Src/CAN_Task.c:164:29
	ldrb	r0, [r0, #1]
	.loc	2 164 4                         @ ../Task/Src/CAN_Task.c:164:4
	ldr	r1, [sp, #60]
	.loc	2 164 27                        @ ../Task/Src/CAN_Task.c:164:27
	strb.w	r0, [r1, #45]
	.loc	2 165 31 is_stmt 1              @ ../Task/Src/CAN_Task.c:165:31
	ldr	r0, [sp, #16]
	.loc	2 165 29 is_stmt 0              @ ../Task/Src/CAN_Task.c:165:29
	ldrb	r0, [r0, #2]
	.loc	2 165 4                         @ ../Task/Src/CAN_Task.c:165:4
	ldr	r1, [sp, #60]
	.loc	2 165 27                        @ ../Task/Src/CAN_Task.c:165:27
	strb.w	r0, [r1, #46]
	.loc	2 166 31 is_stmt 1              @ ../Task/Src/CAN_Task.c:166:31
	ldr	r0, [sp, #16]
	.loc	2 166 29 is_stmt 0              @ ../Task/Src/CAN_Task.c:166:29
	ldrb	r0, [r0, #3]
	.loc	2 166 4                         @ ../Task/Src/CAN_Task.c:166:4
	ldr	r1, [sp, #60]
	.loc	2 166 27                        @ ../Task/Src/CAN_Task.c:166:27
	strb.w	r0, [r1, #47]
	.loc	2 168 2 is_stmt 1               @ ../Task/Src/CAN_Task.c:168:2
	b	.LBB1_7
.Ltmp20:
.LBB1_4:
	.loc	2 168 11 is_stmt 0              @ ../Task/Src/CAN_Task.c:168:11
	ldr	r0, [sp, #56]
	.loc	2 168 21                        @ ../Task/Src/CAN_Task.c:168:21
	ldrb	r0, [r0]
.Ltmp21:
	.loc	2 168 11                        @ ../Task/Src/CAN_Task.c:168:11
	cmp	r0, #2
	bne	.LBB1_6
	b	.LBB1_5
.LBB1_5:
	.loc	2 0 11                          @ ../Task/Src/CAN_Task.c:0:11
	add	r0, sp, #48
.Ltmp22:
	.loc	2 171 16 is_stmt 1              @ ../Task/Src/CAN_Task.c:171:16
	str	r0, [sp, #12]
	.loc	2 173 40                        @ ../Task/Src/CAN_Task.c:173:40
	ldr	r0, [sp, #56]
	.loc	2 173 61 is_stmt 0              @ ../Task/Src/CAN_Task.c:173:61
	ldr	r0, [r0, #4]
	.loc	2 173 69                        @ ../Task/Src/CAN_Task.c:173:69
	add.w	r0, r0, #512
	.loc	2 173 5                         @ ../Task/Src/CAN_Task.c:173:5
	ldr	r1, [sp, #60]
	.loc	2 173 38                        @ ../Task/Src/CAN_Task.c:173:38
	str	r0, [r1, #4]
	.loc	2 175 30 is_stmt 1              @ ../Task/Src/CAN_Task.c:175:30
	ldr	r0, [sp, #12]
	.loc	2 175 28 is_stmt 0              @ ../Task/Src/CAN_Task.c:175:28
	ldrb	r0, [r0]
	.loc	2 175 3                         @ ../Task/Src/CAN_Task.c:175:3
	ldr	r1, [sp, #60]
	.loc	2 175 26                        @ ../Task/Src/CAN_Task.c:175:26
	strb.w	r0, [r1, #40]
	.loc	2 176 30 is_stmt 1              @ ../Task/Src/CAN_Task.c:176:30
	ldr	r0, [sp, #12]
	.loc	2 176 28 is_stmt 0              @ ../Task/Src/CAN_Task.c:176:28
	ldrb	r0, [r0, #1]
	.loc	2 176 3                         @ ../Task/Src/CAN_Task.c:176:3
	ldr	r1, [sp, #60]
	.loc	2 176 26                        @ ../Task/Src/CAN_Task.c:176:26
	strb.w	r0, [r1, #41]
	.loc	2 177 30 is_stmt 1              @ ../Task/Src/CAN_Task.c:177:30
	ldr	r0, [sp, #12]
	.loc	2 177 28 is_stmt 0              @ ../Task/Src/CAN_Task.c:177:28
	ldrb	r0, [r0, #2]
	.loc	2 177 3                         @ ../Task/Src/CAN_Task.c:177:3
	ldr	r1, [sp, #60]
	.loc	2 177 26                        @ ../Task/Src/CAN_Task.c:177:26
	strb.w	r0, [r1, #42]
	.loc	2 178 30 is_stmt 1              @ ../Task/Src/CAN_Task.c:178:30
	ldr	r0, [sp, #12]
	.loc	2 178 28 is_stmt 0              @ ../Task/Src/CAN_Task.c:178:28
	ldrb	r0, [r0, #3]
	.loc	2 178 3                         @ ../Task/Src/CAN_Task.c:178:3
	ldr	r1, [sp, #60]
	.loc	2 178 26                        @ ../Task/Src/CAN_Task.c:178:26
	strb.w	r0, [r1, #43]
	.loc	2 179 3 is_stmt 1               @ ../Task/Src/CAN_Task.c:179:3
	ldr	r1, [sp, #60]
	movs	r0, #0
	.loc	2 179 26 is_stmt 0              @ ../Task/Src/CAN_Task.c:179:26
	strb.w	r0, [r1, #44]
	.loc	2 180 4 is_stmt 1               @ ../Task/Src/CAN_Task.c:180:4
	ldr	r1, [sp, #60]
	.loc	2 180 27 is_stmt 0              @ ../Task/Src/CAN_Task.c:180:27
	strb.w	r0, [r1, #45]
	.loc	2 181 3 is_stmt 1               @ ../Task/Src/CAN_Task.c:181:3
	ldr	r1, [sp, #60]
	.loc	2 181 26 is_stmt 0              @ ../Task/Src/CAN_Task.c:181:26
	strb.w	r0, [r1, #46]
	.loc	2 182 3 is_stmt 1               @ ../Task/Src/CAN_Task.c:182:3
	ldr	r1, [sp, #60]
	.loc	2 182 26 is_stmt 0              @ ../Task/Src/CAN_Task.c:182:26
	strb.w	r0, [r1, #47]
	.loc	2 184 2 is_stmt 1               @ ../Task/Src/CAN_Task.c:184:2
	b	.LBB1_6
.Ltmp23:
.LBB1_6:
	.loc	2 0 2 is_stmt 0                 @ ../Task/Src/CAN_Task.c:0:2
	b	.LBB1_7
.LBB1_7:
	b	.LBB1_8
.LBB1_8:
	.loc	2 186 35 is_stmt 1              @ ../Task/Src/CAN_Task.c:186:35
	ldr	r0, [sp, #60]
	.loc	2 186 4 is_stmt 0               @ ../Task/Src/CAN_Task.c:186:4
	bl	USER_FDCAN_AddMessageToTxFifoQ
	.loc	2 188 1 epilogue_begin is_stmt 1 @ ../Task/Src/CAN_Task.c:188:1
	add	sp, #64
	pop	{r7, pc}
.Ltmp24:
	.loc	2 0 1 is_stmt 0                 @ :0:1
.Ltmp25:
	.p2align	2
@ %bb.9:
.LCPI1_0:
	.long	0x00000000                      @ float 0
.LCPI1_1:
	.long	0x43fa0000                      @ float 500
.Lfunc_end1:
	.size	DM_Motor_CAN_TxMessage, .Lfunc_end1-DM_Motor_CAN_TxMessage
	.cfi_endproc
	.cantunwind
	.fnend
                                        @ -- End function
	.section	.text.float_to_uint,"ax",%progbits
	.p2align	3                               @ -- Begin function float_to_uint
	.type	float_to_uint,%function
	.code	16                              @ @float_to_uint
	.thumb_func
float_to_uint:
.Lfunc_begin2:
	.loc	2 232 0 is_stmt 1               @ ../Task/Src/CAN_Task.c:232:0
	.fnstart
	.cfi_startproc
@ %bb.0:
	.pad	#24
	sub	sp, #24
	.cfi_def_cfa_offset 24
	vstr	s0, [sp, #20]
	vstr	s1, [sp, #16]
	vstr	s2, [sp, #12]
	str	r0, [sp, #8]
.Ltmp26:
	.loc	2 234 18 prologue_end           @ ../Task/Src/CAN_Task.c:234:18
	vldr	s0, [sp, #12]
	.loc	2 234 26 is_stmt 0              @ ../Task/Src/CAN_Task.c:234:26
	vldr	s2, [sp, #16]
	.loc	2 234 24                        @ ../Task/Src/CAN_Task.c:234:24
	vsub.f32	s0, s0, s2
	.loc	2 234 11                        @ ../Task/Src/CAN_Task.c:234:11
	vstr	s0, [sp, #4]
	.loc	2 235 20 is_stmt 1              @ ../Task/Src/CAN_Task.c:235:20
	ldr	r0, [sp, #16]
	.loc	2 235 11 is_stmt 0              @ ../Task/Src/CAN_Task.c:235:11
	str	r0, [sp]
	.loc	2 236 20 is_stmt 1              @ ../Task/Src/CAN_Task.c:236:20
	vldr	s0, [sp, #20]
	.loc	2 236 22 is_stmt 0              @ ../Task/Src/CAN_Task.c:236:22
	vldr	s2, [sp]
	.loc	2 236 21                        @ ../Task/Src/CAN_Task.c:236:21
	vsub.f32	s0, s0, s2
	.loc	2 236 43                        @ ../Task/Src/CAN_Task.c:236:43
	ldr	r1, [sp, #8]
	movs	r0, #1
	.loc	2 236 41                        @ ../Task/Src/CAN_Task.c:236:41
	lsls	r0, r1
	.loc	2 236 48                        @ ../Task/Src/CAN_Task.c:236:48
	subs	r0, #1
	.loc	2 236 31                        @ ../Task/Src/CAN_Task.c:236:31
	vmov	s2, r0
	vcvt.f32.s32	s2, s2
	.loc	2 236 29                        @ ../Task/Src/CAN_Task.c:236:29
	vmul.f32	s0, s0, s2
	.loc	2 236 53                        @ ../Task/Src/CAN_Task.c:236:53
	vldr	s2, [sp, #4]
	.loc	2 236 52                        @ ../Task/Src/CAN_Task.c:236:52
	vdiv.f32	s0, s0, s2
	.loc	2 236 12                        @ ../Task/Src/CAN_Task.c:236:12
	vcvt.s32.f32	s0, s0
	vmov	r0, s0
	.loc	2 236 5 epilogue_begin          @ ../Task/Src/CAN_Task.c:236:5
	add	sp, #24
	bx	lr
.Ltmp27:
.Lfunc_end2:
	.size	float_to_uint, .Lfunc_end2-float_to_uint
	.cfi_endproc
	.cantunwind
	.fnend
                                        @ -- End function
	.section	.text.DM_Motor_Command,"ax",%progbits
	.hidden	DM_Motor_Command                @ -- Begin function DM_Motor_Command
	.globl	DM_Motor_Command
	.p2align	3
	.type	DM_Motor_Command,%function
	.code	16                              @ @DM_Motor_Command
	.thumb_func
DM_Motor_Command:
.Lfunc_begin3:
	.loc	2 190 0 is_stmt 1               @ ../Task/Src/CAN_Task.c:190:0
	.fnstart
	.cfi_startproc
@ %bb.0:
	.save	{r7, lr}
	push	{r7, lr}
	.cfi_def_cfa_offset 8
	.cfi_offset lr, -4
	.cfi_offset r7, -8
	.pad	#16
	sub	sp, #16
	.cfi_def_cfa_offset 24
                                        @ kill: def $r3 killed $r2
	str	r0, [sp, #12]
	str	r1, [sp, #8]
	strb.w	r2, [sp, #7]
.Ltmp28:
	.loc	2 192 38 prologue_end           @ ../Task/Src/CAN_Task.c:192:38
	ldr	r0, [sp, #8]
	.loc	2 192 59 is_stmt 0              @ ../Task/Src/CAN_Task.c:192:59
	ldr	r0, [r0, #4]
	.loc	2 192 3                         @ ../Task/Src/CAN_Task.c:192:3
	ldr	r1, [sp, #12]
	.loc	2 192 36                        @ ../Task/Src/CAN_Task.c:192:36
	str	r0, [r1, #4]
	.loc	2 194 3 is_stmt 1               @ ../Task/Src/CAN_Task.c:194:3
	ldr	r1, [sp, #12]
	movs	r0, #255
	.loc	2 194 26 is_stmt 0              @ ../Task/Src/CAN_Task.c:194:26
	strb.w	r0, [r1, #40]
	.loc	2 195 4 is_stmt 1               @ ../Task/Src/CAN_Task.c:195:4
	ldr	r1, [sp, #12]
	.loc	2 195 27 is_stmt 0              @ ../Task/Src/CAN_Task.c:195:27
	strb.w	r0, [r1, #41]
	.loc	2 196 4 is_stmt 1               @ ../Task/Src/CAN_Task.c:196:4
	ldr	r1, [sp, #12]
	.loc	2 196 27 is_stmt 0              @ ../Task/Src/CAN_Task.c:196:27
	strb.w	r0, [r1, #42]
	.loc	2 197 3 is_stmt 1               @ ../Task/Src/CAN_Task.c:197:3
	ldr	r1, [sp, #12]
	.loc	2 197 26 is_stmt 0              @ ../Task/Src/CAN_Task.c:197:26
	strb.w	r0, [r1, #43]
	.loc	2 198 3 is_stmt 1               @ ../Task/Src/CAN_Task.c:198:3
	ldr	r1, [sp, #12]
	.loc	2 198 26 is_stmt 0              @ ../Task/Src/CAN_Task.c:198:26
	strb.w	r0, [r1, #44]
	.loc	2 199 3 is_stmt 1               @ ../Task/Src/CAN_Task.c:199:3
	ldr	r1, [sp, #12]
	.loc	2 199 26 is_stmt 0              @ ../Task/Src/CAN_Task.c:199:26
	strb.w	r0, [r1, #45]
	.loc	2 200 3 is_stmt 1               @ ../Task/Src/CAN_Task.c:200:3
	ldr	r1, [sp, #12]
	.loc	2 200 26 is_stmt 0              @ ../Task/Src/CAN_Task.c:200:26
	strb.w	r0, [r1, #46]
	.loc	2 202 10 is_stmt 1              @ ../Task/Src/CAN_Task.c:202:10
	ldrb.w	r0, [sp, #7]
	.loc	2 202 3 is_stmt 0               @ ../Task/Src/CAN_Task.c:202:3
	mov	r1, r0
	str	r1, [sp]                        @ 4-byte Spill
	cbz	r0, .LBB3_3
	b	.LBB3_1
.LBB3_1:
	ldr	r0, [sp]                        @ 4-byte Reload
	cmp	r0, #1
	beq	.LBB3_4
	b	.LBB3_2
.LBB3_2:
	ldr	r0, [sp]                        @ 4-byte Reload
	cmp	r0, #2
	beq	.LBB3_5
	b	.LBB3_6
.LBB3_3:
.Ltmp29:
	.loc	2 205 10 is_stmt 1              @ ../Task/Src/CAN_Task.c:205:10
	ldr	r1, [sp, #12]
	movs	r0, #252
	.loc	2 205 33 is_stmt 0              @ ../Task/Src/CAN_Task.c:205:33
	strb.w	r0, [r1, #47]
	.loc	2 206 6 is_stmt 1               @ ../Task/Src/CAN_Task.c:206:6
	b	.LBB3_7
.LBB3_4:
	.loc	2 209 10                        @ ../Task/Src/CAN_Task.c:209:10
	ldr	r1, [sp, #12]
	movs	r0, #253
	.loc	2 209 33 is_stmt 0              @ ../Task/Src/CAN_Task.c:209:33
	strb.w	r0, [r1, #47]
	.loc	2 210 7 is_stmt 1               @ ../Task/Src/CAN_Task.c:210:7
	b	.LBB3_7
.LBB3_5:
	.loc	2 213 10                        @ ../Task/Src/CAN_Task.c:213:10
	ldr	r1, [sp, #12]
	movs	r0, #254
	.loc	2 213 33 is_stmt 0              @ ../Task/Src/CAN_Task.c:213:33
	strb.w	r0, [r1, #47]
	.loc	2 214 4 is_stmt 1               @ ../Task/Src/CAN_Task.c:214:4
	b	.LBB3_7
.LBB3_6:
	.loc	2 217 6                         @ ../Task/Src/CAN_Task.c:217:6
	b	.LBB3_7
.Ltmp30:
.LBB3_7:
	.loc	2 220 35                        @ ../Task/Src/CAN_Task.c:220:35
	ldr	r0, [sp, #12]
	.loc	2 220 4 is_stmt 0               @ ../Task/Src/CAN_Task.c:220:4
	bl	USER_FDCAN_AddMessageToTxFifoQ
	.loc	2 222 1 epilogue_begin is_stmt 1 @ ../Task/Src/CAN_Task.c:222:1
	add	sp, #16
	pop	{r7, pc}
.Ltmp31:
.Lfunc_end3:
	.size	DM_Motor_Command, .Lfunc_end3-DM_Motor_Command
	.cfi_endproc
	.cantunwind
	.fnend
                                        @ -- End function
	.hidden	Sentry_Tx_Referee               @ @Sentry_Tx_Referee
	.type	Sentry_Tx_Referee,%object
	.section	.bss.Sentry_Tx_Referee,"aw",%nobits
	.globl	Sentry_Tx_Referee
Sentry_Tx_Referee:
	.zero	19
	.size	Sentry_Tx_Referee, 19

	.hidden	cantx_data_chassis              @ @cantx_data_chassis
	.type	cantx_data_chassis,%object
	.section	.bss.cantx_data_chassis,"aw",%nobits
	.globl	cantx_data_chassis
cantx_data_chassis:
	.zero	8
	.size	cantx_data_chassis, 8

	.hidden	freq_1k                         @ @freq_1k
	.type	freq_1k,%object
	.section	.bss.freq_1k,"aw",%nobits
	.globl	freq_1k
	.p2align	2, 0x0
freq_1k:
	.long	0                               @ 0x0
	.size	freq_1k, 4

	.hidden	tick_ms                         @ @tick_ms
	.type	tick_ms,%object
	.section	.bss.tick_ms,"aw",%nobits
	.globl	tick_ms
tick_ms:
	.byte	0                               @ 0x0
	.size	tick_ms, 1

	.hidden	cantx_data_gimbal               @ @cantx_data_gimbal
	.type	cantx_data_gimbal,%object
	.section	.bss.cantx_data_gimbal,"aw",%nobits
	.globl	cantx_data_gimbal
cantx_data_gimbal:
	.zero	8
	.size	cantx_data_gimbal, 8

	.hidden	cantx_data_Supercap             @ @cantx_data_Supercap
	.type	cantx_data_Supercap,%object
	.section	.bss.cantx_data_Supercap,"aw",%nobits
	.globl	cantx_data_Supercap
cantx_data_Supercap:
	.zero	8
	.size	cantx_data_Supercap, 8

	.hidden	sentry_status                   @ @sentry_status
	.type	sentry_status,%object
	.section	.bss.sentry_status,"aw",%nobits
	.globl	sentry_status
	.p2align	1, 0x0
sentry_status:
	.zero	10
	.size	sentry_status, 10

	.file	8 "D:\\stm32_project\\daily_work\\new_bubing\\cod_update_2.0\\COD_H7_Template\\MDK-ARM" "../Middlewares/Third_Party/FreeRTOS/Source/portable/RVDS/ARM_CM4F\\portmacro.h"
	.file	9 "D:\\stm32_project\\daily_work\\new_bubing\\cod_update_2.0\\COD_H7_Template\\MDK-ARM" "../Drivers/CMSIS/Device/ST/STM32H7xx/Include\\stm32h723xx.h"
	.file	10 "D:\\stm32_project\\daily_work\\new_bubing\\cod_update_2.0\\COD_H7_Template\\MDK-ARM" "../BSP/Inc\\bsp_can.h"
	.section	.debug_abbrev,"",%progbits
	.byte	1                               @ Abbreviation Code
	.byte	17                              @ DW_TAG_compile_unit
	.byte	1                               @ DW_CHILDREN_yes
	.byte	37                              @ DW_AT_producer
	.byte	14                              @ DW_FORM_strp
	.byte	19                              @ DW_AT_language
	.byte	5                               @ DW_FORM_data2
	.byte	3                               @ DW_AT_name
	.byte	14                              @ DW_FORM_strp
	.byte	16                              @ DW_AT_stmt_list
	.byte	23                              @ DW_FORM_sec_offset
	.byte	27                              @ DW_AT_comp_dir
	.byte	14                              @ DW_FORM_strp
	.byte	17                              @ DW_AT_low_pc
	.byte	1                               @ DW_FORM_addr
	.byte	85                              @ DW_AT_ranges
	.byte	23                              @ DW_FORM_sec_offset
	.byte	0                               @ EOM(1)
	.byte	0                               @ EOM(2)
	.byte	2                               @ Abbreviation Code
	.byte	52                              @ DW_TAG_variable
	.byte	0                               @ DW_CHILDREN_no
	.byte	3                               @ DW_AT_name
	.byte	14                              @ DW_FORM_strp
	.byte	73                              @ DW_AT_type
	.byte	19                              @ DW_FORM_ref4
	.byte	63                              @ DW_AT_external
	.byte	25                              @ DW_FORM_flag_present
	.byte	58                              @ DW_AT_decl_file
	.byte	11                              @ DW_FORM_data1
	.byte	59                              @ DW_AT_decl_line
	.byte	11                              @ DW_FORM_data1
	.byte	2                               @ DW_AT_location
	.byte	24                              @ DW_FORM_exprloc
	.byte	0                               @ EOM(1)
	.byte	0                               @ EOM(2)
	.byte	3                               @ Abbreviation Code
	.byte	22                              @ DW_TAG_typedef
	.byte	0                               @ DW_CHILDREN_no
	.byte	73                              @ DW_AT_type
	.byte	19                              @ DW_FORM_ref4
	.byte	3                               @ DW_AT_name
	.byte	14                              @ DW_FORM_strp
	.byte	58                              @ DW_AT_decl_file
	.byte	11                              @ DW_FORM_data1
	.byte	59                              @ DW_AT_decl_line
	.byte	11                              @ DW_FORM_data1
	.byte	0                               @ EOM(1)
	.byte	0                               @ EOM(2)
	.byte	4                               @ Abbreviation Code
	.byte	36                              @ DW_TAG_base_type
	.byte	0                               @ DW_CHILDREN_no
	.byte	3                               @ DW_AT_name
	.byte	14                              @ DW_FORM_strp
	.byte	62                              @ DW_AT_encoding
	.byte	11                              @ DW_FORM_data1
	.byte	11                              @ DW_AT_byte_size
	.byte	11                              @ DW_FORM_data1
	.byte	0                               @ EOM(1)
	.byte	0                               @ EOM(2)
	.byte	5                               @ Abbreviation Code
	.byte	1                               @ DW_TAG_array_type
	.byte	1                               @ DW_CHILDREN_yes
	.byte	73                              @ DW_AT_type
	.byte	19                              @ DW_FORM_ref4
	.byte	0                               @ EOM(1)
	.byte	0                               @ EOM(2)
	.byte	6                               @ Abbreviation Code
	.byte	33                              @ DW_TAG_subrange_type
	.byte	0                               @ DW_CHILDREN_no
	.byte	73                              @ DW_AT_type
	.byte	19                              @ DW_FORM_ref4
	.byte	55                              @ DW_AT_count
	.byte	11                              @ DW_FORM_data1
	.byte	0                               @ EOM(1)
	.byte	0                               @ EOM(2)
	.byte	7                               @ Abbreviation Code
	.byte	36                              @ DW_TAG_base_type
	.byte	0                               @ DW_CHILDREN_no
	.byte	3                               @ DW_AT_name
	.byte	14                              @ DW_FORM_strp
	.byte	11                              @ DW_AT_byte_size
	.byte	11                              @ DW_FORM_data1
	.byte	62                              @ DW_AT_encoding
	.byte	11                              @ DW_FORM_data1
	.byte	0                               @ EOM(1)
	.byte	0                               @ EOM(2)
	.byte	8                               @ Abbreviation Code
	.byte	19                              @ DW_TAG_structure_type
	.byte	1                               @ DW_CHILDREN_yes
	.byte	11                              @ DW_AT_byte_size
	.byte	11                              @ DW_FORM_data1
	.byte	58                              @ DW_AT_decl_file
	.byte	11                              @ DW_FORM_data1
	.byte	59                              @ DW_AT_decl_line
	.byte	11                              @ DW_FORM_data1
	.ascii	"\210\001"                      @ DW_AT_alignment
	.byte	15                              @ DW_FORM_udata
	.byte	0                               @ EOM(1)
	.byte	0                               @ EOM(2)
	.byte	9                               @ Abbreviation Code
	.byte	13                              @ DW_TAG_member
	.byte	0                               @ DW_CHILDREN_no
	.byte	3                               @ DW_AT_name
	.byte	14                              @ DW_FORM_strp
	.byte	73                              @ DW_AT_type
	.byte	19                              @ DW_FORM_ref4
	.byte	58                              @ DW_AT_decl_file
	.byte	11                              @ DW_FORM_data1
	.byte	59                              @ DW_AT_decl_line
	.byte	11                              @ DW_FORM_data1
	.ascii	"\210\001"                      @ DW_AT_alignment
	.byte	15                              @ DW_FORM_udata
	.byte	56                              @ DW_AT_data_member_location
	.byte	11                              @ DW_FORM_data1
	.byte	0                               @ EOM(1)
	.byte	0                               @ EOM(2)
	.byte	10                              @ Abbreviation Code
	.byte	13                              @ DW_TAG_member
	.byte	0                               @ DW_CHILDREN_no
	.byte	3                               @ DW_AT_name
	.byte	14                              @ DW_FORM_strp
	.byte	73                              @ DW_AT_type
	.byte	19                              @ DW_FORM_ref4
	.byte	58                              @ DW_AT_decl_file
	.byte	11                              @ DW_FORM_data1
	.byte	59                              @ DW_AT_decl_line
	.byte	11                              @ DW_FORM_data1
	.byte	56                              @ DW_AT_data_member_location
	.byte	11                              @ DW_FORM_data1
	.byte	0                               @ EOM(1)
	.byte	0                               @ EOM(2)
	.byte	11                              @ Abbreviation Code
	.byte	19                              @ DW_TAG_structure_type
	.byte	1                               @ DW_CHILDREN_yes
	.byte	11                              @ DW_AT_byte_size
	.byte	11                              @ DW_FORM_data1
	.byte	58                              @ DW_AT_decl_file
	.byte	11                              @ DW_FORM_data1
	.byte	59                              @ DW_AT_decl_line
	.byte	11                              @ DW_FORM_data1
	.byte	0                               @ EOM(1)
	.byte	0                               @ EOM(2)
	.byte	12                              @ Abbreviation Code
	.byte	4                               @ DW_TAG_enumeration_type
	.byte	1                               @ DW_CHILDREN_yes
	.byte	73                              @ DW_AT_type
	.byte	19                              @ DW_FORM_ref4
	.byte	11                              @ DW_AT_byte_size
	.byte	11                              @ DW_FORM_data1
	.byte	58                              @ DW_AT_decl_file
	.byte	11                              @ DW_FORM_data1
	.byte	59                              @ DW_AT_decl_line
	.byte	11                              @ DW_FORM_data1
	.byte	0                               @ EOM(1)
	.byte	0                               @ EOM(2)
	.byte	13                              @ Abbreviation Code
	.byte	40                              @ DW_TAG_enumerator
	.byte	0                               @ DW_CHILDREN_no
	.byte	3                               @ DW_AT_name
	.byte	14                              @ DW_FORM_strp
	.byte	28                              @ DW_AT_const_value
	.byte	15                              @ DW_FORM_udata
	.byte	0                               @ EOM(1)
	.byte	0                               @ EOM(2)
	.byte	14                              @ Abbreviation Code
	.byte	15                              @ DW_TAG_pointer_type
	.byte	0                               @ DW_CHILDREN_no
	.byte	73                              @ DW_AT_type
	.byte	19                              @ DW_FORM_ref4
	.byte	0                               @ EOM(1)
	.byte	0                               @ EOM(2)
	.byte	15                              @ Abbreviation Code
	.byte	46                              @ DW_TAG_subprogram
	.byte	1                               @ DW_CHILDREN_yes
	.byte	17                              @ DW_AT_low_pc
	.byte	1                               @ DW_FORM_addr
	.byte	18                              @ DW_AT_high_pc
	.byte	6                               @ DW_FORM_data4
	.byte	64                              @ DW_AT_frame_base
	.byte	24                              @ DW_FORM_exprloc
	.byte	3                               @ DW_AT_name
	.byte	14                              @ DW_FORM_strp
	.byte	58                              @ DW_AT_decl_file
	.byte	11                              @ DW_FORM_data1
	.byte	59                              @ DW_AT_decl_line
	.byte	11                              @ DW_FORM_data1
	.byte	39                              @ DW_AT_prototyped
	.byte	25                              @ DW_FORM_flag_present
	.byte	63                              @ DW_AT_external
	.byte	25                              @ DW_FORM_flag_present
	.byte	0                               @ EOM(1)
	.byte	0                               @ EOM(2)
	.byte	16                              @ Abbreviation Code
	.byte	5                               @ DW_TAG_formal_parameter
	.byte	0                               @ DW_CHILDREN_no
	.byte	2                               @ DW_AT_location
	.byte	24                              @ DW_FORM_exprloc
	.byte	3                               @ DW_AT_name
	.byte	14                              @ DW_FORM_strp
	.byte	58                              @ DW_AT_decl_file
	.byte	11                              @ DW_FORM_data1
	.byte	59                              @ DW_AT_decl_line
	.byte	11                              @ DW_FORM_data1
	.byte	73                              @ DW_AT_type
	.byte	19                              @ DW_FORM_ref4
	.byte	0                               @ EOM(1)
	.byte	0                               @ EOM(2)
	.byte	17                              @ Abbreviation Code
	.byte	52                              @ DW_TAG_variable
	.byte	0                               @ DW_CHILDREN_no
	.byte	2                               @ DW_AT_location
	.byte	24                              @ DW_FORM_exprloc
	.byte	3                               @ DW_AT_name
	.byte	14                              @ DW_FORM_strp
	.byte	58                              @ DW_AT_decl_file
	.byte	11                              @ DW_FORM_data1
	.byte	59                              @ DW_AT_decl_line
	.byte	11                              @ DW_FORM_data1
	.byte	73                              @ DW_AT_type
	.byte	19                              @ DW_FORM_ref4
	.byte	0                               @ EOM(1)
	.byte	0                               @ EOM(2)
	.byte	18                              @ Abbreviation Code
	.byte	11                              @ DW_TAG_lexical_block
	.byte	1                               @ DW_CHILDREN_yes
	.byte	17                              @ DW_AT_low_pc
	.byte	1                               @ DW_FORM_addr
	.byte	18                              @ DW_AT_high_pc
	.byte	6                               @ DW_FORM_data4
	.byte	0                               @ EOM(1)
	.byte	0                               @ EOM(2)
	.byte	19                              @ Abbreviation Code
	.byte	46                              @ DW_TAG_subprogram
	.byte	1                               @ DW_CHILDREN_yes
	.byte	17                              @ DW_AT_low_pc
	.byte	1                               @ DW_FORM_addr
	.byte	18                              @ DW_AT_high_pc
	.byte	6                               @ DW_FORM_data4
	.byte	64                              @ DW_AT_frame_base
	.byte	24                              @ DW_FORM_exprloc
	.byte	3                               @ DW_AT_name
	.byte	14                              @ DW_FORM_strp
	.byte	58                              @ DW_AT_decl_file
	.byte	11                              @ DW_FORM_data1
	.byte	59                              @ DW_AT_decl_line
	.byte	11                              @ DW_FORM_data1
	.byte	39                              @ DW_AT_prototyped
	.byte	25                              @ DW_FORM_flag_present
	.byte	73                              @ DW_AT_type
	.byte	19                              @ DW_FORM_ref4
	.byte	0                               @ EOM(1)
	.byte	0                               @ EOM(2)
	.byte	20                              @ Abbreviation Code
	.byte	38                              @ DW_TAG_const_type
	.byte	0                               @ DW_CHILDREN_no
	.byte	0                               @ EOM(1)
	.byte	0                               @ EOM(2)
	.byte	21                              @ Abbreviation Code
	.byte	22                              @ DW_TAG_typedef
	.byte	0                               @ DW_CHILDREN_no
	.byte	73                              @ DW_AT_type
	.byte	19                              @ DW_FORM_ref4
	.byte	3                               @ DW_AT_name
	.byte	14                              @ DW_FORM_strp
	.byte	58                              @ DW_AT_decl_file
	.byte	11                              @ DW_FORM_data1
	.byte	59                              @ DW_AT_decl_line
	.byte	5                               @ DW_FORM_data2
	.byte	0                               @ EOM(1)
	.byte	0                               @ EOM(2)
	.byte	22                              @ Abbreviation Code
	.byte	19                              @ DW_TAG_structure_type
	.byte	1                               @ DW_CHILDREN_yes
	.byte	11                              @ DW_AT_byte_size
	.byte	11                              @ DW_FORM_data1
	.byte	58                              @ DW_AT_decl_file
	.byte	11                              @ DW_FORM_data1
	.byte	59                              @ DW_AT_decl_line
	.byte	5                               @ DW_FORM_data2
	.byte	0                               @ EOM(1)
	.byte	0                               @ EOM(2)
	.byte	23                              @ Abbreviation Code
	.byte	13                              @ DW_TAG_member
	.byte	0                               @ DW_CHILDREN_no
	.byte	3                               @ DW_AT_name
	.byte	14                              @ DW_FORM_strp
	.byte	73                              @ DW_AT_type
	.byte	19                              @ DW_FORM_ref4
	.byte	58                              @ DW_AT_decl_file
	.byte	11                              @ DW_FORM_data1
	.byte	59                              @ DW_AT_decl_line
	.byte	5                               @ DW_FORM_data2
	.byte	56                              @ DW_AT_data_member_location
	.byte	11                              @ DW_FORM_data1
	.byte	0                               @ EOM(1)
	.byte	0                               @ EOM(2)
	.byte	24                              @ Abbreviation Code
	.byte	19                              @ DW_TAG_structure_type
	.byte	1                               @ DW_CHILDREN_yes
	.byte	11                              @ DW_AT_byte_size
	.byte	5                               @ DW_FORM_data2
	.byte	58                              @ DW_AT_decl_file
	.byte	11                              @ DW_FORM_data1
	.byte	59                              @ DW_AT_decl_line
	.byte	5                               @ DW_FORM_data2
	.byte	0                               @ EOM(1)
	.byte	0                               @ EOM(2)
	.byte	25                              @ Abbreviation Code
	.byte	53                              @ DW_TAG_volatile_type
	.byte	0                               @ DW_CHILDREN_no
	.byte	73                              @ DW_AT_type
	.byte	19                              @ DW_FORM_ref4
	.byte	0                               @ EOM(1)
	.byte	0                               @ EOM(2)
	.byte	26                              @ Abbreviation Code
	.byte	13                              @ DW_TAG_member
	.byte	0                               @ DW_CHILDREN_no
	.byte	3                               @ DW_AT_name
	.byte	14                              @ DW_FORM_strp
	.byte	73                              @ DW_AT_type
	.byte	19                              @ DW_FORM_ref4
	.byte	58                              @ DW_AT_decl_file
	.byte	11                              @ DW_FORM_data1
	.byte	59                              @ DW_AT_decl_line
	.byte	5                               @ DW_FORM_data2
	.byte	56                              @ DW_AT_data_member_location
	.byte	5                               @ DW_FORM_data2
	.byte	0                               @ EOM(1)
	.byte	0                               @ EOM(2)
	.byte	0                               @ EOM(3)
	.section	.debug_info,"",%progbits
.Lcu_begin0:
	.long	.Ldebug_info_end0-.Ldebug_info_start0 @ Length of Unit
.Ldebug_info_start0:
	.short	4                               @ DWARF version number
	.long	.debug_abbrev                   @ Offset Into Abbrev. Section
	.byte	4                               @ Address Size (in bytes)
	.byte	1                               @ Abbrev [1] 0xb:0xd37 DW_TAG_compile_unit
	.long	.Linfo_string0                  @ DW_AT_producer
	.short	12                              @ DW_AT_language
	.long	.Linfo_string1                  @ DW_AT_name
	.long	.Lline_table_start0             @ DW_AT_stmt_list
	.long	.Linfo_string2                  @ DW_AT_comp_dir
	.long	0                               @ DW_AT_low_pc
	.long	.Ldebug_ranges0                 @ DW_AT_ranges
	.byte	2                               @ Abbrev [2] 0x26:0x11 DW_TAG_variable
	.long	.Linfo_string3                  @ DW_AT_name
	.long	55                              @ DW_AT_type
                                        @ DW_AT_external
	.byte	2                               @ DW_AT_decl_file
	.byte	31                              @ DW_AT_decl_line
	.byte	5                               @ DW_AT_location
	.byte	3
	.long	tick_ms
	.byte	3                               @ Abbrev [3] 0x37:0xb DW_TAG_typedef
	.long	66                              @ DW_AT_type
	.long	.Linfo_string5                  @ DW_AT_name
	.byte	1                               @ DW_AT_decl_file
	.byte	62                              @ DW_AT_decl_line
	.byte	4                               @ Abbrev [4] 0x42:0x7 DW_TAG_base_type
	.long	.Linfo_string4                  @ DW_AT_name
	.byte	8                               @ DW_AT_encoding
	.byte	1                               @ DW_AT_byte_size
	.byte	2                               @ Abbrev [2] 0x49:0x11 DW_TAG_variable
	.long	.Linfo_string6                  @ DW_AT_name
	.long	90                              @ DW_AT_type
                                        @ DW_AT_external
	.byte	2                               @ DW_AT_decl_file
	.byte	32                              @ DW_AT_decl_line
	.byte	5                               @ DW_AT_location
	.byte	3
	.long	freq_1k
	.byte	3                               @ Abbrev [3] 0x5a:0xb DW_TAG_typedef
	.long	101                             @ DW_AT_type
	.long	.Linfo_string8                  @ DW_AT_name
	.byte	1                               @ DW_AT_decl_file
	.byte	64                              @ DW_AT_decl_line
	.byte	4                               @ Abbrev [4] 0x65:0x7 DW_TAG_base_type
	.long	.Linfo_string7                  @ DW_AT_name
	.byte	7                               @ DW_AT_encoding
	.byte	4                               @ DW_AT_byte_size
	.byte	2                               @ Abbrev [2] 0x6c:0x11 DW_TAG_variable
	.long	.Linfo_string9                  @ DW_AT_name
	.long	125                             @ DW_AT_type
                                        @ DW_AT_external
	.byte	2                               @ DW_AT_decl_file
	.byte	36                              @ DW_AT_decl_line
	.byte	5                               @ DW_AT_location
	.byte	3
	.long	cantx_data_chassis
	.byte	5                               @ Abbrev [5] 0x7d:0xc DW_TAG_array_type
	.long	55                              @ DW_AT_type
	.byte	6                               @ Abbrev [6] 0x82:0x6 DW_TAG_subrange_type
	.long	137                             @ DW_AT_type
	.byte	8                               @ DW_AT_count
	.byte	0                               @ End Of Children Mark
	.byte	7                               @ Abbrev [7] 0x89:0x7 DW_TAG_base_type
	.long	.Linfo_string10                 @ DW_AT_name
	.byte	8                               @ DW_AT_byte_size
	.byte	7                               @ DW_AT_encoding
	.byte	2                               @ Abbrev [2] 0x90:0x11 DW_TAG_variable
	.long	.Linfo_string11                 @ DW_AT_name
	.long	125                             @ DW_AT_type
                                        @ DW_AT_external
	.byte	2                               @ DW_AT_decl_file
	.byte	37                              @ DW_AT_decl_line
	.byte	5                               @ DW_AT_location
	.byte	3
	.long	cantx_data_gimbal
	.byte	2                               @ Abbrev [2] 0xa1:0x11 DW_TAG_variable
	.long	.Linfo_string12                 @ DW_AT_name
	.long	125                             @ DW_AT_type
                                        @ DW_AT_external
	.byte	2                               @ DW_AT_decl_file
	.byte	38                              @ DW_AT_decl_line
	.byte	5                               @ DW_AT_location
	.byte	3
	.long	cantx_data_Supercap
	.byte	2                               @ Abbrev [2] 0xb2:0x11 DW_TAG_variable
	.long	.Linfo_string13                 @ DW_AT_name
	.long	195                             @ DW_AT_type
                                        @ DW_AT_external
	.byte	2                               @ DW_AT_decl_file
	.byte	40                              @ DW_AT_decl_line
	.byte	5                               @ DW_AT_location
	.byte	3
	.long	Sentry_Tx_Referee
	.byte	3                               @ Abbrev [3] 0xc3:0xb DW_TAG_typedef
	.long	206                             @ DW_AT_type
	.long	.Linfo_string28                 @ DW_AT_name
	.byte	3                               @ DW_AT_decl_file
	.byte	42                              @ DW_AT_decl_line
	.byte	8                               @ Abbrev [8] 0xce:0xa4 DW_TAG_structure_type
	.byte	19                              @ DW_AT_byte_size
	.byte	3                               @ DW_AT_decl_file
	.byte	21                              @ DW_AT_decl_line
	.byte	1                               @ DW_AT_alignment
	.byte	9                               @ Abbrev [9] 0xd3:0xd DW_TAG_member
	.long	.Linfo_string14                 @ DW_AT_name
	.long	224                             @ DW_AT_type
	.byte	3                               @ DW_AT_decl_file
	.byte	29                              @ DW_AT_decl_line
	.byte	1                               @ DW_AT_alignment
	.byte	0                               @ DW_AT_data_member_location
	.byte	8                               @ Abbrev [8] 0xe0:0x36 DW_TAG_structure_type
	.byte	5                               @ DW_AT_byte_size
	.byte	3                               @ DW_AT_decl_file
	.byte	23                              @ DW_AT_decl_line
	.byte	1                               @ DW_AT_alignment
	.byte	10                              @ Abbrev [10] 0xe5:0xc DW_TAG_member
	.long	.Linfo_string15                 @ DW_AT_name
	.long	55                              @ DW_AT_type
	.byte	3                               @ DW_AT_decl_file
	.byte	24                              @ DW_AT_decl_line
	.byte	0                               @ DW_AT_data_member_location
	.byte	10                              @ Abbrev [10] 0xf1:0xc DW_TAG_member
	.long	.Linfo_string16                 @ DW_AT_name
	.long	370                             @ DW_AT_type
	.byte	3                               @ DW_AT_decl_file
	.byte	25                              @ DW_AT_decl_line
	.byte	1                               @ DW_AT_data_member_location
	.byte	10                              @ Abbrev [10] 0xfd:0xc DW_TAG_member
	.long	.Linfo_string19                 @ DW_AT_name
	.long	55                              @ DW_AT_type
	.byte	3                               @ DW_AT_decl_file
	.byte	26                              @ DW_AT_decl_line
	.byte	3                               @ DW_AT_data_member_location
	.byte	10                              @ Abbrev [10] 0x109:0xc DW_TAG_member
	.long	.Linfo_string20                 @ DW_AT_name
	.long	55                              @ DW_AT_type
	.byte	3                               @ DW_AT_decl_file
	.byte	27                              @ DW_AT_decl_line
	.byte	4                               @ DW_AT_data_member_location
	.byte	0                               @ End Of Children Mark
	.byte	10                              @ Abbrev [10] 0x116:0xc DW_TAG_member
	.long	.Linfo_string21                 @ DW_AT_name
	.long	370                             @ DW_AT_type
	.byte	3                               @ DW_AT_decl_file
	.byte	31                              @ DW_AT_decl_line
	.byte	5                               @ DW_AT_data_member_location
	.byte	9                               @ Abbrev [9] 0x122:0xd DW_TAG_member
	.long	.Linfo_string22                 @ DW_AT_name
	.long	303                             @ DW_AT_type
	.byte	3                               @ DW_AT_decl_file
	.byte	38                              @ DW_AT_decl_line
	.byte	1                               @ DW_AT_alignment
	.byte	7                               @ DW_AT_data_member_location
	.byte	8                               @ Abbrev [8] 0x12f:0x36 DW_TAG_structure_type
	.byte	10                              @ DW_AT_byte_size
	.byte	3                               @ DW_AT_decl_file
	.byte	33                              @ DW_AT_decl_line
	.byte	1                               @ DW_AT_alignment
	.byte	10                              @ Abbrev [10] 0x134:0xc DW_TAG_member
	.long	.Linfo_string23                 @ DW_AT_name
	.long	370                             @ DW_AT_type
	.byte	3                               @ DW_AT_decl_file
	.byte	34                              @ DW_AT_decl_line
	.byte	0                               @ DW_AT_data_member_location
	.byte	10                              @ Abbrev [10] 0x140:0xc DW_TAG_member
	.long	.Linfo_string24                 @ DW_AT_name
	.long	370                             @ DW_AT_type
	.byte	3                               @ DW_AT_decl_file
	.byte	35                              @ DW_AT_decl_line
	.byte	2                               @ DW_AT_data_member_location
	.byte	10                              @ Abbrev [10] 0x14c:0xc DW_TAG_member
	.long	.Linfo_string25                 @ DW_AT_name
	.long	370                             @ DW_AT_type
	.byte	3                               @ DW_AT_decl_file
	.byte	36                              @ DW_AT_decl_line
	.byte	4                               @ DW_AT_data_member_location
	.byte	10                              @ Abbrev [10] 0x158:0xc DW_TAG_member
	.long	.Linfo_string26                 @ DW_AT_name
	.long	90                              @ DW_AT_type
	.byte	3                               @ DW_AT_decl_file
	.byte	37                              @ DW_AT_decl_line
	.byte	6                               @ DW_AT_data_member_location
	.byte	0                               @ End Of Children Mark
	.byte	10                              @ Abbrev [10] 0x165:0xc DW_TAG_member
	.long	.Linfo_string27                 @ DW_AT_name
	.long	370                             @ DW_AT_type
	.byte	3                               @ DW_AT_decl_file
	.byte	40                              @ DW_AT_decl_line
	.byte	17                              @ DW_AT_data_member_location
	.byte	0                               @ End Of Children Mark
	.byte	3                               @ Abbrev [3] 0x172:0xb DW_TAG_typedef
	.long	381                             @ DW_AT_type
	.long	.Linfo_string18                 @ DW_AT_name
	.byte	1                               @ DW_AT_decl_file
	.byte	63                              @ DW_AT_decl_line
	.byte	4                               @ Abbrev [4] 0x17d:0x7 DW_TAG_base_type
	.long	.Linfo_string17                 @ DW_AT_name
	.byte	7                               @ DW_AT_encoding
	.byte	2                               @ DW_AT_byte_size
	.byte	2                               @ Abbrev [2] 0x184:0x11 DW_TAG_variable
	.long	.Linfo_string29                 @ DW_AT_name
	.long	405                             @ DW_AT_type
                                        @ DW_AT_external
	.byte	2                               @ DW_AT_decl_file
	.byte	41                              @ DW_AT_decl_line
	.byte	5                               @ DW_AT_location
	.byte	3
	.long	sentry_status
	.byte	3                               @ Abbrev [3] 0x195:0xb DW_TAG_typedef
	.long	416                             @ DW_AT_type
	.long	.Linfo_string37                 @ DW_AT_name
	.byte	3                               @ DW_AT_decl_file
	.byte	68                              @ DW_AT_decl_line
	.byte	11                              @ Abbrev [11] 0x1a0:0x5e DW_TAG_structure_type
	.byte	10                              @ DW_AT_byte_size
	.byte	3                               @ DW_AT_decl_file
	.byte	57                              @ DW_AT_decl_line
	.byte	10                              @ Abbrev [10] 0x1a4:0xc DW_TAG_member
	.long	.Linfo_string30                 @ DW_AT_name
	.long	432                             @ DW_AT_type
	.byte	3                               @ DW_AT_decl_file
	.byte	65                              @ DW_AT_decl_line
	.byte	0                               @ DW_AT_data_member_location
	.byte	11                              @ Abbrev [11] 0x1b0:0x41 DW_TAG_structure_type
	.byte	8                               @ DW_AT_byte_size
	.byte	3                               @ DW_AT_decl_file
	.byte	59                              @ DW_AT_decl_line
	.byte	10                              @ Abbrev [10] 0x1b4:0xc DW_TAG_member
	.long	.Linfo_string31                 @ DW_AT_name
	.long	55                              @ DW_AT_type
	.byte	3                               @ DW_AT_decl_file
	.byte	60                              @ DW_AT_decl_line
	.byte	0                               @ DW_AT_data_member_location
	.byte	10                              @ Abbrev [10] 0x1c0:0xc DW_TAG_member
	.long	.Linfo_string32                 @ DW_AT_name
	.long	55                              @ DW_AT_type
	.byte	3                               @ DW_AT_decl_file
	.byte	61                              @ DW_AT_decl_line
	.byte	1                               @ DW_AT_data_member_location
	.byte	10                              @ Abbrev [10] 0x1cc:0xc DW_TAG_member
	.long	.Linfo_string33                 @ DW_AT_name
	.long	370                             @ DW_AT_type
	.byte	3                               @ DW_AT_decl_file
	.byte	62                              @ DW_AT_decl_line
	.byte	2                               @ DW_AT_data_member_location
	.byte	10                              @ Abbrev [10] 0x1d8:0xc DW_TAG_member
	.long	.Linfo_string34                 @ DW_AT_name
	.long	370                             @ DW_AT_type
	.byte	3                               @ DW_AT_decl_file
	.byte	63                              @ DW_AT_decl_line
	.byte	4                               @ DW_AT_data_member_location
	.byte	10                              @ Abbrev [10] 0x1e4:0xc DW_TAG_member
	.long	.Linfo_string35                 @ DW_AT_name
	.long	370                             @ DW_AT_type
	.byte	3                               @ DW_AT_decl_file
	.byte	64                              @ DW_AT_decl_line
	.byte	6                               @ DW_AT_data_member_location
	.byte	0                               @ End Of Children Mark
	.byte	10                              @ Abbrev [10] 0x1f1:0xc DW_TAG_member
	.long	.Linfo_string36                 @ DW_AT_name
	.long	55                              @ DW_AT_type
	.byte	3                               @ DW_AT_decl_file
	.byte	67                              @ DW_AT_decl_line
	.byte	8                               @ DW_AT_data_member_location
	.byte	0                               @ End Of Children Mark
	.byte	12                              @ Abbrev [12] 0x1fe:0x15 DW_TAG_enumeration_type
	.long	66                              @ DW_AT_type
	.byte	1                               @ DW_AT_byte_size
	.byte	4                               @ DW_AT_decl_file
	.byte	186                             @ DW_AT_decl_line
	.byte	13                              @ Abbrev [13] 0x206:0x6 DW_TAG_enumerator
	.long	.Linfo_string38                 @ DW_AT_name
	.byte	0                               @ DW_AT_const_value
	.byte	13                              @ Abbrev [13] 0x20c:0x6 DW_TAG_enumerator
	.long	.Linfo_string39                 @ DW_AT_name
	.byte	1                               @ DW_AT_const_value
	.byte	0                               @ End Of Children Mark
	.byte	12                              @ Abbrev [12] 0x213:0x21 DW_TAG_enumeration_type
	.long	66                              @ DW_AT_type
	.byte	1                               @ DW_AT_byte_size
	.byte	5                               @ DW_AT_decl_file
	.byte	48                              @ DW_AT_decl_line
	.byte	13                              @ Abbrev [13] 0x21b:0x6 DW_TAG_enumerator
	.long	.Linfo_string40                 @ DW_AT_name
	.byte	0                               @ DW_AT_const_value
	.byte	13                              @ Abbrev [13] 0x221:0x6 DW_TAG_enumerator
	.long	.Linfo_string41                 @ DW_AT_name
	.byte	1                               @ DW_AT_const_value
	.byte	13                              @ Abbrev [13] 0x227:0x6 DW_TAG_enumerator
	.long	.Linfo_string42                 @ DW_AT_name
	.byte	2                               @ DW_AT_const_value
	.byte	13                              @ Abbrev [13] 0x22d:0x6 DW_TAG_enumerator
	.long	.Linfo_string43                 @ DW_AT_name
	.byte	3                               @ DW_AT_const_value
	.byte	0                               @ End Of Children Mark
	.byte	12                              @ Abbrev [12] 0x234:0x15 DW_TAG_enumeration_type
	.long	66                              @ DW_AT_type
	.byte	1                               @ DW_AT_byte_size
	.byte	6                               @ DW_AT_decl_file
	.byte	50                              @ DW_AT_decl_line
	.byte	13                              @ Abbrev [13] 0x23c:0x6 DW_TAG_enumerator
	.long	.Linfo_string44                 @ DW_AT_name
	.byte	0                               @ DW_AT_const_value
	.byte	13                              @ Abbrev [13] 0x242:0x6 DW_TAG_enumerator
	.long	.Linfo_string45                 @ DW_AT_name
	.byte	1                               @ DW_AT_const_value
	.byte	0                               @ End Of Children Mark
	.byte	12                              @ Abbrev [12] 0x249:0x1b DW_TAG_enumeration_type
	.long	66                              @ DW_AT_type
	.byte	1                               @ DW_AT_byte_size
	.byte	7                               @ DW_AT_decl_file
	.byte	115                             @ DW_AT_decl_line
	.byte	13                              @ Abbrev [13] 0x251:0x6 DW_TAG_enumerator
	.long	.Linfo_string46                 @ DW_AT_name
	.byte	0                               @ DW_AT_const_value
	.byte	13                              @ Abbrev [13] 0x257:0x6 DW_TAG_enumerator
	.long	.Linfo_string47                 @ DW_AT_name
	.byte	1                               @ DW_AT_const_value
	.byte	13                              @ Abbrev [13] 0x25d:0x6 DW_TAG_enumerator
	.long	.Linfo_string48                 @ DW_AT_name
	.byte	2                               @ DW_AT_const_value
	.byte	0                               @ End Of Children Mark
	.byte	12                              @ Abbrev [12] 0x264:0x21 DW_TAG_enumeration_type
	.long	66                              @ DW_AT_type
	.byte	1                               @ DW_AT_byte_size
	.byte	3                               @ DW_AT_decl_file
	.byte	49                              @ DW_AT_decl_line
	.byte	13                              @ Abbrev [13] 0x26c:0x6 DW_TAG_enumerator
	.long	.Linfo_string49                 @ DW_AT_name
	.byte	0                               @ DW_AT_const_value
	.byte	13                              @ Abbrev [13] 0x272:0x6 DW_TAG_enumerator
	.long	.Linfo_string50                 @ DW_AT_name
	.byte	1                               @ DW_AT_const_value
	.byte	13                              @ Abbrev [13] 0x278:0x6 DW_TAG_enumerator
	.long	.Linfo_string51                 @ DW_AT_name
	.byte	2                               @ DW_AT_const_value
	.byte	13                              @ Abbrev [13] 0x27e:0x6 DW_TAG_enumerator
	.long	.Linfo_string52                 @ DW_AT_name
	.byte	3                               @ DW_AT_const_value
	.byte	0                               @ End Of Children Mark
	.byte	14                              @ Abbrev [14] 0x285:0x5 DW_TAG_pointer_type
	.long	55                              @ DW_AT_type
	.byte	4                               @ Abbrev [4] 0x28a:0x7 DW_TAG_base_type
	.long	.Linfo_string53                 @ DW_AT_name
	.byte	5                               @ DW_AT_encoding
	.byte	4                               @ DW_AT_byte_size
	.byte	4                               @ Abbrev [4] 0x291:0x7 DW_TAG_base_type
	.long	.Linfo_string54                 @ DW_AT_name
	.byte	4                               @ DW_AT_encoding
	.byte	4                               @ DW_AT_byte_size
	.byte	15                              @ Abbrev [15] 0x298:0x3d DW_TAG_subprogram
	.long	.Lfunc_begin0                   @ DW_AT_low_pc
	.long	.Lfunc_end0-.Lfunc_begin0       @ DW_AT_high_pc
	.byte	1                               @ DW_AT_frame_base
	.byte	93
	.long	.Linfo_string55                 @ DW_AT_name
	.byte	2                               @ DW_AT_decl_file
	.byte	54                              @ DW_AT_decl_line
                                        @ DW_AT_prototyped
                                        @ DW_AT_external
	.byte	16                              @ Abbrev [16] 0x2a9:0xf DW_TAG_formal_parameter
	.byte	3                               @ DW_AT_location
	.byte	145
	.asciz	"\314"
	.long	.Linfo_string59                 @ DW_AT_name
	.byte	2                               @ DW_AT_decl_file
	.byte	54                              @ DW_AT_decl_line
	.long	1149                            @ DW_AT_type
	.byte	17                              @ Abbrev [17] 0x2b8:0xe DW_TAG_variable
	.byte	2                               @ DW_AT_location
	.byte	145
	.byte	12
	.long	.Linfo_string60                 @ DW_AT_name
	.byte	2                               @ DW_AT_decl_file
	.byte	64                              @ DW_AT_decl_line
	.long	1155                            @ DW_AT_type
	.byte	17                              @ Abbrev [17] 0x2c6:0xe DW_TAG_variable
	.byte	2                               @ DW_AT_location
	.byte	145
	.byte	8
	.long	.Linfo_string61                 @ DW_AT_name
	.byte	2                               @ DW_AT_decl_file
	.byte	65                              @ DW_AT_decl_line
	.long	1167                            @ DW_AT_type
	.byte	0                               @ End Of Children Mark
	.byte	15                              @ Abbrev [15] 0x2d5:0x102 DW_TAG_subprogram
	.long	.Lfunc_begin1                   @ DW_AT_low_pc
	.long	.Lfunc_end1-.Lfunc_begin1       @ DW_AT_high_pc
	.byte	1                               @ DW_AT_frame_base
	.byte	93
	.long	.Linfo_string56                 @ DW_AT_name
	.byte	2                               @ DW_AT_decl_file
	.byte	127                             @ DW_AT_decl_line
                                        @ DW_AT_prototyped
                                        @ DW_AT_external
	.byte	16                              @ Abbrev [16] 0x2e6:0xe DW_TAG_formal_parameter
	.byte	2                               @ DW_AT_location
	.byte	145
	.byte	60
	.long	.Linfo_string63                 @ DW_AT_name
	.byte	2                               @ DW_AT_decl_file
	.byte	127                             @ DW_AT_decl_line
	.long	1178                            @ DW_AT_type
	.byte	16                              @ Abbrev [16] 0x2f4:0xe DW_TAG_formal_parameter
	.byte	2                               @ DW_AT_location
	.byte	145
	.byte	56
	.long	.Linfo_string202                @ DW_AT_name
	.byte	2                               @ DW_AT_decl_file
	.byte	127                             @ DW_AT_decl_line
	.long	3054                            @ DW_AT_type
	.byte	16                              @ Abbrev [16] 0x302:0xe DW_TAG_formal_parameter
	.byte	2                               @ DW_AT_location
	.byte	145
	.byte	52
	.long	.Linfo_string228                @ DW_AT_name
	.byte	2                               @ DW_AT_decl_file
	.byte	127                             @ DW_AT_decl_line
	.long	657                             @ DW_AT_type
	.byte	16                              @ Abbrev [16] 0x310:0xe DW_TAG_formal_parameter
	.byte	2                               @ DW_AT_location
	.byte	145
	.byte	48
	.long	.Linfo_string221                @ DW_AT_name
	.byte	2                               @ DW_AT_decl_file
	.byte	127                             @ DW_AT_decl_line
	.long	657                             @ DW_AT_type
	.byte	16                              @ Abbrev [16] 0x31e:0xe DW_TAG_formal_parameter
	.byte	2                               @ DW_AT_location
	.byte	145
	.byte	44
	.long	.Linfo_string229                @ DW_AT_name
	.byte	2                               @ DW_AT_decl_file
	.byte	127                             @ DW_AT_decl_line
	.long	657                             @ DW_AT_type
	.byte	16                              @ Abbrev [16] 0x32c:0xe DW_TAG_formal_parameter
	.byte	2                               @ DW_AT_location
	.byte	145
	.byte	40
	.long	.Linfo_string230                @ DW_AT_name
	.byte	2                               @ DW_AT_decl_file
	.byte	127                             @ DW_AT_decl_line
	.long	657                             @ DW_AT_type
	.byte	16                              @ Abbrev [16] 0x33a:0xe DW_TAG_formal_parameter
	.byte	2                               @ DW_AT_location
	.byte	145
	.byte	36
	.long	.Linfo_string222                @ DW_AT_name
	.byte	2                               @ DW_AT_decl_file
	.byte	127                             @ DW_AT_decl_line
	.long	657                             @ DW_AT_type
	.byte	18                              @ Abbrev [18] 0x348:0x50 DW_TAG_lexical_block
	.long	.Ltmp16                         @ DW_AT_low_pc
	.long	.Ltmp17-.Ltmp16                 @ DW_AT_high_pc
	.byte	17                              @ Abbrev [17] 0x351:0xe DW_TAG_variable
	.byte	2                               @ DW_AT_location
	.byte	145
	.byte	34
	.long	.Linfo_string231                @ DW_AT_name
	.byte	2                               @ DW_AT_decl_file
	.byte	131                             @ DW_AT_decl_line
	.long	370                             @ DW_AT_type
	.byte	17                              @ Abbrev [17] 0x35f:0xe DW_TAG_variable
	.byte	2                               @ DW_AT_location
	.byte	145
	.byte	32
	.long	.Linfo_string232                @ DW_AT_name
	.byte	2                               @ DW_AT_decl_file
	.byte	131                             @ DW_AT_decl_line
	.long	370                             @ DW_AT_type
	.byte	17                              @ Abbrev [17] 0x36d:0xe DW_TAG_variable
	.byte	2                               @ DW_AT_location
	.byte	145
	.byte	30
	.long	.Linfo_string233                @ DW_AT_name
	.byte	2                               @ DW_AT_decl_file
	.byte	131                             @ DW_AT_decl_line
	.long	370                             @ DW_AT_type
	.byte	17                              @ Abbrev [17] 0x37b:0xe DW_TAG_variable
	.byte	2                               @ DW_AT_location
	.byte	145
	.byte	28
	.long	.Linfo_string234                @ DW_AT_name
	.byte	2                               @ DW_AT_decl_file
	.byte	131                             @ DW_AT_decl_line
	.long	370                             @ DW_AT_type
	.byte	17                              @ Abbrev [17] 0x389:0xe DW_TAG_variable
	.byte	2                               @ DW_AT_location
	.byte	145
	.byte	26
	.long	.Linfo_string235                @ DW_AT_name
	.byte	2                               @ DW_AT_decl_file
	.byte	131                             @ DW_AT_decl_line
	.long	370                             @ DW_AT_type
	.byte	0                               @ End Of Children Mark
	.byte	18                              @ Abbrev [18] 0x398:0x26 DW_TAG_lexical_block
	.long	.Ltmp19                         @ DW_AT_low_pc
	.long	.Ltmp20-.Ltmp19                 @ DW_AT_high_pc
	.byte	17                              @ Abbrev [17] 0x3a1:0xe DW_TAG_variable
	.byte	2                               @ DW_AT_location
	.byte	145
	.byte	20
	.long	.Linfo_string231                @ DW_AT_name
	.byte	2                               @ DW_AT_decl_file
	.byte	152                             @ DW_AT_decl_line
	.long	645                             @ DW_AT_type
	.byte	17                              @ Abbrev [17] 0x3af:0xe DW_TAG_variable
	.byte	2                               @ DW_AT_location
	.byte	145
	.byte	16
	.long	.Linfo_string232                @ DW_AT_name
	.byte	2                               @ DW_AT_decl_file
	.byte	152                             @ DW_AT_decl_line
	.long	645                             @ DW_AT_type
	.byte	0                               @ End Of Children Mark
	.byte	18                              @ Abbrev [18] 0x3be:0x18 DW_TAG_lexical_block
	.long	.Ltmp22                         @ DW_AT_low_pc
	.long	.Ltmp23-.Ltmp22                 @ DW_AT_high_pc
	.byte	17                              @ Abbrev [17] 0x3c7:0xe DW_TAG_variable
	.byte	2                               @ DW_AT_location
	.byte	145
	.byte	12
	.long	.Linfo_string232                @ DW_AT_name
	.byte	2                               @ DW_AT_decl_file
	.byte	170                             @ DW_AT_decl_line
	.long	645                             @ DW_AT_type
	.byte	0                               @ End Of Children Mark
	.byte	0                               @ End Of Children Mark
	.byte	19                              @ Abbrev [19] 0x3d7:0x6a DW_TAG_subprogram
	.long	.Lfunc_begin2                   @ DW_AT_low_pc
	.long	.Lfunc_end2-.Lfunc_begin2       @ DW_AT_high_pc
	.byte	1                               @ DW_AT_frame_base
	.byte	93
	.long	.Linfo_string57                 @ DW_AT_name
	.byte	2                               @ DW_AT_decl_file
	.byte	232                             @ DW_AT_decl_line
                                        @ DW_AT_prototyped
	.long	650                             @ DW_AT_type
	.byte	16                              @ Abbrev [16] 0x3ec:0xe DW_TAG_formal_parameter
	.byte	2                               @ DW_AT_location
	.byte	145
	.byte	20
	.long	.Linfo_string236                @ DW_AT_name
	.byte	2                               @ DW_AT_decl_file
	.byte	232                             @ DW_AT_decl_line
	.long	657                             @ DW_AT_type
	.byte	16                              @ Abbrev [16] 0x3fa:0xe DW_TAG_formal_parameter
	.byte	2                               @ DW_AT_location
	.byte	145
	.byte	16
	.long	.Linfo_string237                @ DW_AT_name
	.byte	2                               @ DW_AT_decl_file
	.byte	232                             @ DW_AT_decl_line
	.long	657                             @ DW_AT_type
	.byte	16                              @ Abbrev [16] 0x408:0xe DW_TAG_formal_parameter
	.byte	2                               @ DW_AT_location
	.byte	145
	.byte	12
	.long	.Linfo_string238                @ DW_AT_name
	.byte	2                               @ DW_AT_decl_file
	.byte	232                             @ DW_AT_decl_line
	.long	657                             @ DW_AT_type
	.byte	16                              @ Abbrev [16] 0x416:0xe DW_TAG_formal_parameter
	.byte	2                               @ DW_AT_location
	.byte	145
	.byte	8
	.long	.Linfo_string239                @ DW_AT_name
	.byte	2                               @ DW_AT_decl_file
	.byte	232                             @ DW_AT_decl_line
	.long	650                             @ DW_AT_type
	.byte	17                              @ Abbrev [17] 0x424:0xe DW_TAG_variable
	.byte	2                               @ DW_AT_location
	.byte	145
	.byte	4
	.long	.Linfo_string240                @ DW_AT_name
	.byte	2                               @ DW_AT_decl_file
	.byte	234                             @ DW_AT_decl_line
	.long	657                             @ DW_AT_type
	.byte	17                              @ Abbrev [17] 0x432:0xe DW_TAG_variable
	.byte	2                               @ DW_AT_location
	.byte	145
	.byte	0
	.long	.Linfo_string241                @ DW_AT_name
	.byte	2                               @ DW_AT_decl_file
	.byte	235                             @ DW_AT_decl_line
	.long	657                             @ DW_AT_type
	.byte	0                               @ End Of Children Mark
	.byte	15                              @ Abbrev [15] 0x441:0x3c DW_TAG_subprogram
	.long	.Lfunc_begin3                   @ DW_AT_low_pc
	.long	.Lfunc_end3-.Lfunc_begin3       @ DW_AT_high_pc
	.byte	1                               @ DW_AT_frame_base
	.byte	93
	.long	.Linfo_string58                 @ DW_AT_name
	.byte	2                               @ DW_AT_decl_file
	.byte	190                             @ DW_AT_decl_line
                                        @ DW_AT_prototyped
                                        @ DW_AT_external
	.byte	16                              @ Abbrev [16] 0x452:0xe DW_TAG_formal_parameter
	.byte	2                               @ DW_AT_location
	.byte	145
	.byte	12
	.long	.Linfo_string63                 @ DW_AT_name
	.byte	2                               @ DW_AT_decl_file
	.byte	190                             @ DW_AT_decl_line
	.long	1178                            @ DW_AT_type
	.byte	16                              @ Abbrev [16] 0x460:0xe DW_TAG_formal_parameter
	.byte	2                               @ DW_AT_location
	.byte	145
	.byte	8
	.long	.Linfo_string202                @ DW_AT_name
	.byte	2                               @ DW_AT_decl_file
	.byte	190                             @ DW_AT_decl_line
	.long	3054                            @ DW_AT_type
	.byte	16                              @ Abbrev [16] 0x46e:0xe DW_TAG_formal_parameter
	.byte	2                               @ DW_AT_location
	.byte	145
	.byte	7
	.long	.Linfo_string242                @ DW_AT_name
	.byte	2                               @ DW_AT_decl_file
	.byte	190                             @ DW_AT_decl_line
	.long	55                              @ DW_AT_type
	.byte	0                               @ End Of Children Mark
	.byte	14                              @ Abbrev [14] 0x47d:0x5 DW_TAG_pointer_type
	.long	1154                            @ DW_AT_type
	.byte	20                              @ Abbrev [20] 0x482:0x1 DW_TAG_const_type
	.byte	5                               @ Abbrev [5] 0x483:0xc DW_TAG_array_type
	.long	55                              @ DW_AT_type
	.byte	6                               @ Abbrev [6] 0x488:0x6 DW_TAG_subrange_type
	.long	137                             @ DW_AT_type
	.byte	64                              @ DW_AT_count
	.byte	0                               @ End Of Children Mark
	.byte	3                               @ Abbrev [3] 0x48f:0xb DW_TAG_typedef
	.long	90                              @ DW_AT_type
	.long	.Linfo_string62                 @ DW_AT_name
	.byte	8                               @ DW_AT_decl_file
	.byte	63                              @ DW_AT_decl_line
	.byte	14                              @ Abbrev [14] 0x49a:0x5 DW_TAG_pointer_type
	.long	1183                            @ DW_AT_type
	.byte	3                               @ Abbrev [3] 0x49f:0xb DW_TAG_typedef
	.long	1194                            @ DW_AT_type
	.long	.Linfo_string201                @ DW_AT_name
	.byte	10                              @ DW_AT_decl_file
	.byte	34                              @ DW_AT_decl_line
	.byte	11                              @ Abbrev [11] 0x4aa:0x29 DW_TAG_structure_type
	.byte	48                              @ DW_AT_byte_size
	.byte	10                              @ DW_AT_decl_file
	.byte	30                              @ DW_AT_decl_line
	.byte	10                              @ Abbrev [10] 0x4ae:0xc DW_TAG_member
	.long	.Linfo_string64                 @ DW_AT_name
	.long	1235                            @ DW_AT_type
	.byte	10                              @ DW_AT_decl_file
	.byte	31                              @ DW_AT_decl_line
	.byte	0                               @ DW_AT_data_member_location
	.byte	10                              @ Abbrev [10] 0x4ba:0xc DW_TAG_member
	.long	.Linfo_string189                @ DW_AT_name
	.long	2926                            @ DW_AT_type
	.byte	10                              @ DW_AT_decl_file
	.byte	32                              @ DW_AT_decl_line
	.byte	4                               @ DW_AT_data_member_location
	.byte	10                              @ Abbrev [10] 0x4c6:0xc DW_TAG_member
	.long	.Linfo_string200                @ DW_AT_name
	.long	125                             @ DW_AT_type
	.byte	10                              @ DW_AT_decl_file
	.byte	33                              @ DW_AT_decl_line
	.byte	40                              @ DW_AT_data_member_location
	.byte	0                               @ End Of Children Mark
	.byte	14                              @ Abbrev [14] 0x4d3:0x5 DW_TAG_pointer_type
	.long	1240                            @ DW_AT_type
	.byte	21                              @ Abbrev [21] 0x4d8:0xc DW_TAG_typedef
	.long	1252                            @ DW_AT_type
	.long	.Linfo_string188                @ DW_AT_name
	.byte	5                               @ DW_AT_decl_file
	.short	760                             @ DW_AT_decl_line
	.byte	22                              @ Abbrev [22] 0x4e4:0x6e DW_TAG_structure_type
	.byte	160                             @ DW_AT_byte_size
	.byte	5                               @ DW_AT_decl_file
	.short	717                             @ DW_AT_decl_line
	.byte	23                              @ Abbrev [23] 0x4e9:0xd DW_TAG_member
	.long	.Linfo_string65                 @ DW_AT_name
	.long	1362                            @ DW_AT_type
	.byte	5                               @ DW_AT_decl_file
	.short	720                             @ DW_AT_decl_line
	.byte	0                               @ DW_AT_data_member_location
	.byte	23                              @ Abbrev [23] 0x4f6:0xd DW_TAG_member
	.long	.Linfo_string120                @ DW_AT_name
	.long	2116                            @ DW_AT_type
	.byte	5                               @ DW_AT_decl_file
	.short	722                             @ DW_AT_decl_line
	.byte	4                               @ DW_AT_data_member_location
	.byte	23                              @ Abbrev [23] 0x503:0xd DW_TAG_member
	.long	.Linfo_string140                @ DW_AT_name
	.long	2400                            @ DW_AT_type
	.byte	5                               @ DW_AT_decl_file
	.short	724                             @ DW_AT_decl_line
	.byte	8                               @ DW_AT_data_member_location
	.byte	23                              @ Abbrev [23] 0x510:0xd DW_TAG_member
	.long	.Linfo_string170                @ DW_AT_name
	.long	2751                            @ DW_AT_type
	.byte	5                               @ DW_AT_decl_file
	.short	726                             @ DW_AT_decl_line
	.byte	108                             @ DW_AT_data_member_location
	.byte	23                              @ Abbrev [23] 0x51d:0xd DW_TAG_member
	.long	.Linfo_string182                @ DW_AT_name
	.long	90                              @ DW_AT_type
	.byte	5                               @ DW_AT_decl_file
	.short	728                             @ DW_AT_decl_line
	.byte	148                             @ DW_AT_data_member_location
	.byte	23                              @ Abbrev [23] 0x52a:0xd DW_TAG_member
	.long	.Linfo_string183                @ DW_AT_name
	.long	2899                            @ DW_AT_type
	.byte	5                               @ DW_AT_decl_file
	.short	731                             @ DW_AT_decl_line
	.byte	152                             @ DW_AT_data_member_location
	.byte	23                              @ Abbrev [23] 0x537:0xd DW_TAG_member
	.long	.Linfo_string185                @ DW_AT_name
	.long	2915                            @ DW_AT_type
	.byte	5                               @ DW_AT_decl_file
	.short	733                             @ DW_AT_decl_line
	.byte	153                             @ DW_AT_data_member_location
	.byte	23                              @ Abbrev [23] 0x544:0xd DW_TAG_member
	.long	.Linfo_string187                @ DW_AT_name
	.long	2075                            @ DW_AT_type
	.byte	5                               @ DW_AT_decl_file
	.short	735                             @ DW_AT_decl_line
	.byte	156                             @ DW_AT_data_member_location
	.byte	0                               @ End Of Children Mark
	.byte	14                              @ Abbrev [14] 0x552:0x5 DW_TAG_pointer_type
	.long	1367                            @ DW_AT_type
	.byte	21                              @ Abbrev [21] 0x557:0xc DW_TAG_typedef
	.long	1379                            @ DW_AT_type
	.long	.Linfo_string119                @ DW_AT_name
	.byte	9                               @ DW_AT_decl_file
	.short	369                             @ DW_AT_decl_line
	.byte	24                              @ Abbrev [24] 0x563:0x2b8 DW_TAG_structure_type
	.short	256                             @ DW_AT_byte_size
	.byte	9                               @ DW_AT_decl_file
	.short	314                             @ DW_AT_decl_line
	.byte	23                              @ Abbrev [23] 0x569:0xd DW_TAG_member
	.long	.Linfo_string66                 @ DW_AT_name
	.long	2075                            @ DW_AT_type
	.byte	9                               @ DW_AT_decl_file
	.short	316                             @ DW_AT_decl_line
	.byte	0                               @ DW_AT_data_member_location
	.byte	23                              @ Abbrev [23] 0x576:0xd DW_TAG_member
	.long	.Linfo_string67                 @ DW_AT_name
	.long	2075                            @ DW_AT_type
	.byte	9                               @ DW_AT_decl_file
	.short	317                             @ DW_AT_decl_line
	.byte	4                               @ DW_AT_data_member_location
	.byte	23                              @ Abbrev [23] 0x583:0xd DW_TAG_member
	.long	.Linfo_string68                 @ DW_AT_name
	.long	2075                            @ DW_AT_type
	.byte	9                               @ DW_AT_decl_file
	.short	318                             @ DW_AT_decl_line
	.byte	8                               @ DW_AT_data_member_location
	.byte	23                              @ Abbrev [23] 0x590:0xd DW_TAG_member
	.long	.Linfo_string69                 @ DW_AT_name
	.long	2075                            @ DW_AT_type
	.byte	9                               @ DW_AT_decl_file
	.short	319                             @ DW_AT_decl_line
	.byte	12                              @ DW_AT_data_member_location
	.byte	23                              @ Abbrev [23] 0x59d:0xd DW_TAG_member
	.long	.Linfo_string70                 @ DW_AT_name
	.long	2075                            @ DW_AT_type
	.byte	9                               @ DW_AT_decl_file
	.short	320                             @ DW_AT_decl_line
	.byte	16                              @ DW_AT_data_member_location
	.byte	23                              @ Abbrev [23] 0x5aa:0xd DW_TAG_member
	.long	.Linfo_string71                 @ DW_AT_name
	.long	2075                            @ DW_AT_type
	.byte	9                               @ DW_AT_decl_file
	.short	321                             @ DW_AT_decl_line
	.byte	20                              @ DW_AT_data_member_location
	.byte	23                              @ Abbrev [23] 0x5b7:0xd DW_TAG_member
	.long	.Linfo_string72                 @ DW_AT_name
	.long	2075                            @ DW_AT_type
	.byte	9                               @ DW_AT_decl_file
	.short	322                             @ DW_AT_decl_line
	.byte	24                              @ DW_AT_data_member_location
	.byte	23                              @ Abbrev [23] 0x5c4:0xd DW_TAG_member
	.long	.Linfo_string73                 @ DW_AT_name
	.long	2075                            @ DW_AT_type
	.byte	9                               @ DW_AT_decl_file
	.short	323                             @ DW_AT_decl_line
	.byte	28                              @ DW_AT_data_member_location
	.byte	23                              @ Abbrev [23] 0x5d1:0xd DW_TAG_member
	.long	.Linfo_string74                 @ DW_AT_name
	.long	2075                            @ DW_AT_type
	.byte	9                               @ DW_AT_decl_file
	.short	324                             @ DW_AT_decl_line
	.byte	32                              @ DW_AT_data_member_location
	.byte	23                              @ Abbrev [23] 0x5de:0xd DW_TAG_member
	.long	.Linfo_string75                 @ DW_AT_name
	.long	2075                            @ DW_AT_type
	.byte	9                               @ DW_AT_decl_file
	.short	325                             @ DW_AT_decl_line
	.byte	36                              @ DW_AT_data_member_location
	.byte	23                              @ Abbrev [23] 0x5eb:0xd DW_TAG_member
	.long	.Linfo_string76                 @ DW_AT_name
	.long	2075                            @ DW_AT_type
	.byte	9                               @ DW_AT_decl_file
	.short	326                             @ DW_AT_decl_line
	.byte	40                              @ DW_AT_data_member_location
	.byte	23                              @ Abbrev [23] 0x5f8:0xd DW_TAG_member
	.long	.Linfo_string77                 @ DW_AT_name
	.long	2075                            @ DW_AT_type
	.byte	9                               @ DW_AT_decl_file
	.short	327                             @ DW_AT_decl_line
	.byte	44                              @ DW_AT_data_member_location
	.byte	23                              @ Abbrev [23] 0x605:0xd DW_TAG_member
	.long	.Linfo_string78                 @ DW_AT_name
	.long	2080                            @ DW_AT_type
	.byte	9                               @ DW_AT_decl_file
	.short	328                             @ DW_AT_decl_line
	.byte	48                              @ DW_AT_data_member_location
	.byte	23                              @ Abbrev [23] 0x612:0xd DW_TAG_member
	.long	.Linfo_string79                 @ DW_AT_name
	.long	2075                            @ DW_AT_type
	.byte	9                               @ DW_AT_decl_file
	.short	329                             @ DW_AT_decl_line
	.byte	64                              @ DW_AT_data_member_location
	.byte	23                              @ Abbrev [23] 0x61f:0xd DW_TAG_member
	.long	.Linfo_string80                 @ DW_AT_name
	.long	2075                            @ DW_AT_type
	.byte	9                               @ DW_AT_decl_file
	.short	330                             @ DW_AT_decl_line
	.byte	68                              @ DW_AT_data_member_location
	.byte	23                              @ Abbrev [23] 0x62c:0xd DW_TAG_member
	.long	.Linfo_string81                 @ DW_AT_name
	.long	2075                            @ DW_AT_type
	.byte	9                               @ DW_AT_decl_file
	.short	331                             @ DW_AT_decl_line
	.byte	72                              @ DW_AT_data_member_location
	.byte	23                              @ Abbrev [23] 0x639:0xd DW_TAG_member
	.long	.Linfo_string82                 @ DW_AT_name
	.long	2075                            @ DW_AT_type
	.byte	9                               @ DW_AT_decl_file
	.short	332                             @ DW_AT_decl_line
	.byte	76                              @ DW_AT_data_member_location
	.byte	23                              @ Abbrev [23] 0x646:0xd DW_TAG_member
	.long	.Linfo_string83                 @ DW_AT_name
	.long	2075                            @ DW_AT_type
	.byte	9                               @ DW_AT_decl_file
	.short	333                             @ DW_AT_decl_line
	.byte	80                              @ DW_AT_data_member_location
	.byte	23                              @ Abbrev [23] 0x653:0xd DW_TAG_member
	.long	.Linfo_string84                 @ DW_AT_name
	.long	2075                            @ DW_AT_type
	.byte	9                               @ DW_AT_decl_file
	.short	334                             @ DW_AT_decl_line
	.byte	84                              @ DW_AT_data_member_location
	.byte	23                              @ Abbrev [23] 0x660:0xd DW_TAG_member
	.long	.Linfo_string85                 @ DW_AT_name
	.long	2075                            @ DW_AT_type
	.byte	9                               @ DW_AT_decl_file
	.short	335                             @ DW_AT_decl_line
	.byte	88                              @ DW_AT_data_member_location
	.byte	23                              @ Abbrev [23] 0x66d:0xd DW_TAG_member
	.long	.Linfo_string86                 @ DW_AT_name
	.long	2075                            @ DW_AT_type
	.byte	9                               @ DW_AT_decl_file
	.short	336                             @ DW_AT_decl_line
	.byte	92                              @ DW_AT_data_member_location
	.byte	23                              @ Abbrev [23] 0x67a:0xd DW_TAG_member
	.long	.Linfo_string87                 @ DW_AT_name
	.long	2092                            @ DW_AT_type
	.byte	9                               @ DW_AT_decl_file
	.short	337                             @ DW_AT_decl_line
	.byte	96                              @ DW_AT_data_member_location
	.byte	23                              @ Abbrev [23] 0x687:0xd DW_TAG_member
	.long	.Linfo_string88                 @ DW_AT_name
	.long	2075                            @ DW_AT_type
	.byte	9                               @ DW_AT_decl_file
	.short	338                             @ DW_AT_decl_line
	.byte	128                             @ DW_AT_data_member_location
	.byte	23                              @ Abbrev [23] 0x694:0xd DW_TAG_member
	.long	.Linfo_string89                 @ DW_AT_name
	.long	2075                            @ DW_AT_type
	.byte	9                               @ DW_AT_decl_file
	.short	339                             @ DW_AT_decl_line
	.byte	132                             @ DW_AT_data_member_location
	.byte	23                              @ Abbrev [23] 0x6a1:0xd DW_TAG_member
	.long	.Linfo_string90                 @ DW_AT_name
	.long	2075                            @ DW_AT_type
	.byte	9                               @ DW_AT_decl_file
	.short	340                             @ DW_AT_decl_line
	.byte	136                             @ DW_AT_data_member_location
	.byte	23                              @ Abbrev [23] 0x6ae:0xd DW_TAG_member
	.long	.Linfo_string91                 @ DW_AT_name
	.long	2075                            @ DW_AT_type
	.byte	9                               @ DW_AT_decl_file
	.short	341                             @ DW_AT_decl_line
	.byte	140                             @ DW_AT_data_member_location
	.byte	23                              @ Abbrev [23] 0x6bb:0xd DW_TAG_member
	.long	.Linfo_string92                 @ DW_AT_name
	.long	2075                            @ DW_AT_type
	.byte	9                               @ DW_AT_decl_file
	.short	342                             @ DW_AT_decl_line
	.byte	144                             @ DW_AT_data_member_location
	.byte	23                              @ Abbrev [23] 0x6c8:0xd DW_TAG_member
	.long	.Linfo_string93                 @ DW_AT_name
	.long	2075                            @ DW_AT_type
	.byte	9                               @ DW_AT_decl_file
	.short	343                             @ DW_AT_decl_line
	.byte	148                             @ DW_AT_data_member_location
	.byte	23                              @ Abbrev [23] 0x6d5:0xd DW_TAG_member
	.long	.Linfo_string94                 @ DW_AT_name
	.long	2075                            @ DW_AT_type
	.byte	9                               @ DW_AT_decl_file
	.short	344                             @ DW_AT_decl_line
	.byte	152                             @ DW_AT_data_member_location
	.byte	23                              @ Abbrev [23] 0x6e2:0xd DW_TAG_member
	.long	.Linfo_string95                 @ DW_AT_name
	.long	2075                            @ DW_AT_type
	.byte	9                               @ DW_AT_decl_file
	.short	345                             @ DW_AT_decl_line
	.byte	156                             @ DW_AT_data_member_location
	.byte	23                              @ Abbrev [23] 0x6ef:0xd DW_TAG_member
	.long	.Linfo_string96                 @ DW_AT_name
	.long	2075                            @ DW_AT_type
	.byte	9                               @ DW_AT_decl_file
	.short	346                             @ DW_AT_decl_line
	.byte	160                             @ DW_AT_data_member_location
	.byte	23                              @ Abbrev [23] 0x6fc:0xd DW_TAG_member
	.long	.Linfo_string97                 @ DW_AT_name
	.long	2075                            @ DW_AT_type
	.byte	9                               @ DW_AT_decl_file
	.short	347                             @ DW_AT_decl_line
	.byte	164                             @ DW_AT_data_member_location
	.byte	23                              @ Abbrev [23] 0x709:0xd DW_TAG_member
	.long	.Linfo_string98                 @ DW_AT_name
	.long	2075                            @ DW_AT_type
	.byte	9                               @ DW_AT_decl_file
	.short	348                             @ DW_AT_decl_line
	.byte	168                             @ DW_AT_data_member_location
	.byte	23                              @ Abbrev [23] 0x716:0xd DW_TAG_member
	.long	.Linfo_string99                 @ DW_AT_name
	.long	2075                            @ DW_AT_type
	.byte	9                               @ DW_AT_decl_file
	.short	349                             @ DW_AT_decl_line
	.byte	172                             @ DW_AT_data_member_location
	.byte	23                              @ Abbrev [23] 0x723:0xd DW_TAG_member
	.long	.Linfo_string100                @ DW_AT_name
	.long	2075                            @ DW_AT_type
	.byte	9                               @ DW_AT_decl_file
	.short	350                             @ DW_AT_decl_line
	.byte	176                             @ DW_AT_data_member_location
	.byte	23                              @ Abbrev [23] 0x730:0xd DW_TAG_member
	.long	.Linfo_string101                @ DW_AT_name
	.long	2075                            @ DW_AT_type
	.byte	9                               @ DW_AT_decl_file
	.short	351                             @ DW_AT_decl_line
	.byte	180                             @ DW_AT_data_member_location
	.byte	23                              @ Abbrev [23] 0x73d:0xd DW_TAG_member
	.long	.Linfo_string102                @ DW_AT_name
	.long	2075                            @ DW_AT_type
	.byte	9                               @ DW_AT_decl_file
	.short	352                             @ DW_AT_decl_line
	.byte	184                             @ DW_AT_data_member_location
	.byte	23                              @ Abbrev [23] 0x74a:0xd DW_TAG_member
	.long	.Linfo_string103                @ DW_AT_name
	.long	2075                            @ DW_AT_type
	.byte	9                               @ DW_AT_decl_file
	.short	353                             @ DW_AT_decl_line
	.byte	188                             @ DW_AT_data_member_location
	.byte	23                              @ Abbrev [23] 0x757:0xd DW_TAG_member
	.long	.Linfo_string104                @ DW_AT_name
	.long	2075                            @ DW_AT_type
	.byte	9                               @ DW_AT_decl_file
	.short	354                             @ DW_AT_decl_line
	.byte	192                             @ DW_AT_data_member_location
	.byte	23                              @ Abbrev [23] 0x764:0xd DW_TAG_member
	.long	.Linfo_string105                @ DW_AT_name
	.long	2075                            @ DW_AT_type
	.byte	9                               @ DW_AT_decl_file
	.short	355                             @ DW_AT_decl_line
	.byte	196                             @ DW_AT_data_member_location
	.byte	23                              @ Abbrev [23] 0x771:0xd DW_TAG_member
	.long	.Linfo_string106                @ DW_AT_name
	.long	2075                            @ DW_AT_type
	.byte	9                               @ DW_AT_decl_file
	.short	356                             @ DW_AT_decl_line
	.byte	200                             @ DW_AT_data_member_location
	.byte	23                              @ Abbrev [23] 0x77e:0xd DW_TAG_member
	.long	.Linfo_string107                @ DW_AT_name
	.long	2075                            @ DW_AT_type
	.byte	9                               @ DW_AT_decl_file
	.short	357                             @ DW_AT_decl_line
	.byte	204                             @ DW_AT_data_member_location
	.byte	23                              @ Abbrev [23] 0x78b:0xd DW_TAG_member
	.long	.Linfo_string108                @ DW_AT_name
	.long	2075                            @ DW_AT_type
	.byte	9                               @ DW_AT_decl_file
	.short	358                             @ DW_AT_decl_line
	.byte	208                             @ DW_AT_data_member_location
	.byte	23                              @ Abbrev [23] 0x798:0xd DW_TAG_member
	.long	.Linfo_string109                @ DW_AT_name
	.long	2075                            @ DW_AT_type
	.byte	9                               @ DW_AT_decl_file
	.short	359                             @ DW_AT_decl_line
	.byte	212                             @ DW_AT_data_member_location
	.byte	23                              @ Abbrev [23] 0x7a5:0xd DW_TAG_member
	.long	.Linfo_string110                @ DW_AT_name
	.long	2075                            @ DW_AT_type
	.byte	9                               @ DW_AT_decl_file
	.short	360                             @ DW_AT_decl_line
	.byte	216                             @ DW_AT_data_member_location
	.byte	23                              @ Abbrev [23] 0x7b2:0xd DW_TAG_member
	.long	.Linfo_string111                @ DW_AT_name
	.long	2075                            @ DW_AT_type
	.byte	9                               @ DW_AT_decl_file
	.short	361                             @ DW_AT_decl_line
	.byte	220                             @ DW_AT_data_member_location
	.byte	23                              @ Abbrev [23] 0x7bf:0xd DW_TAG_member
	.long	.Linfo_string112                @ DW_AT_name
	.long	2075                            @ DW_AT_type
	.byte	9                               @ DW_AT_decl_file
	.short	362                             @ DW_AT_decl_line
	.byte	224                             @ DW_AT_data_member_location
	.byte	23                              @ Abbrev [23] 0x7cc:0xd DW_TAG_member
	.long	.Linfo_string113                @ DW_AT_name
	.long	2075                            @ DW_AT_type
	.byte	9                               @ DW_AT_decl_file
	.short	363                             @ DW_AT_decl_line
	.byte	228                             @ DW_AT_data_member_location
	.byte	23                              @ Abbrev [23] 0x7d9:0xd DW_TAG_member
	.long	.Linfo_string114                @ DW_AT_name
	.long	2104                            @ DW_AT_type
	.byte	9                               @ DW_AT_decl_file
	.short	364                             @ DW_AT_decl_line
	.byte	232                             @ DW_AT_data_member_location
	.byte	23                              @ Abbrev [23] 0x7e6:0xd DW_TAG_member
	.long	.Linfo_string115                @ DW_AT_name
	.long	2075                            @ DW_AT_type
	.byte	9                               @ DW_AT_decl_file
	.short	365                             @ DW_AT_decl_line
	.byte	240                             @ DW_AT_data_member_location
	.byte	23                              @ Abbrev [23] 0x7f3:0xd DW_TAG_member
	.long	.Linfo_string116                @ DW_AT_name
	.long	2075                            @ DW_AT_type
	.byte	9                               @ DW_AT_decl_file
	.short	366                             @ DW_AT_decl_line
	.byte	244                             @ DW_AT_data_member_location
	.byte	23                              @ Abbrev [23] 0x800:0xd DW_TAG_member
	.long	.Linfo_string117                @ DW_AT_name
	.long	2075                            @ DW_AT_type
	.byte	9                               @ DW_AT_decl_file
	.short	367                             @ DW_AT_decl_line
	.byte	248                             @ DW_AT_data_member_location
	.byte	23                              @ Abbrev [23] 0x80d:0xd DW_TAG_member
	.long	.Linfo_string118                @ DW_AT_name
	.long	2075                            @ DW_AT_type
	.byte	9                               @ DW_AT_decl_file
	.short	368                             @ DW_AT_decl_line
	.byte	252                             @ DW_AT_data_member_location
	.byte	0                               @ End Of Children Mark
	.byte	25                              @ Abbrev [25] 0x81b:0x5 DW_TAG_volatile_type
	.long	90                              @ DW_AT_type
	.byte	5                               @ Abbrev [5] 0x820:0xc DW_TAG_array_type
	.long	2075                            @ DW_AT_type
	.byte	6                               @ Abbrev [6] 0x825:0x6 DW_TAG_subrange_type
	.long	137                             @ DW_AT_type
	.byte	4                               @ DW_AT_count
	.byte	0                               @ End Of Children Mark
	.byte	5                               @ Abbrev [5] 0x82c:0xc DW_TAG_array_type
	.long	2075                            @ DW_AT_type
	.byte	6                               @ Abbrev [6] 0x831:0x6 DW_TAG_subrange_type
	.long	137                             @ DW_AT_type
	.byte	8                               @ DW_AT_count
	.byte	0                               @ End Of Children Mark
	.byte	5                               @ Abbrev [5] 0x838:0xc DW_TAG_array_type
	.long	2075                            @ DW_AT_type
	.byte	6                               @ Abbrev [6] 0x83d:0x6 DW_TAG_subrange_type
	.long	137                             @ DW_AT_type
	.byte	2                               @ DW_AT_count
	.byte	0                               @ End Of Children Mark
	.byte	14                              @ Abbrev [14] 0x844:0x5 DW_TAG_pointer_type
	.long	2121                            @ DW_AT_type
	.byte	21                              @ Abbrev [21] 0x849:0xc DW_TAG_typedef
	.long	2133                            @ DW_AT_type
	.long	.Linfo_string139                @ DW_AT_name
	.byte	9                               @ DW_AT_decl_file
	.short	396                             @ DW_AT_decl_line
	.byte	24                              @ Abbrev [24] 0x855:0xff DW_TAG_structure_type
	.short	516                             @ DW_AT_byte_size
	.byte	9                               @ DW_AT_decl_file
	.short	375                             @ DW_AT_decl_line
	.byte	23                              @ Abbrev [23] 0x85b:0xd DW_TAG_member
	.long	.Linfo_string121                @ DW_AT_name
	.long	2075                            @ DW_AT_type
	.byte	9                               @ DW_AT_decl_file
	.short	377                             @ DW_AT_decl_line
	.byte	0                               @ DW_AT_data_member_location
	.byte	23                              @ Abbrev [23] 0x868:0xd DW_TAG_member
	.long	.Linfo_string122                @ DW_AT_name
	.long	2075                            @ DW_AT_type
	.byte	9                               @ DW_AT_decl_file
	.short	378                             @ DW_AT_decl_line
	.byte	4                               @ DW_AT_data_member_location
	.byte	23                              @ Abbrev [23] 0x875:0xd DW_TAG_member
	.long	.Linfo_string123                @ DW_AT_name
	.long	2075                            @ DW_AT_type
	.byte	9                               @ DW_AT_decl_file
	.short	379                             @ DW_AT_decl_line
	.byte	8                               @ DW_AT_data_member_location
	.byte	23                              @ Abbrev [23] 0x882:0xd DW_TAG_member
	.long	.Linfo_string124                @ DW_AT_name
	.long	2075                            @ DW_AT_type
	.byte	9                               @ DW_AT_decl_file
	.short	380                             @ DW_AT_decl_line
	.byte	12                              @ DW_AT_data_member_location
	.byte	23                              @ Abbrev [23] 0x88f:0xd DW_TAG_member
	.long	.Linfo_string125                @ DW_AT_name
	.long	2075                            @ DW_AT_type
	.byte	9                               @ DW_AT_decl_file
	.short	381                             @ DW_AT_decl_line
	.byte	16                              @ DW_AT_data_member_location
	.byte	23                              @ Abbrev [23] 0x89c:0xd DW_TAG_member
	.long	.Linfo_string126                @ DW_AT_name
	.long	2075                            @ DW_AT_type
	.byte	9                               @ DW_AT_decl_file
	.short	382                             @ DW_AT_decl_line
	.byte	20                              @ DW_AT_data_member_location
	.byte	23                              @ Abbrev [23] 0x8a9:0xd DW_TAG_member
	.long	.Linfo_string127                @ DW_AT_name
	.long	2075                            @ DW_AT_type
	.byte	9                               @ DW_AT_decl_file
	.short	383                             @ DW_AT_decl_line
	.byte	24                              @ DW_AT_data_member_location
	.byte	23                              @ Abbrev [23] 0x8b6:0xd DW_TAG_member
	.long	.Linfo_string128                @ DW_AT_name
	.long	2075                            @ DW_AT_type
	.byte	9                               @ DW_AT_decl_file
	.short	384                             @ DW_AT_decl_line
	.byte	28                              @ DW_AT_data_member_location
	.byte	23                              @ Abbrev [23] 0x8c3:0xd DW_TAG_member
	.long	.Linfo_string129                @ DW_AT_name
	.long	2075                            @ DW_AT_type
	.byte	9                               @ DW_AT_decl_file
	.short	385                             @ DW_AT_decl_line
	.byte	32                              @ DW_AT_data_member_location
	.byte	23                              @ Abbrev [23] 0x8d0:0xd DW_TAG_member
	.long	.Linfo_string130                @ DW_AT_name
	.long	2075                            @ DW_AT_type
	.byte	9                               @ DW_AT_decl_file
	.short	386                             @ DW_AT_decl_line
	.byte	36                              @ DW_AT_data_member_location
	.byte	23                              @ Abbrev [23] 0x8dd:0xd DW_TAG_member
	.long	.Linfo_string131                @ DW_AT_name
	.long	2075                            @ DW_AT_type
	.byte	9                               @ DW_AT_decl_file
	.short	387                             @ DW_AT_decl_line
	.byte	40                              @ DW_AT_data_member_location
	.byte	23                              @ Abbrev [23] 0x8ea:0xd DW_TAG_member
	.long	.Linfo_string132                @ DW_AT_name
	.long	2075                            @ DW_AT_type
	.byte	9                               @ DW_AT_decl_file
	.short	388                             @ DW_AT_decl_line
	.byte	44                              @ DW_AT_data_member_location
	.byte	23                              @ Abbrev [23] 0x8f7:0xd DW_TAG_member
	.long	.Linfo_string133                @ DW_AT_name
	.long	2075                            @ DW_AT_type
	.byte	9                               @ DW_AT_decl_file
	.short	389                             @ DW_AT_decl_line
	.byte	48                              @ DW_AT_data_member_location
	.byte	23                              @ Abbrev [23] 0x904:0xd DW_TAG_member
	.long	.Linfo_string134                @ DW_AT_name
	.long	2075                            @ DW_AT_type
	.byte	9                               @ DW_AT_decl_file
	.short	390                             @ DW_AT_decl_line
	.byte	52                              @ DW_AT_data_member_location
	.byte	23                              @ Abbrev [23] 0x911:0xd DW_TAG_member
	.long	.Linfo_string135                @ DW_AT_name
	.long	2075                            @ DW_AT_type
	.byte	9                               @ DW_AT_decl_file
	.short	391                             @ DW_AT_decl_line
	.byte	56                              @ DW_AT_data_member_location
	.byte	23                              @ Abbrev [23] 0x91e:0xd DW_TAG_member
	.long	.Linfo_string136                @ DW_AT_name
	.long	2075                            @ DW_AT_type
	.byte	9                               @ DW_AT_decl_file
	.short	392                             @ DW_AT_decl_line
	.byte	60                              @ DW_AT_data_member_location
	.byte	23                              @ Abbrev [23] 0x92b:0xd DW_TAG_member
	.long	.Linfo_string137                @ DW_AT_name
	.long	2075                            @ DW_AT_type
	.byte	9                               @ DW_AT_decl_file
	.short	393                             @ DW_AT_decl_line
	.byte	64                              @ DW_AT_data_member_location
	.byte	23                              @ Abbrev [23] 0x938:0xd DW_TAG_member
	.long	.Linfo_string68                 @ DW_AT_name
	.long	2388                            @ DW_AT_type
	.byte	9                               @ DW_AT_decl_file
	.short	394                             @ DW_AT_decl_line
	.byte	68                              @ DW_AT_data_member_location
	.byte	26                              @ Abbrev [26] 0x945:0xe DW_TAG_member
	.long	.Linfo_string138                @ DW_AT_name
	.long	2075                            @ DW_AT_type
	.byte	9                               @ DW_AT_decl_file
	.short	395                             @ DW_AT_decl_line
	.short	512                             @ DW_AT_data_member_location
	.byte	0                               @ End Of Children Mark
	.byte	5                               @ Abbrev [5] 0x954:0xc DW_TAG_array_type
	.long	2075                            @ DW_AT_type
	.byte	6                               @ Abbrev [6] 0x959:0x6 DW_TAG_subrange_type
	.long	137                             @ DW_AT_type
	.byte	111                             @ DW_AT_count
	.byte	0                               @ End Of Children Mark
	.byte	3                               @ Abbrev [3] 0x960:0xb DW_TAG_typedef
	.long	2411                            @ DW_AT_type
	.long	.Linfo_string169                @ DW_AT_name
	.byte	5                               @ DW_AT_decl_file
	.byte	148                             @ DW_AT_decl_line
	.byte	11                              @ Abbrev [11] 0x96b:0x149 DW_TAG_structure_type
	.byte	100                             @ DW_AT_byte_size
	.byte	5                               @ DW_AT_decl_file
	.byte	59                              @ DW_AT_decl_line
	.byte	10                              @ Abbrev [10] 0x96f:0xc DW_TAG_member
	.long	.Linfo_string141                @ DW_AT_name
	.long	90                              @ DW_AT_type
	.byte	5                               @ DW_AT_decl_file
	.byte	61                              @ DW_AT_decl_line
	.byte	0                               @ DW_AT_data_member_location
	.byte	10                              @ Abbrev [10] 0x97b:0xc DW_TAG_member
	.long	.Linfo_string142                @ DW_AT_name
	.long	90                              @ DW_AT_type
	.byte	5                               @ DW_AT_decl_file
	.byte	64                              @ DW_AT_decl_line
	.byte	4                               @ DW_AT_data_member_location
	.byte	10                              @ Abbrev [10] 0x987:0xc DW_TAG_member
	.long	.Linfo_string143                @ DW_AT_name
	.long	2740                            @ DW_AT_type
	.byte	5                               @ DW_AT_decl_file
	.byte	67                              @ DW_AT_decl_line
	.byte	8                               @ DW_AT_data_member_location
	.byte	10                              @ Abbrev [10] 0x993:0xc DW_TAG_member
	.long	.Linfo_string145                @ DW_AT_name
	.long	2740                            @ DW_AT_type
	.byte	5                               @ DW_AT_decl_file
	.byte	70                              @ DW_AT_decl_line
	.byte	9                               @ DW_AT_data_member_location
	.byte	10                              @ Abbrev [10] 0x99f:0xc DW_TAG_member
	.long	.Linfo_string146                @ DW_AT_name
	.long	2740                            @ DW_AT_type
	.byte	5                               @ DW_AT_decl_file
	.byte	73                              @ DW_AT_decl_line
	.byte	10                              @ DW_AT_data_member_location
	.byte	10                              @ Abbrev [10] 0x9ab:0xc DW_TAG_member
	.long	.Linfo_string147                @ DW_AT_name
	.long	90                              @ DW_AT_type
	.byte	5                               @ DW_AT_decl_file
	.byte	76                              @ DW_AT_decl_line
	.byte	12                              @ DW_AT_data_member_location
	.byte	10                              @ Abbrev [10] 0x9b7:0xc DW_TAG_member
	.long	.Linfo_string148                @ DW_AT_name
	.long	90                              @ DW_AT_type
	.byte	5                               @ DW_AT_decl_file
	.byte	80                              @ DW_AT_decl_line
	.byte	16                              @ DW_AT_data_member_location
	.byte	10                              @ Abbrev [10] 0x9c3:0xc DW_TAG_member
	.long	.Linfo_string149                @ DW_AT_name
	.long	90                              @ DW_AT_type
	.byte	5                               @ DW_AT_decl_file
	.byte	85                              @ DW_AT_decl_line
	.byte	20                              @ DW_AT_data_member_location
	.byte	10                              @ Abbrev [10] 0x9cf:0xc DW_TAG_member
	.long	.Linfo_string150                @ DW_AT_name
	.long	90                              @ DW_AT_type
	.byte	5                               @ DW_AT_decl_file
	.byte	88                              @ DW_AT_decl_line
	.byte	24                              @ DW_AT_data_member_location
	.byte	10                              @ Abbrev [10] 0x9db:0xc DW_TAG_member
	.long	.Linfo_string151                @ DW_AT_name
	.long	90                              @ DW_AT_type
	.byte	5                               @ DW_AT_decl_file
	.byte	91                              @ DW_AT_decl_line
	.byte	28                              @ DW_AT_data_member_location
	.byte	10                              @ Abbrev [10] 0x9e7:0xc DW_TAG_member
	.long	.Linfo_string152                @ DW_AT_name
	.long	90                              @ DW_AT_type
	.byte	5                               @ DW_AT_decl_file
	.byte	95                              @ DW_AT_decl_line
	.byte	32                              @ DW_AT_data_member_location
	.byte	10                              @ Abbrev [10] 0x9f3:0xc DW_TAG_member
	.long	.Linfo_string153                @ DW_AT_name
	.long	90                              @ DW_AT_type
	.byte	5                               @ DW_AT_decl_file
	.byte	100                             @ DW_AT_decl_line
	.byte	36                              @ DW_AT_data_member_location
	.byte	10                              @ Abbrev [10] 0x9ff:0xc DW_TAG_member
	.long	.Linfo_string154                @ DW_AT_name
	.long	90                              @ DW_AT_type
	.byte	5                               @ DW_AT_decl_file
	.byte	103                             @ DW_AT_decl_line
	.byte	40                              @ DW_AT_data_member_location
	.byte	10                              @ Abbrev [10] 0xa0b:0xc DW_TAG_member
	.long	.Linfo_string155                @ DW_AT_name
	.long	90                              @ DW_AT_type
	.byte	5                               @ DW_AT_decl_file
	.byte	106                             @ DW_AT_decl_line
	.byte	44                              @ DW_AT_data_member_location
	.byte	10                              @ Abbrev [10] 0xa17:0xc DW_TAG_member
	.long	.Linfo_string156                @ DW_AT_name
	.long	90                              @ DW_AT_type
	.byte	5                               @ DW_AT_decl_file
	.byte	109                             @ DW_AT_decl_line
	.byte	48                              @ DW_AT_data_member_location
	.byte	10                              @ Abbrev [10] 0xa23:0xc DW_TAG_member
	.long	.Linfo_string157                @ DW_AT_name
	.long	90                              @ DW_AT_type
	.byte	5                               @ DW_AT_decl_file
	.byte	112                             @ DW_AT_decl_line
	.byte	52                              @ DW_AT_data_member_location
	.byte	10                              @ Abbrev [10] 0xa2f:0xc DW_TAG_member
	.long	.Linfo_string158                @ DW_AT_name
	.long	90                              @ DW_AT_type
	.byte	5                               @ DW_AT_decl_file
	.byte	115                             @ DW_AT_decl_line
	.byte	56                              @ DW_AT_data_member_location
	.byte	10                              @ Abbrev [10] 0xa3b:0xc DW_TAG_member
	.long	.Linfo_string159                @ DW_AT_name
	.long	90                              @ DW_AT_type
	.byte	5                               @ DW_AT_decl_file
	.byte	118                             @ DW_AT_decl_line
	.byte	60                              @ DW_AT_data_member_location
	.byte	10                              @ Abbrev [10] 0xa47:0xc DW_TAG_member
	.long	.Linfo_string160                @ DW_AT_name
	.long	90                              @ DW_AT_type
	.byte	5                               @ DW_AT_decl_file
	.byte	121                             @ DW_AT_decl_line
	.byte	64                              @ DW_AT_data_member_location
	.byte	10                              @ Abbrev [10] 0xa53:0xc DW_TAG_member
	.long	.Linfo_string161                @ DW_AT_name
	.long	90                              @ DW_AT_type
	.byte	5                               @ DW_AT_decl_file
	.byte	124                             @ DW_AT_decl_line
	.byte	68                              @ DW_AT_data_member_location
	.byte	10                              @ Abbrev [10] 0xa5f:0xc DW_TAG_member
	.long	.Linfo_string162                @ DW_AT_name
	.long	90                              @ DW_AT_type
	.byte	5                               @ DW_AT_decl_file
	.byte	127                             @ DW_AT_decl_line
	.byte	72                              @ DW_AT_data_member_location
	.byte	10                              @ Abbrev [10] 0xa6b:0xc DW_TAG_member
	.long	.Linfo_string163                @ DW_AT_name
	.long	90                              @ DW_AT_type
	.byte	5                               @ DW_AT_decl_file
	.byte	130                             @ DW_AT_decl_line
	.byte	76                              @ DW_AT_data_member_location
	.byte	10                              @ Abbrev [10] 0xa77:0xc DW_TAG_member
	.long	.Linfo_string164                @ DW_AT_name
	.long	90                              @ DW_AT_type
	.byte	5                               @ DW_AT_decl_file
	.byte	133                             @ DW_AT_decl_line
	.byte	80                              @ DW_AT_data_member_location
	.byte	10                              @ Abbrev [10] 0xa83:0xc DW_TAG_member
	.long	.Linfo_string165                @ DW_AT_name
	.long	90                              @ DW_AT_type
	.byte	5                               @ DW_AT_decl_file
	.byte	136                             @ DW_AT_decl_line
	.byte	84                              @ DW_AT_data_member_location
	.byte	10                              @ Abbrev [10] 0xa8f:0xc DW_TAG_member
	.long	.Linfo_string166                @ DW_AT_name
	.long	90                              @ DW_AT_type
	.byte	5                               @ DW_AT_decl_file
	.byte	139                             @ DW_AT_decl_line
	.byte	88                              @ DW_AT_data_member_location
	.byte	10                              @ Abbrev [10] 0xa9b:0xc DW_TAG_member
	.long	.Linfo_string167                @ DW_AT_name
	.long	90                              @ DW_AT_type
	.byte	5                               @ DW_AT_decl_file
	.byte	142                             @ DW_AT_decl_line
	.byte	92                              @ DW_AT_data_member_location
	.byte	10                              @ Abbrev [10] 0xaa7:0xc DW_TAG_member
	.long	.Linfo_string168                @ DW_AT_name
	.long	90                              @ DW_AT_type
	.byte	5                               @ DW_AT_decl_file
	.byte	145                             @ DW_AT_decl_line
	.byte	96                              @ DW_AT_data_member_location
	.byte	0                               @ End Of Children Mark
	.byte	3                               @ Abbrev [3] 0xab4:0xb DW_TAG_typedef
	.long	510                             @ DW_AT_type
	.long	.Linfo_string144                @ DW_AT_name
	.byte	4                               @ DW_AT_decl_file
	.byte	190                             @ DW_AT_decl_line
	.byte	21                              @ Abbrev [21] 0xabf:0xc DW_TAG_typedef
	.long	2763                            @ DW_AT_type
	.long	.Linfo_string181                @ DW_AT_name
	.byte	5                               @ DW_AT_decl_file
	.short	709                             @ DW_AT_decl_line
	.byte	22                              @ Abbrev [22] 0xacb:0x88 DW_TAG_structure_type
	.byte	40                              @ DW_AT_byte_size
	.byte	5                               @ DW_AT_decl_file
	.short	677                             @ DW_AT_decl_line
	.byte	23                              @ Abbrev [23] 0xad0:0xd DW_TAG_member
	.long	.Linfo_string171                @ DW_AT_name
	.long	90                              @ DW_AT_type
	.byte	5                               @ DW_AT_decl_file
	.short	679                             @ DW_AT_decl_line
	.byte	0                               @ DW_AT_data_member_location
	.byte	23                              @ Abbrev [23] 0xadd:0xd DW_TAG_member
	.long	.Linfo_string172                @ DW_AT_name
	.long	90                              @ DW_AT_type
	.byte	5                               @ DW_AT_decl_file
	.short	682                             @ DW_AT_decl_line
	.byte	4                               @ DW_AT_data_member_location
	.byte	23                              @ Abbrev [23] 0xaea:0xd DW_TAG_member
	.long	.Linfo_string173                @ DW_AT_name
	.long	90                              @ DW_AT_type
	.byte	5                               @ DW_AT_decl_file
	.short	685                             @ DW_AT_decl_line
	.byte	8                               @ DW_AT_data_member_location
	.byte	23                              @ Abbrev [23] 0xaf7:0xd DW_TAG_member
	.long	.Linfo_string174                @ DW_AT_name
	.long	90                              @ DW_AT_type
	.byte	5                               @ DW_AT_decl_file
	.short	688                             @ DW_AT_decl_line
	.byte	12                              @ DW_AT_data_member_location
	.byte	23                              @ Abbrev [23] 0xb04:0xd DW_TAG_member
	.long	.Linfo_string175                @ DW_AT_name
	.long	90                              @ DW_AT_type
	.byte	5                               @ DW_AT_decl_file
	.short	691                             @ DW_AT_decl_line
	.byte	16                              @ DW_AT_data_member_location
	.byte	23                              @ Abbrev [23] 0xb11:0xd DW_TAG_member
	.long	.Linfo_string176                @ DW_AT_name
	.long	90                              @ DW_AT_type
	.byte	5                               @ DW_AT_decl_file
	.short	694                             @ DW_AT_decl_line
	.byte	20                              @ DW_AT_data_member_location
	.byte	23                              @ Abbrev [23] 0xb1e:0xd DW_TAG_member
	.long	.Linfo_string177                @ DW_AT_name
	.long	90                              @ DW_AT_type
	.byte	5                               @ DW_AT_decl_file
	.short	697                             @ DW_AT_decl_line
	.byte	24                              @ DW_AT_data_member_location
	.byte	23                              @ Abbrev [23] 0xb2b:0xd DW_TAG_member
	.long	.Linfo_string178                @ DW_AT_name
	.long	90                              @ DW_AT_type
	.byte	5                               @ DW_AT_decl_file
	.short	700                             @ DW_AT_decl_line
	.byte	28                              @ DW_AT_data_member_location
	.byte	23                              @ Abbrev [23] 0xb38:0xd DW_TAG_member
	.long	.Linfo_string179                @ DW_AT_name
	.long	90                              @ DW_AT_type
	.byte	5                               @ DW_AT_decl_file
	.short	703                             @ DW_AT_decl_line
	.byte	32                              @ DW_AT_data_member_location
	.byte	23                              @ Abbrev [23] 0xb45:0xd DW_TAG_member
	.long	.Linfo_string180                @ DW_AT_name
	.long	90                              @ DW_AT_type
	.byte	5                               @ DW_AT_decl_file
	.short	706                             @ DW_AT_decl_line
	.byte	36                              @ DW_AT_data_member_location
	.byte	0                               @ End Of Children Mark
	.byte	25                              @ Abbrev [25] 0xb53:0x5 DW_TAG_volatile_type
	.long	2904                            @ DW_AT_type
	.byte	3                               @ Abbrev [3] 0xb58:0xb DW_TAG_typedef
	.long	531                             @ DW_AT_type
	.long	.Linfo_string184                @ DW_AT_name
	.byte	5                               @ DW_AT_decl_file
	.byte	54                              @ DW_AT_decl_line
	.byte	3                               @ Abbrev [3] 0xb63:0xb DW_TAG_typedef
	.long	564                             @ DW_AT_type
	.long	.Linfo_string186                @ DW_AT_name
	.byte	6                               @ DW_AT_decl_file
	.byte	54                              @ DW_AT_decl_line
	.byte	21                              @ Abbrev [21] 0xb6e:0xc DW_TAG_typedef
	.long	2938                            @ DW_AT_type
	.long	.Linfo_string199                @ DW_AT_name
	.byte	5                               @ DW_AT_decl_file
	.short	267                             @ DW_AT_decl_line
	.byte	11                              @ Abbrev [11] 0xb7a:0x74 DW_TAG_structure_type
	.byte	36                              @ DW_AT_byte_size
	.byte	5                               @ DW_AT_decl_file
	.byte	232                             @ DW_AT_decl_line
	.byte	10                              @ Abbrev [10] 0xb7e:0xc DW_TAG_member
	.long	.Linfo_string190                @ DW_AT_name
	.long	90                              @ DW_AT_type
	.byte	5                               @ DW_AT_decl_file
	.byte	234                             @ DW_AT_decl_line
	.byte	0                               @ DW_AT_data_member_location
	.byte	10                              @ Abbrev [10] 0xb8a:0xc DW_TAG_member
	.long	.Linfo_string191                @ DW_AT_name
	.long	90                              @ DW_AT_type
	.byte	5                               @ DW_AT_decl_file
	.byte	239                             @ DW_AT_decl_line
	.byte	4                               @ DW_AT_data_member_location
	.byte	10                              @ Abbrev [10] 0xb96:0xc DW_TAG_member
	.long	.Linfo_string192                @ DW_AT_name
	.long	90                              @ DW_AT_type
	.byte	5                               @ DW_AT_decl_file
	.byte	243                             @ DW_AT_decl_line
	.byte	8                               @ DW_AT_data_member_location
	.byte	10                              @ Abbrev [10] 0xba2:0xc DW_TAG_member
	.long	.Linfo_string193                @ DW_AT_name
	.long	90                              @ DW_AT_type
	.byte	5                               @ DW_AT_decl_file
	.byte	246                             @ DW_AT_decl_line
	.byte	12                              @ DW_AT_data_member_location
	.byte	10                              @ Abbrev [10] 0xbae:0xc DW_TAG_member
	.long	.Linfo_string194                @ DW_AT_name
	.long	90                              @ DW_AT_type
	.byte	5                               @ DW_AT_decl_file
	.byte	249                             @ DW_AT_decl_line
	.byte	16                              @ DW_AT_data_member_location
	.byte	10                              @ Abbrev [10] 0xbba:0xc DW_TAG_member
	.long	.Linfo_string195                @ DW_AT_name
	.long	90                              @ DW_AT_type
	.byte	5                               @ DW_AT_decl_file
	.byte	252                             @ DW_AT_decl_line
	.byte	20                              @ DW_AT_data_member_location
	.byte	23                              @ Abbrev [23] 0xbc6:0xd DW_TAG_member
	.long	.Linfo_string196                @ DW_AT_name
	.long	90                              @ DW_AT_type
	.byte	5                               @ DW_AT_decl_file
	.short	256                             @ DW_AT_decl_line
	.byte	24                              @ DW_AT_data_member_location
	.byte	23                              @ Abbrev [23] 0xbd3:0xd DW_TAG_member
	.long	.Linfo_string197                @ DW_AT_name
	.long	90                              @ DW_AT_type
	.byte	5                               @ DW_AT_decl_file
	.short	260                             @ DW_AT_decl_line
	.byte	28                              @ DW_AT_data_member_location
	.byte	23                              @ Abbrev [23] 0xbe0:0xd DW_TAG_member
	.long	.Linfo_string198                @ DW_AT_name
	.long	90                              @ DW_AT_type
	.byte	5                               @ DW_AT_decl_file
	.short	263                             @ DW_AT_decl_line
	.byte	32                              @ DW_AT_data_member_location
	.byte	0                               @ End Of Children Mark
	.byte	14                              @ Abbrev [14] 0xbee:0x5 DW_TAG_pointer_type
	.long	3059                            @ DW_AT_type
	.byte	3                               @ Abbrev [3] 0xbf3:0xb DW_TAG_typedef
	.long	3070                            @ DW_AT_type
	.long	.Linfo_string227                @ DW_AT_name
	.byte	7                               @ DW_AT_decl_file
	.byte	164                             @ DW_AT_decl_line
	.byte	11                              @ Abbrev [11] 0xbfe:0x35 DW_TAG_structure_type
	.byte	60                              @ DW_AT_byte_size
	.byte	7                               @ DW_AT_decl_file
	.byte	156                             @ DW_AT_decl_line
	.byte	10                              @ Abbrev [10] 0xc02:0xc DW_TAG_member
	.long	.Linfo_string203                @ DW_AT_name
	.long	3123                            @ DW_AT_type
	.byte	7                               @ DW_AT_decl_file
	.byte	159                             @ DW_AT_decl_line
	.byte	0                               @ DW_AT_data_member_location
	.byte	10                              @ Abbrev [10] 0xc0e:0xc DW_TAG_member
	.long	.Linfo_string205                @ DW_AT_name
	.long	3134                            @ DW_AT_type
	.byte	7                               @ DW_AT_decl_file
	.byte	160                             @ DW_AT_decl_line
	.byte	4                               @ DW_AT_data_member_location
	.byte	10                              @ Abbrev [10] 0xc1a:0xc DW_TAG_member
	.long	.Linfo_string210                @ DW_AT_name
	.long	3186                            @ DW_AT_type
	.byte	7                               @ DW_AT_decl_file
	.byte	161                             @ DW_AT_decl_line
	.byte	16                              @ DW_AT_data_member_location
	.byte	10                              @ Abbrev [10] 0xc26:0xc DW_TAG_member
	.long	.Linfo_string200                @ DW_AT_name
	.long	3238                            @ DW_AT_type
	.byte	7                               @ DW_AT_decl_file
	.byte	162                             @ DW_AT_decl_line
	.byte	28                              @ DW_AT_data_member_location
	.byte	0                               @ End Of Children Mark
	.byte	3                               @ Abbrev [3] 0xc33:0xb DW_TAG_typedef
	.long	585                             @ DW_AT_type
	.long	.Linfo_string204                @ DW_AT_name
	.byte	7                               @ DW_AT_decl_file
	.byte	120                             @ DW_AT_decl_line
	.byte	3                               @ Abbrev [3] 0xc3e:0xb DW_TAG_typedef
	.long	3145                            @ DW_AT_type
	.long	.Linfo_string209                @ DW_AT_name
	.byte	7                               @ DW_AT_decl_file
	.byte	72                              @ DW_AT_decl_line
	.byte	11                              @ Abbrev [11] 0xc49:0x29 DW_TAG_structure_type
	.byte	12                              @ DW_AT_byte_size
	.byte	7                               @ DW_AT_decl_file
	.byte	67                              @ DW_AT_decl_line
	.byte	10                              @ Abbrev [10] 0xc4d:0xc DW_TAG_member
	.long	.Linfo_string206                @ DW_AT_name
	.long	90                              @ DW_AT_type
	.byte	7                               @ DW_AT_decl_file
	.byte	69                              @ DW_AT_decl_line
	.byte	0                               @ DW_AT_data_member_location
	.byte	10                              @ Abbrev [10] 0xc59:0xc DW_TAG_member
	.long	.Linfo_string207                @ DW_AT_name
	.long	90                              @ DW_AT_type
	.byte	7                               @ DW_AT_decl_file
	.byte	70                              @ DW_AT_decl_line
	.byte	4                               @ DW_AT_data_member_location
	.byte	10                              @ Abbrev [10] 0xc65:0xc DW_TAG_member
	.long	.Linfo_string208                @ DW_AT_name
	.long	55                              @ DW_AT_type
	.byte	7                               @ DW_AT_decl_file
	.byte	71                              @ DW_AT_decl_line
	.byte	8                               @ DW_AT_data_member_location
	.byte	0                               @ End Of Children Mark
	.byte	3                               @ Abbrev [3] 0xc72:0xb DW_TAG_typedef
	.long	3197                            @ DW_AT_type
	.long	.Linfo_string214                @ DW_AT_name
	.byte	7                               @ DW_AT_decl_file
	.byte	130                             @ DW_AT_decl_line
	.byte	11                              @ Abbrev [11] 0xc7d:0x29 DW_TAG_structure_type
	.byte	12                              @ DW_AT_byte_size
	.byte	7                               @ DW_AT_decl_file
	.byte	125                             @ DW_AT_decl_line
	.byte	10                              @ Abbrev [10] 0xc81:0xc DW_TAG_member
	.long	.Linfo_string211                @ DW_AT_name
	.long	657                             @ DW_AT_type
	.byte	7                               @ DW_AT_decl_file
	.byte	127                             @ DW_AT_decl_line
	.byte	0                               @ DW_AT_data_member_location
	.byte	10                              @ Abbrev [10] 0xc8d:0xc DW_TAG_member
	.long	.Linfo_string212                @ DW_AT_name
	.long	657                             @ DW_AT_type
	.byte	7                               @ DW_AT_decl_file
	.byte	128                             @ DW_AT_decl_line
	.byte	4                               @ DW_AT_data_member_location
	.byte	10                              @ Abbrev [10] 0xc99:0xc DW_TAG_member
	.long	.Linfo_string213                @ DW_AT_name
	.long	657                             @ DW_AT_type
	.byte	7                               @ DW_AT_decl_file
	.byte	129                             @ DW_AT_decl_line
	.byte	8                               @ DW_AT_data_member_location
	.byte	0                               @ End Of Children Mark
	.byte	3                               @ Abbrev [3] 0xca6:0xb DW_TAG_typedef
	.long	3249                            @ DW_AT_type
	.long	.Linfo_string226                @ DW_AT_name
	.byte	7                               @ DW_AT_decl_file
	.byte	151                             @ DW_AT_decl_line
	.byte	11                              @ Abbrev [11] 0xcb1:0x89 DW_TAG_structure_type
	.byte	32                              @ DW_AT_byte_size
	.byte	7                               @ DW_AT_decl_file
	.byte	136                             @ DW_AT_decl_line
	.byte	10                              @ Abbrev [10] 0xcb5:0xc DW_TAG_member
	.long	.Linfo_string215                @ DW_AT_name
	.long	3386                            @ DW_AT_type
	.byte	7                               @ DW_AT_decl_file
	.byte	139                             @ DW_AT_decl_line
	.byte	0                               @ DW_AT_data_member_location
	.byte	10                              @ Abbrev [10] 0xcc1:0xc DW_TAG_member
	.long	.Linfo_string183                @ DW_AT_name
	.long	55                              @ DW_AT_type
	.byte	7                               @ DW_AT_decl_file
	.byte	140                             @ DW_AT_decl_line
	.byte	1                               @ DW_AT_data_member_location
	.byte	10                              @ Abbrev [10] 0xccd:0xc DW_TAG_member
	.long	.Linfo_string217                @ DW_AT_name
	.long	370                             @ DW_AT_type
	.byte	7                               @ DW_AT_decl_file
	.byte	141                             @ DW_AT_decl_line
	.byte	2                               @ DW_AT_data_member_location
	.byte	10                              @ Abbrev [10] 0xcd9:0xc DW_TAG_member
	.long	.Linfo_string218                @ DW_AT_name
	.long	370                             @ DW_AT_type
	.byte	7                               @ DW_AT_decl_file
	.byte	142                             @ DW_AT_decl_line
	.byte	4                               @ DW_AT_data_member_location
	.byte	10                              @ Abbrev [10] 0xce5:0xc DW_TAG_member
	.long	.Linfo_string219                @ DW_AT_name
	.long	370                             @ DW_AT_type
	.byte	7                               @ DW_AT_decl_file
	.byte	143                             @ DW_AT_decl_line
	.byte	6                               @ DW_AT_data_member_location
	.byte	10                              @ Abbrev [10] 0xcf1:0xc DW_TAG_member
	.long	.Linfo_string220                @ DW_AT_name
	.long	657                             @ DW_AT_type
	.byte	7                               @ DW_AT_decl_file
	.byte	144                             @ DW_AT_decl_line
	.byte	8                               @ DW_AT_data_member_location
	.byte	10                              @ Abbrev [10] 0xcfd:0xc DW_TAG_member
	.long	.Linfo_string221                @ DW_AT_name
	.long	657                             @ DW_AT_type
	.byte	7                               @ DW_AT_decl_file
	.byte	145                             @ DW_AT_decl_line
	.byte	12                              @ DW_AT_data_member_location
	.byte	10                              @ Abbrev [10] 0xd09:0xc DW_TAG_member
	.long	.Linfo_string222                @ DW_AT_name
	.long	657                             @ DW_AT_type
	.byte	7                               @ DW_AT_decl_file
	.byte	146                             @ DW_AT_decl_line
	.byte	16                              @ DW_AT_data_member_location
	.byte	10                              @ Abbrev [10] 0xd15:0xc DW_TAG_member
	.long	.Linfo_string223                @ DW_AT_name
	.long	657                             @ DW_AT_type
	.byte	7                               @ DW_AT_decl_file
	.byte	147                             @ DW_AT_decl_line
	.byte	20                              @ DW_AT_data_member_location
	.byte	10                              @ Abbrev [10] 0xd21:0xc DW_TAG_member
	.long	.Linfo_string224                @ DW_AT_name
	.long	657                             @ DW_AT_type
	.byte	7                               @ DW_AT_decl_file
	.byte	148                             @ DW_AT_decl_line
	.byte	24                              @ DW_AT_data_member_location
	.byte	10                              @ Abbrev [10] 0xd2d:0xc DW_TAG_member
	.long	.Linfo_string225                @ DW_AT_name
	.long	657                             @ DW_AT_type
	.byte	7                               @ DW_AT_decl_file
	.byte	149                             @ DW_AT_decl_line
	.byte	28                              @ DW_AT_data_member_location
	.byte	0                               @ End Of Children Mark
	.byte	4                               @ Abbrev [4] 0xd3a:0x7 DW_TAG_base_type
	.long	.Linfo_string216                @ DW_AT_name
	.byte	2                               @ DW_AT_encoding
	.byte	1                               @ DW_AT_byte_size
	.byte	0                               @ End Of Children Mark
.Ldebug_info_end0:
	.section	.debug_ranges,"",%progbits
.Ldebug_ranges0:
	.long	.Lfunc_begin0
	.long	.Lfunc_end0
	.long	.Lfunc_begin1
	.long	.Lfunc_end1
	.long	.Lfunc_begin2
	.long	.Lfunc_end2
	.long	.Lfunc_begin3
	.long	.Lfunc_end3
	.long	0
	.long	0
	.section	.debug_str,"MS",%progbits,1
.Linfo_string0:
	.asciz	"Component: Arm Compiler for Embedded 6.24 Tool: armclang [5f371800]" @ string offset=0
.Linfo_string1:
	.asciz	"../Task/Src\\CAN_Task.c"       @ string offset=68
.Linfo_string2:
	.asciz	"D:\\stm32_project\\daily_work\\new_bubing\\cod_update_2.0\\COD_H7_Template\\MDK-ARM" @ string offset=91
.Linfo_string3:
	.asciz	"tick_ms"                       @ string offset=169
.Linfo_string4:
	.asciz	"unsigned char"                 @ string offset=177
.Linfo_string5:
	.asciz	"uint8_t"                       @ string offset=191
.Linfo_string6:
	.asciz	"freq_1k"                       @ string offset=199
.Linfo_string7:
	.asciz	"unsigned int"                  @ string offset=207
.Linfo_string8:
	.asciz	"uint32_t"                      @ string offset=220
.Linfo_string9:
	.asciz	"cantx_data_chassis"            @ string offset=229
.Linfo_string10:
	.asciz	"__ARRAY_SIZE_TYPE__"           @ string offset=248
.Linfo_string11:
	.asciz	"cantx_data_gimbal"             @ string offset=268
.Linfo_string12:
	.asciz	"cantx_data_Supercap"           @ string offset=286
.Linfo_string13:
	.asciz	"Sentry_Tx_Referee"             @ string offset=306
.Linfo_string14:
	.asciz	"header"                        @ string offset=324
.Linfo_string15:
	.asciz	"SOF"                           @ string offset=331
.Linfo_string16:
	.asciz	"length"                        @ string offset=335
.Linfo_string17:
	.asciz	"unsigned short"                @ string offset=342
.Linfo_string18:
	.asciz	"uint16_t"                      @ string offset=357
.Linfo_string19:
	.asciz	"seq"                           @ string offset=366
.Linfo_string20:
	.asciz	"crc8"                          @ string offset=370
.Linfo_string21:
	.asciz	"cmd_id"                        @ string offset=375
.Linfo_string22:
	.asciz	"data"                          @ string offset=382
.Linfo_string23:
	.asciz	"data_cmd_id"                   @ string offset=387
.Linfo_string24:
	.asciz	"sender_id"                     @ string offset=399
.Linfo_string25:
	.asciz	"receiver_id"                   @ string offset=409
.Linfo_string26:
	.asciz	"sentry_cmd"                    @ string offset=421
.Linfo_string27:
	.asciz	"crc16"                         @ string offset=432
.Linfo_string28:
	.asciz	"Sentry_Tx_Referee_t"           @ string offset=438
.Linfo_string29:
	.asciz	"sentry_status"                 @ string offset=458
.Linfo_string30:
	.asciz	"hurt"                          @ string offset=472
.Linfo_string31:
	.asciz	"time"                          @ string offset=477
.Linfo_string32:
	.asciz	"symbol"                        @ string offset=482
.Linfo_string33:
	.asciz	"status"                        @ string offset=489
.Linfo_string34:
	.asciz	"current_hp"                    @ string offset=496
.Linfo_string35:
	.asciz	"last_current_hp"               @ string offset=507
.Linfo_string36:
	.asciz	"out_fight"                     @ string offset=523
.Linfo_string37:
	.asciz	"sentry_status_t"               @ string offset=533
.Linfo_string38:
	.asciz	"DISABLE"                       @ string offset=549
.Linfo_string39:
	.asciz	"ENABLE"                        @ string offset=557
.Linfo_string40:
	.asciz	"HAL_FDCAN_STATE_RESET"         @ string offset=564
.Linfo_string41:
	.asciz	"HAL_FDCAN_STATE_READY"         @ string offset=586
.Linfo_string42:
	.asciz	"HAL_FDCAN_STATE_BUSY"          @ string offset=608
.Linfo_string43:
	.asciz	"HAL_FDCAN_STATE_ERROR"         @ string offset=629
.Linfo_string44:
	.asciz	"HAL_UNLOCKED"                  @ string offset=651
.Linfo_string45:
	.asciz	"HAL_LOCKED"                    @ string offset=664
.Linfo_string46:
	.asciz	"MIT"                           @ string offset=675
.Linfo_string47:
	.asciz	"POSITION_VELOCITY"             @ string offset=679
.Linfo_string48:
	.asciz	"VELOCITY"                      @ string offset=697
.Linfo_string49:
	.asciz	"Motor_Enable"                  @ string offset=706
.Linfo_string50:
	.asciz	"Motor_Disable"                 @ string offset=719
.Linfo_string51:
	.asciz	"Motor_Save_Zero_Position"      @ string offset=733
.Linfo_string52:
	.asciz	"DM_Motor_CMD_Type_Num"         @ string offset=758
.Linfo_string53:
	.asciz	"int"                           @ string offset=780
.Linfo_string54:
	.asciz	"float"                         @ string offset=784
.Linfo_string55:
	.asciz	"CAN_Task"                      @ string offset=790
.Linfo_string56:
	.asciz	"DM_Motor_CAN_TxMessage"        @ string offset=799
.Linfo_string57:
	.asciz	"float_to_uint"                 @ string offset=822
.Linfo_string58:
	.asciz	"DM_Motor_Command"              @ string offset=836
.Linfo_string59:
	.asciz	"argument"                      @ string offset=853
.Linfo_string60:
	.asciz	"CAN_FD_Tx_Buffer"              @ string offset=862
.Linfo_string61:
	.asciz	"CAN_Task_SysTick"              @ string offset=879
.Linfo_string62:
	.asciz	"TickType_t"                    @ string offset=896
.Linfo_string63:
	.asciz	"FDCAN_TxFrame"                 @ string offset=907
.Linfo_string64:
	.asciz	"hcan"                          @ string offset=921
.Linfo_string65:
	.asciz	"Instance"                      @ string offset=926
.Linfo_string66:
	.asciz	"CREL"                          @ string offset=935
.Linfo_string67:
	.asciz	"ENDN"                          @ string offset=940
.Linfo_string68:
	.asciz	"RESERVED1"                     @ string offset=945
.Linfo_string69:
	.asciz	"DBTP"                          @ string offset=955
.Linfo_string70:
	.asciz	"TEST"                          @ string offset=960
.Linfo_string71:
	.asciz	"RWD"                           @ string offset=965
.Linfo_string72:
	.asciz	"CCCR"                          @ string offset=969
.Linfo_string73:
	.asciz	"NBTP"                          @ string offset=974
.Linfo_string74:
	.asciz	"TSCC"                          @ string offset=979
.Linfo_string75:
	.asciz	"TSCV"                          @ string offset=984
.Linfo_string76:
	.asciz	"TOCC"                          @ string offset=989
.Linfo_string77:
	.asciz	"TOCV"                          @ string offset=994
.Linfo_string78:
	.asciz	"RESERVED2"                     @ string offset=999
.Linfo_string79:
	.asciz	"ECR"                           @ string offset=1009
.Linfo_string80:
	.asciz	"PSR"                           @ string offset=1013
.Linfo_string81:
	.asciz	"TDCR"                          @ string offset=1017
.Linfo_string82:
	.asciz	"RESERVED3"                     @ string offset=1022
.Linfo_string83:
	.asciz	"IR"                            @ string offset=1032
.Linfo_string84:
	.asciz	"IE"                            @ string offset=1035
.Linfo_string85:
	.asciz	"ILS"                           @ string offset=1038
.Linfo_string86:
	.asciz	"ILE"                           @ string offset=1042
.Linfo_string87:
	.asciz	"RESERVED4"                     @ string offset=1046
.Linfo_string88:
	.asciz	"GFC"                           @ string offset=1056
.Linfo_string89:
	.asciz	"SIDFC"                         @ string offset=1060
.Linfo_string90:
	.asciz	"XIDFC"                         @ string offset=1066
.Linfo_string91:
	.asciz	"RESERVED5"                     @ string offset=1072
.Linfo_string92:
	.asciz	"XIDAM"                         @ string offset=1082
.Linfo_string93:
	.asciz	"HPMS"                          @ string offset=1088
.Linfo_string94:
	.asciz	"NDAT1"                         @ string offset=1093
.Linfo_string95:
	.asciz	"NDAT2"                         @ string offset=1099
.Linfo_string96:
	.asciz	"RXF0C"                         @ string offset=1105
.Linfo_string97:
	.asciz	"RXF0S"                         @ string offset=1111
.Linfo_string98:
	.asciz	"RXF0A"                         @ string offset=1117
.Linfo_string99:
	.asciz	"RXBC"                          @ string offset=1123
.Linfo_string100:
	.asciz	"RXF1C"                         @ string offset=1128
.Linfo_string101:
	.asciz	"RXF1S"                         @ string offset=1134
.Linfo_string102:
	.asciz	"RXF1A"                         @ string offset=1140
.Linfo_string103:
	.asciz	"RXESC"                         @ string offset=1146
.Linfo_string104:
	.asciz	"TXBC"                          @ string offset=1152
.Linfo_string105:
	.asciz	"TXFQS"                         @ string offset=1157
.Linfo_string106:
	.asciz	"TXESC"                         @ string offset=1163
.Linfo_string107:
	.asciz	"TXBRP"                         @ string offset=1169
.Linfo_string108:
	.asciz	"TXBAR"                         @ string offset=1175
.Linfo_string109:
	.asciz	"TXBCR"                         @ string offset=1181
.Linfo_string110:
	.asciz	"TXBTO"                         @ string offset=1187
.Linfo_string111:
	.asciz	"TXBCF"                         @ string offset=1193
.Linfo_string112:
	.asciz	"TXBTIE"                        @ string offset=1199
.Linfo_string113:
	.asciz	"TXBCIE"                        @ string offset=1206
.Linfo_string114:
	.asciz	"RESERVED6"                     @ string offset=1213
.Linfo_string115:
	.asciz	"TXEFC"                         @ string offset=1223
.Linfo_string116:
	.asciz	"TXEFS"                         @ string offset=1229
.Linfo_string117:
	.asciz	"TXEFA"                         @ string offset=1235
.Linfo_string118:
	.asciz	"RESERVED7"                     @ string offset=1241
.Linfo_string119:
	.asciz	"FDCAN_GlobalTypeDef"           @ string offset=1251
.Linfo_string120:
	.asciz	"ttcan"                         @ string offset=1271
.Linfo_string121:
	.asciz	"TTTMC"                         @ string offset=1277
.Linfo_string122:
	.asciz	"TTRMC"                         @ string offset=1283
.Linfo_string123:
	.asciz	"TTOCF"                         @ string offset=1289
.Linfo_string124:
	.asciz	"TTMLM"                         @ string offset=1295
.Linfo_string125:
	.asciz	"TURCF"                         @ string offset=1301
.Linfo_string126:
	.asciz	"TTOCN"                         @ string offset=1307
.Linfo_string127:
	.asciz	"TTGTP"                         @ string offset=1313
.Linfo_string128:
	.asciz	"TTTMK"                         @ string offset=1319
.Linfo_string129:
	.asciz	"TTIR"                          @ string offset=1325
.Linfo_string130:
	.asciz	"TTIE"                          @ string offset=1330
.Linfo_string131:
	.asciz	"TTILS"                         @ string offset=1335
.Linfo_string132:
	.asciz	"TTOST"                         @ string offset=1341
.Linfo_string133:
	.asciz	"TURNA"                         @ string offset=1347
.Linfo_string134:
	.asciz	"TTLGT"                         @ string offset=1353
.Linfo_string135:
	.asciz	"TTCTC"                         @ string offset=1359
.Linfo_string136:
	.asciz	"TTCPT"                         @ string offset=1365
.Linfo_string137:
	.asciz	"TTCSM"                         @ string offset=1371
.Linfo_string138:
	.asciz	"TTTS"                          @ string offset=1377
.Linfo_string139:
	.asciz	"TTCAN_TypeDef"                 @ string offset=1382
.Linfo_string140:
	.asciz	"Init"                          @ string offset=1396
.Linfo_string141:
	.asciz	"FrameFormat"                   @ string offset=1401
.Linfo_string142:
	.asciz	"Mode"                          @ string offset=1413
.Linfo_string143:
	.asciz	"AutoRetransmission"            @ string offset=1418
.Linfo_string144:
	.asciz	"FunctionalState"               @ string offset=1437
.Linfo_string145:
	.asciz	"TransmitPause"                 @ string offset=1453
.Linfo_string146:
	.asciz	"ProtocolException"             @ string offset=1467
.Linfo_string147:
	.asciz	"NominalPrescaler"              @ string offset=1485
.Linfo_string148:
	.asciz	"NominalSyncJumpWidth"          @ string offset=1502
.Linfo_string149:
	.asciz	"NominalTimeSeg1"               @ string offset=1523
.Linfo_string150:
	.asciz	"NominalTimeSeg2"               @ string offset=1539
.Linfo_string151:
	.asciz	"DataPrescaler"                 @ string offset=1555
.Linfo_string152:
	.asciz	"DataSyncJumpWidth"             @ string offset=1569
.Linfo_string153:
	.asciz	"DataTimeSeg1"                  @ string offset=1587
.Linfo_string154:
	.asciz	"DataTimeSeg2"                  @ string offset=1600
.Linfo_string155:
	.asciz	"MessageRAMOffset"              @ string offset=1613
.Linfo_string156:
	.asciz	"StdFiltersNbr"                 @ string offset=1630
.Linfo_string157:
	.asciz	"ExtFiltersNbr"                 @ string offset=1644
.Linfo_string158:
	.asciz	"RxFifo0ElmtsNbr"               @ string offset=1658
.Linfo_string159:
	.asciz	"RxFifo0ElmtSize"               @ string offset=1674
.Linfo_string160:
	.asciz	"RxFifo1ElmtsNbr"               @ string offset=1690
.Linfo_string161:
	.asciz	"RxFifo1ElmtSize"               @ string offset=1706
.Linfo_string162:
	.asciz	"RxBuffersNbr"                  @ string offset=1722
.Linfo_string163:
	.asciz	"RxBufferSize"                  @ string offset=1735
.Linfo_string164:
	.asciz	"TxEventsNbr"                   @ string offset=1748
.Linfo_string165:
	.asciz	"TxBuffersNbr"                  @ string offset=1760
.Linfo_string166:
	.asciz	"TxFifoQueueElmtsNbr"           @ string offset=1773
.Linfo_string167:
	.asciz	"TxFifoQueueMode"               @ string offset=1793
.Linfo_string168:
	.asciz	"TxElmtSize"                    @ string offset=1809
.Linfo_string169:
	.asciz	"FDCAN_InitTypeDef"             @ string offset=1820
.Linfo_string170:
	.asciz	"msgRam"                        @ string offset=1838
.Linfo_string171:
	.asciz	"StandardFilterSA"              @ string offset=1845
.Linfo_string172:
	.asciz	"ExtendedFilterSA"              @ string offset=1862
.Linfo_string173:
	.asciz	"RxFIFO0SA"                     @ string offset=1879
.Linfo_string174:
	.asciz	"RxFIFO1SA"                     @ string offset=1889
.Linfo_string175:
	.asciz	"RxBufferSA"                    @ string offset=1899
.Linfo_string176:
	.asciz	"TxEventFIFOSA"                 @ string offset=1910
.Linfo_string177:
	.asciz	"TxBufferSA"                    @ string offset=1924
.Linfo_string178:
	.asciz	"TxFIFOQSA"                     @ string offset=1935
.Linfo_string179:
	.asciz	"TTMemorySA"                    @ string offset=1945
.Linfo_string180:
	.asciz	"EndAddress"                    @ string offset=1956
.Linfo_string181:
	.asciz	"FDCAN_MsgRamAddressTypeDef"    @ string offset=1967
.Linfo_string182:
	.asciz	"LatestTxFifoQRequest"          @ string offset=1994
.Linfo_string183:
	.asciz	"State"                         @ string offset=2015
.Linfo_string184:
	.asciz	"HAL_FDCAN_StateTypeDef"        @ string offset=2021
.Linfo_string185:
	.asciz	"Lock"                          @ string offset=2044
.Linfo_string186:
	.asciz	"HAL_LockTypeDef"               @ string offset=2049
.Linfo_string187:
	.asciz	"ErrorCode"                     @ string offset=2065
.Linfo_string188:
	.asciz	"FDCAN_HandleTypeDef"           @ string offset=2075
.Linfo_string189:
	.asciz	"Header"                        @ string offset=2095
.Linfo_string190:
	.asciz	"Identifier"                    @ string offset=2102
.Linfo_string191:
	.asciz	"IdType"                        @ string offset=2113
.Linfo_string192:
	.asciz	"TxFrameType"                   @ string offset=2120
.Linfo_string193:
	.asciz	"DataLength"                    @ string offset=2132
.Linfo_string194:
	.asciz	"ErrorStateIndicator"           @ string offset=2143
.Linfo_string195:
	.asciz	"BitRateSwitch"                 @ string offset=2163
.Linfo_string196:
	.asciz	"FDFormat"                      @ string offset=2177
.Linfo_string197:
	.asciz	"TxEventFifoControl"            @ string offset=2186
.Linfo_string198:
	.asciz	"MessageMarker"                 @ string offset=2205
.Linfo_string199:
	.asciz	"FDCAN_TxHeaderTypeDef"         @ string offset=2219
.Linfo_string200:
	.asciz	"Data"                          @ string offset=2241
.Linfo_string201:
	.asciz	"FDCAN_TxFrame_TypeDef"         @ string offset=2246
.Linfo_string202:
	.asciz	"DM_Motor"                      @ string offset=2268
.Linfo_string203:
	.asciz	"Control_Mode"                  @ string offset=2277
.Linfo_string204:
	.asciz	"DM_Motor_Control_Mode_Type_e"  @ string offset=2290
.Linfo_string205:
	.asciz	"FDCANFrame"                    @ string offset=2319
.Linfo_string206:
	.asciz	"TxStdId"                       @ string offset=2330
.Linfo_string207:
	.asciz	"RxStdId"                       @ string offset=2338
.Linfo_string208:
	.asciz	"FrameIndex"                    @ string offset=2346
.Linfo_string209:
	.asciz	"Motor_CANFrameInfo_typedef"    @ string offset=2357
.Linfo_string210:
	.asciz	"Param_Range"                   @ string offset=2384
.Linfo_string211:
	.asciz	"P_MAX"                         @ string offset=2396
.Linfo_string212:
	.asciz	"V_MAX"                         @ string offset=2402
.Linfo_string213:
	.asciz	"T_MAX"                         @ string offset=2408
.Linfo_string214:
	.asciz	"DM_Motor_Param_Range_Typedef"  @ string offset=2414
.Linfo_string215:
	.asciz	"Initlized"                     @ string offset=2443
.Linfo_string216:
	.asciz	"_Bool"                         @ string offset=2453
.Linfo_string217:
	.asciz	"P_int"                         @ string offset=2459
.Linfo_string218:
	.asciz	"V_int"                         @ string offset=2465
.Linfo_string219:
	.asciz	"T_int"                         @ string offset=2471
.Linfo_string220:
	.asciz	"Position"                      @ string offset=2477
.Linfo_string221:
	.asciz	"Velocity"                      @ string offset=2486
.Linfo_string222:
	.asciz	"Torque"                        @ string offset=2495
.Linfo_string223:
	.asciz	"Temperature_MOS"               @ string offset=2502
.Linfo_string224:
	.asciz	"Temperature_Rotor"             @ string offset=2518
.Linfo_string225:
	.asciz	"Angle"                         @ string offset=2536
.Linfo_string226:
	.asciz	"DM_Motor_Data_Typedef"         @ string offset=2542
.Linfo_string227:
	.asciz	"DM_Motor_Info_Typedef"         @ string offset=2564
.Linfo_string228:
	.asciz	"Postion"                       @ string offset=2586
.Linfo_string229:
	.asciz	"KP"                            @ string offset=2594
.Linfo_string230:
	.asciz	"KD"                            @ string offset=2597
.Linfo_string231:
	.asciz	"Postion_Tmp"                   @ string offset=2600
.Linfo_string232:
	.asciz	"Velocity_Tmp"                  @ string offset=2612
.Linfo_string233:
	.asciz	"Torque_Tmp"                    @ string offset=2625
.Linfo_string234:
	.asciz	"KP_Tmp"                        @ string offset=2636
.Linfo_string235:
	.asciz	"KD_Tmp"                        @ string offset=2643
.Linfo_string236:
	.asciz	"x"                             @ string offset=2650
.Linfo_string237:
	.asciz	"x_min"                         @ string offset=2652
.Linfo_string238:
	.asciz	"x_max"                         @ string offset=2658
.Linfo_string239:
	.asciz	"bits"                          @ string offset=2664
.Linfo_string240:
	.asciz	"span"                          @ string offset=2669
.Linfo_string241:
	.asciz	"offset"                        @ string offset=2674
.Linfo_string242:
	.asciz	"CMD"                           @ string offset=2681
	.ident	"Component: Arm Compiler for Embedded 6.24 Tool: armclang [5f371800]"
	.section	".note.GNU-stack","",%progbits
	.eabi_attribute	30, 6	@ Tag_ABI_optimization_goals
	.ARM_attribute	16, 1	@ Tag_AV_eba
	.section	.debug_line,"",%progbits
.Lline_table_start0:
