	.text
	.syntax unified
	.eabi_attribute	67, "2.09"	@ Tag_conformance
	.cpu	cortex-m7
	.eabi_attribute	6, 13	@ Tag_CPU_arch
	.eabi_attribute	7, 77	@ Tag_CPU_arch_profile
	.eabi_attribute	8, 0	@ Tag_ARM_ISA_use
	.eabi_attribute	9, 2	@ Tag_THUMB_ISA_use
	.fpu	fpv5-d16
	.eabi_attribute	36, 1	@ Tag_FP_HP_extension
	.eabi_attribute	34, 1	@ Tag_CPU_unaligned_access
	.eabi_attribute	17, 1	@ Tag_ABI_PCS_GOT_use
	.eabi_attribute	20, 2	@ Tag_ABI_FP_denormal
	.eabi_attribute	21, 0	@ Tag_ABI_FP_exceptions
	.eabi_attribute	23, 1	@ Tag_ABI_FP_number_model
	.eabi_attribute	24, 1	@ Tag_ABI_align_needed
	.eabi_attribute	25, 1	@ Tag_ABI_align_preserved
	.eabi_attribute	28, 1	@ Tag_ABI_VFP_args
	.eabi_attribute	38, 1	@ Tag_ABI_FP_16bit_format
	.eabi_attribute	18, 2	@ Tag_ABI_PCS_wchar_t
	.eabi_attribute	26, 1	@ Tag_ABI_enum_size
	.eabi_attribute	14, 0	@ Tag_ABI_PCS_R9_use
	.file	"DM_imu.c"
	.file	1 "D:\\stm32_project\\daily_work\\new_bubing\\cod_update_2.0\\COD_H7_Template\\MDK-ARM" "../Device/Inc\\DM_IMU.h"
	.file	2 "D:\\keil5_app\\Keil_v5\\ARM\\ARMCLANG\\bin\\..\\include" "stdint.h"
	.file	3 "D:\\stm32_project\\daily_work\\new_bubing\\cod_update_2.0\\COD_H7_Template\\MDK-ARM" "../Device/Src/DM_imu.c"
	.file	4 "D:\\stm32_project\\daily_work\\new_bubing\\cod_update_2.0\\COD_H7_Template\\MDK-ARM" "../Drivers/CMSIS/Device/ST/STM32H7xx/Include\\stm32h7xx.h"
	.file	5 "D:\\stm32_project\\daily_work\\new_bubing\\cod_update_2.0\\COD_H7_Template\\MDK-ARM" "../Drivers/STM32H7xx_HAL_Driver/Inc\\stm32h7xx_hal_fdcan.h"
	.file	6 "D:\\stm32_project\\daily_work\\new_bubing\\cod_update_2.0\\COD_H7_Template\\MDK-ARM" "../Drivers/STM32H7xx_HAL_Driver/Inc\\stm32h7xx_hal_def.h"
	.section	.text.float_to_uint,"ax",%progbits
	.hidden	float_to_uint                   @ -- Begin function float_to_uint
	.globl	float_to_uint
	.p2align	3
	.type	float_to_uint,%function
	.code	16                              @ @float_to_uint
	.thumb_func
float_to_uint:
.Lfunc_begin0:
	.loc	3 51 0                          @ ../Device/Src/DM_imu.c:51:0
	.fnstart
	.cfi_sections .debug_frame
	.cfi_startproc
@ %bb.0:
	.pad	#24
	sub	sp, #24
	.cfi_def_cfa_offset 24
	vstr	s0, [sp, #20]
	vstr	s1, [sp, #16]
	vstr	s2, [sp, #12]
	str	r0, [sp, #8]
.Ltmp0:
	.loc	3 53 15 prologue_end            @ ../Device/Src/DM_imu.c:53:15
	vldr	s0, [sp, #12]
	.loc	3 53 23 is_stmt 0               @ ../Device/Src/DM_imu.c:53:23
	vldr	s2, [sp, #16]
	.loc	3 53 21                         @ ../Device/Src/DM_imu.c:53:21
	vsub.f32	s0, s0, s2
	.loc	3 53 8                          @ ../Device/Src/DM_imu.c:53:8
	vstr	s0, [sp, #4]
	.loc	3 54 17 is_stmt 1               @ ../Device/Src/DM_imu.c:54:17
	ldr	r0, [sp, #16]
	.loc	3 54 8 is_stmt 0                @ ../Device/Src/DM_imu.c:54:8
	str	r0, [sp]
	.loc	3 55 17 is_stmt 1               @ ../Device/Src/DM_imu.c:55:17
	vldr	s0, [sp, #20]
	.loc	3 55 25 is_stmt 0               @ ../Device/Src/DM_imu.c:55:25
	vldr	s2, [sp]
	.loc	3 55 24                         @ ../Device/Src/DM_imu.c:55:24
	vsub.f32	s0, s0, s2
	.loc	3 55 46                         @ ../Device/Src/DM_imu.c:55:46
	ldr	r1, [sp, #8]
	movs	r0, #1
	.loc	3 55 44                         @ ../Device/Src/DM_imu.c:55:44
	lsls	r0, r1
	.loc	3 55 51                         @ ../Device/Src/DM_imu.c:55:51
	subs	r0, #1
	.loc	3 55 34                         @ ../Device/Src/DM_imu.c:55:34
	vmov	s2, r0
	vcvt.f32.s32	s2, s2
	.loc	3 55 32                         @ ../Device/Src/DM_imu.c:55:32
	vmul.f32	s0, s0, s2
	.loc	3 55 56                         @ ../Device/Src/DM_imu.c:55:56
	vldr	s2, [sp, #4]
	.loc	3 55 55                         @ ../Device/Src/DM_imu.c:55:55
	vdiv.f32	s0, s0, s2
	.loc	3 55 9                          @ ../Device/Src/DM_imu.c:55:9
	vcvt.s32.f32	s0, s0
	vmov	r0, s0
	.loc	3 55 2 epilogue_begin           @ ../Device/Src/DM_imu.c:55:2
	add	sp, #24
	bx	lr
.Ltmp1:
.Lfunc_end0:
	.size	float_to_uint, .Lfunc_end0-float_to_uint
	.cfi_endproc
	.cantunwind
	.fnend
                                        @ -- End function
	.section	.text.uint_to_float,"ax",%progbits
	.hidden	uint_to_float                   @ -- Begin function uint_to_float
	.globl	uint_to_float
	.p2align	3
	.type	uint_to_float,%function
	.code	16                              @ @uint_to_float
	.thumb_func
uint_to_float:
.Lfunc_begin1:
	.loc	3 69 0 is_stmt 1                @ ../Device/Src/DM_imu.c:69:0
	.fnstart
	.cfi_startproc
@ %bb.0:
	.pad	#24
	sub	sp, #24
	.cfi_def_cfa_offset 24
	str	r0, [sp, #20]
	vstr	s0, [sp, #16]
	vstr	s1, [sp, #12]
	str	r1, [sp, #8]
.Ltmp2:
	.loc	3 71 15 prologue_end            @ ../Device/Src/DM_imu.c:71:15
	vldr	s0, [sp, #12]
	.loc	3 71 23 is_stmt 0               @ ../Device/Src/DM_imu.c:71:23
	vldr	s2, [sp, #16]
	.loc	3 71 21                         @ ../Device/Src/DM_imu.c:71:21
	vsub.f32	s0, s0, s2
	.loc	3 71 8                          @ ../Device/Src/DM_imu.c:71:8
	vstr	s0, [sp, #4]
	.loc	3 72 17 is_stmt 1               @ ../Device/Src/DM_imu.c:72:17
	ldr	r0, [sp, #16]
	.loc	3 72 8 is_stmt 0                @ ../Device/Src/DM_imu.c:72:8
	str	r0, [sp]
	.loc	3 73 10 is_stmt 1               @ ../Device/Src/DM_imu.c:73:10
	vldr	s0, [sp, #20]
	vcvt.f32.s32	s0, s0
	.loc	3 73 24 is_stmt 0               @ ../Device/Src/DM_imu.c:73:24
	vldr	s2, [sp, #4]
	.loc	3 73 23                         @ ../Device/Src/DM_imu.c:73:23
	vmul.f32	s0, s0, s2
	.loc	3 73 42                         @ ../Device/Src/DM_imu.c:73:42
	ldr	r1, [sp, #8]
	movs	r0, #1
	.loc	3 73 40                         @ ../Device/Src/DM_imu.c:73:40
	lsls	r0, r1
	.loc	3 73 47                         @ ../Device/Src/DM_imu.c:73:47
	subs	r0, #1
	.loc	3 73 30                         @ ../Device/Src/DM_imu.c:73:30
	vmov	s2, r0
	vcvt.f32.s32	s2, s2
	.loc	3 73 28                         @ ../Device/Src/DM_imu.c:73:28
	vdiv.f32	s0, s0, s2
	.loc	3 73 54                         @ ../Device/Src/DM_imu.c:73:54
	vldr	s2, [sp]
	.loc	3 73 52                         @ ../Device/Src/DM_imu.c:73:52
	vadd.f32	s0, s0, s2
	.loc	3 73 2 epilogue_begin           @ ../Device/Src/DM_imu.c:73:2
	add	sp, #24
	bx	lr
.Ltmp3:
.Lfunc_end1:
	.size	uint_to_float, .Lfunc_end1-uint_to_float
	.cfi_endproc
	.cantunwind
	.fnend
                                        @ -- End function
	.section	.text.IMU_RequestData,"ax",%progbits
	.hidden	IMU_RequestData                 @ -- Begin function IMU_RequestData
	.globl	IMU_RequestData
	.p2align	3
	.type	IMU_RequestData,%function
	.code	16                              @ @IMU_RequestData
	.thumb_func
IMU_RequestData:
.Lfunc_begin2:
	.loc	3 77 0 is_stmt 1                @ ../Device/Src/DM_imu.c:77:0
	.fnstart
	.cfi_startproc
@ %bb.0:
	.save	{r7, lr}
	push	{r7, lr}
	.cfi_def_cfa_offset 8
	.cfi_offset lr, -4
	.cfi_offset r7, -8
	.pad	#56
	sub	sp, #56
	.cfi_def_cfa_offset 64
                                        @ kill: def $r3 killed $r2
                                        @ kill: def $r3 killed $r1
	str	r0, [sp, #52]
	strh.w	r1, [sp, #50]
	strb.w	r2, [sp, #49]
.Ltmp4:
	.loc	3 79 27 prologue_end            @ ../Device/Src/DM_imu.c:79:27
	ldrb.w	r0, [sp, #50]
	.loc	3 79 17 is_stmt 0               @ ../Device/Src/DM_imu.c:79:17
	strb.w	r0, [sp, #8]
	.loc	3 79 44                         @ ../Device/Src/DM_imu.c:79:44
	ldrb.w	r0, [sp, #51]
	.loc	3 79 17                         @ ../Device/Src/DM_imu.c:79:17
	strb.w	r0, [sp, #9]
	.loc	3 79 55                         @ ../Device/Src/DM_imu.c:79:55
	ldrb.w	r0, [sp, #49]
	.loc	3 79 17                         @ ../Device/Src/DM_imu.c:79:17
	strb.w	r0, [sp, #10]
	movs	r0, #204
	strb.w	r0, [sp, #11]
	movs	r0, #8
	.loc	3 81 22 is_stmt 1               @ ../Device/Src/DM_imu.c:81:22
	str	r0, [sp, #24]
	movs	r0, #0
	.loc	3 82 22                         @ ../Device/Src/DM_imu.c:82:22
	str	r0, [sp, #12]
	.loc	3 83 23                         @ ../Device/Src/DM_imu.c:83:23
	str	r0, [sp, #20]
	movw	r0, #1791
	.loc	3 84 22                         @ ../Device/Src/DM_imu.c:84:22
	str	r0, [sp, #12]
.Ltmp5:
	.loc	3 86 34                         @ ../Device/Src/DM_imu.c:86:34
	ldr	r0, [sp, #52]
	.loc	3 86 5 is_stmt 0                @ ../Device/Src/DM_imu.c:86:5
	bl	HAL_FDCAN_GetTxFifoFreeLevel
.Ltmp6:
	.loc	3 86 5                          @ ../Device/Src/DM_imu.c:86:5
	cmp	r0, #2
	blo	.LBB2_2
	b	.LBB2_1
.LBB2_1:
.Ltmp7:
	.loc	3 88 3 is_stmt 1                @ ../Device/Src/DM_imu.c:88:3
	movw	r0, :lower16:hfdcan2
	movt	r0, :upper16:hfdcan2
	add	r1, sp, #12
	add	r2, sp, #8
	bl	HAL_FDCAN_AddMessageToTxFifoQ
	.loc	3 89 2                          @ ../Device/Src/DM_imu.c:89:2
	b	.LBB2_2
.Ltmp8:
.LBB2_2:
	.loc	3 90 1 epilogue_begin           @ ../Device/Src/DM_imu.c:90:1
	add	sp, #56
	pop	{r7, pc}
.Ltmp9:
.Lfunc_end2:
	.size	IMU_RequestData, .Lfunc_end2-IMU_RequestData
	.cfi_endproc
	.cantunwind
	.fnend
                                        @ -- End function
	.section	.text.DM_IMU_Accel_Update,"ax",%progbits
	.hidden	DM_IMU_Accel_Update             @ -- Begin function DM_IMU_Accel_Update
	.globl	DM_IMU_Accel_Update
	.p2align	3
	.type	DM_IMU_Accel_Update,%function
	.code	16                              @ @DM_IMU_Accel_Update
	.thumb_func
DM_IMU_Accel_Update:
.Lfunc_begin3:
	.loc	3 94 0                          @ ../Device/Src/DM_imu.c:94:0
	.fnstart
	.cfi_startproc
@ %bb.0:
	.save	{r7, lr}
	push	{r7, lr}
	.cfi_def_cfa_offset 8
	.cfi_offset lr, -4
	.cfi_offset r7, -8
	.pad	#32
	sub	sp, #32
	.cfi_def_cfa_offset 40
	str	r0, [sp, #28]
.Ltmp10:
	.loc	3 97 11 prologue_end            @ ../Device/Src/DM_imu.c:97:11
	ldr	r1, [sp, #28]
	.loc	3 97 23 is_stmt 0               @ ../Device/Src/DM_imu.c:97:23
	ldrb	r0, [r1, #2]
	.loc	3 97 11                         @ ../Device/Src/DM_imu.c:97:11
	ldrb	r1, [r1, #3]
	.loc	3 97 22                         @ ../Device/Src/DM_imu.c:97:22
	orr.w	r0, r0, r1, lsl #8
	.loc	3 97 10                         @ ../Device/Src/DM_imu.c:97:10
	strh.w	r0, [sp, #22]
	.loc	3 98 11 is_stmt 1               @ ../Device/Src/DM_imu.c:98:11
	ldr	r1, [sp, #28]
	.loc	3 98 23 is_stmt 0               @ ../Device/Src/DM_imu.c:98:23
	ldrb	r0, [r1, #4]
	.loc	3 98 11                         @ ../Device/Src/DM_imu.c:98:11
	ldrb	r1, [r1, #5]
	.loc	3 98 22                         @ ../Device/Src/DM_imu.c:98:22
	orr.w	r0, r0, r1, lsl #8
	.loc	3 98 10                         @ ../Device/Src/DM_imu.c:98:10
	strh.w	r0, [sp, #24]
	.loc	3 99 11 is_stmt 1               @ ../Device/Src/DM_imu.c:99:11
	ldr	r1, [sp, #28]
	.loc	3 99 23 is_stmt 0               @ ../Device/Src/DM_imu.c:99:23
	ldrb	r0, [r1, #6]
	.loc	3 99 11                         @ ../Device/Src/DM_imu.c:99:11
	ldrb	r1, [r1, #7]
	.loc	3 99 22                         @ ../Device/Src/DM_imu.c:99:22
	orr.w	r0, r0, r1, lsl #8
	.loc	3 99 10                         @ ../Device/Src/DM_imu.c:99:10
	strh.w	r0, [sp, #26]
	.loc	3 101 37 is_stmt 1              @ ../Device/Src/DM_imu.c:101:37
	ldrh.w	r0, [sp, #22]
	vldr	s0, .LCPI3_0
	vstr	s0, [sp, #12]                   @ 4-byte Spill
	vldr	s1, .LCPI3_1
	vstr	s1, [sp, #4]                    @ 4-byte Spill
	movs	r1, #16
	.loc	3 101 23 is_stmt 0              @ ../Device/Src/DM_imu.c:101:23
	str	r1, [sp, #8]                    @ 4-byte Spill
	bl	uint_to_float
	vldr	s1, [sp, #4]                    @ 4-byte Reload
	ldr	r1, [sp, #8]                    @ 4-byte Reload
	vmov.f32	s2, s0
	.loc	3 101 22                        @ ../Device/Src/DM_imu.c:101:22
	vldr	s0, [sp, #12]                   @ 4-byte Reload
	movw	r0, :lower16:DM_IMU_Info
	movt	r0, :upper16:DM_IMU_Info
	str	r0, [sp, #16]                   @ 4-byte Spill
	vstr	s2, [r0, #24]
	.loc	3 102 37 is_stmt 1              @ ../Device/Src/DM_imu.c:102:37
	ldrh.w	r0, [sp, #24]
	.loc	3 102 23 is_stmt 0              @ ../Device/Src/DM_imu.c:102:23
	bl	uint_to_float
	vldr	s1, [sp, #4]                    @ 4-byte Reload
	ldr	r1, [sp, #8]                    @ 4-byte Reload
	ldr	r0, [sp, #16]                   @ 4-byte Reload
	vmov.f32	s2, s0
	.loc	3 102 22                        @ ../Device/Src/DM_imu.c:102:22
	vldr	s0, [sp, #12]                   @ 4-byte Reload
	vstr	s2, [r0, #28]
	.loc	3 103 37 is_stmt 1              @ ../Device/Src/DM_imu.c:103:37
	ldrh.w	r0, [sp, #26]
	.loc	3 103 23 is_stmt 0              @ ../Device/Src/DM_imu.c:103:23
	bl	uint_to_float
	ldr	r0, [sp, #16]                   @ 4-byte Reload
	.loc	3 103 22                        @ ../Device/Src/DM_imu.c:103:22
	vstr	s0, [r0, #32]
	.loc	3 105 1 epilogue_begin is_stmt 1 @ ../Device/Src/DM_imu.c:105:1
	add	sp, #32
	pop	{r7, pc}
.Ltmp11:
	.loc	3 0 1 is_stmt 0                 @ :0:1
.Ltmp12:
	.p2align	2
@ %bb.1:
.LCPI3_0:
	.long	0xc26b3333                      @ float -58.7999992
.LCPI3_1:
	.long	0x426b3333                      @ float 58.7999992
.Lfunc_end3:
	.size	DM_IMU_Accel_Update, .Lfunc_end3-DM_IMU_Accel_Update
	.cfi_endproc
	.cantunwind
	.fnend
                                        @ -- End function
	.section	.text.DM_IMU_Gyro_Update,"ax",%progbits
	.hidden	DM_IMU_Gyro_Update              @ -- Begin function DM_IMU_Gyro_Update
	.globl	DM_IMU_Gyro_Update
	.p2align	3
	.type	DM_IMU_Gyro_Update,%function
	.code	16                              @ @DM_IMU_Gyro_Update
	.thumb_func
DM_IMU_Gyro_Update:
.Lfunc_begin4:
	.loc	3 108 0 is_stmt 1               @ ../Device/Src/DM_imu.c:108:0
	.fnstart
	.cfi_startproc
@ %bb.0:
	.save	{r7, lr}
	push	{r7, lr}
	.cfi_def_cfa_offset 8
	.cfi_offset lr, -4
	.cfi_offset r7, -8
	.pad	#32
	sub	sp, #32
	.cfi_def_cfa_offset 40
	str	r0, [sp, #28]
.Ltmp13:
	.loc	3 111 10 prologue_end           @ ../Device/Src/DM_imu.c:111:10
	ldr	r1, [sp, #28]
	.loc	3 111 22 is_stmt 0              @ ../Device/Src/DM_imu.c:111:22
	ldrb	r0, [r1, #2]
	.loc	3 111 10                        @ ../Device/Src/DM_imu.c:111:10
	ldrb	r1, [r1, #3]
	.loc	3 111 21                        @ ../Device/Src/DM_imu.c:111:21
	orr.w	r0, r0, r1, lsl #8
	.loc	3 111 9                         @ ../Device/Src/DM_imu.c:111:9
	strh.w	r0, [sp, #22]
	.loc	3 112 10 is_stmt 1              @ ../Device/Src/DM_imu.c:112:10
	ldr	r1, [sp, #28]
	.loc	3 112 22 is_stmt 0              @ ../Device/Src/DM_imu.c:112:22
	ldrb	r0, [r1, #4]
	.loc	3 112 10                        @ ../Device/Src/DM_imu.c:112:10
	ldrb	r1, [r1, #5]
	.loc	3 112 21                        @ ../Device/Src/DM_imu.c:112:21
	orr.w	r0, r0, r1, lsl #8
	.loc	3 112 9                         @ ../Device/Src/DM_imu.c:112:9
	strh.w	r0, [sp, #24]
	.loc	3 113 10 is_stmt 1              @ ../Device/Src/DM_imu.c:113:10
	ldr	r1, [sp, #28]
	.loc	3 113 22 is_stmt 0              @ ../Device/Src/DM_imu.c:113:22
	ldrb	r0, [r1, #6]
	.loc	3 113 10                        @ ../Device/Src/DM_imu.c:113:10
	ldrb	r1, [r1, #7]
	.loc	3 113 21                        @ ../Device/Src/DM_imu.c:113:21
	orr.w	r0, r0, r1, lsl #8
	.loc	3 113 9                         @ ../Device/Src/DM_imu.c:113:9
	strh.w	r0, [sp, #26]
	.loc	3 115 36 is_stmt 1              @ ../Device/Src/DM_imu.c:115:36
	ldrh.w	r0, [sp, #22]
	vldr	s0, .LCPI4_0
	vstr	s0, [sp, #12]                   @ 4-byte Spill
	vldr	s1, .LCPI4_1
	vstr	s1, [sp, #4]                    @ 4-byte Spill
	movs	r1, #16
	.loc	3 115 22 is_stmt 0              @ ../Device/Src/DM_imu.c:115:22
	str	r1, [sp, #8]                    @ 4-byte Spill
	bl	uint_to_float
	vldr	s1, [sp, #4]                    @ 4-byte Reload
	ldr	r1, [sp, #8]                    @ 4-byte Reload
	vmov.f32	s2, s0
	.loc	3 115 21                        @ ../Device/Src/DM_imu.c:115:21
	vldr	s0, [sp, #12]                   @ 4-byte Reload
	movw	r0, :lower16:DM_IMU_Info
	movt	r0, :upper16:DM_IMU_Info
	str	r0, [sp, #16]                   @ 4-byte Spill
	vstr	s2, [r0, #12]
	.loc	3 116 36 is_stmt 1              @ ../Device/Src/DM_imu.c:116:36
	ldrh.w	r0, [sp, #24]
	.loc	3 116 22 is_stmt 0              @ ../Device/Src/DM_imu.c:116:22
	bl	uint_to_float
	vldr	s1, [sp, #4]                    @ 4-byte Reload
	ldr	r1, [sp, #8]                    @ 4-byte Reload
	ldr	r0, [sp, #16]                   @ 4-byte Reload
	vmov.f32	s2, s0
	.loc	3 116 21                        @ ../Device/Src/DM_imu.c:116:21
	vldr	s0, [sp, #12]                   @ 4-byte Reload
	vstr	s2, [r0, #16]
	.loc	3 117 36 is_stmt 1              @ ../Device/Src/DM_imu.c:117:36
	ldrh.w	r0, [sp, #26]
	.loc	3 117 22 is_stmt 0              @ ../Device/Src/DM_imu.c:117:22
	bl	uint_to_float
	ldr	r0, [sp, #16]                   @ 4-byte Reload
	.loc	3 117 21                        @ ../Device/Src/DM_imu.c:117:21
	vstr	s0, [r0, #20]
	.loc	3 118 1 epilogue_begin is_stmt 1 @ ../Device/Src/DM_imu.c:118:1
	add	sp, #32
	pop	{r7, pc}
.Ltmp14:
	.loc	3 0 1 is_stmt 0                 @ :0:1
.Ltmp15:
	.p2align	2
@ %bb.1:
.LCPI4_0:
	.long	0xc20b851f                      @ float -34.8800011
.LCPI4_1:
	.long	0x420b851f                      @ float 34.8800011
.Lfunc_end4:
	.size	DM_IMU_Gyro_Update, .Lfunc_end4-DM_IMU_Gyro_Update
	.cfi_endproc
	.cantunwind
	.fnend
                                        @ -- End function
	.section	.text.DM_IMU_Euler_Update,"ax",%progbits
	.hidden	DM_IMU_Euler_Update             @ -- Begin function DM_IMU_Euler_Update
	.globl	DM_IMU_Euler_Update
	.p2align	3
	.type	DM_IMU_Euler_Update,%function
	.code	16                              @ @DM_IMU_Euler_Update
	.thumb_func
DM_IMU_Euler_Update:
.Lfunc_begin5:
	.loc	3 122 0 is_stmt 1               @ ../Device/Src/DM_imu.c:122:0
	.fnstart
	.cfi_startproc
@ %bb.0:
	.save	{r7, lr}
	push	{r7, lr}
	.cfi_def_cfa_offset 8
	.cfi_offset lr, -4
	.cfi_offset r7, -8
	.pad	#48
	sub	sp, #48
	.cfi_def_cfa_offset 56
	str	r0, [sp, #44]
.Ltmp16:
	.loc	3 125 11 prologue_end           @ ../Device/Src/DM_imu.c:125:11
	ldr	r0, [sp, #44]
	.loc	3 125 22 is_stmt 0              @ ../Device/Src/DM_imu.c:125:22
	ldrh	r0, [r0, #2]
	.loc	3 125 10                        @ ../Device/Src/DM_imu.c:125:10
	str	r0, [sp, #32]
	.loc	3 126 11 is_stmt 1              @ ../Device/Src/DM_imu.c:126:11
	ldr	r0, [sp, #44]
	.loc	3 126 22 is_stmt 0              @ ../Device/Src/DM_imu.c:126:22
	ldrh	r0, [r0, #4]
	.loc	3 126 10                        @ ../Device/Src/DM_imu.c:126:10
	str	r0, [sp, #36]
	.loc	3 127 11 is_stmt 1              @ ../Device/Src/DM_imu.c:127:11
	ldr	r0, [sp, #44]
	.loc	3 127 22 is_stmt 0              @ ../Device/Src/DM_imu.c:127:22
	ldrh	r0, [r0, #6]
	.loc	3 127 10                        @ ../Device/Src/DM_imu.c:127:10
	str	r0, [sp, #40]
	.loc	3 129 34 is_stmt 1              @ ../Device/Src/DM_imu.c:129:34
	ldr	r0, [sp, #32]
	vldr	s0, .LCPI5_0
	vldr	s1, .LCPI5_1
	movs	r1, #16
	.loc	3 129 20 is_stmt 0              @ ../Device/Src/DM_imu.c:129:20
	str	r1, [sp, #4]                    @ 4-byte Spill
	bl	uint_to_float
	ldr	r1, [sp, #4]                    @ 4-byte Reload
	vldr	s1, .LCPI5_2
	vstr	s1, [sp, #12]                   @ 4-byte Spill
	.loc	3 129 74                        @ ../Device/Src/DM_imu.c:129:74
	vdiv.f32	s0, s0, s1
	.loc	3 129 20                        @ ../Device/Src/DM_imu.c:129:20
	vcvt.f64.f32	d1, s0
	vldr	d2, .LCPI5_3
	vstr	d2, [sp, #16]                   @ 8-byte Spill
	.loc	3 129 78                        @ ../Device/Src/DM_imu.c:129:78
	vmul.f64	d1, d1, d2
	.loc	3 129 20                        @ ../Device/Src/DM_imu.c:129:20
	vcvt.f32.f64	s0, d1
	.loc	3 129 19                        @ ../Device/Src/DM_imu.c:129:19
	movw	r0, :lower16:DM_IMU_Info
	movt	r0, :upper16:DM_IMU_Info
	str	r0, [sp, #28]                   @ 4-byte Spill
	vstr	s0, [r0]
	.loc	3 130 32 is_stmt 1              @ ../Device/Src/DM_imu.c:130:32
	ldr	r0, [sp, #36]
	vldr	s0, .LCPI5_4
	vstr	s0, [sp, #8]                    @ 4-byte Spill
	.loc	3 130 18 is_stmt 0              @ ../Device/Src/DM_imu.c:130:18
	bl	uint_to_float
	ldr	r1, [sp, #4]                    @ 4-byte Reload
	vldr	s1, [sp, #12]                   @ 4-byte Reload
	vldr	d2, [sp, #16]                   @ 8-byte Reload
	ldr	r0, [sp, #28]                   @ 4-byte Reload
	vmov.f32	s2, s0
	.loc	3 130 68                        @ ../Device/Src/DM_imu.c:130:68
	vldr	s0, [sp, #8]                    @ 4-byte Reload
	vdiv.f32	s2, s2, s1
	.loc	3 130 18                        @ ../Device/Src/DM_imu.c:130:18
	vcvt.f64.f32	d1, s2
	.loc	3 130 72                        @ ../Device/Src/DM_imu.c:130:72
	vmul.f64	d1, d1, d2
	.loc	3 130 18                        @ ../Device/Src/DM_imu.c:130:18
	vcvt.f32.f64	s2, d1
	.loc	3 130 17                        @ ../Device/Src/DM_imu.c:130:17
	vstr	s2, [r0, #8]
	.loc	3 131 33 is_stmt 1              @ ../Device/Src/DM_imu.c:131:33
	ldr	r0, [sp, #40]
	.loc	3 131 19 is_stmt 0              @ ../Device/Src/DM_imu.c:131:19
	bl	uint_to_float
	vldr	s4, [sp, #12]                   @ 4-byte Reload
	vldr	d1, [sp, #16]                   @ 8-byte Reload
	ldr	r0, [sp, #28]                   @ 4-byte Reload
	.loc	3 131 71                        @ ../Device/Src/DM_imu.c:131:71
	vdiv.f32	s0, s0, s4
	.loc	3 131 19                        @ ../Device/Src/DM_imu.c:131:19
	vcvt.f64.f32	d0, s0
	.loc	3 131 75                        @ ../Device/Src/DM_imu.c:131:75
	vmul.f64	d0, d0, d1
	.loc	3 131 19                        @ ../Device/Src/DM_imu.c:131:19
	vcvt.f32.f64	s0, d0
	.loc	3 131 18                        @ ../Device/Src/DM_imu.c:131:18
	vstr	s0, [r0, #4]
	.loc	3 132 1 epilogue_begin is_stmt 1 @ ../Device/Src/DM_imu.c:132:1
	add	sp, #48
	pop	{r7, pc}
.Ltmp17:
	.loc	3 0 1 is_stmt 0                 @ :0:1
.Ltmp18:
	.p2align	3
@ %bb.1:
.LCPI5_3:
	.long	1413753926                      @ double 3.1415926535896999
	.long	1074340347
.LCPI5_0:
	.long	0xc2b40000                      @ float -90
.LCPI5_1:
	.long	0x42b40000                      @ float 90
.LCPI5_2:
	.long	0x43340000                      @ float 180
.LCPI5_4:
	.long	0xc3340000                      @ float -180
.Lfunc_end5:
	.size	DM_IMU_Euler_Update, .Lfunc_end5-DM_IMU_Euler_Update
	.cfi_endproc
	.cantunwind
	.fnend
                                        @ -- End function
	.section	.text.DM_IMU_Quaternion_Update,"ax",%progbits
	.hidden	DM_IMU_Quaternion_Update        @ -- Begin function DM_IMU_Quaternion_Update
	.globl	DM_IMU_Quaternion_Update
	.p2align	3
	.type	DM_IMU_Quaternion_Update,%function
	.code	16                              @ @DM_IMU_Quaternion_Update
	.thumb_func
DM_IMU_Quaternion_Update:
.Lfunc_begin6:
	.loc	3 135 0 is_stmt 1               @ ../Device/Src/DM_imu.c:135:0
	.fnstart
	.cfi_startproc
@ %bb.0:
	.save	{r7, lr}
	push	{r7, lr}
	.cfi_def_cfa_offset 8
	.cfi_offset lr, -4
	.cfi_offset r7, -8
	.pad	#40
	sub	sp, #40
	.cfi_def_cfa_offset 48
	str	r0, [sp, #36]
.Ltmp19:
	.loc	3 136 10 prologue_end           @ ../Device/Src/DM_imu.c:136:10
	ldr	r1, [sp, #36]
	ldrb	r0, [r1, #1]
	.loc	3 136 25 is_stmt 0              @ ../Device/Src/DM_imu.c:136:25
	ldrb	r1, [r1, #2]
	.loc	3 136 18                        @ ../Device/Src/DM_imu.c:136:18
	lsls	r0, r0, #6
	.loc	3 136 33                        @ ../Device/Src/DM_imu.c:136:33
	and	r1, r1, #248
	.loc	3 136 21                        @ ../Device/Src/DM_imu.c:136:21
	orr.w	r0, r0, r1, lsr #2
	.loc	3 136 6                         @ ../Device/Src/DM_imu.c:136:6
	str	r0, [sp, #32]
	.loc	3 137 11 is_stmt 1              @ ../Device/Src/DM_imu.c:137:11
	ldr	r1, [sp, #36]
	ldrb	r0, [r1, #2]
	.loc	3 137 31 is_stmt 0              @ ../Device/Src/DM_imu.c:137:31
	ldrb	r2, [r1, #3]
	.loc	3 137 46                        @ ../Device/Src/DM_imu.c:137:46
	ldrb	r1, [r1, #4]
	.loc	3 137 19                        @ ../Device/Src/DM_imu.c:137:19
	and	r0, r0, #3
	.loc	3 137 25                        @ ../Device/Src/DM_imu.c:137:25
	lsls	r0, r0, #12
	.loc	3 137 29                        @ ../Device/Src/DM_imu.c:137:29
	orr.w	r0, r0, r2, lsl #4
	.loc	3 137 43                        @ ../Device/Src/DM_imu.c:137:43
	orr.w	r0, r0, r1, lsr #4
	.loc	3 137 6                         @ ../Device/Src/DM_imu.c:137:6
	str	r0, [sp, #28]
	.loc	3 138 11 is_stmt 1              @ ../Device/Src/DM_imu.c:138:11
	ldr	r1, [sp, #36]
	ldrb	r0, [r1, #4]
	.loc	3 138 31 is_stmt 0              @ ../Device/Src/DM_imu.c:138:31
	ldrb	r2, [r1, #5]
	.loc	3 138 45                        @ ../Device/Src/DM_imu.c:138:45
	ldrb	r1, [r1, #6]
	.loc	3 138 19                        @ ../Device/Src/DM_imu.c:138:19
	and	r0, r0, #15
	.loc	3 138 25                        @ ../Device/Src/DM_imu.c:138:25
	lsls	r0, r0, #10
	.loc	3 138 29                        @ ../Device/Src/DM_imu.c:138:29
	orr.w	r0, r0, r2, lsl #2
	.loc	3 138 43                        @ ../Device/Src/DM_imu.c:138:43
	orr.w	r0, r0, r1, lsr #6
	.loc	3 138 6                         @ ../Device/Src/DM_imu.c:138:6
	str	r0, [sp, #24]
	.loc	3 139 11 is_stmt 1              @ ../Device/Src/DM_imu.c:139:11
	ldr	r0, [sp, #36]
	ldrb	r1, [r0, #6]
	.loc	3 139 29 is_stmt 0              @ ../Device/Src/DM_imu.c:139:29
	ldrb	r0, [r0, #7]
	.loc	3 139 19                        @ ../Device/Src/DM_imu.c:139:19
	and	r1, r1, #63
	.loc	3 139 28                        @ ../Device/Src/DM_imu.c:139:28
	orr.w	r0, r0, r1, lsl #8
	.loc	3 139 6                         @ ../Device/Src/DM_imu.c:139:6
	str	r0, [sp, #20]
	.loc	3 141 35 is_stmt 1              @ ../Device/Src/DM_imu.c:141:35
	ldr	r0, [sp, #32]
	vmov.f32	s0, #-1.000000e+00
	vstr	s0, [sp, #12]                   @ 4-byte Spill
	vmov.f32	s1, #1.000000e+00
	vstr	s1, [sp, #4]                    @ 4-byte Spill
	movs	r1, #14
	.loc	3 141 21 is_stmt 0              @ ../Device/Src/DM_imu.c:141:21
	str	r1, [sp, #8]                    @ 4-byte Spill
	bl	uint_to_float
	vldr	s1, [sp, #4]                    @ 4-byte Reload
	ldr	r1, [sp, #8]                    @ 4-byte Reload
	vmov.f32	s2, s0
	.loc	3 141 19                        @ ../Device/Src/DM_imu.c:141:19
	vldr	s0, [sp, #12]                   @ 4-byte Reload
	movw	r0, :lower16:DM_IMU_Info
	movt	r0, :upper16:DM_IMU_Info
	str	r0, [sp, #16]                   @ 4-byte Spill
	vstr	s2, [r0, #36]
	.loc	3 142 35 is_stmt 1              @ ../Device/Src/DM_imu.c:142:35
	ldr	r0, [sp, #28]
	.loc	3 142 21 is_stmt 0              @ ../Device/Src/DM_imu.c:142:21
	bl	uint_to_float
	vldr	s1, [sp, #4]                    @ 4-byte Reload
	ldr	r1, [sp, #8]                    @ 4-byte Reload
	ldr	r0, [sp, #16]                   @ 4-byte Reload
	vmov.f32	s2, s0
	.loc	3 142 19                        @ ../Device/Src/DM_imu.c:142:19
	vldr	s0, [sp, #12]                   @ 4-byte Reload
	vstr	s2, [r0, #40]
	.loc	3 143 35 is_stmt 1              @ ../Device/Src/DM_imu.c:143:35
	ldr	r0, [sp, #24]
	.loc	3 143 21 is_stmt 0              @ ../Device/Src/DM_imu.c:143:21
	bl	uint_to_float
	vldr	s1, [sp, #4]                    @ 4-byte Reload
	ldr	r1, [sp, #8]                    @ 4-byte Reload
	ldr	r0, [sp, #16]                   @ 4-byte Reload
	vmov.f32	s2, s0
	.loc	3 143 19                        @ ../Device/Src/DM_imu.c:143:19
	vldr	s0, [sp, #12]                   @ 4-byte Reload
	vstr	s2, [r0, #44]
	.loc	3 144 35 is_stmt 1              @ ../Device/Src/DM_imu.c:144:35
	ldr	r0, [sp, #20]
	.loc	3 144 21 is_stmt 0              @ ../Device/Src/DM_imu.c:144:21
	bl	uint_to_float
	ldr	r0, [sp, #16]                   @ 4-byte Reload
	.loc	3 144 19                        @ ../Device/Src/DM_imu.c:144:19
	vstr	s0, [r0, #48]
	.loc	3 145 1 epilogue_begin is_stmt 1 @ ../Device/Src/DM_imu.c:145:1
	add	sp, #40
	pop	{r7, pc}
.Ltmp20:
.Lfunc_end6:
	.size	DM_IMU_Quaternion_Update, .Lfunc_end6-DM_IMU_Quaternion_Update
	.cfi_endproc
	.cantunwind
	.fnend
                                        @ -- End function
	.section	.text.DM_IMU_Info_Update,"ax",%progbits
	.hidden	DM_IMU_Info_Update              @ -- Begin function DM_IMU_Info_Update
	.globl	DM_IMU_Info_Update
	.p2align	3
	.type	DM_IMU_Info_Update,%function
	.code	16                              @ @DM_IMU_Info_Update
	.thumb_func
DM_IMU_Info_Update:
.Lfunc_begin7:
	.loc	3 148 0                         @ ../Device/Src/DM_imu.c:148:0
	.fnstart
	.cfi_startproc
@ %bb.0:
	.save	{r7, lr}
	push	{r7, lr}
	.cfi_def_cfa_offset 8
	.cfi_offset lr, -4
	.cfi_offset r7, -8
	.pad	#8
	sub	sp, #8
	.cfi_def_cfa_offset 16
	str	r0, [sp, #4]
.Ltmp21:
	.loc	3 149 9 prologue_end            @ ../Device/Src/DM_imu.c:149:9
	ldr	r0, [sp, #4]
	ldrb	r0, [r0]
	.loc	3 149 2 is_stmt 0               @ ../Device/Src/DM_imu.c:149:2
	subs	r0, #1
	mov	r1, r0
	str	r1, [sp]                        @ 4-byte Spill
	cmp	r0, #3
	bhi	.LBB7_7
@ %bb.1:
	ldr	r1, [sp]                        @ 4-byte Reload
.LCPI7_0:
	tbb	[pc, r1]
@ %bb.2:
	.loc	3 0 2                           @ ../Device/Src/DM_imu.c:0:2
.LJTI7_0:
	.byte	(.LBB7_3-(.LCPI7_0+4))/2
	.byte	(.LBB7_4-(.LCPI7_0+4))/2
	.byte	(.LBB7_5-(.LCPI7_0+4))/2
	.byte	(.LBB7_6-(.LCPI7_0+4))/2
	.p2align	1
.LBB7_3:
.Ltmp22:
	.loc	3 152 24 is_stmt 1              @ ../Device/Src/DM_imu.c:152:24
	ldr	r0, [sp, #4]
	.loc	3 152 4 is_stmt 0               @ ../Device/Src/DM_imu.c:152:4
	bl	DM_IMU_Accel_Update
	.loc	3 153 4 is_stmt 1               @ ../Device/Src/DM_imu.c:153:4
	b	.LBB7_7
.LBB7_4:
	.loc	3 155 23                        @ ../Device/Src/DM_imu.c:155:23
	ldr	r0, [sp, #4]
	.loc	3 155 4 is_stmt 0               @ ../Device/Src/DM_imu.c:155:4
	bl	DM_IMU_Gyro_Update
	.loc	3 156 4 is_stmt 1               @ ../Device/Src/DM_imu.c:156:4
	b	.LBB7_7
.LBB7_5:
	.loc	3 158 24                        @ ../Device/Src/DM_imu.c:158:24
	ldr	r0, [sp, #4]
	.loc	3 158 4 is_stmt 0               @ ../Device/Src/DM_imu.c:158:4
	bl	DM_IMU_Euler_Update
	.loc	3 159 4 is_stmt 1               @ ../Device/Src/DM_imu.c:159:4
	b	.LBB7_7
.LBB7_6:
	.loc	3 161 29                        @ ../Device/Src/DM_imu.c:161:29
	ldr	r0, [sp, #4]
	.loc	3 161 4 is_stmt 0               @ ../Device/Src/DM_imu.c:161:4
	bl	DM_IMU_Quaternion_Update
	.loc	3 162 4 is_stmt 1               @ ../Device/Src/DM_imu.c:162:4
	b	.LBB7_7
.Ltmp23:
.LBB7_7:
	.loc	3 164 1 epilogue_begin          @ ../Device/Src/DM_imu.c:164:1
	add	sp, #8
	pop	{r7, pc}
.Ltmp24:
.Lfunc_end7:
	.size	DM_IMU_Info_Update, .Lfunc_end7-DM_IMU_Info_Update
	.cfi_endproc
	.cantunwind
	.fnend
                                        @ -- End function
	.hidden	DM_IMU_Info                     @ @DM_IMU_Info
	.type	DM_IMU_Info,%object
	.section	.data.DM_IMU_Info,"aw",%progbits
	.globl	DM_IMU_Info
	.p2align	2, 0x0
DM_IMU_Info:
	.long	0x00000000                      @ float 0
	.long	0x00000000                      @ float 0
	.long	0x00000000                      @ float 0
	.zero	12
	.zero	12
	.zero	16
	.long	0x00000000                      @ float 0
	.long	1791                            @ 0x6ff
	.long	17                              @ 0x11
	.size	DM_IMU_Info, 64

	.file	7 "D:\\stm32_project\\daily_work\\new_bubing\\cod_update_2.0\\COD_H7_Template\\MDK-ARM" "../Drivers/CMSIS/Device/ST/STM32H7xx/Include\\stm32h723xx.h"
	.section	.debug_abbrev,"",%progbits
	.byte	1                               @ Abbreviation Code
	.byte	17                              @ DW_TAG_compile_unit
	.byte	1                               @ DW_CHILDREN_yes
	.byte	37                              @ DW_AT_producer
	.byte	14                              @ DW_FORM_strp
	.byte	19                              @ DW_AT_language
	.byte	5                               @ DW_FORM_data2
	.byte	3                               @ DW_AT_name
	.byte	14                              @ DW_FORM_strp
	.byte	16                              @ DW_AT_stmt_list
	.byte	23                              @ DW_FORM_sec_offset
	.byte	27                              @ DW_AT_comp_dir
	.byte	14                              @ DW_FORM_strp
	.byte	17                              @ DW_AT_low_pc
	.byte	1                               @ DW_FORM_addr
	.byte	85                              @ DW_AT_ranges
	.byte	23                              @ DW_FORM_sec_offset
	.byte	0                               @ EOM(1)
	.byte	0                               @ EOM(2)
	.byte	2                               @ Abbreviation Code
	.byte	52                              @ DW_TAG_variable
	.byte	0                               @ DW_CHILDREN_no
	.byte	3                               @ DW_AT_name
	.byte	14                              @ DW_FORM_strp
	.byte	73                              @ DW_AT_type
	.byte	19                              @ DW_FORM_ref4
	.byte	63                              @ DW_AT_external
	.byte	25                              @ DW_FORM_flag_present
	.byte	58                              @ DW_AT_decl_file
	.byte	11                              @ DW_FORM_data1
	.byte	59                              @ DW_AT_decl_line
	.byte	11                              @ DW_FORM_data1
	.byte	2                               @ DW_AT_location
	.byte	24                              @ DW_FORM_exprloc
	.byte	0                               @ EOM(1)
	.byte	0                               @ EOM(2)
	.byte	3                               @ Abbreviation Code
	.byte	22                              @ DW_TAG_typedef
	.byte	0                               @ DW_CHILDREN_no
	.byte	73                              @ DW_AT_type
	.byte	19                              @ DW_FORM_ref4
	.byte	3                               @ DW_AT_name
	.byte	14                              @ DW_FORM_strp
	.byte	58                              @ DW_AT_decl_file
	.byte	11                              @ DW_FORM_data1
	.byte	59                              @ DW_AT_decl_line
	.byte	11                              @ DW_FORM_data1
	.byte	0                               @ EOM(1)
	.byte	0                               @ EOM(2)
	.byte	4                               @ Abbreviation Code
	.byte	19                              @ DW_TAG_structure_type
	.byte	1                               @ DW_CHILDREN_yes
	.byte	11                              @ DW_AT_byte_size
	.byte	11                              @ DW_FORM_data1
	.byte	58                              @ DW_AT_decl_file
	.byte	11                              @ DW_FORM_data1
	.byte	59                              @ DW_AT_decl_line
	.byte	11                              @ DW_FORM_data1
	.byte	0                               @ EOM(1)
	.byte	0                               @ EOM(2)
	.byte	5                               @ Abbreviation Code
	.byte	13                              @ DW_TAG_member
	.byte	0                               @ DW_CHILDREN_no
	.byte	3                               @ DW_AT_name
	.byte	14                              @ DW_FORM_strp
	.byte	73                              @ DW_AT_type
	.byte	19                              @ DW_FORM_ref4
	.byte	58                              @ DW_AT_decl_file
	.byte	11                              @ DW_FORM_data1
	.byte	59                              @ DW_AT_decl_line
	.byte	11                              @ DW_FORM_data1
	.byte	56                              @ DW_AT_data_member_location
	.byte	11                              @ DW_FORM_data1
	.byte	0                               @ EOM(1)
	.byte	0                               @ EOM(2)
	.byte	6                               @ Abbreviation Code
	.byte	36                              @ DW_TAG_base_type
	.byte	0                               @ DW_CHILDREN_no
	.byte	3                               @ DW_AT_name
	.byte	14                              @ DW_FORM_strp
	.byte	62                              @ DW_AT_encoding
	.byte	11                              @ DW_FORM_data1
	.byte	11                              @ DW_AT_byte_size
	.byte	11                              @ DW_FORM_data1
	.byte	0                               @ EOM(1)
	.byte	0                               @ EOM(2)
	.byte	7                               @ Abbreviation Code
	.byte	1                               @ DW_TAG_array_type
	.byte	1                               @ DW_CHILDREN_yes
	.byte	73                              @ DW_AT_type
	.byte	19                              @ DW_FORM_ref4
	.byte	0                               @ EOM(1)
	.byte	0                               @ EOM(2)
	.byte	8                               @ Abbreviation Code
	.byte	33                              @ DW_TAG_subrange_type
	.byte	0                               @ DW_CHILDREN_no
	.byte	73                              @ DW_AT_type
	.byte	19                              @ DW_FORM_ref4
	.byte	55                              @ DW_AT_count
	.byte	11                              @ DW_FORM_data1
	.byte	0                               @ EOM(1)
	.byte	0                               @ EOM(2)
	.byte	9                               @ Abbreviation Code
	.byte	36                              @ DW_TAG_base_type
	.byte	0                               @ DW_CHILDREN_no
	.byte	3                               @ DW_AT_name
	.byte	14                              @ DW_FORM_strp
	.byte	11                              @ DW_AT_byte_size
	.byte	11                              @ DW_FORM_data1
	.byte	62                              @ DW_AT_encoding
	.byte	11                              @ DW_FORM_data1
	.byte	0                               @ EOM(1)
	.byte	0                               @ EOM(2)
	.byte	10                              @ Abbreviation Code
	.byte	4                               @ DW_TAG_enumeration_type
	.byte	1                               @ DW_CHILDREN_yes
	.byte	73                              @ DW_AT_type
	.byte	19                              @ DW_FORM_ref4
	.byte	11                              @ DW_AT_byte_size
	.byte	11                              @ DW_FORM_data1
	.byte	58                              @ DW_AT_decl_file
	.byte	11                              @ DW_FORM_data1
	.byte	59                              @ DW_AT_decl_line
	.byte	11                              @ DW_FORM_data1
	.byte	0                               @ EOM(1)
	.byte	0                               @ EOM(2)
	.byte	11                              @ Abbreviation Code
	.byte	40                              @ DW_TAG_enumerator
	.byte	0                               @ DW_CHILDREN_no
	.byte	3                               @ DW_AT_name
	.byte	14                              @ DW_FORM_strp
	.byte	28                              @ DW_AT_const_value
	.byte	15                              @ DW_FORM_udata
	.byte	0                               @ EOM(1)
	.byte	0                               @ EOM(2)
	.byte	12                              @ Abbreviation Code
	.byte	46                              @ DW_TAG_subprogram
	.byte	1                               @ DW_CHILDREN_yes
	.byte	17                              @ DW_AT_low_pc
	.byte	1                               @ DW_FORM_addr
	.byte	18                              @ DW_AT_high_pc
	.byte	6                               @ DW_FORM_data4
	.byte	64                              @ DW_AT_frame_base
	.byte	24                              @ DW_FORM_exprloc
	.byte	3                               @ DW_AT_name
	.byte	14                              @ DW_FORM_strp
	.byte	58                              @ DW_AT_decl_file
	.byte	11                              @ DW_FORM_data1
	.byte	59                              @ DW_AT_decl_line
	.byte	11                              @ DW_FORM_data1
	.byte	39                              @ DW_AT_prototyped
	.byte	25                              @ DW_FORM_flag_present
	.byte	73                              @ DW_AT_type
	.byte	19                              @ DW_FORM_ref4
	.byte	63                              @ DW_AT_external
	.byte	25                              @ DW_FORM_flag_present
	.byte	0                               @ EOM(1)
	.byte	0                               @ EOM(2)
	.byte	13                              @ Abbreviation Code
	.byte	5                               @ DW_TAG_formal_parameter
	.byte	0                               @ DW_CHILDREN_no
	.byte	2                               @ DW_AT_location
	.byte	24                              @ DW_FORM_exprloc
	.byte	3                               @ DW_AT_name
	.byte	14                              @ DW_FORM_strp
	.byte	58                              @ DW_AT_decl_file
	.byte	11                              @ DW_FORM_data1
	.byte	59                              @ DW_AT_decl_line
	.byte	11                              @ DW_FORM_data1
	.byte	73                              @ DW_AT_type
	.byte	19                              @ DW_FORM_ref4
	.byte	0                               @ EOM(1)
	.byte	0                               @ EOM(2)
	.byte	14                              @ Abbreviation Code
	.byte	52                              @ DW_TAG_variable
	.byte	0                               @ DW_CHILDREN_no
	.byte	2                               @ DW_AT_location
	.byte	24                              @ DW_FORM_exprloc
	.byte	3                               @ DW_AT_name
	.byte	14                              @ DW_FORM_strp
	.byte	58                              @ DW_AT_decl_file
	.byte	11                              @ DW_FORM_data1
	.byte	59                              @ DW_AT_decl_line
	.byte	11                              @ DW_FORM_data1
	.byte	73                              @ DW_AT_type
	.byte	19                              @ DW_FORM_ref4
	.byte	0                               @ EOM(1)
	.byte	0                               @ EOM(2)
	.byte	15                              @ Abbreviation Code
	.byte	46                              @ DW_TAG_subprogram
	.byte	1                               @ DW_CHILDREN_yes
	.byte	17                              @ DW_AT_low_pc
	.byte	1                               @ DW_FORM_addr
	.byte	18                              @ DW_AT_high_pc
	.byte	6                               @ DW_FORM_data4
	.byte	64                              @ DW_AT_frame_base
	.byte	24                              @ DW_FORM_exprloc
	.byte	3                               @ DW_AT_name
	.byte	14                              @ DW_FORM_strp
	.byte	58                              @ DW_AT_decl_file
	.byte	11                              @ DW_FORM_data1
	.byte	59                              @ DW_AT_decl_line
	.byte	11                              @ DW_FORM_data1
	.byte	39                              @ DW_AT_prototyped
	.byte	25                              @ DW_FORM_flag_present
	.byte	63                              @ DW_AT_external
	.byte	25                              @ DW_FORM_flag_present
	.byte	0                               @ EOM(1)
	.byte	0                               @ EOM(2)
	.byte	16                              @ Abbreviation Code
	.byte	15                              @ DW_TAG_pointer_type
	.byte	0                               @ DW_CHILDREN_no
	.byte	73                              @ DW_AT_type
	.byte	19                              @ DW_FORM_ref4
	.byte	0                               @ EOM(1)
	.byte	0                               @ EOM(2)
	.byte	17                              @ Abbreviation Code
	.byte	22                              @ DW_TAG_typedef
	.byte	0                               @ DW_CHILDREN_no
	.byte	73                              @ DW_AT_type
	.byte	19                              @ DW_FORM_ref4
	.byte	3                               @ DW_AT_name
	.byte	14                              @ DW_FORM_strp
	.byte	58                              @ DW_AT_decl_file
	.byte	11                              @ DW_FORM_data1
	.byte	59                              @ DW_AT_decl_line
	.byte	5                               @ DW_FORM_data2
	.byte	0                               @ EOM(1)
	.byte	0                               @ EOM(2)
	.byte	18                              @ Abbreviation Code
	.byte	19                              @ DW_TAG_structure_type
	.byte	1                               @ DW_CHILDREN_yes
	.byte	11                              @ DW_AT_byte_size
	.byte	11                              @ DW_FORM_data1
	.byte	58                              @ DW_AT_decl_file
	.byte	11                              @ DW_FORM_data1
	.byte	59                              @ DW_AT_decl_line
	.byte	5                               @ DW_FORM_data2
	.byte	0                               @ EOM(1)
	.byte	0                               @ EOM(2)
	.byte	19                              @ Abbreviation Code
	.byte	13                              @ DW_TAG_member
	.byte	0                               @ DW_CHILDREN_no
	.byte	3                               @ DW_AT_name
	.byte	14                              @ DW_FORM_strp
	.byte	73                              @ DW_AT_type
	.byte	19                              @ DW_FORM_ref4
	.byte	58                              @ DW_AT_decl_file
	.byte	11                              @ DW_FORM_data1
	.byte	59                              @ DW_AT_decl_line
	.byte	5                               @ DW_FORM_data2
	.byte	56                              @ DW_AT_data_member_location
	.byte	11                              @ DW_FORM_data1
	.byte	0                               @ EOM(1)
	.byte	0                               @ EOM(2)
	.byte	20                              @ Abbreviation Code
	.byte	19                              @ DW_TAG_structure_type
	.byte	1                               @ DW_CHILDREN_yes
	.byte	11                              @ DW_AT_byte_size
	.byte	5                               @ DW_FORM_data2
	.byte	58                              @ DW_AT_decl_file
	.byte	11                              @ DW_FORM_data1
	.byte	59                              @ DW_AT_decl_line
	.byte	5                               @ DW_FORM_data2
	.byte	0                               @ EOM(1)
	.byte	0                               @ EOM(2)
	.byte	21                              @ Abbreviation Code
	.byte	53                              @ DW_TAG_volatile_type
	.byte	0                               @ DW_CHILDREN_no
	.byte	73                              @ DW_AT_type
	.byte	19                              @ DW_FORM_ref4
	.byte	0                               @ EOM(1)
	.byte	0                               @ EOM(2)
	.byte	22                              @ Abbreviation Code
	.byte	13                              @ DW_TAG_member
	.byte	0                               @ DW_CHILDREN_no
	.byte	3                               @ DW_AT_name
	.byte	14                              @ DW_FORM_strp
	.byte	73                              @ DW_AT_type
	.byte	19                              @ DW_FORM_ref4
	.byte	58                              @ DW_AT_decl_file
	.byte	11                              @ DW_FORM_data1
	.byte	59                              @ DW_AT_decl_line
	.byte	5                               @ DW_FORM_data2
	.byte	56                              @ DW_AT_data_member_location
	.byte	5                               @ DW_FORM_data2
	.byte	0                               @ EOM(1)
	.byte	0                               @ EOM(2)
	.byte	0                               @ EOM(3)
	.section	.debug_info,"",%progbits
.Lcu_begin0:
	.long	.Ldebug_info_end0-.Ldebug_info_start0 @ Length of Unit
.Ldebug_info_start0:
	.short	4                               @ DWARF version number
	.long	.debug_abbrev                   @ Offset Into Abbrev. Section
	.byte	4                               @ Address Size (in bytes)
	.byte	1                               @ Abbrev [1] 0xb:0xaf3 DW_TAG_compile_unit
	.long	.Linfo_string0                  @ DW_AT_producer
	.short	12                              @ DW_AT_language
	.long	.Linfo_string1                  @ DW_AT_name
	.long	.Lline_table_start0             @ DW_AT_stmt_list
	.long	.Linfo_string2                  @ DW_AT_comp_dir
	.long	0                               @ DW_AT_low_pc
	.long	.Ldebug_ranges0                 @ DW_AT_ranges
	.byte	2                               @ Abbrev [2] 0x26:0x11 DW_TAG_variable
	.long	.Linfo_string3                  @ DW_AT_name
	.long	55                              @ DW_AT_type
                                        @ DW_AT_external
	.byte	3                               @ DW_AT_decl_file
	.byte	31                              @ DW_AT_decl_line
	.byte	5                               @ DW_AT_location
	.byte	3
	.long	DM_IMU_Info
	.byte	3                               @ Abbrev [3] 0x37:0xb DW_TAG_typedef
	.long	66                              @ DW_AT_type
	.long	.Linfo_string19                 @ DW_AT_name
	.byte	1                               @ DW_AT_decl_file
	.byte	60                              @ DW_AT_decl_line
	.byte	4                               @ Abbrev [4] 0x42:0x65 DW_TAG_structure_type
	.byte	64                              @ DW_AT_byte_size
	.byte	1                               @ DW_AT_decl_file
	.byte	47                              @ DW_AT_decl_line
	.byte	5                               @ Abbrev [5] 0x46:0xc DW_TAG_member
	.long	.Linfo_string4                  @ DW_AT_name
	.long	167                             @ DW_AT_type
	.byte	1                               @ DW_AT_decl_file
	.byte	49                              @ DW_AT_decl_line
	.byte	0                               @ DW_AT_data_member_location
	.byte	5                               @ Abbrev [5] 0x52:0xc DW_TAG_member
	.long	.Linfo_string6                  @ DW_AT_name
	.long	167                             @ DW_AT_type
	.byte	1                               @ DW_AT_decl_file
	.byte	50                              @ DW_AT_decl_line
	.byte	4                               @ DW_AT_data_member_location
	.byte	5                               @ Abbrev [5] 0x5e:0xc DW_TAG_member
	.long	.Linfo_string7                  @ DW_AT_name
	.long	167                             @ DW_AT_type
	.byte	1                               @ DW_AT_decl_file
	.byte	51                              @ DW_AT_decl_line
	.byte	8                               @ DW_AT_data_member_location
	.byte	5                               @ Abbrev [5] 0x6a:0xc DW_TAG_member
	.long	.Linfo_string8                  @ DW_AT_name
	.long	174                             @ DW_AT_type
	.byte	1                               @ DW_AT_decl_file
	.byte	53                              @ DW_AT_decl_line
	.byte	12                              @ DW_AT_data_member_location
	.byte	5                               @ Abbrev [5] 0x76:0xc DW_TAG_member
	.long	.Linfo_string10                 @ DW_AT_name
	.long	174                             @ DW_AT_type
	.byte	1                               @ DW_AT_decl_file
	.byte	54                              @ DW_AT_decl_line
	.byte	24                              @ DW_AT_data_member_location
	.byte	5                               @ Abbrev [5] 0x82:0xc DW_TAG_member
	.long	.Linfo_string11                 @ DW_AT_name
	.long	193                             @ DW_AT_type
	.byte	1                               @ DW_AT_decl_file
	.byte	56                              @ DW_AT_decl_line
	.byte	36                              @ DW_AT_data_member_location
	.byte	5                               @ Abbrev [5] 0x8e:0xc DW_TAG_member
	.long	.Linfo_string12                 @ DW_AT_name
	.long	167                             @ DW_AT_type
	.byte	1                               @ DW_AT_decl_file
	.byte	58                              @ DW_AT_decl_line
	.byte	52                              @ DW_AT_data_member_location
	.byte	5                               @ Abbrev [5] 0x9a:0xc DW_TAG_member
	.long	.Linfo_string13                 @ DW_AT_name
	.long	205                             @ DW_AT_type
	.byte	1                               @ DW_AT_decl_file
	.byte	59                              @ DW_AT_decl_line
	.byte	56                              @ DW_AT_data_member_location
	.byte	0                               @ End Of Children Mark
	.byte	6                               @ Abbrev [6] 0xa7:0x7 DW_TAG_base_type
	.long	.Linfo_string5                  @ DW_AT_name
	.byte	4                               @ DW_AT_encoding
	.byte	4                               @ DW_AT_byte_size
	.byte	7                               @ Abbrev [7] 0xae:0xc DW_TAG_array_type
	.long	167                             @ DW_AT_type
	.byte	8                               @ Abbrev [8] 0xb3:0x6 DW_TAG_subrange_type
	.long	186                             @ DW_AT_type
	.byte	3                               @ DW_AT_count
	.byte	0                               @ End Of Children Mark
	.byte	9                               @ Abbrev [9] 0xba:0x7 DW_TAG_base_type
	.long	.Linfo_string9                  @ DW_AT_name
	.byte	8                               @ DW_AT_byte_size
	.byte	7                               @ DW_AT_encoding
	.byte	7                               @ Abbrev [7] 0xc1:0xc DW_TAG_array_type
	.long	167                             @ DW_AT_type
	.byte	8                               @ Abbrev [8] 0xc6:0x6 DW_TAG_subrange_type
	.long	186                             @ DW_AT_type
	.byte	4                               @ DW_AT_count
	.byte	0                               @ End Of Children Mark
	.byte	3                               @ Abbrev [3] 0xcd:0xb DW_TAG_typedef
	.long	216                             @ DW_AT_type
	.long	.Linfo_string18                 @ DW_AT_name
	.byte	1                               @ DW_AT_decl_file
	.byte	45                              @ DW_AT_decl_line
	.byte	4                               @ Abbrev [4] 0xd8:0x1d DW_TAG_structure_type
	.byte	8                               @ DW_AT_byte_size
	.byte	1                               @ DW_AT_decl_file
	.byte	40                              @ DW_AT_decl_line
	.byte	5                               @ Abbrev [5] 0xdc:0xc DW_TAG_member
	.long	.Linfo_string14                 @ DW_AT_name
	.long	245                             @ DW_AT_type
	.byte	1                               @ DW_AT_decl_file
	.byte	42                              @ DW_AT_decl_line
	.byte	0                               @ DW_AT_data_member_location
	.byte	5                               @ Abbrev [5] 0xe8:0xc DW_TAG_member
	.long	.Linfo_string17                 @ DW_AT_name
	.long	245                             @ DW_AT_type
	.byte	1                               @ DW_AT_decl_file
	.byte	43                              @ DW_AT_decl_line
	.byte	4                               @ DW_AT_data_member_location
	.byte	0                               @ End Of Children Mark
	.byte	3                               @ Abbrev [3] 0xf5:0xb DW_TAG_typedef
	.long	256                             @ DW_AT_type
	.long	.Linfo_string16                 @ DW_AT_name
	.byte	2                               @ DW_AT_decl_file
	.byte	64                              @ DW_AT_decl_line
	.byte	6                               @ Abbrev [6] 0x100:0x7 DW_TAG_base_type
	.long	.Linfo_string15                 @ DW_AT_name
	.byte	7                               @ DW_AT_encoding
	.byte	4                               @ DW_AT_byte_size
	.byte	10                              @ Abbrev [10] 0x107:0x15 DW_TAG_enumeration_type
	.long	284                             @ DW_AT_type
	.byte	1                               @ DW_AT_byte_size
	.byte	4                               @ DW_AT_decl_file
	.byte	186                             @ DW_AT_decl_line
	.byte	11                              @ Abbrev [11] 0x10f:0x6 DW_TAG_enumerator
	.long	.Linfo_string21                 @ DW_AT_name
	.byte	0                               @ DW_AT_const_value
	.byte	11                              @ Abbrev [11] 0x115:0x6 DW_TAG_enumerator
	.long	.Linfo_string22                 @ DW_AT_name
	.byte	1                               @ DW_AT_const_value
	.byte	0                               @ End Of Children Mark
	.byte	6                               @ Abbrev [6] 0x11c:0x7 DW_TAG_base_type
	.long	.Linfo_string20                 @ DW_AT_name
	.byte	8                               @ DW_AT_encoding
	.byte	1                               @ DW_AT_byte_size
	.byte	10                              @ Abbrev [10] 0x123:0x21 DW_TAG_enumeration_type
	.long	284                             @ DW_AT_type
	.byte	1                               @ DW_AT_byte_size
	.byte	5                               @ DW_AT_decl_file
	.byte	48                              @ DW_AT_decl_line
	.byte	11                              @ Abbrev [11] 0x12b:0x6 DW_TAG_enumerator
	.long	.Linfo_string23                 @ DW_AT_name
	.byte	0                               @ DW_AT_const_value
	.byte	11                              @ Abbrev [11] 0x131:0x6 DW_TAG_enumerator
	.long	.Linfo_string24                 @ DW_AT_name
	.byte	1                               @ DW_AT_const_value
	.byte	11                              @ Abbrev [11] 0x137:0x6 DW_TAG_enumerator
	.long	.Linfo_string25                 @ DW_AT_name
	.byte	2                               @ DW_AT_const_value
	.byte	11                              @ Abbrev [11] 0x13d:0x6 DW_TAG_enumerator
	.long	.Linfo_string26                 @ DW_AT_name
	.byte	3                               @ DW_AT_const_value
	.byte	0                               @ End Of Children Mark
	.byte	10                              @ Abbrev [10] 0x144:0x15 DW_TAG_enumeration_type
	.long	284                             @ DW_AT_type
	.byte	1                               @ DW_AT_byte_size
	.byte	6                               @ DW_AT_decl_file
	.byte	50                              @ DW_AT_decl_line
	.byte	11                              @ Abbrev [11] 0x14c:0x6 DW_TAG_enumerator
	.long	.Linfo_string27                 @ DW_AT_name
	.byte	0                               @ DW_AT_const_value
	.byte	11                              @ Abbrev [11] 0x152:0x6 DW_TAG_enumerator
	.long	.Linfo_string28                 @ DW_AT_name
	.byte	1                               @ DW_AT_const_value
	.byte	0                               @ End Of Children Mark
	.byte	6                               @ Abbrev [6] 0x159:0x7 DW_TAG_base_type
	.long	.Linfo_string29                 @ DW_AT_name
	.byte	5                               @ DW_AT_encoding
	.byte	4                               @ DW_AT_byte_size
	.byte	3                               @ Abbrev [3] 0x160:0xb DW_TAG_typedef
	.long	284                             @ DW_AT_type
	.long	.Linfo_string30                 @ DW_AT_name
	.byte	2                               @ DW_AT_decl_file
	.byte	62                              @ DW_AT_decl_line
	.byte	12                              @ Abbrev [12] 0x16b:0x6a DW_TAG_subprogram
	.long	.Lfunc_begin0                   @ DW_AT_low_pc
	.long	.Lfunc_end0-.Lfunc_begin0       @ DW_AT_high_pc
	.byte	1                               @ DW_AT_frame_base
	.byte	93
	.long	.Linfo_string31                 @ DW_AT_name
	.byte	3                               @ DW_AT_decl_file
	.byte	50                              @ DW_AT_decl_line
                                        @ DW_AT_prototyped
	.long	345                             @ DW_AT_type
                                        @ DW_AT_external
	.byte	13                              @ Abbrev [13] 0x180:0xe DW_TAG_formal_parameter
	.byte	2                               @ DW_AT_location
	.byte	145
	.byte	20
	.long	.Linfo_string39                 @ DW_AT_name
	.byte	3                               @ DW_AT_decl_file
	.byte	50                              @ DW_AT_decl_line
	.long	167                             @ DW_AT_type
	.byte	13                              @ Abbrev [13] 0x18e:0xe DW_TAG_formal_parameter
	.byte	2                               @ DW_AT_location
	.byte	145
	.byte	16
	.long	.Linfo_string40                 @ DW_AT_name
	.byte	3                               @ DW_AT_decl_file
	.byte	50                              @ DW_AT_decl_line
	.long	167                             @ DW_AT_type
	.byte	13                              @ Abbrev [13] 0x19c:0xe DW_TAG_formal_parameter
	.byte	2                               @ DW_AT_location
	.byte	145
	.byte	12
	.long	.Linfo_string41                 @ DW_AT_name
	.byte	3                               @ DW_AT_decl_file
	.byte	50                              @ DW_AT_decl_line
	.long	167                             @ DW_AT_type
	.byte	13                              @ Abbrev [13] 0x1aa:0xe DW_TAG_formal_parameter
	.byte	2                               @ DW_AT_location
	.byte	145
	.byte	8
	.long	.Linfo_string42                 @ DW_AT_name
	.byte	3                               @ DW_AT_decl_file
	.byte	50                              @ DW_AT_decl_line
	.long	345                             @ DW_AT_type
	.byte	14                              @ Abbrev [14] 0x1b8:0xe DW_TAG_variable
	.byte	2                               @ DW_AT_location
	.byte	145
	.byte	4
	.long	.Linfo_string43                 @ DW_AT_name
	.byte	3                               @ DW_AT_decl_file
	.byte	53                              @ DW_AT_decl_line
	.long	167                             @ DW_AT_type
	.byte	14                              @ Abbrev [14] 0x1c6:0xe DW_TAG_variable
	.byte	2                               @ DW_AT_location
	.byte	145
	.byte	0
	.long	.Linfo_string44                 @ DW_AT_name
	.byte	3                               @ DW_AT_decl_file
	.byte	54                              @ DW_AT_decl_line
	.long	167                             @ DW_AT_type
	.byte	0                               @ End Of Children Mark
	.byte	12                              @ Abbrev [12] 0x1d5:0x6a DW_TAG_subprogram
	.long	.Lfunc_begin1                   @ DW_AT_low_pc
	.long	.Lfunc_end1-.Lfunc_begin1       @ DW_AT_high_pc
	.byte	1                               @ DW_AT_frame_base
	.byte	93
	.long	.Linfo_string32                 @ DW_AT_name
	.byte	3                               @ DW_AT_decl_file
	.byte	68                              @ DW_AT_decl_line
                                        @ DW_AT_prototyped
	.long	167                             @ DW_AT_type
                                        @ DW_AT_external
	.byte	13                              @ Abbrev [13] 0x1ea:0xe DW_TAG_formal_parameter
	.byte	2                               @ DW_AT_location
	.byte	145
	.byte	20
	.long	.Linfo_string45                 @ DW_AT_name
	.byte	3                               @ DW_AT_decl_file
	.byte	68                              @ DW_AT_decl_line
	.long	345                             @ DW_AT_type
	.byte	13                              @ Abbrev [13] 0x1f8:0xe DW_TAG_formal_parameter
	.byte	2                               @ DW_AT_location
	.byte	145
	.byte	16
	.long	.Linfo_string40                 @ DW_AT_name
	.byte	3                               @ DW_AT_decl_file
	.byte	68                              @ DW_AT_decl_line
	.long	167                             @ DW_AT_type
	.byte	13                              @ Abbrev [13] 0x206:0xe DW_TAG_formal_parameter
	.byte	2                               @ DW_AT_location
	.byte	145
	.byte	12
	.long	.Linfo_string41                 @ DW_AT_name
	.byte	3                               @ DW_AT_decl_file
	.byte	68                              @ DW_AT_decl_line
	.long	167                             @ DW_AT_type
	.byte	13                              @ Abbrev [13] 0x214:0xe DW_TAG_formal_parameter
	.byte	2                               @ DW_AT_location
	.byte	145
	.byte	8
	.long	.Linfo_string42                 @ DW_AT_name
	.byte	3                               @ DW_AT_decl_file
	.byte	68                              @ DW_AT_decl_line
	.long	345                             @ DW_AT_type
	.byte	14                              @ Abbrev [14] 0x222:0xe DW_TAG_variable
	.byte	2                               @ DW_AT_location
	.byte	145
	.byte	4
	.long	.Linfo_string43                 @ DW_AT_name
	.byte	3                               @ DW_AT_decl_file
	.byte	71                              @ DW_AT_decl_line
	.long	167                             @ DW_AT_type
	.byte	14                              @ Abbrev [14] 0x230:0xe DW_TAG_variable
	.byte	2                               @ DW_AT_location
	.byte	145
	.byte	0
	.long	.Linfo_string44                 @ DW_AT_name
	.byte	3                               @ DW_AT_decl_file
	.byte	72                              @ DW_AT_decl_line
	.long	167                             @ DW_AT_type
	.byte	0                               @ End Of Children Mark
	.byte	15                              @ Abbrev [15] 0x23f:0x66 DW_TAG_subprogram
	.long	.Lfunc_begin2                   @ DW_AT_low_pc
	.long	.Lfunc_end2-.Lfunc_begin2       @ DW_AT_high_pc
	.byte	1                               @ DW_AT_frame_base
	.byte	93
	.long	.Linfo_string33                 @ DW_AT_name
	.byte	3                               @ DW_AT_decl_file
	.byte	76                              @ DW_AT_decl_line
                                        @ DW_AT_prototyped
                                        @ DW_AT_external
	.byte	13                              @ Abbrev [13] 0x250:0xe DW_TAG_formal_parameter
	.byte	2                               @ DW_AT_location
	.byte	145
	.byte	52
	.long	.Linfo_string46                 @ DW_AT_name
	.byte	3                               @ DW_AT_decl_file
	.byte	76                              @ DW_AT_decl_line
	.long	935                             @ DW_AT_type
	.byte	13                              @ Abbrev [13] 0x25e:0xe DW_TAG_formal_parameter
	.byte	2                               @ DW_AT_location
	.byte	145
	.byte	50
	.long	.Linfo_string171                @ DW_AT_name
	.byte	3                               @ DW_AT_decl_file
	.byte	76                              @ DW_AT_decl_line
	.long	2626                            @ DW_AT_type
	.byte	13                              @ Abbrev [13] 0x26c:0xe DW_TAG_formal_parameter
	.byte	2                               @ DW_AT_location
	.byte	145
	.byte	49
	.long	.Linfo_string174                @ DW_AT_name
	.byte	3                               @ DW_AT_decl_file
	.byte	76                              @ DW_AT_decl_line
	.long	352                             @ DW_AT_type
	.byte	14                              @ Abbrev [14] 0x27a:0xe DW_TAG_variable
	.byte	2                               @ DW_AT_location
	.byte	145
	.byte	12
	.long	.Linfo_string175                @ DW_AT_name
	.byte	3                               @ DW_AT_decl_file
	.byte	78                              @ DW_AT_decl_line
	.long	2644                            @ DW_AT_type
	.byte	14                              @ Abbrev [14] 0x288:0xe DW_TAG_variable
	.byte	2                               @ DW_AT_location
	.byte	145
	.byte	8
	.long	.Linfo_string186                @ DW_AT_name
	.byte	3                               @ DW_AT_decl_file
	.byte	79                              @ DW_AT_decl_line
	.long	2772                            @ DW_AT_type
	.byte	14                              @ Abbrev [14] 0x296:0xe DW_TAG_variable
	.byte	2                               @ DW_AT_location
	.byte	145
	.byte	4
	.long	.Linfo_string187                @ DW_AT_name
	.byte	3                               @ DW_AT_decl_file
	.byte	80                              @ DW_AT_decl_line
	.long	245                             @ DW_AT_type
	.byte	0                               @ End Of Children Mark
	.byte	15                              @ Abbrev [15] 0x2a5:0x2e DW_TAG_subprogram
	.long	.Lfunc_begin3                   @ DW_AT_low_pc
	.long	.Lfunc_end3-.Lfunc_begin3       @ DW_AT_high_pc
	.byte	1                               @ DW_AT_frame_base
	.byte	93
	.long	.Linfo_string34                 @ DW_AT_name
	.byte	3                               @ DW_AT_decl_file
	.byte	93                              @ DW_AT_decl_line
                                        @ DW_AT_prototyped
                                        @ DW_AT_external
	.byte	13                              @ Abbrev [13] 0x2b6:0xe DW_TAG_formal_parameter
	.byte	2                               @ DW_AT_location
	.byte	145
	.byte	28
	.long	.Linfo_string188                @ DW_AT_name
	.byte	3                               @ DW_AT_decl_file
	.byte	93                              @ DW_AT_decl_line
	.long	2784                            @ DW_AT_type
	.byte	14                              @ Abbrev [14] 0x2c4:0xe DW_TAG_variable
	.byte	2                               @ DW_AT_location
	.byte	145
	.byte	22
	.long	.Linfo_string10                 @ DW_AT_name
	.byte	3                               @ DW_AT_decl_file
	.byte	95                              @ DW_AT_decl_line
	.long	2789                            @ DW_AT_type
	.byte	0                               @ End Of Children Mark
	.byte	15                              @ Abbrev [15] 0x2d3:0x2e DW_TAG_subprogram
	.long	.Lfunc_begin4                   @ DW_AT_low_pc
	.long	.Lfunc_end4-.Lfunc_begin4       @ DW_AT_high_pc
	.byte	1                               @ DW_AT_frame_base
	.byte	93
	.long	.Linfo_string35                 @ DW_AT_name
	.byte	3                               @ DW_AT_decl_file
	.byte	107                             @ DW_AT_decl_line
                                        @ DW_AT_prototyped
                                        @ DW_AT_external
	.byte	13                              @ Abbrev [13] 0x2e4:0xe DW_TAG_formal_parameter
	.byte	2                               @ DW_AT_location
	.byte	145
	.byte	28
	.long	.Linfo_string188                @ DW_AT_name
	.byte	3                               @ DW_AT_decl_file
	.byte	107                             @ DW_AT_decl_line
	.long	2784                            @ DW_AT_type
	.byte	14                              @ Abbrev [14] 0x2f2:0xe DW_TAG_variable
	.byte	2                               @ DW_AT_location
	.byte	145
	.byte	22
	.long	.Linfo_string8                  @ DW_AT_name
	.byte	3                               @ DW_AT_decl_file
	.byte	109                             @ DW_AT_decl_line
	.long	2789                            @ DW_AT_type
	.byte	0                               @ End Of Children Mark
	.byte	15                              @ Abbrev [15] 0x301:0x2e DW_TAG_subprogram
	.long	.Lfunc_begin5                   @ DW_AT_low_pc
	.long	.Lfunc_end5-.Lfunc_begin5       @ DW_AT_high_pc
	.byte	1                               @ DW_AT_frame_base
	.byte	93
	.long	.Linfo_string36                 @ DW_AT_name
	.byte	3                               @ DW_AT_decl_file
	.byte	121                             @ DW_AT_decl_line
                                        @ DW_AT_prototyped
                                        @ DW_AT_external
	.byte	13                              @ Abbrev [13] 0x312:0xe DW_TAG_formal_parameter
	.byte	2                               @ DW_AT_location
	.byte	145
	.byte	44
	.long	.Linfo_string188                @ DW_AT_name
	.byte	3                               @ DW_AT_decl_file
	.byte	121                             @ DW_AT_decl_line
	.long	2784                            @ DW_AT_type
	.byte	14                              @ Abbrev [14] 0x320:0xe DW_TAG_variable
	.byte	2                               @ DW_AT_location
	.byte	145
	.byte	32
	.long	.Linfo_string189                @ DW_AT_name
	.byte	3                               @ DW_AT_decl_file
	.byte	123                             @ DW_AT_decl_line
	.long	2801                            @ DW_AT_type
	.byte	0                               @ End Of Children Mark
	.byte	15                              @ Abbrev [15] 0x32f:0x58 DW_TAG_subprogram
	.long	.Lfunc_begin6                   @ DW_AT_low_pc
	.long	.Lfunc_end6-.Lfunc_begin6       @ DW_AT_high_pc
	.byte	1                               @ DW_AT_frame_base
	.byte	93
	.long	.Linfo_string37                 @ DW_AT_name
	.byte	3                               @ DW_AT_decl_file
	.byte	134                             @ DW_AT_decl_line
                                        @ DW_AT_prototyped
                                        @ DW_AT_external
	.byte	13                              @ Abbrev [13] 0x340:0xe DW_TAG_formal_parameter
	.byte	2                               @ DW_AT_location
	.byte	145
	.byte	36
	.long	.Linfo_string188                @ DW_AT_name
	.byte	3                               @ DW_AT_decl_file
	.byte	134                             @ DW_AT_decl_line
	.long	2784                            @ DW_AT_type
	.byte	14                              @ Abbrev [14] 0x34e:0xe DW_TAG_variable
	.byte	2                               @ DW_AT_location
	.byte	145
	.byte	32
	.long	.Linfo_string190                @ DW_AT_name
	.byte	3                               @ DW_AT_decl_file
	.byte	136                             @ DW_AT_decl_line
	.long	345                             @ DW_AT_type
	.byte	14                              @ Abbrev [14] 0x35c:0xe DW_TAG_variable
	.byte	2                               @ DW_AT_location
	.byte	145
	.byte	28
	.long	.Linfo_string191                @ DW_AT_name
	.byte	3                               @ DW_AT_decl_file
	.byte	137                             @ DW_AT_decl_line
	.long	345                             @ DW_AT_type
	.byte	14                              @ Abbrev [14] 0x36a:0xe DW_TAG_variable
	.byte	2                               @ DW_AT_location
	.byte	145
	.byte	24
	.long	.Linfo_string192                @ DW_AT_name
	.byte	3                               @ DW_AT_decl_file
	.byte	138                             @ DW_AT_decl_line
	.long	345                             @ DW_AT_type
	.byte	14                              @ Abbrev [14] 0x378:0xe DW_TAG_variable
	.byte	2                               @ DW_AT_location
	.byte	145
	.byte	20
	.long	.Linfo_string193                @ DW_AT_name
	.byte	3                               @ DW_AT_decl_file
	.byte	139                             @ DW_AT_decl_line
	.long	345                             @ DW_AT_type
	.byte	0                               @ End Of Children Mark
	.byte	15                              @ Abbrev [15] 0x387:0x20 DW_TAG_subprogram
	.long	.Lfunc_begin7                   @ DW_AT_low_pc
	.long	.Lfunc_end7-.Lfunc_begin7       @ DW_AT_high_pc
	.byte	1                               @ DW_AT_frame_base
	.byte	93
	.long	.Linfo_string38                 @ DW_AT_name
	.byte	3                               @ DW_AT_decl_file
	.byte	147                             @ DW_AT_decl_line
                                        @ DW_AT_prototyped
                                        @ DW_AT_external
	.byte	13                              @ Abbrev [13] 0x398:0xe DW_TAG_formal_parameter
	.byte	2                               @ DW_AT_location
	.byte	145
	.byte	4
	.long	.Linfo_string188                @ DW_AT_name
	.byte	3                               @ DW_AT_decl_file
	.byte	147                             @ DW_AT_decl_line
	.long	2784                            @ DW_AT_type
	.byte	0                               @ End Of Children Mark
	.byte	16                              @ Abbrev [16] 0x3a7:0x5 DW_TAG_pointer_type
	.long	940                             @ DW_AT_type
	.byte	17                              @ Abbrev [17] 0x3ac:0xc DW_TAG_typedef
	.long	952                             @ DW_AT_type
	.long	.Linfo_string170                @ DW_AT_name
	.byte	5                               @ DW_AT_decl_file
	.short	760                             @ DW_AT_decl_line
	.byte	18                              @ Abbrev [18] 0x3b8:0x6e DW_TAG_structure_type
	.byte	160                             @ DW_AT_byte_size
	.byte	5                               @ DW_AT_decl_file
	.short	717                             @ DW_AT_decl_line
	.byte	19                              @ Abbrev [19] 0x3bd:0xd DW_TAG_member
	.long	.Linfo_string47                 @ DW_AT_name
	.long	1062                            @ DW_AT_type
	.byte	5                               @ DW_AT_decl_file
	.short	720                             @ DW_AT_decl_line
	.byte	0                               @ DW_AT_data_member_location
	.byte	19                              @ Abbrev [19] 0x3ca:0xd DW_TAG_member
	.long	.Linfo_string102                @ DW_AT_name
	.long	1816                            @ DW_AT_type
	.byte	5                               @ DW_AT_decl_file
	.short	722                             @ DW_AT_decl_line
	.byte	4                               @ DW_AT_data_member_location
	.byte	19                              @ Abbrev [19] 0x3d7:0xd DW_TAG_member
	.long	.Linfo_string122                @ DW_AT_name
	.long	2100                            @ DW_AT_type
	.byte	5                               @ DW_AT_decl_file
	.short	724                             @ DW_AT_decl_line
	.byte	8                               @ DW_AT_data_member_location
	.byte	19                              @ Abbrev [19] 0x3e4:0xd DW_TAG_member
	.long	.Linfo_string152                @ DW_AT_name
	.long	2451                            @ DW_AT_type
	.byte	5                               @ DW_AT_decl_file
	.short	726                             @ DW_AT_decl_line
	.byte	108                             @ DW_AT_data_member_location
	.byte	19                              @ Abbrev [19] 0x3f1:0xd DW_TAG_member
	.long	.Linfo_string164                @ DW_AT_name
	.long	245                             @ DW_AT_type
	.byte	5                               @ DW_AT_decl_file
	.short	728                             @ DW_AT_decl_line
	.byte	148                             @ DW_AT_data_member_location
	.byte	19                              @ Abbrev [19] 0x3fe:0xd DW_TAG_member
	.long	.Linfo_string165                @ DW_AT_name
	.long	2599                            @ DW_AT_type
	.byte	5                               @ DW_AT_decl_file
	.short	731                             @ DW_AT_decl_line
	.byte	152                             @ DW_AT_data_member_location
	.byte	19                              @ Abbrev [19] 0x40b:0xd DW_TAG_member
	.long	.Linfo_string167                @ DW_AT_name
	.long	2615                            @ DW_AT_type
	.byte	5                               @ DW_AT_decl_file
	.short	733                             @ DW_AT_decl_line
	.byte	153                             @ DW_AT_data_member_location
	.byte	19                              @ Abbrev [19] 0x418:0xd DW_TAG_member
	.long	.Linfo_string169                @ DW_AT_name
	.long	1775                            @ DW_AT_type
	.byte	5                               @ DW_AT_decl_file
	.short	735                             @ DW_AT_decl_line
	.byte	156                             @ DW_AT_data_member_location
	.byte	0                               @ End Of Children Mark
	.byte	16                              @ Abbrev [16] 0x426:0x5 DW_TAG_pointer_type
	.long	1067                            @ DW_AT_type
	.byte	17                              @ Abbrev [17] 0x42b:0xc DW_TAG_typedef
	.long	1079                            @ DW_AT_type
	.long	.Linfo_string101                @ DW_AT_name
	.byte	7                               @ DW_AT_decl_file
	.short	369                             @ DW_AT_decl_line
	.byte	20                              @ Abbrev [20] 0x437:0x2b8 DW_TAG_structure_type
	.short	256                             @ DW_AT_byte_size
	.byte	7                               @ DW_AT_decl_file
	.short	314                             @ DW_AT_decl_line
	.byte	19                              @ Abbrev [19] 0x43d:0xd DW_TAG_member
	.long	.Linfo_string48                 @ DW_AT_name
	.long	1775                            @ DW_AT_type
	.byte	7                               @ DW_AT_decl_file
	.short	316                             @ DW_AT_decl_line
	.byte	0                               @ DW_AT_data_member_location
	.byte	19                              @ Abbrev [19] 0x44a:0xd DW_TAG_member
	.long	.Linfo_string49                 @ DW_AT_name
	.long	1775                            @ DW_AT_type
	.byte	7                               @ DW_AT_decl_file
	.short	317                             @ DW_AT_decl_line
	.byte	4                               @ DW_AT_data_member_location
	.byte	19                              @ Abbrev [19] 0x457:0xd DW_TAG_member
	.long	.Linfo_string50                 @ DW_AT_name
	.long	1775                            @ DW_AT_type
	.byte	7                               @ DW_AT_decl_file
	.short	318                             @ DW_AT_decl_line
	.byte	8                               @ DW_AT_data_member_location
	.byte	19                              @ Abbrev [19] 0x464:0xd DW_TAG_member
	.long	.Linfo_string51                 @ DW_AT_name
	.long	1775                            @ DW_AT_type
	.byte	7                               @ DW_AT_decl_file
	.short	319                             @ DW_AT_decl_line
	.byte	12                              @ DW_AT_data_member_location
	.byte	19                              @ Abbrev [19] 0x471:0xd DW_TAG_member
	.long	.Linfo_string52                 @ DW_AT_name
	.long	1775                            @ DW_AT_type
	.byte	7                               @ DW_AT_decl_file
	.short	320                             @ DW_AT_decl_line
	.byte	16                              @ DW_AT_data_member_location
	.byte	19                              @ Abbrev [19] 0x47e:0xd DW_TAG_member
	.long	.Linfo_string53                 @ DW_AT_name
	.long	1775                            @ DW_AT_type
	.byte	7                               @ DW_AT_decl_file
	.short	321                             @ DW_AT_decl_line
	.byte	20                              @ DW_AT_data_member_location
	.byte	19                              @ Abbrev [19] 0x48b:0xd DW_TAG_member
	.long	.Linfo_string54                 @ DW_AT_name
	.long	1775                            @ DW_AT_type
	.byte	7                               @ DW_AT_decl_file
	.short	322                             @ DW_AT_decl_line
	.byte	24                              @ DW_AT_data_member_location
	.byte	19                              @ Abbrev [19] 0x498:0xd DW_TAG_member
	.long	.Linfo_string55                 @ DW_AT_name
	.long	1775                            @ DW_AT_type
	.byte	7                               @ DW_AT_decl_file
	.short	323                             @ DW_AT_decl_line
	.byte	28                              @ DW_AT_data_member_location
	.byte	19                              @ Abbrev [19] 0x4a5:0xd DW_TAG_member
	.long	.Linfo_string56                 @ DW_AT_name
	.long	1775                            @ DW_AT_type
	.byte	7                               @ DW_AT_decl_file
	.short	324                             @ DW_AT_decl_line
	.byte	32                              @ DW_AT_data_member_location
	.byte	19                              @ Abbrev [19] 0x4b2:0xd DW_TAG_member
	.long	.Linfo_string57                 @ DW_AT_name
	.long	1775                            @ DW_AT_type
	.byte	7                               @ DW_AT_decl_file
	.short	325                             @ DW_AT_decl_line
	.byte	36                              @ DW_AT_data_member_location
	.byte	19                              @ Abbrev [19] 0x4bf:0xd DW_TAG_member
	.long	.Linfo_string58                 @ DW_AT_name
	.long	1775                            @ DW_AT_type
	.byte	7                               @ DW_AT_decl_file
	.short	326                             @ DW_AT_decl_line
	.byte	40                              @ DW_AT_data_member_location
	.byte	19                              @ Abbrev [19] 0x4cc:0xd DW_TAG_member
	.long	.Linfo_string59                 @ DW_AT_name
	.long	1775                            @ DW_AT_type
	.byte	7                               @ DW_AT_decl_file
	.short	327                             @ DW_AT_decl_line
	.byte	44                              @ DW_AT_data_member_location
	.byte	19                              @ Abbrev [19] 0x4d9:0xd DW_TAG_member
	.long	.Linfo_string60                 @ DW_AT_name
	.long	1780                            @ DW_AT_type
	.byte	7                               @ DW_AT_decl_file
	.short	328                             @ DW_AT_decl_line
	.byte	48                              @ DW_AT_data_member_location
	.byte	19                              @ Abbrev [19] 0x4e6:0xd DW_TAG_member
	.long	.Linfo_string61                 @ DW_AT_name
	.long	1775                            @ DW_AT_type
	.byte	7                               @ DW_AT_decl_file
	.short	329                             @ DW_AT_decl_line
	.byte	64                              @ DW_AT_data_member_location
	.byte	19                              @ Abbrev [19] 0x4f3:0xd DW_TAG_member
	.long	.Linfo_string62                 @ DW_AT_name
	.long	1775                            @ DW_AT_type
	.byte	7                               @ DW_AT_decl_file
	.short	330                             @ DW_AT_decl_line
	.byte	68                              @ DW_AT_data_member_location
	.byte	19                              @ Abbrev [19] 0x500:0xd DW_TAG_member
	.long	.Linfo_string63                 @ DW_AT_name
	.long	1775                            @ DW_AT_type
	.byte	7                               @ DW_AT_decl_file
	.short	331                             @ DW_AT_decl_line
	.byte	72                              @ DW_AT_data_member_location
	.byte	19                              @ Abbrev [19] 0x50d:0xd DW_TAG_member
	.long	.Linfo_string64                 @ DW_AT_name
	.long	1775                            @ DW_AT_type
	.byte	7                               @ DW_AT_decl_file
	.short	332                             @ DW_AT_decl_line
	.byte	76                              @ DW_AT_data_member_location
	.byte	19                              @ Abbrev [19] 0x51a:0xd DW_TAG_member
	.long	.Linfo_string65                 @ DW_AT_name
	.long	1775                            @ DW_AT_type
	.byte	7                               @ DW_AT_decl_file
	.short	333                             @ DW_AT_decl_line
	.byte	80                              @ DW_AT_data_member_location
	.byte	19                              @ Abbrev [19] 0x527:0xd DW_TAG_member
	.long	.Linfo_string66                 @ DW_AT_name
	.long	1775                            @ DW_AT_type
	.byte	7                               @ DW_AT_decl_file
	.short	334                             @ DW_AT_decl_line
	.byte	84                              @ DW_AT_data_member_location
	.byte	19                              @ Abbrev [19] 0x534:0xd DW_TAG_member
	.long	.Linfo_string67                 @ DW_AT_name
	.long	1775                            @ DW_AT_type
	.byte	7                               @ DW_AT_decl_file
	.short	335                             @ DW_AT_decl_line
	.byte	88                              @ DW_AT_data_member_location
	.byte	19                              @ Abbrev [19] 0x541:0xd DW_TAG_member
	.long	.Linfo_string68                 @ DW_AT_name
	.long	1775                            @ DW_AT_type
	.byte	7                               @ DW_AT_decl_file
	.short	336                             @ DW_AT_decl_line
	.byte	92                              @ DW_AT_data_member_location
	.byte	19                              @ Abbrev [19] 0x54e:0xd DW_TAG_member
	.long	.Linfo_string69                 @ DW_AT_name
	.long	1792                            @ DW_AT_type
	.byte	7                               @ DW_AT_decl_file
	.short	337                             @ DW_AT_decl_line
	.byte	96                              @ DW_AT_data_member_location
	.byte	19                              @ Abbrev [19] 0x55b:0xd DW_TAG_member
	.long	.Linfo_string70                 @ DW_AT_name
	.long	1775                            @ DW_AT_type
	.byte	7                               @ DW_AT_decl_file
	.short	338                             @ DW_AT_decl_line
	.byte	128                             @ DW_AT_data_member_location
	.byte	19                              @ Abbrev [19] 0x568:0xd DW_TAG_member
	.long	.Linfo_string71                 @ DW_AT_name
	.long	1775                            @ DW_AT_type
	.byte	7                               @ DW_AT_decl_file
	.short	339                             @ DW_AT_decl_line
	.byte	132                             @ DW_AT_data_member_location
	.byte	19                              @ Abbrev [19] 0x575:0xd DW_TAG_member
	.long	.Linfo_string72                 @ DW_AT_name
	.long	1775                            @ DW_AT_type
	.byte	7                               @ DW_AT_decl_file
	.short	340                             @ DW_AT_decl_line
	.byte	136                             @ DW_AT_data_member_location
	.byte	19                              @ Abbrev [19] 0x582:0xd DW_TAG_member
	.long	.Linfo_string73                 @ DW_AT_name
	.long	1775                            @ DW_AT_type
	.byte	7                               @ DW_AT_decl_file
	.short	341                             @ DW_AT_decl_line
	.byte	140                             @ DW_AT_data_member_location
	.byte	19                              @ Abbrev [19] 0x58f:0xd DW_TAG_member
	.long	.Linfo_string74                 @ DW_AT_name
	.long	1775                            @ DW_AT_type
	.byte	7                               @ DW_AT_decl_file
	.short	342                             @ DW_AT_decl_line
	.byte	144                             @ DW_AT_data_member_location
	.byte	19                              @ Abbrev [19] 0x59c:0xd DW_TAG_member
	.long	.Linfo_string75                 @ DW_AT_name
	.long	1775                            @ DW_AT_type
	.byte	7                               @ DW_AT_decl_file
	.short	343                             @ DW_AT_decl_line
	.byte	148                             @ DW_AT_data_member_location
	.byte	19                              @ Abbrev [19] 0x5a9:0xd DW_TAG_member
	.long	.Linfo_string76                 @ DW_AT_name
	.long	1775                            @ DW_AT_type
	.byte	7                               @ DW_AT_decl_file
	.short	344                             @ DW_AT_decl_line
	.byte	152                             @ DW_AT_data_member_location
	.byte	19                              @ Abbrev [19] 0x5b6:0xd DW_TAG_member
	.long	.Linfo_string77                 @ DW_AT_name
	.long	1775                            @ DW_AT_type
	.byte	7                               @ DW_AT_decl_file
	.short	345                             @ DW_AT_decl_line
	.byte	156                             @ DW_AT_data_member_location
	.byte	19                              @ Abbrev [19] 0x5c3:0xd DW_TAG_member
	.long	.Linfo_string78                 @ DW_AT_name
	.long	1775                            @ DW_AT_type
	.byte	7                               @ DW_AT_decl_file
	.short	346                             @ DW_AT_decl_line
	.byte	160                             @ DW_AT_data_member_location
	.byte	19                              @ Abbrev [19] 0x5d0:0xd DW_TAG_member
	.long	.Linfo_string79                 @ DW_AT_name
	.long	1775                            @ DW_AT_type
	.byte	7                               @ DW_AT_decl_file
	.short	347                             @ DW_AT_decl_line
	.byte	164                             @ DW_AT_data_member_location
	.byte	19                              @ Abbrev [19] 0x5dd:0xd DW_TAG_member
	.long	.Linfo_string80                 @ DW_AT_name
	.long	1775                            @ DW_AT_type
	.byte	7                               @ DW_AT_decl_file
	.short	348                             @ DW_AT_decl_line
	.byte	168                             @ DW_AT_data_member_location
	.byte	19                              @ Abbrev [19] 0x5ea:0xd DW_TAG_member
	.long	.Linfo_string81                 @ DW_AT_name
	.long	1775                            @ DW_AT_type
	.byte	7                               @ DW_AT_decl_file
	.short	349                             @ DW_AT_decl_line
	.byte	172                             @ DW_AT_data_member_location
	.byte	19                              @ Abbrev [19] 0x5f7:0xd DW_TAG_member
	.long	.Linfo_string82                 @ DW_AT_name
	.long	1775                            @ DW_AT_type
	.byte	7                               @ DW_AT_decl_file
	.short	350                             @ DW_AT_decl_line
	.byte	176                             @ DW_AT_data_member_location
	.byte	19                              @ Abbrev [19] 0x604:0xd DW_TAG_member
	.long	.Linfo_string83                 @ DW_AT_name
	.long	1775                            @ DW_AT_type
	.byte	7                               @ DW_AT_decl_file
	.short	351                             @ DW_AT_decl_line
	.byte	180                             @ DW_AT_data_member_location
	.byte	19                              @ Abbrev [19] 0x611:0xd DW_TAG_member
	.long	.Linfo_string84                 @ DW_AT_name
	.long	1775                            @ DW_AT_type
	.byte	7                               @ DW_AT_decl_file
	.short	352                             @ DW_AT_decl_line
	.byte	184                             @ DW_AT_data_member_location
	.byte	19                              @ Abbrev [19] 0x61e:0xd DW_TAG_member
	.long	.Linfo_string85                 @ DW_AT_name
	.long	1775                            @ DW_AT_type
	.byte	7                               @ DW_AT_decl_file
	.short	353                             @ DW_AT_decl_line
	.byte	188                             @ DW_AT_data_member_location
	.byte	19                              @ Abbrev [19] 0x62b:0xd DW_TAG_member
	.long	.Linfo_string86                 @ DW_AT_name
	.long	1775                            @ DW_AT_type
	.byte	7                               @ DW_AT_decl_file
	.short	354                             @ DW_AT_decl_line
	.byte	192                             @ DW_AT_data_member_location
	.byte	19                              @ Abbrev [19] 0x638:0xd DW_TAG_member
	.long	.Linfo_string87                 @ DW_AT_name
	.long	1775                            @ DW_AT_type
	.byte	7                               @ DW_AT_decl_file
	.short	355                             @ DW_AT_decl_line
	.byte	196                             @ DW_AT_data_member_location
	.byte	19                              @ Abbrev [19] 0x645:0xd DW_TAG_member
	.long	.Linfo_string88                 @ DW_AT_name
	.long	1775                            @ DW_AT_type
	.byte	7                               @ DW_AT_decl_file
	.short	356                             @ DW_AT_decl_line
	.byte	200                             @ DW_AT_data_member_location
	.byte	19                              @ Abbrev [19] 0x652:0xd DW_TAG_member
	.long	.Linfo_string89                 @ DW_AT_name
	.long	1775                            @ DW_AT_type
	.byte	7                               @ DW_AT_decl_file
	.short	357                             @ DW_AT_decl_line
	.byte	204                             @ DW_AT_data_member_location
	.byte	19                              @ Abbrev [19] 0x65f:0xd DW_TAG_member
	.long	.Linfo_string90                 @ DW_AT_name
	.long	1775                            @ DW_AT_type
	.byte	7                               @ DW_AT_decl_file
	.short	358                             @ DW_AT_decl_line
	.byte	208                             @ DW_AT_data_member_location
	.byte	19                              @ Abbrev [19] 0x66c:0xd DW_TAG_member
	.long	.Linfo_string91                 @ DW_AT_name
	.long	1775                            @ DW_AT_type
	.byte	7                               @ DW_AT_decl_file
	.short	359                             @ DW_AT_decl_line
	.byte	212                             @ DW_AT_data_member_location
	.byte	19                              @ Abbrev [19] 0x679:0xd DW_TAG_member
	.long	.Linfo_string92                 @ DW_AT_name
	.long	1775                            @ DW_AT_type
	.byte	7                               @ DW_AT_decl_file
	.short	360                             @ DW_AT_decl_line
	.byte	216                             @ DW_AT_data_member_location
	.byte	19                              @ Abbrev [19] 0x686:0xd DW_TAG_member
	.long	.Linfo_string93                 @ DW_AT_name
	.long	1775                            @ DW_AT_type
	.byte	7                               @ DW_AT_decl_file
	.short	361                             @ DW_AT_decl_line
	.byte	220                             @ DW_AT_data_member_location
	.byte	19                              @ Abbrev [19] 0x693:0xd DW_TAG_member
	.long	.Linfo_string94                 @ DW_AT_name
	.long	1775                            @ DW_AT_type
	.byte	7                               @ DW_AT_decl_file
	.short	362                             @ DW_AT_decl_line
	.byte	224                             @ DW_AT_data_member_location
	.byte	19                              @ Abbrev [19] 0x6a0:0xd DW_TAG_member
	.long	.Linfo_string95                 @ DW_AT_name
	.long	1775                            @ DW_AT_type
	.byte	7                               @ DW_AT_decl_file
	.short	363                             @ DW_AT_decl_line
	.byte	228                             @ DW_AT_data_member_location
	.byte	19                              @ Abbrev [19] 0x6ad:0xd DW_TAG_member
	.long	.Linfo_string96                 @ DW_AT_name
	.long	1804                            @ DW_AT_type
	.byte	7                               @ DW_AT_decl_file
	.short	364                             @ DW_AT_decl_line
	.byte	232                             @ DW_AT_data_member_location
	.byte	19                              @ Abbrev [19] 0x6ba:0xd DW_TAG_member
	.long	.Linfo_string97                 @ DW_AT_name
	.long	1775                            @ DW_AT_type
	.byte	7                               @ DW_AT_decl_file
	.short	365                             @ DW_AT_decl_line
	.byte	240                             @ DW_AT_data_member_location
	.byte	19                              @ Abbrev [19] 0x6c7:0xd DW_TAG_member
	.long	.Linfo_string98                 @ DW_AT_name
	.long	1775                            @ DW_AT_type
	.byte	7                               @ DW_AT_decl_file
	.short	366                             @ DW_AT_decl_line
	.byte	244                             @ DW_AT_data_member_location
	.byte	19                              @ Abbrev [19] 0x6d4:0xd DW_TAG_member
	.long	.Linfo_string99                 @ DW_AT_name
	.long	1775                            @ DW_AT_type
	.byte	7                               @ DW_AT_decl_file
	.short	367                             @ DW_AT_decl_line
	.byte	248                             @ DW_AT_data_member_location
	.byte	19                              @ Abbrev [19] 0x6e1:0xd DW_TAG_member
	.long	.Linfo_string100                @ DW_AT_name
	.long	1775                            @ DW_AT_type
	.byte	7                               @ DW_AT_decl_file
	.short	368                             @ DW_AT_decl_line
	.byte	252                             @ DW_AT_data_member_location
	.byte	0                               @ End Of Children Mark
	.byte	21                              @ Abbrev [21] 0x6ef:0x5 DW_TAG_volatile_type
	.long	245                             @ DW_AT_type
	.byte	7                               @ Abbrev [7] 0x6f4:0xc DW_TAG_array_type
	.long	1775                            @ DW_AT_type
	.byte	8                               @ Abbrev [8] 0x6f9:0x6 DW_TAG_subrange_type
	.long	186                             @ DW_AT_type
	.byte	4                               @ DW_AT_count
	.byte	0                               @ End Of Children Mark
	.byte	7                               @ Abbrev [7] 0x700:0xc DW_TAG_array_type
	.long	1775                            @ DW_AT_type
	.byte	8                               @ Abbrev [8] 0x705:0x6 DW_TAG_subrange_type
	.long	186                             @ DW_AT_type
	.byte	8                               @ DW_AT_count
	.byte	0                               @ End Of Children Mark
	.byte	7                               @ Abbrev [7] 0x70c:0xc DW_TAG_array_type
	.long	1775                            @ DW_AT_type
	.byte	8                               @ Abbrev [8] 0x711:0x6 DW_TAG_subrange_type
	.long	186                             @ DW_AT_type
	.byte	2                               @ DW_AT_count
	.byte	0                               @ End Of Children Mark
	.byte	16                              @ Abbrev [16] 0x718:0x5 DW_TAG_pointer_type
	.long	1821                            @ DW_AT_type
	.byte	17                              @ Abbrev [17] 0x71d:0xc DW_TAG_typedef
	.long	1833                            @ DW_AT_type
	.long	.Linfo_string121                @ DW_AT_name
	.byte	7                               @ DW_AT_decl_file
	.short	396                             @ DW_AT_decl_line
	.byte	20                              @ Abbrev [20] 0x729:0xff DW_TAG_structure_type
	.short	516                             @ DW_AT_byte_size
	.byte	7                               @ DW_AT_decl_file
	.short	375                             @ DW_AT_decl_line
	.byte	19                              @ Abbrev [19] 0x72f:0xd DW_TAG_member
	.long	.Linfo_string103                @ DW_AT_name
	.long	1775                            @ DW_AT_type
	.byte	7                               @ DW_AT_decl_file
	.short	377                             @ DW_AT_decl_line
	.byte	0                               @ DW_AT_data_member_location
	.byte	19                              @ Abbrev [19] 0x73c:0xd DW_TAG_member
	.long	.Linfo_string104                @ DW_AT_name
	.long	1775                            @ DW_AT_type
	.byte	7                               @ DW_AT_decl_file
	.short	378                             @ DW_AT_decl_line
	.byte	4                               @ DW_AT_data_member_location
	.byte	19                              @ Abbrev [19] 0x749:0xd DW_TAG_member
	.long	.Linfo_string105                @ DW_AT_name
	.long	1775                            @ DW_AT_type
	.byte	7                               @ DW_AT_decl_file
	.short	379                             @ DW_AT_decl_line
	.byte	8                               @ DW_AT_data_member_location
	.byte	19                              @ Abbrev [19] 0x756:0xd DW_TAG_member
	.long	.Linfo_string106                @ DW_AT_name
	.long	1775                            @ DW_AT_type
	.byte	7                               @ DW_AT_decl_file
	.short	380                             @ DW_AT_decl_line
	.byte	12                              @ DW_AT_data_member_location
	.byte	19                              @ Abbrev [19] 0x763:0xd DW_TAG_member
	.long	.Linfo_string107                @ DW_AT_name
	.long	1775                            @ DW_AT_type
	.byte	7                               @ DW_AT_decl_file
	.short	381                             @ DW_AT_decl_line
	.byte	16                              @ DW_AT_data_member_location
	.byte	19                              @ Abbrev [19] 0x770:0xd DW_TAG_member
	.long	.Linfo_string108                @ DW_AT_name
	.long	1775                            @ DW_AT_type
	.byte	7                               @ DW_AT_decl_file
	.short	382                             @ DW_AT_decl_line
	.byte	20                              @ DW_AT_data_member_location
	.byte	19                              @ Abbrev [19] 0x77d:0xd DW_TAG_member
	.long	.Linfo_string109                @ DW_AT_name
	.long	1775                            @ DW_AT_type
	.byte	7                               @ DW_AT_decl_file
	.short	383                             @ DW_AT_decl_line
	.byte	24                              @ DW_AT_data_member_location
	.byte	19                              @ Abbrev [19] 0x78a:0xd DW_TAG_member
	.long	.Linfo_string110                @ DW_AT_name
	.long	1775                            @ DW_AT_type
	.byte	7                               @ DW_AT_decl_file
	.short	384                             @ DW_AT_decl_line
	.byte	28                              @ DW_AT_data_member_location
	.byte	19                              @ Abbrev [19] 0x797:0xd DW_TAG_member
	.long	.Linfo_string111                @ DW_AT_name
	.long	1775                            @ DW_AT_type
	.byte	7                               @ DW_AT_decl_file
	.short	385                             @ DW_AT_decl_line
	.byte	32                              @ DW_AT_data_member_location
	.byte	19                              @ Abbrev [19] 0x7a4:0xd DW_TAG_member
	.long	.Linfo_string112                @ DW_AT_name
	.long	1775                            @ DW_AT_type
	.byte	7                               @ DW_AT_decl_file
	.short	386                             @ DW_AT_decl_line
	.byte	36                              @ DW_AT_data_member_location
	.byte	19                              @ Abbrev [19] 0x7b1:0xd DW_TAG_member
	.long	.Linfo_string113                @ DW_AT_name
	.long	1775                            @ DW_AT_type
	.byte	7                               @ DW_AT_decl_file
	.short	387                             @ DW_AT_decl_line
	.byte	40                              @ DW_AT_data_member_location
	.byte	19                              @ Abbrev [19] 0x7be:0xd DW_TAG_member
	.long	.Linfo_string114                @ DW_AT_name
	.long	1775                            @ DW_AT_type
	.byte	7                               @ DW_AT_decl_file
	.short	388                             @ DW_AT_decl_line
	.byte	44                              @ DW_AT_data_member_location
	.byte	19                              @ Abbrev [19] 0x7cb:0xd DW_TAG_member
	.long	.Linfo_string115                @ DW_AT_name
	.long	1775                            @ DW_AT_type
	.byte	7                               @ DW_AT_decl_file
	.short	389                             @ DW_AT_decl_line
	.byte	48                              @ DW_AT_data_member_location
	.byte	19                              @ Abbrev [19] 0x7d8:0xd DW_TAG_member
	.long	.Linfo_string116                @ DW_AT_name
	.long	1775                            @ DW_AT_type
	.byte	7                               @ DW_AT_decl_file
	.short	390                             @ DW_AT_decl_line
	.byte	52                              @ DW_AT_data_member_location
	.byte	19                              @ Abbrev [19] 0x7e5:0xd DW_TAG_member
	.long	.Linfo_string117                @ DW_AT_name
	.long	1775                            @ DW_AT_type
	.byte	7                               @ DW_AT_decl_file
	.short	391                             @ DW_AT_decl_line
	.byte	56                              @ DW_AT_data_member_location
	.byte	19                              @ Abbrev [19] 0x7f2:0xd DW_TAG_member
	.long	.Linfo_string118                @ DW_AT_name
	.long	1775                            @ DW_AT_type
	.byte	7                               @ DW_AT_decl_file
	.short	392                             @ DW_AT_decl_line
	.byte	60                              @ DW_AT_data_member_location
	.byte	19                              @ Abbrev [19] 0x7ff:0xd DW_TAG_member
	.long	.Linfo_string119                @ DW_AT_name
	.long	1775                            @ DW_AT_type
	.byte	7                               @ DW_AT_decl_file
	.short	393                             @ DW_AT_decl_line
	.byte	64                              @ DW_AT_data_member_location
	.byte	19                              @ Abbrev [19] 0x80c:0xd DW_TAG_member
	.long	.Linfo_string50                 @ DW_AT_name
	.long	2088                            @ DW_AT_type
	.byte	7                               @ DW_AT_decl_file
	.short	394                             @ DW_AT_decl_line
	.byte	68                              @ DW_AT_data_member_location
	.byte	22                              @ Abbrev [22] 0x819:0xe DW_TAG_member
	.long	.Linfo_string120                @ DW_AT_name
	.long	1775                            @ DW_AT_type
	.byte	7                               @ DW_AT_decl_file
	.short	395                             @ DW_AT_decl_line
	.short	512                             @ DW_AT_data_member_location
	.byte	0                               @ End Of Children Mark
	.byte	7                               @ Abbrev [7] 0x828:0xc DW_TAG_array_type
	.long	1775                            @ DW_AT_type
	.byte	8                               @ Abbrev [8] 0x82d:0x6 DW_TAG_subrange_type
	.long	186                             @ DW_AT_type
	.byte	111                             @ DW_AT_count
	.byte	0                               @ End Of Children Mark
	.byte	3                               @ Abbrev [3] 0x834:0xb DW_TAG_typedef
	.long	2111                            @ DW_AT_type
	.long	.Linfo_string151                @ DW_AT_name
	.byte	5                               @ DW_AT_decl_file
	.byte	148                             @ DW_AT_decl_line
	.byte	4                               @ Abbrev [4] 0x83f:0x149 DW_TAG_structure_type
	.byte	100                             @ DW_AT_byte_size
	.byte	5                               @ DW_AT_decl_file
	.byte	59                              @ DW_AT_decl_line
	.byte	5                               @ Abbrev [5] 0x843:0xc DW_TAG_member
	.long	.Linfo_string123                @ DW_AT_name
	.long	245                             @ DW_AT_type
	.byte	5                               @ DW_AT_decl_file
	.byte	61                              @ DW_AT_decl_line
	.byte	0                               @ DW_AT_data_member_location
	.byte	5                               @ Abbrev [5] 0x84f:0xc DW_TAG_member
	.long	.Linfo_string124                @ DW_AT_name
	.long	245                             @ DW_AT_type
	.byte	5                               @ DW_AT_decl_file
	.byte	64                              @ DW_AT_decl_line
	.byte	4                               @ DW_AT_data_member_location
	.byte	5                               @ Abbrev [5] 0x85b:0xc DW_TAG_member
	.long	.Linfo_string125                @ DW_AT_name
	.long	2440                            @ DW_AT_type
	.byte	5                               @ DW_AT_decl_file
	.byte	67                              @ DW_AT_decl_line
	.byte	8                               @ DW_AT_data_member_location
	.byte	5                               @ Abbrev [5] 0x867:0xc DW_TAG_member
	.long	.Linfo_string127                @ DW_AT_name
	.long	2440                            @ DW_AT_type
	.byte	5                               @ DW_AT_decl_file
	.byte	70                              @ DW_AT_decl_line
	.byte	9                               @ DW_AT_data_member_location
	.byte	5                               @ Abbrev [5] 0x873:0xc DW_TAG_member
	.long	.Linfo_string128                @ DW_AT_name
	.long	2440                            @ DW_AT_type
	.byte	5                               @ DW_AT_decl_file
	.byte	73                              @ DW_AT_decl_line
	.byte	10                              @ DW_AT_data_member_location
	.byte	5                               @ Abbrev [5] 0x87f:0xc DW_TAG_member
	.long	.Linfo_string129                @ DW_AT_name
	.long	245                             @ DW_AT_type
	.byte	5                               @ DW_AT_decl_file
	.byte	76                              @ DW_AT_decl_line
	.byte	12                              @ DW_AT_data_member_location
	.byte	5                               @ Abbrev [5] 0x88b:0xc DW_TAG_member
	.long	.Linfo_string130                @ DW_AT_name
	.long	245                             @ DW_AT_type
	.byte	5                               @ DW_AT_decl_file
	.byte	80                              @ DW_AT_decl_line
	.byte	16                              @ DW_AT_data_member_location
	.byte	5                               @ Abbrev [5] 0x897:0xc DW_TAG_member
	.long	.Linfo_string131                @ DW_AT_name
	.long	245                             @ DW_AT_type
	.byte	5                               @ DW_AT_decl_file
	.byte	85                              @ DW_AT_decl_line
	.byte	20                              @ DW_AT_data_member_location
	.byte	5                               @ Abbrev [5] 0x8a3:0xc DW_TAG_member
	.long	.Linfo_string132                @ DW_AT_name
	.long	245                             @ DW_AT_type
	.byte	5                               @ DW_AT_decl_file
	.byte	88                              @ DW_AT_decl_line
	.byte	24                              @ DW_AT_data_member_location
	.byte	5                               @ Abbrev [5] 0x8af:0xc DW_TAG_member
	.long	.Linfo_string133                @ DW_AT_name
	.long	245                             @ DW_AT_type
	.byte	5                               @ DW_AT_decl_file
	.byte	91                              @ DW_AT_decl_line
	.byte	28                              @ DW_AT_data_member_location
	.byte	5                               @ Abbrev [5] 0x8bb:0xc DW_TAG_member
	.long	.Linfo_string134                @ DW_AT_name
	.long	245                             @ DW_AT_type
	.byte	5                               @ DW_AT_decl_file
	.byte	95                              @ DW_AT_decl_line
	.byte	32                              @ DW_AT_data_member_location
	.byte	5                               @ Abbrev [5] 0x8c7:0xc DW_TAG_member
	.long	.Linfo_string135                @ DW_AT_name
	.long	245                             @ DW_AT_type
	.byte	5                               @ DW_AT_decl_file
	.byte	100                             @ DW_AT_decl_line
	.byte	36                              @ DW_AT_data_member_location
	.byte	5                               @ Abbrev [5] 0x8d3:0xc DW_TAG_member
	.long	.Linfo_string136                @ DW_AT_name
	.long	245                             @ DW_AT_type
	.byte	5                               @ DW_AT_decl_file
	.byte	103                             @ DW_AT_decl_line
	.byte	40                              @ DW_AT_data_member_location
	.byte	5                               @ Abbrev [5] 0x8df:0xc DW_TAG_member
	.long	.Linfo_string137                @ DW_AT_name
	.long	245                             @ DW_AT_type
	.byte	5                               @ DW_AT_decl_file
	.byte	106                             @ DW_AT_decl_line
	.byte	44                              @ DW_AT_data_member_location
	.byte	5                               @ Abbrev [5] 0x8eb:0xc DW_TAG_member
	.long	.Linfo_string138                @ DW_AT_name
	.long	245                             @ DW_AT_type
	.byte	5                               @ DW_AT_decl_file
	.byte	109                             @ DW_AT_decl_line
	.byte	48                              @ DW_AT_data_member_location
	.byte	5                               @ Abbrev [5] 0x8f7:0xc DW_TAG_member
	.long	.Linfo_string139                @ DW_AT_name
	.long	245                             @ DW_AT_type
	.byte	5                               @ DW_AT_decl_file
	.byte	112                             @ DW_AT_decl_line
	.byte	52                              @ DW_AT_data_member_location
	.byte	5                               @ Abbrev [5] 0x903:0xc DW_TAG_member
	.long	.Linfo_string140                @ DW_AT_name
	.long	245                             @ DW_AT_type
	.byte	5                               @ DW_AT_decl_file
	.byte	115                             @ DW_AT_decl_line
	.byte	56                              @ DW_AT_data_member_location
	.byte	5                               @ Abbrev [5] 0x90f:0xc DW_TAG_member
	.long	.Linfo_string141                @ DW_AT_name
	.long	245                             @ DW_AT_type
	.byte	5                               @ DW_AT_decl_file
	.byte	118                             @ DW_AT_decl_line
	.byte	60                              @ DW_AT_data_member_location
	.byte	5                               @ Abbrev [5] 0x91b:0xc DW_TAG_member
	.long	.Linfo_string142                @ DW_AT_name
	.long	245                             @ DW_AT_type
	.byte	5                               @ DW_AT_decl_file
	.byte	121                             @ DW_AT_decl_line
	.byte	64                              @ DW_AT_data_member_location
	.byte	5                               @ Abbrev [5] 0x927:0xc DW_TAG_member
	.long	.Linfo_string143                @ DW_AT_name
	.long	245                             @ DW_AT_type
	.byte	5                               @ DW_AT_decl_file
	.byte	124                             @ DW_AT_decl_line
	.byte	68                              @ DW_AT_data_member_location
	.byte	5                               @ Abbrev [5] 0x933:0xc DW_TAG_member
	.long	.Linfo_string144                @ DW_AT_name
	.long	245                             @ DW_AT_type
	.byte	5                               @ DW_AT_decl_file
	.byte	127                             @ DW_AT_decl_line
	.byte	72                              @ DW_AT_data_member_location
	.byte	5                               @ Abbrev [5] 0x93f:0xc DW_TAG_member
	.long	.Linfo_string145                @ DW_AT_name
	.long	245                             @ DW_AT_type
	.byte	5                               @ DW_AT_decl_file
	.byte	130                             @ DW_AT_decl_line
	.byte	76                              @ DW_AT_data_member_location
	.byte	5                               @ Abbrev [5] 0x94b:0xc DW_TAG_member
	.long	.Linfo_string146                @ DW_AT_name
	.long	245                             @ DW_AT_type
	.byte	5                               @ DW_AT_decl_file
	.byte	133                             @ DW_AT_decl_line
	.byte	80                              @ DW_AT_data_member_location
	.byte	5                               @ Abbrev [5] 0x957:0xc DW_TAG_member
	.long	.Linfo_string147                @ DW_AT_name
	.long	245                             @ DW_AT_type
	.byte	5                               @ DW_AT_decl_file
	.byte	136                             @ DW_AT_decl_line
	.byte	84                              @ DW_AT_data_member_location
	.byte	5                               @ Abbrev [5] 0x963:0xc DW_TAG_member
	.long	.Linfo_string148                @ DW_AT_name
	.long	245                             @ DW_AT_type
	.byte	5                               @ DW_AT_decl_file
	.byte	139                             @ DW_AT_decl_line
	.byte	88                              @ DW_AT_data_member_location
	.byte	5                               @ Abbrev [5] 0x96f:0xc DW_TAG_member
	.long	.Linfo_string149                @ DW_AT_name
	.long	245                             @ DW_AT_type
	.byte	5                               @ DW_AT_decl_file
	.byte	142                             @ DW_AT_decl_line
	.byte	92                              @ DW_AT_data_member_location
	.byte	5                               @ Abbrev [5] 0x97b:0xc DW_TAG_member
	.long	.Linfo_string150                @ DW_AT_name
	.long	245                             @ DW_AT_type
	.byte	5                               @ DW_AT_decl_file
	.byte	145                             @ DW_AT_decl_line
	.byte	96                              @ DW_AT_data_member_location
	.byte	0                               @ End Of Children Mark
	.byte	3                               @ Abbrev [3] 0x988:0xb DW_TAG_typedef
	.long	263                             @ DW_AT_type
	.long	.Linfo_string126                @ DW_AT_name
	.byte	4                               @ DW_AT_decl_file
	.byte	190                             @ DW_AT_decl_line
	.byte	17                              @ Abbrev [17] 0x993:0xc DW_TAG_typedef
	.long	2463                            @ DW_AT_type
	.long	.Linfo_string163                @ DW_AT_name
	.byte	5                               @ DW_AT_decl_file
	.short	709                             @ DW_AT_decl_line
	.byte	18                              @ Abbrev [18] 0x99f:0x88 DW_TAG_structure_type
	.byte	40                              @ DW_AT_byte_size
	.byte	5                               @ DW_AT_decl_file
	.short	677                             @ DW_AT_decl_line
	.byte	19                              @ Abbrev [19] 0x9a4:0xd DW_TAG_member
	.long	.Linfo_string153                @ DW_AT_name
	.long	245                             @ DW_AT_type
	.byte	5                               @ DW_AT_decl_file
	.short	679                             @ DW_AT_decl_line
	.byte	0                               @ DW_AT_data_member_location
	.byte	19                              @ Abbrev [19] 0x9b1:0xd DW_TAG_member
	.long	.Linfo_string154                @ DW_AT_name
	.long	245                             @ DW_AT_type
	.byte	5                               @ DW_AT_decl_file
	.short	682                             @ DW_AT_decl_line
	.byte	4                               @ DW_AT_data_member_location
	.byte	19                              @ Abbrev [19] 0x9be:0xd DW_TAG_member
	.long	.Linfo_string155                @ DW_AT_name
	.long	245                             @ DW_AT_type
	.byte	5                               @ DW_AT_decl_file
	.short	685                             @ DW_AT_decl_line
	.byte	8                               @ DW_AT_data_member_location
	.byte	19                              @ Abbrev [19] 0x9cb:0xd DW_TAG_member
	.long	.Linfo_string156                @ DW_AT_name
	.long	245                             @ DW_AT_type
	.byte	5                               @ DW_AT_decl_file
	.short	688                             @ DW_AT_decl_line
	.byte	12                              @ DW_AT_data_member_location
	.byte	19                              @ Abbrev [19] 0x9d8:0xd DW_TAG_member
	.long	.Linfo_string157                @ DW_AT_name
	.long	245                             @ DW_AT_type
	.byte	5                               @ DW_AT_decl_file
	.short	691                             @ DW_AT_decl_line
	.byte	16                              @ DW_AT_data_member_location
	.byte	19                              @ Abbrev [19] 0x9e5:0xd DW_TAG_member
	.long	.Linfo_string158                @ DW_AT_name
	.long	245                             @ DW_AT_type
	.byte	5                               @ DW_AT_decl_file
	.short	694                             @ DW_AT_decl_line
	.byte	20                              @ DW_AT_data_member_location
	.byte	19                              @ Abbrev [19] 0x9f2:0xd DW_TAG_member
	.long	.Linfo_string159                @ DW_AT_name
	.long	245                             @ DW_AT_type
	.byte	5                               @ DW_AT_decl_file
	.short	697                             @ DW_AT_decl_line
	.byte	24                              @ DW_AT_data_member_location
	.byte	19                              @ Abbrev [19] 0x9ff:0xd DW_TAG_member
	.long	.Linfo_string160                @ DW_AT_name
	.long	245                             @ DW_AT_type
	.byte	5                               @ DW_AT_decl_file
	.short	700                             @ DW_AT_decl_line
	.byte	28                              @ DW_AT_data_member_location
	.byte	19                              @ Abbrev [19] 0xa0c:0xd DW_TAG_member
	.long	.Linfo_string161                @ DW_AT_name
	.long	245                             @ DW_AT_type
	.byte	5                               @ DW_AT_decl_file
	.short	703                             @ DW_AT_decl_line
	.byte	32                              @ DW_AT_data_member_location
	.byte	19                              @ Abbrev [19] 0xa19:0xd DW_TAG_member
	.long	.Linfo_string162                @ DW_AT_name
	.long	245                             @ DW_AT_type
	.byte	5                               @ DW_AT_decl_file
	.short	706                             @ DW_AT_decl_line
	.byte	36                              @ DW_AT_data_member_location
	.byte	0                               @ End Of Children Mark
	.byte	21                              @ Abbrev [21] 0xa27:0x5 DW_TAG_volatile_type
	.long	2604                            @ DW_AT_type
	.byte	3                               @ Abbrev [3] 0xa2c:0xb DW_TAG_typedef
	.long	291                             @ DW_AT_type
	.long	.Linfo_string166                @ DW_AT_name
	.byte	5                               @ DW_AT_decl_file
	.byte	54                              @ DW_AT_decl_line
	.byte	3                               @ Abbrev [3] 0xa37:0xb DW_TAG_typedef
	.long	324                             @ DW_AT_type
	.long	.Linfo_string168                @ DW_AT_name
	.byte	6                               @ DW_AT_decl_file
	.byte	54                              @ DW_AT_decl_line
	.byte	3                               @ Abbrev [3] 0xa42:0xb DW_TAG_typedef
	.long	2637                            @ DW_AT_type
	.long	.Linfo_string173                @ DW_AT_name
	.byte	2                               @ DW_AT_decl_file
	.byte	63                              @ DW_AT_decl_line
	.byte	6                               @ Abbrev [6] 0xa4d:0x7 DW_TAG_base_type
	.long	.Linfo_string172                @ DW_AT_name
	.byte	7                               @ DW_AT_encoding
	.byte	2                               @ DW_AT_byte_size
	.byte	17                              @ Abbrev [17] 0xa54:0xc DW_TAG_typedef
	.long	2656                            @ DW_AT_type
	.long	.Linfo_string185                @ DW_AT_name
	.byte	5                               @ DW_AT_decl_file
	.short	267                             @ DW_AT_decl_line
	.byte	4                               @ Abbrev [4] 0xa60:0x74 DW_TAG_structure_type
	.byte	36                              @ DW_AT_byte_size
	.byte	5                               @ DW_AT_decl_file
	.byte	232                             @ DW_AT_decl_line
	.byte	5                               @ Abbrev [5] 0xa64:0xc DW_TAG_member
	.long	.Linfo_string176                @ DW_AT_name
	.long	245                             @ DW_AT_type
	.byte	5                               @ DW_AT_decl_file
	.byte	234                             @ DW_AT_decl_line
	.byte	0                               @ DW_AT_data_member_location
	.byte	5                               @ Abbrev [5] 0xa70:0xc DW_TAG_member
	.long	.Linfo_string177                @ DW_AT_name
	.long	245                             @ DW_AT_type
	.byte	5                               @ DW_AT_decl_file
	.byte	239                             @ DW_AT_decl_line
	.byte	4                               @ DW_AT_data_member_location
	.byte	5                               @ Abbrev [5] 0xa7c:0xc DW_TAG_member
	.long	.Linfo_string178                @ DW_AT_name
	.long	245                             @ DW_AT_type
	.byte	5                               @ DW_AT_decl_file
	.byte	243                             @ DW_AT_decl_line
	.byte	8                               @ DW_AT_data_member_location
	.byte	5                               @ Abbrev [5] 0xa88:0xc DW_TAG_member
	.long	.Linfo_string179                @ DW_AT_name
	.long	245                             @ DW_AT_type
	.byte	5                               @ DW_AT_decl_file
	.byte	246                             @ DW_AT_decl_line
	.byte	12                              @ DW_AT_data_member_location
	.byte	5                               @ Abbrev [5] 0xa94:0xc DW_TAG_member
	.long	.Linfo_string180                @ DW_AT_name
	.long	245                             @ DW_AT_type
	.byte	5                               @ DW_AT_decl_file
	.byte	249                             @ DW_AT_decl_line
	.byte	16                              @ DW_AT_data_member_location
	.byte	5                               @ Abbrev [5] 0xaa0:0xc DW_TAG_member
	.long	.Linfo_string181                @ DW_AT_name
	.long	245                             @ DW_AT_type
	.byte	5                               @ DW_AT_decl_file
	.byte	252                             @ DW_AT_decl_line
	.byte	20                              @ DW_AT_data_member_location
	.byte	19                              @ Abbrev [19] 0xaac:0xd DW_TAG_member
	.long	.Linfo_string182                @ DW_AT_name
	.long	245                             @ DW_AT_type
	.byte	5                               @ DW_AT_decl_file
	.short	256                             @ DW_AT_decl_line
	.byte	24                              @ DW_AT_data_member_location
	.byte	19                              @ Abbrev [19] 0xab9:0xd DW_TAG_member
	.long	.Linfo_string183                @ DW_AT_name
	.long	245                             @ DW_AT_type
	.byte	5                               @ DW_AT_decl_file
	.short	260                             @ DW_AT_decl_line
	.byte	28                              @ DW_AT_data_member_location
	.byte	19                              @ Abbrev [19] 0xac6:0xd DW_TAG_member
	.long	.Linfo_string184                @ DW_AT_name
	.long	245                             @ DW_AT_type
	.byte	5                               @ DW_AT_decl_file
	.short	263                             @ DW_AT_decl_line
	.byte	32                              @ DW_AT_data_member_location
	.byte	0                               @ End Of Children Mark
	.byte	7                               @ Abbrev [7] 0xad4:0xc DW_TAG_array_type
	.long	352                             @ DW_AT_type
	.byte	8                               @ Abbrev [8] 0xad9:0x6 DW_TAG_subrange_type
	.long	186                             @ DW_AT_type
	.byte	4                               @ DW_AT_count
	.byte	0                               @ End Of Children Mark
	.byte	16                              @ Abbrev [16] 0xae0:0x5 DW_TAG_pointer_type
	.long	352                             @ DW_AT_type
	.byte	7                               @ Abbrev [7] 0xae5:0xc DW_TAG_array_type
	.long	2626                            @ DW_AT_type
	.byte	8                               @ Abbrev [8] 0xaea:0x6 DW_TAG_subrange_type
	.long	186                             @ DW_AT_type
	.byte	3                               @ DW_AT_count
	.byte	0                               @ End Of Children Mark
	.byte	7                               @ Abbrev [7] 0xaf1:0xc DW_TAG_array_type
	.long	345                             @ DW_AT_type
	.byte	8                               @ Abbrev [8] 0xaf6:0x6 DW_TAG_subrange_type
	.long	186                             @ DW_AT_type
	.byte	3                               @ DW_AT_count
	.byte	0                               @ End Of Children Mark
	.byte	0                               @ End Of Children Mark
.Ldebug_info_end0:
	.section	.debug_ranges,"",%progbits
.Ldebug_ranges0:
	.long	.Lfunc_begin0
	.long	.Lfunc_end0
	.long	.Lfunc_begin1
	.long	.Lfunc_end1
	.long	.Lfunc_begin2
	.long	.Lfunc_end2
	.long	.Lfunc_begin3
	.long	.Lfunc_end3
	.long	.Lfunc_begin4
	.long	.Lfunc_end4
	.long	.Lfunc_begin5
	.long	.Lfunc_end5
	.long	.Lfunc_begin6
	.long	.Lfunc_end6
	.long	.Lfunc_begin7
	.long	.Lfunc_end7
	.long	0
	.long	0
	.section	.debug_str,"MS",%progbits,1
.Linfo_string0:
	.asciz	"Component: Arm Compiler for Embedded 6.24 Tool: armclang [5f371800]" @ string offset=0
.Linfo_string1:
	.asciz	"../Device/Src\\DM_imu.c"       @ string offset=68
.Linfo_string2:
	.asciz	"D:\\stm32_project\\daily_work\\new_bubing\\cod_update_2.0\\COD_H7_Template\\MDK-ARM" @ string offset=91
.Linfo_string3:
	.asciz	"DM_IMU_Info"                   @ string offset=169
.Linfo_string4:
	.asciz	"pitch"                         @ string offset=181
.Linfo_string5:
	.asciz	"float"                         @ string offset=187
.Linfo_string6:
	.asciz	"roll"                          @ string offset=193
.Linfo_string7:
	.asciz	"yaw"                           @ string offset=198
.Linfo_string8:
	.asciz	"gyro"                          @ string offset=202
.Linfo_string9:
	.asciz	"__ARRAY_SIZE_TYPE__"           @ string offset=207
.Linfo_string10:
	.asciz	"accel"                         @ string offset=227
.Linfo_string11:
	.asciz	"q"                             @ string offset=233
.Linfo_string12:
	.asciz	"cur_temp"                      @ string offset=235
.Linfo_string13:
	.asciz	"CANFrame"                      @ string offset=244
.Linfo_string14:
	.asciz	"TxIdentifier"                  @ string offset=253
.Linfo_string15:
	.asciz	"unsigned int"                  @ string offset=266
.Linfo_string16:
	.asciz	"uint32_t"                      @ string offset=279
.Linfo_string17:
	.asciz	"RxIdentifier"                  @ string offset=288
.Linfo_string18:
	.asciz	"IMU_CANFrameInfo_typedef"      @ string offset=301
.Linfo_string19:
	.asciz	"DM_IMU_Info_Typedef"           @ string offset=326
.Linfo_string20:
	.asciz	"unsigned char"                 @ string offset=346
.Linfo_string21:
	.asciz	"DISABLE"                       @ string offset=360
.Linfo_string22:
	.asciz	"ENABLE"                        @ string offset=368
.Linfo_string23:
	.asciz	"HAL_FDCAN_STATE_RESET"         @ string offset=375
.Linfo_string24:
	.asciz	"HAL_FDCAN_STATE_READY"         @ string offset=397
.Linfo_string25:
	.asciz	"HAL_FDCAN_STATE_BUSY"          @ string offset=419
.Linfo_string26:
	.asciz	"HAL_FDCAN_STATE_ERROR"         @ string offset=440
.Linfo_string27:
	.asciz	"HAL_UNLOCKED"                  @ string offset=462
.Linfo_string28:
	.asciz	"HAL_LOCKED"                    @ string offset=475
.Linfo_string29:
	.asciz	"int"                           @ string offset=486
.Linfo_string30:
	.asciz	"uint8_t"                       @ string offset=490
.Linfo_string31:
	.asciz	"float_to_uint"                 @ string offset=498
.Linfo_string32:
	.asciz	"uint_to_float"                 @ string offset=512
.Linfo_string33:
	.asciz	"IMU_RequestData"               @ string offset=526
.Linfo_string34:
	.asciz	"DM_IMU_Accel_Update"           @ string offset=542
.Linfo_string35:
	.asciz	"DM_IMU_Gyro_Update"            @ string offset=562
.Linfo_string36:
	.asciz	"DM_IMU_Euler_Update"           @ string offset=581
.Linfo_string37:
	.asciz	"DM_IMU_Quaternion_Update"      @ string offset=601
.Linfo_string38:
	.asciz	"DM_IMU_Info_Update"            @ string offset=626
.Linfo_string39:
	.asciz	"x_float"                       @ string offset=645
.Linfo_string40:
	.asciz	"x_min"                         @ string offset=653
.Linfo_string41:
	.asciz	"x_max"                         @ string offset=659
.Linfo_string42:
	.asciz	"bits"                          @ string offset=665
.Linfo_string43:
	.asciz	"span"                          @ string offset=670
.Linfo_string44:
	.asciz	"offset"                        @ string offset=675
.Linfo_string45:
	.asciz	"x_int"                         @ string offset=682
.Linfo_string46:
	.asciz	"hcan"                          @ string offset=688
.Linfo_string47:
	.asciz	"Instance"                      @ string offset=693
.Linfo_string48:
	.asciz	"CREL"                          @ string offset=702
.Linfo_string49:
	.asciz	"ENDN"                          @ string offset=707
.Linfo_string50:
	.asciz	"RESERVED1"                     @ string offset=712
.Linfo_string51:
	.asciz	"DBTP"                          @ string offset=722
.Linfo_string52:
	.asciz	"TEST"                          @ string offset=727
.Linfo_string53:
	.asciz	"RWD"                           @ string offset=732
.Linfo_string54:
	.asciz	"CCCR"                          @ string offset=736
.Linfo_string55:
	.asciz	"NBTP"                          @ string offset=741
.Linfo_string56:
	.asciz	"TSCC"                          @ string offset=746
.Linfo_string57:
	.asciz	"TSCV"                          @ string offset=751
.Linfo_string58:
	.asciz	"TOCC"                          @ string offset=756
.Linfo_string59:
	.asciz	"TOCV"                          @ string offset=761
.Linfo_string60:
	.asciz	"RESERVED2"                     @ string offset=766
.Linfo_string61:
	.asciz	"ECR"                           @ string offset=776
.Linfo_string62:
	.asciz	"PSR"                           @ string offset=780
.Linfo_string63:
	.asciz	"TDCR"                          @ string offset=784
.Linfo_string64:
	.asciz	"RESERVED3"                     @ string offset=789
.Linfo_string65:
	.asciz	"IR"                            @ string offset=799
.Linfo_string66:
	.asciz	"IE"                            @ string offset=802
.Linfo_string67:
	.asciz	"ILS"                           @ string offset=805
.Linfo_string68:
	.asciz	"ILE"                           @ string offset=809
.Linfo_string69:
	.asciz	"RESERVED4"                     @ string offset=813
.Linfo_string70:
	.asciz	"GFC"                           @ string offset=823
.Linfo_string71:
	.asciz	"SIDFC"                         @ string offset=827
.Linfo_string72:
	.asciz	"XIDFC"                         @ string offset=833
.Linfo_string73:
	.asciz	"RESERVED5"                     @ string offset=839
.Linfo_string74:
	.asciz	"XIDAM"                         @ string offset=849
.Linfo_string75:
	.asciz	"HPMS"                          @ string offset=855
.Linfo_string76:
	.asciz	"NDAT1"                         @ string offset=860
.Linfo_string77:
	.asciz	"NDAT2"                         @ string offset=866
.Linfo_string78:
	.asciz	"RXF0C"                         @ string offset=872
.Linfo_string79:
	.asciz	"RXF0S"                         @ string offset=878
.Linfo_string80:
	.asciz	"RXF0A"                         @ string offset=884
.Linfo_string81:
	.asciz	"RXBC"                          @ string offset=890
.Linfo_string82:
	.asciz	"RXF1C"                         @ string offset=895
.Linfo_string83:
	.asciz	"RXF1S"                         @ string offset=901
.Linfo_string84:
	.asciz	"RXF1A"                         @ string offset=907
.Linfo_string85:
	.asciz	"RXESC"                         @ string offset=913
.Linfo_string86:
	.asciz	"TXBC"                          @ string offset=919
.Linfo_string87:
	.asciz	"TXFQS"                         @ string offset=924
.Linfo_string88:
	.asciz	"TXESC"                         @ string offset=930
.Linfo_string89:
	.asciz	"TXBRP"                         @ string offset=936
.Linfo_string90:
	.asciz	"TXBAR"                         @ string offset=942
.Linfo_string91:
	.asciz	"TXBCR"                         @ string offset=948
.Linfo_string92:
	.asciz	"TXBTO"                         @ string offset=954
.Linfo_string93:
	.asciz	"TXBCF"                         @ string offset=960
.Linfo_string94:
	.asciz	"TXBTIE"                        @ string offset=966
.Linfo_string95:
	.asciz	"TXBCIE"                        @ string offset=973
.Linfo_string96:
	.asciz	"RESERVED6"                     @ string offset=980
.Linfo_string97:
	.asciz	"TXEFC"                         @ string offset=990
.Linfo_string98:
	.asciz	"TXEFS"                         @ string offset=996
.Linfo_string99:
	.asciz	"TXEFA"                         @ string offset=1002
.Linfo_string100:
	.asciz	"RESERVED7"                     @ string offset=1008
.Linfo_string101:
	.asciz	"FDCAN_GlobalTypeDef"           @ string offset=1018
.Linfo_string102:
	.asciz	"ttcan"                         @ string offset=1038
.Linfo_string103:
	.asciz	"TTTMC"                         @ string offset=1044
.Linfo_string104:
	.asciz	"TTRMC"                         @ string offset=1050
.Linfo_string105:
	.asciz	"TTOCF"                         @ string offset=1056
.Linfo_string106:
	.asciz	"TTMLM"                         @ string offset=1062
.Linfo_string107:
	.asciz	"TURCF"                         @ string offset=1068
.Linfo_string108:
	.asciz	"TTOCN"                         @ string offset=1074
.Linfo_string109:
	.asciz	"TTGTP"                         @ string offset=1080
.Linfo_string110:
	.asciz	"TTTMK"                         @ string offset=1086
.Linfo_string111:
	.asciz	"TTIR"                          @ string offset=1092
.Linfo_string112:
	.asciz	"TTIE"                          @ string offset=1097
.Linfo_string113:
	.asciz	"TTILS"                         @ string offset=1102
.Linfo_string114:
	.asciz	"TTOST"                         @ string offset=1108
.Linfo_string115:
	.asciz	"TURNA"                         @ string offset=1114
.Linfo_string116:
	.asciz	"TTLGT"                         @ string offset=1120
.Linfo_string117:
	.asciz	"TTCTC"                         @ string offset=1126
.Linfo_string118:
	.asciz	"TTCPT"                         @ string offset=1132
.Linfo_string119:
	.asciz	"TTCSM"                         @ string offset=1138
.Linfo_string120:
	.asciz	"TTTS"                          @ string offset=1144
.Linfo_string121:
	.asciz	"TTCAN_TypeDef"                 @ string offset=1149
.Linfo_string122:
	.asciz	"Init"                          @ string offset=1163
.Linfo_string123:
	.asciz	"FrameFormat"                   @ string offset=1168
.Linfo_string124:
	.asciz	"Mode"                          @ string offset=1180
.Linfo_string125:
	.asciz	"AutoRetransmission"            @ string offset=1185
.Linfo_string126:
	.asciz	"FunctionalState"               @ string offset=1204
.Linfo_string127:
	.asciz	"TransmitPause"                 @ string offset=1220
.Linfo_string128:
	.asciz	"ProtocolException"             @ string offset=1234
.Linfo_string129:
	.asciz	"NominalPrescaler"              @ string offset=1252
.Linfo_string130:
	.asciz	"NominalSyncJumpWidth"          @ string offset=1269
.Linfo_string131:
	.asciz	"NominalTimeSeg1"               @ string offset=1290
.Linfo_string132:
	.asciz	"NominalTimeSeg2"               @ string offset=1306
.Linfo_string133:
	.asciz	"DataPrescaler"                 @ string offset=1322
.Linfo_string134:
	.asciz	"DataSyncJumpWidth"             @ string offset=1336
.Linfo_string135:
	.asciz	"DataTimeSeg1"                  @ string offset=1354
.Linfo_string136:
	.asciz	"DataTimeSeg2"                  @ string offset=1367
.Linfo_string137:
	.asciz	"MessageRAMOffset"              @ string offset=1380
.Linfo_string138:
	.asciz	"StdFiltersNbr"                 @ string offset=1397
.Linfo_string139:
	.asciz	"ExtFiltersNbr"                 @ string offset=1411
.Linfo_string140:
	.asciz	"RxFifo0ElmtsNbr"               @ string offset=1425
.Linfo_string141:
	.asciz	"RxFifo0ElmtSize"               @ string offset=1441
.Linfo_string142:
	.asciz	"RxFifo1ElmtsNbr"               @ string offset=1457
.Linfo_string143:
	.asciz	"RxFifo1ElmtSize"               @ string offset=1473
.Linfo_string144:
	.asciz	"RxBuffersNbr"                  @ string offset=1489
.Linfo_string145:
	.asciz	"RxBufferSize"                  @ string offset=1502
.Linfo_string146:
	.asciz	"TxEventsNbr"                   @ string offset=1515
.Linfo_string147:
	.asciz	"TxBuffersNbr"                  @ string offset=1527
.Linfo_string148:
	.asciz	"TxFifoQueueElmtsNbr"           @ string offset=1540
.Linfo_string149:
	.asciz	"TxFifoQueueMode"               @ string offset=1560
.Linfo_string150:
	.asciz	"TxElmtSize"                    @ string offset=1576
.Linfo_string151:
	.asciz	"FDCAN_InitTypeDef"             @ string offset=1587
.Linfo_string152:
	.asciz	"msgRam"                        @ string offset=1605
.Linfo_string153:
	.asciz	"StandardFilterSA"              @ string offset=1612
.Linfo_string154:
	.asciz	"ExtendedFilterSA"              @ string offset=1629
.Linfo_string155:
	.asciz	"RxFIFO0SA"                     @ string offset=1646
.Linfo_string156:
	.asciz	"RxFIFO1SA"                     @ string offset=1656
.Linfo_string157:
	.asciz	"RxBufferSA"                    @ string offset=1666
.Linfo_string158:
	.asciz	"TxEventFIFOSA"                 @ string offset=1677
.Linfo_string159:
	.asciz	"TxBufferSA"                    @ string offset=1691
.Linfo_string160:
	.asciz	"TxFIFOQSA"                     @ string offset=1702
.Linfo_string161:
	.asciz	"TTMemorySA"                    @ string offset=1712
.Linfo_string162:
	.asciz	"EndAddress"                    @ string offset=1723
.Linfo_string163:
	.asciz	"FDCAN_MsgRamAddressTypeDef"    @ string offset=1734
.Linfo_string164:
	.asciz	"LatestTxFifoQRequest"          @ string offset=1761
.Linfo_string165:
	.asciz	"State"                         @ string offset=1782
.Linfo_string166:
	.asciz	"HAL_FDCAN_StateTypeDef"        @ string offset=1788
.Linfo_string167:
	.asciz	"Lock"                          @ string offset=1811
.Linfo_string168:
	.asciz	"HAL_LockTypeDef"               @ string offset=1816
.Linfo_string169:
	.asciz	"ErrorCode"                     @ string offset=1832
.Linfo_string170:
	.asciz	"FDCAN_HandleTypeDef"           @ string offset=1842
.Linfo_string171:
	.asciz	"can_id"                        @ string offset=1862
.Linfo_string172:
	.asciz	"unsigned short"                @ string offset=1869
.Linfo_string173:
	.asciz	"uint16_t"                      @ string offset=1884
.Linfo_string174:
	.asciz	"reg"                           @ string offset=1893
.Linfo_string175:
	.asciz	"tx_header"                     @ string offset=1897
.Linfo_string176:
	.asciz	"Identifier"                    @ string offset=1907
.Linfo_string177:
	.asciz	"IdType"                        @ string offset=1918
.Linfo_string178:
	.asciz	"TxFrameType"                   @ string offset=1925
.Linfo_string179:
	.asciz	"DataLength"                    @ string offset=1937
.Linfo_string180:
	.asciz	"ErrorStateIndicator"           @ string offset=1948
.Linfo_string181:
	.asciz	"BitRateSwitch"                 @ string offset=1968
.Linfo_string182:
	.asciz	"FDFormat"                      @ string offset=1982
.Linfo_string183:
	.asciz	"TxEventFifoControl"            @ string offset=1991
.Linfo_string184:
	.asciz	"MessageMarker"                 @ string offset=2010
.Linfo_string185:
	.asciz	"FDCAN_TxHeaderTypeDef"         @ string offset=2024
.Linfo_string186:
	.asciz	"cmd"                           @ string offset=2046
.Linfo_string187:
	.asciz	"returnBox"                     @ string offset=2050
.Linfo_string188:
	.asciz	"pData"                         @ string offset=2060
.Linfo_string189:
	.asciz	"euler"                         @ string offset=2066
.Linfo_string190:
	.asciz	"w"                             @ string offset=2072
.Linfo_string191:
	.asciz	"x"                             @ string offset=2074
.Linfo_string192:
	.asciz	"y"                             @ string offset=2076
.Linfo_string193:
	.asciz	"z"                             @ string offset=2078
	.ident	"Component: Arm Compiler for Embedded 6.24 Tool: armclang [5f371800]"
	.section	".note.GNU-stack","",%progbits
	.eabi_attribute	30, 6	@ Tag_ABI_optimization_goals
	.ARM_attribute	16, 1	@ Tag_AV_eba
	.section	.debug_line,"",%progbits
.Lline_table_start0:
