	.text
	.syntax unified
	.eabi_attribute	67, "2.09"	@ Tag_conformance
	.cpu	cortex-m7
	.eabi_attribute	6, 13	@ Tag_CPU_arch
	.eabi_attribute	7, 77	@ Tag_CPU_arch_profile
	.eabi_attribute	8, 0	@ Tag_ARM_ISA_use
	.eabi_attribute	9, 2	@ Tag_THUMB_ISA_use
	.fpu	fpv5-d16
	.eabi_attribute	36, 1	@ Tag_FP_HP_extension
	.eabi_attribute	34, 1	@ Tag_CPU_unaligned_access
	.eabi_attribute	17, 1	@ Tag_ABI_PCS_GOT_use
	.eabi_attribute	20, 2	@ Tag_ABI_FP_denormal
	.eabi_attribute	21, 0	@ Tag_ABI_FP_exceptions
	.eabi_attribute	23, 1	@ Tag_ABI_FP_number_model
	.eabi_attribute	24, 1	@ Tag_ABI_align_needed
	.eabi_attribute	25, 1	@ Tag_ABI_align_preserved
	.eabi_attribute	28, 1	@ Tag_ABI_VFP_args
	.eabi_attribute	38, 1	@ Tag_ABI_FP_16bit_format
	.eabi_attribute	18, 2	@ Tag_ABI_PCS_wchar_t
	.eabi_attribute	26, 1	@ Tag_ABI_enum_size
	.eabi_attribute	14, 0	@ Tag_ABI_PCS_R9_use
	.file	"event_groups.c"
	.file	1 "D:\\keil5_app\\Keil_v5\\ARM\\ARMCLANG\\bin\\..\\include" "stdint.h"
	.file	2 "D:\\stm32_project\\daily_work\\new_bubing\\cod_update_2.0\\COD_H7_Template\\MDK-ARM" "../Middlewares/Third_Party/FreeRTOS/Source/portable/RVDS/ARM_CM4F\\portmacro.h"
	.file	3 "D:\\stm32_project\\daily_work\\new_bubing\\cod_update_2.0\\COD_H7_Template\\MDK-ARM" "../Middlewares/Third_Party/FreeRTOS/Source/include\\event_groups.h"
	.file	4 "D:\\stm32_project\\daily_work\\new_bubing\\cod_update_2.0\\COD_H7_Template\\MDK-ARM" "../Middlewares/Third_Party/FreeRTOS/Source/event_groups.c"
	.file	5 "D:\\stm32_project\\daily_work\\new_bubing\\cod_update_2.0\\COD_H7_Template\\MDK-ARM" "../Middlewares/Third_Party/FreeRTOS/Source/include\\list.h"
	.section	.text.xEventGroupCreateStatic,"ax",%progbits
	.hidden	xEventGroupCreateStatic         @ -- Begin function xEventGroupCreateStatic
	.globl	xEventGroupCreateStatic
	.p2align	3
	.type	xEventGroupCreateStatic,%function
	.code	16                              @ @xEventGroupCreateStatic
	.thumb_func
xEventGroupCreateStatic:
.Lfunc_begin0:
	.loc	4 94 0                          @ ../Middlewares/Third_Party/FreeRTOS/Source/event_groups.c:94:0
	.fnstart
	.cfi_sections .debug_frame
	.cfi_startproc
@ %bb.0:
	.save	{r7, lr}
	push	{r7, lr}
	.cfi_def_cfa_offset 8
	.cfi_offset lr, -4
	.cfi_offset r7, -8
	.pad	#24
	sub	sp, #24
	.cfi_def_cfa_offset 32
	str	r0, [sp, #12]
.Ltmp0:
	.loc	4 98 3 prologue_end             @ ../Middlewares/Third_Party/FreeRTOS/Source/event_groups.c:98:3
	ldr	r0, [sp, #12]
.Ltmp1:
	.loc	4 98 3 is_stmt 0                @ ../Middlewares/Third_Party/FreeRTOS/Source/event_groups.c:98:3
	cbnz	r0, .LBB0_3
	b	.LBB0_1
.LBB0_1:
.Ltmp2:
	.loc	2 195 2 is_stmt 1               @ ../Middlewares/Third_Party/FreeRTOS/Source/portable/RVDS/ARM_CM4F\portmacro.h:195:2
	@APP
	mov.w	r0, #80
	msr	basepri, r0
	isb	sy
	dsb	sy

	@NO_APP
	str	r0, [sp, #20]
.Ltmp3:
	.loc	4 98 3                          @ ../Middlewares/Third_Party/FreeRTOS/Source/event_groups.c:98:3
	b	.LBB0_2
.LBB0_2:                                @ =>This Inner Loop Header: Depth=1
.Ltmp4:
	.loc	4 98 3 is_stmt 0                @ ../Middlewares/Third_Party/FreeRTOS/Source/event_groups.c:98:3
	b	.LBB0_2
.Ltmp5:
.LBB0_3:
	.loc	4 0 3                           @ ../Middlewares/Third_Party/FreeRTOS/Source/event_groups.c:0:3
	movs	r0, #32
.Ltmp6:
	.loc	4 105 20 is_stmt 1              @ ../Middlewares/Third_Party/FreeRTOS/Source/event_groups.c:105:20
	str	r0, [sp, #4]
.Ltmp7:
	.loc	4 106 4                         @ ../Middlewares/Third_Party/FreeRTOS/Source/event_groups.c:106:4
	ldr	r0, [sp, #4]
.Ltmp8:
	.loc	4 106 4 is_stmt 0               @ ../Middlewares/Third_Party/FreeRTOS/Source/event_groups.c:106:4
	cmp	r0, #32
	beq	.LBB0_6
	b	.LBB0_4
.LBB0_4:
.Ltmp9:
	.loc	2 195 2 is_stmt 1               @ ../Middlewares/Third_Party/FreeRTOS/Source/portable/RVDS/ARM_CM4F\portmacro.h:195:2
	@APP
	mov.w	r0, #80
	msr	basepri, r0
	isb	sy
	dsb	sy

	@NO_APP
	str	r0, [sp, #16]
.Ltmp10:
	.loc	4 106 4                         @ ../Middlewares/Third_Party/FreeRTOS/Source/event_groups.c:106:4
	b	.LBB0_5
.LBB0_5:                                @ =>This Inner Loop Header: Depth=1
.Ltmp11:
	.loc	4 106 4 is_stmt 0               @ ../Middlewares/Third_Party/FreeRTOS/Source/event_groups.c:106:4
	b	.LBB0_5
.Ltmp12:
.LBB0_6:
	.loc	4 111 36 is_stmt 1              @ ../Middlewares/Third_Party/FreeRTOS/Source/event_groups.c:111:36
	ldr	r0, [sp, #12]
	.loc	4 111 15 is_stmt 0              @ ../Middlewares/Third_Party/FreeRTOS/Source/event_groups.c:111:15
	str	r0, [sp, #8]
.Ltmp13:
	.loc	4 113 7 is_stmt 1               @ ../Middlewares/Third_Party/FreeRTOS/Source/event_groups.c:113:7
	ldr	r0, [sp, #8]
.Ltmp14:
	.loc	4 113 7 is_stmt 0               @ ../Middlewares/Third_Party/FreeRTOS/Source/event_groups.c:113:7
	cbz	r0, .LBB0_8
	b	.LBB0_7
.LBB0_7:
.Ltmp15:
	.loc	4 115 4 is_stmt 1               @ ../Middlewares/Third_Party/FreeRTOS/Source/event_groups.c:115:4
	ldr	r1, [sp, #8]
	movs	r0, #0
	.loc	4 115 29 is_stmt 0              @ ../Middlewares/Third_Party/FreeRTOS/Source/event_groups.c:115:29
	str	r0, [r1]
	.loc	4 116 24 is_stmt 1              @ ../Middlewares/Third_Party/FreeRTOS/Source/event_groups.c:116:24
	ldr	r0, [sp, #8]
	.loc	4 116 37 is_stmt 0              @ ../Middlewares/Third_Party/FreeRTOS/Source/event_groups.c:116:37
	adds	r0, #4
	.loc	4 116 4                         @ ../Middlewares/Third_Party/FreeRTOS/Source/event_groups.c:116:4
	bl	vListInitialise
.Ltmp16:
	.loc	4 123 5 is_stmt 1               @ ../Middlewares/Third_Party/FreeRTOS/Source/event_groups.c:123:5
	ldr	r1, [sp, #8]
	movs	r0, #1
	.loc	4 123 40 is_stmt 0              @ ../Middlewares/Third_Party/FreeRTOS/Source/event_groups.c:123:40
	strb	r0, [r1, #28]
.Ltmp17:
	.loc	4 128 3 is_stmt 1               @ ../Middlewares/Third_Party/FreeRTOS/Source/event_groups.c:128:3
	b	.LBB0_9
.Ltmp18:
.LBB0_8:
	.loc	4 0 3 is_stmt 0                 @ ../Middlewares/Third_Party/FreeRTOS/Source/event_groups.c:0:3
	b	.LBB0_9
.LBB0_9:
	.loc	4 137 10 is_stmt 1              @ ../Middlewares/Third_Party/FreeRTOS/Source/event_groups.c:137:10
	ldr	r0, [sp, #8]
	.loc	4 137 3 epilogue_begin is_stmt 0 @ ../Middlewares/Third_Party/FreeRTOS/Source/event_groups.c:137:3
	add	sp, #24
	pop	{r7, pc}
.Ltmp19:
.Lfunc_end0:
	.size	xEventGroupCreateStatic, .Lfunc_end0-xEventGroupCreateStatic
	.cfi_endproc
	.cantunwind
	.fnend
                                        @ -- End function
	.section	.text.xEventGroupCreate,"ax",%progbits
	.hidden	xEventGroupCreate               @ -- Begin function xEventGroupCreate
	.globl	xEventGroupCreate
	.p2align	3
	.type	xEventGroupCreate,%function
	.code	16                              @ @xEventGroupCreate
	.thumb_func
xEventGroupCreate:
.Lfunc_begin1:
	.loc	4 146 0 is_stmt 1               @ ../Middlewares/Third_Party/FreeRTOS/Source/event_groups.c:146:0
	.fnstart
	.cfi_startproc
@ %bb.0:
	.save	{r7, lr}
	push	{r7, lr}
	.cfi_def_cfa_offset 8
	.cfi_offset lr, -4
	.cfi_offset r7, -8
	.pad	#8
	sub	sp, #8
	.cfi_def_cfa_offset 16
	movs	r0, #32
.Ltmp20:
	.loc	4 162 36 prologue_end           @ ../Middlewares/Third_Party/FreeRTOS/Source/event_groups.c:162:36
	bl	pvPortMalloc
	.loc	4 162 15 is_stmt 0              @ ../Middlewares/Third_Party/FreeRTOS/Source/event_groups.c:162:15
	str	r0, [sp, #4]
.Ltmp21:
	.loc	4 164 7 is_stmt 1               @ ../Middlewares/Third_Party/FreeRTOS/Source/event_groups.c:164:7
	ldr	r0, [sp, #4]
.Ltmp22:
	.loc	4 164 7 is_stmt 0               @ ../Middlewares/Third_Party/FreeRTOS/Source/event_groups.c:164:7
	cbz	r0, .LBB1_2
	b	.LBB1_1
.LBB1_1:
.Ltmp23:
	.loc	4 166 4 is_stmt 1               @ ../Middlewares/Third_Party/FreeRTOS/Source/event_groups.c:166:4
	ldr	r1, [sp, #4]
	movs	r0, #0
	.loc	4 166 29 is_stmt 0              @ ../Middlewares/Third_Party/FreeRTOS/Source/event_groups.c:166:29
	str	r0, [sp]                        @ 4-byte Spill
	str	r0, [r1]
	.loc	4 167 24 is_stmt 1              @ ../Middlewares/Third_Party/FreeRTOS/Source/event_groups.c:167:24
	ldr	r0, [sp, #4]
	.loc	4 167 37 is_stmt 0              @ ../Middlewares/Third_Party/FreeRTOS/Source/event_groups.c:167:37
	adds	r0, #4
	.loc	4 167 4                         @ ../Middlewares/Third_Party/FreeRTOS/Source/event_groups.c:167:4
	bl	vListInitialise
	ldr	r0, [sp]                        @ 4-byte Reload
.Ltmp24:
	.loc	4 174 5 is_stmt 1               @ ../Middlewares/Third_Party/FreeRTOS/Source/event_groups.c:174:5
	ldr	r1, [sp, #4]
	.loc	4 174 40 is_stmt 0              @ ../Middlewares/Third_Party/FreeRTOS/Source/event_groups.c:174:40
	strb	r0, [r1, #28]
.Ltmp25:
	.loc	4 179 3 is_stmt 1               @ ../Middlewares/Third_Party/FreeRTOS/Source/event_groups.c:179:3
	b	.LBB1_3
.Ltmp26:
.LBB1_2:
	.loc	4 0 3 is_stmt 0                 @ ../Middlewares/Third_Party/FreeRTOS/Source/event_groups.c:0:3
	b	.LBB1_3
.LBB1_3:
	.loc	4 185 10 is_stmt 1              @ ../Middlewares/Third_Party/FreeRTOS/Source/event_groups.c:185:10
	ldr	r0, [sp, #4]
	.loc	4 185 3 epilogue_begin is_stmt 0 @ ../Middlewares/Third_Party/FreeRTOS/Source/event_groups.c:185:3
	add	sp, #8
	pop	{r7, pc}
.Ltmp27:
.Lfunc_end1:
	.size	xEventGroupCreate, .Lfunc_end1-xEventGroupCreate
	.cfi_endproc
	.cantunwind
	.fnend
                                        @ -- End function
	.section	.text.xEventGroupSync,"ax",%progbits
	.hidden	xEventGroupSync                 @ -- Begin function xEventGroupSync
	.globl	xEventGroupSync
	.p2align	3
	.type	xEventGroupSync,%function
	.code	16                              @ @xEventGroupSync
	.thumb_func
xEventGroupSync:
.Lfunc_begin2:
	.loc	4 192 0 is_stmt 1               @ ../Middlewares/Third_Party/FreeRTOS/Source/event_groups.c:192:0
	.fnstart
	.cfi_startproc
@ %bb.0:
	.save	{r7, lr}
	push	{r7, lr}
	.cfi_def_cfa_offset 8
	.cfi_offset lr, -4
	.cfi_offset r7, -8
	.pad	#56
	sub	sp, #56
	.cfi_def_cfa_offset 64
	str	r0, [sp, #40]
	str	r1, [sp, #36]
	str	r2, [sp, #32]
	str	r3, [sp, #28]
.Ltmp28:
	.loc	4 194 29 prologue_end           @ ../Middlewares/Third_Party/FreeRTOS/Source/event_groups.c:194:29
	ldr	r0, [sp, #40]
	.loc	4 194 15 is_stmt 0              @ ../Middlewares/Third_Party/FreeRTOS/Source/event_groups.c:194:15
	str	r0, [sp, #16]
	movs	r0, #0
	.loc	4 196 12 is_stmt 1              @ ../Middlewares/Third_Party/FreeRTOS/Source/event_groups.c:196:12
	str	r0, [sp, #8]
.Ltmp29:
	.loc	4 198 2                         @ ../Middlewares/Third_Party/FreeRTOS/Source/event_groups.c:198:2
	ldrb.w	r0, [sp, #35]
.Ltmp30:
	.loc	4 198 2 is_stmt 0               @ ../Middlewares/Third_Party/FreeRTOS/Source/event_groups.c:198:2
	cbz	r0, .LBB2_3
	b	.LBB2_1
.LBB2_1:
.Ltmp31:
	.loc	2 195 2 is_stmt 1               @ ../Middlewares/Third_Party/FreeRTOS/Source/portable/RVDS/ARM_CM4F\portmacro.h:195:2
	@APP
	mov.w	r0, #80
	msr	basepri, r0
	isb	sy
	dsb	sy

	@NO_APP
	str	r0, [sp, #52]
.Ltmp32:
	.loc	4 198 2                         @ ../Middlewares/Third_Party/FreeRTOS/Source/event_groups.c:198:2
	b	.LBB2_2
.LBB2_2:                                @ =>This Inner Loop Header: Depth=1
.Ltmp33:
	.loc	4 198 2 is_stmt 0               @ ../Middlewares/Third_Party/FreeRTOS/Source/event_groups.c:198:2
	b	.LBB2_2
.Ltmp34:
.LBB2_3:
	.loc	4 199 2 is_stmt 1               @ ../Middlewares/Third_Party/FreeRTOS/Source/event_groups.c:199:2
	ldr	r0, [sp, #32]
.Ltmp35:
	.loc	4 199 2 is_stmt 0               @ ../Middlewares/Third_Party/FreeRTOS/Source/event_groups.c:199:2
	cbnz	r0, .LBB2_6
	b	.LBB2_4
.LBB2_4:
.Ltmp36:
	.loc	2 195 2 is_stmt 1               @ ../Middlewares/Third_Party/FreeRTOS/Source/portable/RVDS/ARM_CM4F\portmacro.h:195:2
	@APP
	mov.w	r0, #80
	msr	basepri, r0
	isb	sy
	dsb	sy

	@NO_APP
	str	r0, [sp, #48]
.Ltmp37:
	.loc	4 199 2                         @ ../Middlewares/Third_Party/FreeRTOS/Source/event_groups.c:199:2
	b	.LBB2_5
.LBB2_5:                                @ =>This Inner Loop Header: Depth=1
.Ltmp38:
	.loc	4 199 2 is_stmt 0               @ ../Middlewares/Third_Party/FreeRTOS/Source/event_groups.c:199:2
	b	.LBB2_5
.Ltmp39:
.LBB2_6:
	.loc	4 202 3 is_stmt 1               @ ../Middlewares/Third_Party/FreeRTOS/Source/event_groups.c:202:3
	bl	xTaskGetSchedulerState
	mov	r1, r0
	movs	r0, #0
	str	r0, [sp, #4]                    @ 4-byte Spill
	cbnz	r1, .LBB2_8
	b	.LBB2_7
.LBB2_7:
	ldr	r0, [sp, #28]
	cmp	r0, #0
	it	ne
	movne	r0, #1
	str	r0, [sp, #4]                    @ 4-byte Spill
	b	.LBB2_8
.LBB2_8:
	.loc	4 0 0 is_stmt 0                 @ ../Middlewares/Third_Party/FreeRTOS/Source/event_groups.c:0:0
	ldr	r0, [sp, #4]                    @ 4-byte Reload
.Ltmp40:
	.loc	4 202 3                         @ ../Middlewares/Third_Party/FreeRTOS/Source/event_groups.c:202:3
	lsls	r0, r0, #31
	cbz	r0, .LBB2_11
	b	.LBB2_9
.LBB2_9:
.Ltmp41:
	.loc	2 195 2 is_stmt 1               @ ../Middlewares/Third_Party/FreeRTOS/Source/portable/RVDS/ARM_CM4F\portmacro.h:195:2
	@APP
	mov.w	r0, #80
	msr	basepri, r0
	isb	sy
	dsb	sy

	@NO_APP
	str	r0, [sp, #44]
.Ltmp42:
	.loc	4 202 3                         @ ../Middlewares/Third_Party/FreeRTOS/Source/event_groups.c:202:3
	b	.LBB2_10
.LBB2_10:                               @ =>This Inner Loop Header: Depth=1
.Ltmp43:
	.loc	4 202 3 is_stmt 0               @ ../Middlewares/Third_Party/FreeRTOS/Source/event_groups.c:202:3
	b	.LBB2_10
.Ltmp44:
.LBB2_11:
	.loc	4 206 2 is_stmt 1               @ ../Middlewares/Third_Party/FreeRTOS/Source/event_groups.c:206:2
	bl	vTaskSuspendAll
.Ltmp45:
	.loc	4 208 24                        @ ../Middlewares/Third_Party/FreeRTOS/Source/event_groups.c:208:24
	ldr	r0, [sp, #16]
	.loc	4 208 37 is_stmt 0              @ ../Middlewares/Third_Party/FreeRTOS/Source/event_groups.c:208:37
	ldr	r0, [r0]
	.loc	4 208 22                        @ ../Middlewares/Third_Party/FreeRTOS/Source/event_groups.c:208:22
	str	r0, [sp, #24]
	.loc	4 210 32 is_stmt 1              @ ../Middlewares/Third_Party/FreeRTOS/Source/event_groups.c:210:32
	ldr	r0, [sp, #40]
	.loc	4 210 45 is_stmt 0              @ ../Middlewares/Third_Party/FreeRTOS/Source/event_groups.c:210:45
	ldr	r1, [sp, #36]
	.loc	4 210 12                        @ ../Middlewares/Third_Party/FreeRTOS/Source/event_groups.c:210:12
	bl	xEventGroupSetBits
.Ltmp46:
	.loc	4 212 11 is_stmt 1              @ ../Middlewares/Third_Party/FreeRTOS/Source/event_groups.c:212:11
	ldr	r0, [sp, #24]
	.loc	4 212 32 is_stmt 0              @ ../Middlewares/Third_Party/FreeRTOS/Source/event_groups.c:212:32
	ldr	r1, [sp, #36]
	.loc	4 212 30                        @ ../Middlewares/Third_Party/FreeRTOS/Source/event_groups.c:212:30
	orrs	r0, r1
	.loc	4 212 48                        @ ../Middlewares/Third_Party/FreeRTOS/Source/event_groups.c:212:48
	ldr	r1, [sp, #32]
	.loc	4 212 46                        @ ../Middlewares/Third_Party/FreeRTOS/Source/event_groups.c:212:46
	ands	r0, r1
.Ltmp47:
	.loc	4 212 7                         @ ../Middlewares/Third_Party/FreeRTOS/Source/event_groups.c:212:7
	cmp	r0, r1
	bne	.LBB2_13
	b	.LBB2_12
.LBB2_12:
.Ltmp48:
	.loc	4 215 17 is_stmt 1              @ ../Middlewares/Third_Party/FreeRTOS/Source/event_groups.c:215:17
	ldr	r0, [sp, #24]
	.loc	4 215 38 is_stmt 0              @ ../Middlewares/Third_Party/FreeRTOS/Source/event_groups.c:215:38
	ldr	r1, [sp, #36]
	.loc	4 215 36                        @ ../Middlewares/Third_Party/FreeRTOS/Source/event_groups.c:215:36
	orrs	r0, r1
	.loc	4 215 13                        @ ../Middlewares/Third_Party/FreeRTOS/Source/event_groups.c:215:13
	str	r0, [sp, #20]
	.loc	4 219 33 is_stmt 1              @ ../Middlewares/Third_Party/FreeRTOS/Source/event_groups.c:219:33
	ldr	r2, [sp, #32]
	.loc	4 219 4 is_stmt 0               @ ../Middlewares/Third_Party/FreeRTOS/Source/event_groups.c:219:4
	ldr	r1, [sp, #16]
	.loc	4 219 29                        @ ../Middlewares/Third_Party/FreeRTOS/Source/event_groups.c:219:29
	ldr	r0, [r1]
	bics	r0, r2
	str	r0, [r1]
	movs	r0, #0
	.loc	4 221 17 is_stmt 1              @ ../Middlewares/Third_Party/FreeRTOS/Source/event_groups.c:221:17
	str	r0, [sp, #28]
	.loc	4 222 3                         @ ../Middlewares/Third_Party/FreeRTOS/Source/event_groups.c:222:3
	b	.LBB2_17
.Ltmp49:
.LBB2_13:
	.loc	4 225 8                         @ ../Middlewares/Third_Party/FreeRTOS/Source/event_groups.c:225:8
	ldr	r0, [sp, #28]
.Ltmp50:
	.loc	4 225 8 is_stmt 0               @ ../Middlewares/Third_Party/FreeRTOS/Source/event_groups.c:225:8
	cbz	r0, .LBB2_15
	b	.LBB2_14
.LBB2_14:
.Ltmp51:
	.loc	4 232 40 is_stmt 1              @ ../Middlewares/Third_Party/FreeRTOS/Source/event_groups.c:232:40
	ldr	r0, [sp, #16]
	.loc	4 232 53 is_stmt 0              @ ../Middlewares/Third_Party/FreeRTOS/Source/event_groups.c:232:53
	adds	r0, #4
	.loc	4 232 79                        @ ../Middlewares/Third_Party/FreeRTOS/Source/event_groups.c:232:79
	ldr	r1, [sp, #32]
	.loc	4 232 127                       @ ../Middlewares/Third_Party/FreeRTOS/Source/event_groups.c:232:127
	orr	r1, r1, #83886080
	.loc	4 232 155                       @ ../Middlewares/Third_Party/FreeRTOS/Source/event_groups.c:232:155
	ldr	r2, [sp, #28]
	.loc	4 232 5                         @ ../Middlewares/Third_Party/FreeRTOS/Source/event_groups.c:232:5
	bl	vTaskPlaceOnUnorderedEventList
	movs	r0, #0
	.loc	4 238 14 is_stmt 1              @ ../Middlewares/Third_Party/FreeRTOS/Source/event_groups.c:238:14
	str	r0, [sp, #20]
	.loc	4 239 4                         @ ../Middlewares/Third_Party/FreeRTOS/Source/event_groups.c:239:4
	b	.LBB2_16
.Ltmp52:
.LBB2_15:
	.loc	4 244 16                        @ ../Middlewares/Third_Party/FreeRTOS/Source/event_groups.c:244:16
	ldr	r0, [sp, #16]
	.loc	4 244 29 is_stmt 0              @ ../Middlewares/Third_Party/FreeRTOS/Source/event_groups.c:244:29
	ldr	r0, [r0]
	.loc	4 244 14                        @ ../Middlewares/Third_Party/FreeRTOS/Source/event_groups.c:244:14
	str	r0, [sp, #20]
	movs	r0, #1
	.loc	4 245 22 is_stmt 1              @ ../Middlewares/Third_Party/FreeRTOS/Source/event_groups.c:245:22
	str	r0, [sp, #8]
	b	.LBB2_16
.Ltmp53:
.LBB2_16:
	.loc	4 0 22 is_stmt 0                @ ../Middlewares/Third_Party/FreeRTOS/Source/event_groups.c:0:22
	b	.LBB2_17
.LBB2_17:
	.loc	4 249 20 is_stmt 1              @ ../Middlewares/Third_Party/FreeRTOS/Source/event_groups.c:249:20
	bl	xTaskResumeAll
	.loc	4 249 18 is_stmt 0              @ ../Middlewares/Third_Party/FreeRTOS/Source/event_groups.c:249:18
	str	r0, [sp, #12]
.Ltmp54:
	.loc	4 251 6 is_stmt 1               @ ../Middlewares/Third_Party/FreeRTOS/Source/event_groups.c:251:6
	ldr	r0, [sp, #28]
.Ltmp55:
	.loc	4 251 6 is_stmt 0               @ ../Middlewares/Third_Party/FreeRTOS/Source/event_groups.c:251:6
	cbz	r0, .LBB2_28
	b	.LBB2_18
.LBB2_18:
.Ltmp56:
	.loc	4 253 7 is_stmt 1               @ ../Middlewares/Third_Party/FreeRTOS/Source/event_groups.c:253:7
	ldr	r0, [sp, #12]
.Ltmp57:
	.loc	4 253 7 is_stmt 0               @ ../Middlewares/Third_Party/FreeRTOS/Source/event_groups.c:253:7
	cbnz	r0, .LBB2_20
	b	.LBB2_19
.LBB2_19:
	.loc	4 0 7                           @ ../Middlewares/Third_Party/FreeRTOS/Source/event_groups.c:0:7
	movw	r1, #60676
	movt	r1, #57344
	mov.w	r0, #268435456
.Ltmp58:
	.loc	4 255 4 is_stmt 1               @ ../Middlewares/Third_Party/FreeRTOS/Source/event_groups.c:255:4
	str	r0, [r1]
	@APP
	dsb	sy
	@NO_APP
	@APP
	isb	sy
	@NO_APP
.Ltmp59:
	.loc	4 256 3                         @ ../Middlewares/Third_Party/FreeRTOS/Source/event_groups.c:256:3
	b	.LBB2_21
.Ltmp60:
.LBB2_20:
	.loc	4 0 3 is_stmt 0                 @ ../Middlewares/Third_Party/FreeRTOS/Source/event_groups.c:0:3
	b	.LBB2_21
.LBB2_21:
	.loc	4 266 14 is_stmt 1              @ ../Middlewares/Third_Party/FreeRTOS/Source/event_groups.c:266:14
	bl	uxTaskResetEventItemValue
	.loc	4 266 12 is_stmt 0              @ ../Middlewares/Third_Party/FreeRTOS/Source/event_groups.c:266:12
	str	r0, [sp, #20]
	.loc	4 268 7 is_stmt 1               @ ../Middlewares/Third_Party/FreeRTOS/Source/event_groups.c:268:7
	ldrb.w	r0, [sp, #23]
	lsls	r0, r0, #30
	cmp	r0, #0
	bmi	.LBB2_26
	b	.LBB2_22
.LBB2_22:
.Ltmp61:
	.loc	4 271 4                         @ ../Middlewares/Third_Party/FreeRTOS/Source/event_groups.c:271:4
	bl	vPortEnterCritical
.Ltmp62:
	.loc	4 273 16                        @ ../Middlewares/Third_Party/FreeRTOS/Source/event_groups.c:273:16
	ldr	r0, [sp, #16]
	.loc	4 273 29 is_stmt 0              @ ../Middlewares/Third_Party/FreeRTOS/Source/event_groups.c:273:29
	ldr	r0, [r0]
	.loc	4 273 14                        @ ../Middlewares/Third_Party/FreeRTOS/Source/event_groups.c:273:14
	str	r0, [sp, #20]
.Ltmp63:
	.loc	4 279 11 is_stmt 1              @ ../Middlewares/Third_Party/FreeRTOS/Source/event_groups.c:279:11
	ldr	r0, [sp, #20]
	.loc	4 279 22 is_stmt 0              @ ../Middlewares/Third_Party/FreeRTOS/Source/event_groups.c:279:22
	ldr	r1, [sp, #32]
	.loc	4 279 20                        @ ../Middlewares/Third_Party/FreeRTOS/Source/event_groups.c:279:20
	ands	r0, r1
.Ltmp64:
	.loc	4 279 9                         @ ../Middlewares/Third_Party/FreeRTOS/Source/event_groups.c:279:9
	cmp	r0, r1
	bne	.LBB2_24
	b	.LBB2_23
.LBB2_23:
.Ltmp65:
	.loc	4 281 35 is_stmt 1              @ ../Middlewares/Third_Party/FreeRTOS/Source/event_groups.c:281:35
	ldr	r2, [sp, #32]
	.loc	4 281 6 is_stmt 0               @ ../Middlewares/Third_Party/FreeRTOS/Source/event_groups.c:281:6
	ldr	r1, [sp, #16]
	.loc	4 281 31                        @ ../Middlewares/Third_Party/FreeRTOS/Source/event_groups.c:281:31
	ldr	r0, [r1]
	bics	r0, r2
	str	r0, [r1]
	.loc	4 282 5 is_stmt 1               @ ../Middlewares/Third_Party/FreeRTOS/Source/event_groups.c:282:5
	b	.LBB2_25
.Ltmp66:
.LBB2_24:
	.loc	4 0 5 is_stmt 0                 @ ../Middlewares/Third_Party/FreeRTOS/Source/event_groups.c:0:5
	b	.LBB2_25
.LBB2_25:
	.loc	4 288 4 is_stmt 1               @ ../Middlewares/Third_Party/FreeRTOS/Source/event_groups.c:288:4
	bl	vPortExitCritical
	movs	r0, #1
	.loc	4 290 21                        @ ../Middlewares/Third_Party/FreeRTOS/Source/event_groups.c:290:21
	str	r0, [sp, #8]
	.loc	4 291 3                         @ ../Middlewares/Third_Party/FreeRTOS/Source/event_groups.c:291:3
	b	.LBB2_27
.Ltmp67:
.LBB2_26:
	.loc	4 0 3 is_stmt 0                 @ ../Middlewares/Third_Party/FreeRTOS/Source/event_groups.c:0:3
	b	.LBB2_27
.LBB2_27:
	.loc	4 299 12 is_stmt 1              @ ../Middlewares/Third_Party/FreeRTOS/Source/event_groups.c:299:12
	ldr	r0, [sp, #20]
	bic	r0, r0, #-16777216
	str	r0, [sp, #20]
	.loc	4 300 2                         @ ../Middlewares/Third_Party/FreeRTOS/Source/event_groups.c:300:2
	b	.LBB2_28
.Ltmp68:
.LBB2_28:
	.loc	4 307 9                         @ ../Middlewares/Third_Party/FreeRTOS/Source/event_groups.c:307:9
	ldr	r0, [sp, #20]
	.loc	4 307 2 epilogue_begin is_stmt 0 @ ../Middlewares/Third_Party/FreeRTOS/Source/event_groups.c:307:2
	add	sp, #56
	pop	{r7, pc}
.Ltmp69:
.Lfunc_end2:
	.size	xEventGroupSync, .Lfunc_end2-xEventGroupSync
	.cfi_endproc
	.cantunwind
	.fnend
                                        @ -- End function
	.section	.text.xEventGroupSetBits,"ax",%progbits
	.hidden	xEventGroupSetBits              @ -- Begin function xEventGroupSetBits
	.globl	xEventGroupSetBits
	.p2align	3
	.type	xEventGroupSetBits,%function
	.code	16                              @ @xEventGroupSetBits
	.thumb_func
xEventGroupSetBits:
.Lfunc_begin3:
	.loc	4 520 0 is_stmt 1               @ ../Middlewares/Third_Party/FreeRTOS/Source/event_groups.c:520:0
	.fnstart
	.cfi_startproc
@ %bb.0:
	.save	{r7, lr}
	push	{r7, lr}
	.cfi_def_cfa_offset 8
	.cfi_offset lr, -4
	.cfi_offset r7, -8
	.pad	#56
	sub	sp, #56
	.cfi_def_cfa_offset 64
	str	r0, [sp, #44]
	str	r1, [sp, #40]
	movs	r0, #0
.Ltmp70:
	.loc	4 524 13 prologue_end           @ ../Middlewares/Third_Party/FreeRTOS/Source/event_groups.c:524:13
	str	r0, [sp, #20]
	.loc	4 525 29                        @ ../Middlewares/Third_Party/FreeRTOS/Source/event_groups.c:525:29
	ldr	r1, [sp, #44]
	.loc	4 525 15 is_stmt 0              @ ../Middlewares/Third_Party/FreeRTOS/Source/event_groups.c:525:15
	str	r1, [sp, #8]
	.loc	4 526 12 is_stmt 1              @ ../Middlewares/Third_Party/FreeRTOS/Source/event_groups.c:526:12
	str	r0, [sp, #4]
.Ltmp71:
	.loc	4 530 2                         @ ../Middlewares/Third_Party/FreeRTOS/Source/event_groups.c:530:2
	ldr	r0, [sp, #44]
.Ltmp72:
	.loc	4 530 2 is_stmt 0               @ ../Middlewares/Third_Party/FreeRTOS/Source/event_groups.c:530:2
	cbnz	r0, .LBB3_3
	b	.LBB3_1
.LBB3_1:
.Ltmp73:
	.loc	2 195 2 is_stmt 1               @ ../Middlewares/Third_Party/FreeRTOS/Source/portable/RVDS/ARM_CM4F\portmacro.h:195:2
	@APP
	mov.w	r0, #80
	msr	basepri, r0
	isb	sy
	dsb	sy

	@NO_APP
	str	r0, [sp, #52]
.Ltmp74:
	.loc	4 530 2                         @ ../Middlewares/Third_Party/FreeRTOS/Source/event_groups.c:530:2
	b	.LBB3_2
.LBB3_2:                                @ =>This Inner Loop Header: Depth=1
.Ltmp75:
	.loc	4 530 2 is_stmt 0               @ ../Middlewares/Third_Party/FreeRTOS/Source/event_groups.c:530:2
	b	.LBB3_2
.Ltmp76:
.LBB3_3:
	.loc	4 531 2 is_stmt 1               @ ../Middlewares/Third_Party/FreeRTOS/Source/event_groups.c:531:2
	ldrb.w	r0, [sp, #43]
.Ltmp77:
	.loc	4 531 2 is_stmt 0               @ ../Middlewares/Third_Party/FreeRTOS/Source/event_groups.c:531:2
	cbz	r0, .LBB3_6
	b	.LBB3_4
.LBB3_4:
.Ltmp78:
	.loc	2 195 2 is_stmt 1               @ ../Middlewares/Third_Party/FreeRTOS/Source/portable/RVDS/ARM_CM4F\portmacro.h:195:2
	@APP
	mov.w	r0, #80
	msr	basepri, r0
	isb	sy
	dsb	sy

	@NO_APP
	str	r0, [sp, #48]
.Ltmp79:
	.loc	4 531 2                         @ ../Middlewares/Third_Party/FreeRTOS/Source/event_groups.c:531:2
	b	.LBB3_5
.LBB3_5:                                @ =>This Inner Loop Header: Depth=1
.Ltmp80:
	.loc	4 531 2 is_stmt 0               @ ../Middlewares/Third_Party/FreeRTOS/Source/event_groups.c:531:2
	b	.LBB3_5
.Ltmp81:
.LBB3_6:
	.loc	4 533 14 is_stmt 1              @ ../Middlewares/Third_Party/FreeRTOS/Source/event_groups.c:533:14
	ldr	r0, [sp, #8]
	.loc	4 533 27 is_stmt 0              @ ../Middlewares/Third_Party/FreeRTOS/Source/event_groups.c:533:27
	adds	r0, #4
	.loc	4 533 9                         @ ../Middlewares/Third_Party/FreeRTOS/Source/event_groups.c:533:9
	str	r0, [sp, #24]
	.loc	4 534 14 is_stmt 1              @ ../Middlewares/Third_Party/FreeRTOS/Source/event_groups.c:534:14
	ldr	r0, [sp, #24]
	adds	r0, #8
	.loc	4 534 12 is_stmt 0              @ ../Middlewares/Third_Party/FreeRTOS/Source/event_groups.c:534:12
	str	r0, [sp, #28]
	.loc	4 535 2 is_stmt 1               @ ../Middlewares/Third_Party/FreeRTOS/Source/event_groups.c:535:2
	bl	vTaskSuspendAll
.Ltmp82:
	.loc	4 539 16                        @ ../Middlewares/Third_Party/FreeRTOS/Source/event_groups.c:539:16
	ldr	r0, [sp, #24]
	ldr	r0, [r0, #12]
	.loc	4 539 14 is_stmt 0              @ ../Middlewares/Third_Party/FreeRTOS/Source/event_groups.c:539:14
	str	r0, [sp, #36]
	.loc	4 542 31 is_stmt 1              @ ../Middlewares/Third_Party/FreeRTOS/Source/event_groups.c:542:31
	ldr	r2, [sp, #40]
	.loc	4 542 3 is_stmt 0               @ ../Middlewares/Third_Party/FreeRTOS/Source/event_groups.c:542:3
	ldr	r1, [sp, #8]
	.loc	4 542 28                        @ ../Middlewares/Third_Party/FreeRTOS/Source/event_groups.c:542:28
	ldr	r0, [r1]
	orrs	r0, r2
	str	r0, [r1]
	.loc	4 545 3 is_stmt 1               @ ../Middlewares/Third_Party/FreeRTOS/Source/event_groups.c:545:3
	b	.LBB3_7
.LBB3_7:                                @ =>This Inner Loop Header: Depth=1
	.loc	4 545 10 is_stmt 0              @ ../Middlewares/Third_Party/FreeRTOS/Source/event_groups.c:545:10
	ldr	r0, [sp, #36]
	.loc	4 545 24                        @ ../Middlewares/Third_Party/FreeRTOS/Source/event_groups.c:545:24
	ldr	r1, [sp, #28]
	.loc	4 545 3                         @ ../Middlewares/Third_Party/FreeRTOS/Source/event_groups.c:545:3
	cmp	r0, r1
	beq	.LBB3_23
	b	.LBB3_8
.LBB3_8:                                @   in Loop: Header=BB3_7 Depth=1
.Ltmp83:
	.loc	4 547 13 is_stmt 1              @ ../Middlewares/Third_Party/FreeRTOS/Source/event_groups.c:547:13
	ldr	r0, [sp, #36]
	ldr	r0, [r0, #4]
	.loc	4 547 11 is_stmt 0              @ ../Middlewares/Third_Party/FreeRTOS/Source/event_groups.c:547:11
	str	r0, [sp, #32]
	.loc	4 548 22 is_stmt 1              @ ../Middlewares/Third_Party/FreeRTOS/Source/event_groups.c:548:22
	ldr	r0, [sp, #36]
	ldr	r0, [r0]
	.loc	4 548 20 is_stmt 0              @ ../Middlewares/Third_Party/FreeRTOS/Source/event_groups.c:548:20
	str	r0, [sp, #16]
	movs	r0, #0
	.loc	4 549 16 is_stmt 1              @ ../Middlewares/Third_Party/FreeRTOS/Source/event_groups.c:549:16
	str	r0, [sp, #4]
	.loc	4 552 20                        @ ../Middlewares/Third_Party/FreeRTOS/Source/event_groups.c:552:20
	ldrb.w	r0, [sp, #19]
	lsls	r0, r0, #24
	.loc	4 552 18 is_stmt 0              @ ../Middlewares/Third_Party/FreeRTOS/Source/event_groups.c:552:18
	str	r0, [sp, #12]
	.loc	4 553 20 is_stmt 1              @ ../Middlewares/Third_Party/FreeRTOS/Source/event_groups.c:553:20
	ldr	r0, [sp, #16]
	bic	r0, r0, #-16777216
	str	r0, [sp, #16]
	.loc	4 555 8                         @ ../Middlewares/Third_Party/FreeRTOS/Source/event_groups.c:555:8
	ldrb.w	r0, [sp, #15]
	lsls	r0, r0, #29
	cmp	r0, #0
	bmi	.LBB3_13
	b	.LBB3_9
.LBB3_9:                                @   in Loop: Header=BB3_7 Depth=1
.Ltmp84:
	.loc	4 558 11                        @ ../Middlewares/Third_Party/FreeRTOS/Source/event_groups.c:558:11
	ldr	r0, [sp, #16]
	.loc	4 558 29 is_stmt 0              @ ../Middlewares/Third_Party/FreeRTOS/Source/event_groups.c:558:29
	ldr	r1, [sp, #8]
	.loc	4 558 42                        @ ../Middlewares/Third_Party/FreeRTOS/Source/event_groups.c:558:42
	ldr	r1, [r1]
.Ltmp85:
	.loc	4 558 9                         @ ../Middlewares/Third_Party/FreeRTOS/Source/event_groups.c:558:9
	tst	r0, r1
	beq	.LBB3_11
	b	.LBB3_10
.LBB3_10:                               @   in Loop: Header=BB3_7 Depth=1
	.loc	4 0 9                           @ ../Middlewares/Third_Party/FreeRTOS/Source/event_groups.c:0:9
	movs	r0, #1
.Ltmp86:
	.loc	4 560 18 is_stmt 1              @ ../Middlewares/Third_Party/FreeRTOS/Source/event_groups.c:560:18
	str	r0, [sp, #4]
	.loc	4 561 5                         @ ../Middlewares/Third_Party/FreeRTOS/Source/event_groups.c:561:5
	b	.LBB3_12
.Ltmp87:
.LBB3_11:                               @   in Loop: Header=BB3_7 Depth=1
	.loc	4 0 5 is_stmt 0                 @ ../Middlewares/Third_Party/FreeRTOS/Source/event_groups.c:0:5
	b	.LBB3_12
.LBB3_12:                               @   in Loop: Header=BB3_7 Depth=1
	.loc	4 566 4 is_stmt 1               @ ../Middlewares/Third_Party/FreeRTOS/Source/event_groups.c:566:4
	b	.LBB3_17
.Ltmp88:
.LBB3_13:                               @   in Loop: Header=BB3_7 Depth=1
	.loc	4 567 15                        @ ../Middlewares/Third_Party/FreeRTOS/Source/event_groups.c:567:15
	ldr	r1, [sp, #16]
	.loc	4 567 33 is_stmt 0              @ ../Middlewares/Third_Party/FreeRTOS/Source/event_groups.c:567:33
	ldr	r0, [sp, #8]
	.loc	4 567 46                        @ ../Middlewares/Third_Party/FreeRTOS/Source/event_groups.c:567:46
	ldr	r0, [r0]
	.loc	4 567 31                        @ ../Middlewares/Third_Party/FreeRTOS/Source/event_groups.c:567:31
	ands	r0, r1
.Ltmp89:
	.loc	4 567 13                        @ ../Middlewares/Third_Party/FreeRTOS/Source/event_groups.c:567:13
	cmp	r0, r1
	bne	.LBB3_15
	b	.LBB3_14
.LBB3_14:                               @   in Loop: Header=BB3_7 Depth=1
	.loc	4 0 13                          @ ../Middlewares/Third_Party/FreeRTOS/Source/event_groups.c:0:13
	movs	r0, #1
.Ltmp90:
	.loc	4 570 17 is_stmt 1              @ ../Middlewares/Third_Party/FreeRTOS/Source/event_groups.c:570:17
	str	r0, [sp, #4]
	.loc	4 571 4                         @ ../Middlewares/Third_Party/FreeRTOS/Source/event_groups.c:571:4
	b	.LBB3_16
.Ltmp91:
.LBB3_15:                               @   in Loop: Header=BB3_7 Depth=1
	.loc	4 0 4 is_stmt 0                 @ ../Middlewares/Third_Party/FreeRTOS/Source/event_groups.c:0:4
	b	.LBB3_16
.LBB3_16:                               @   in Loop: Header=BB3_7 Depth=1
	b	.LBB3_17
.LBB3_17:                               @   in Loop: Header=BB3_7 Depth=1
.Ltmp92:
	.loc	4 577 8 is_stmt 1               @ ../Middlewares/Third_Party/FreeRTOS/Source/event_groups.c:577:8
	ldr	r0, [sp, #4]
.Ltmp93:
	.loc	4 577 8 is_stmt 0               @ ../Middlewares/Third_Party/FreeRTOS/Source/event_groups.c:577:8
	cbz	r0, .LBB3_22
	b	.LBB3_18
.LBB3_18:                               @   in Loop: Header=BB3_7 Depth=1
.Ltmp94:
	.loc	4 580 9 is_stmt 1               @ ../Middlewares/Third_Party/FreeRTOS/Source/event_groups.c:580:9
	ldrb.w	r0, [sp, #15]
	lsls	r0, r0, #31
	cbz	r0, .LBB3_20
	b	.LBB3_19
.LBB3_19:                               @   in Loop: Header=BB3_7 Depth=1
.Ltmp95:
	.loc	4 582 23                        @ ../Middlewares/Third_Party/FreeRTOS/Source/event_groups.c:582:23
	ldr	r1, [sp, #16]
	.loc	4 582 20 is_stmt 0              @ ../Middlewares/Third_Party/FreeRTOS/Source/event_groups.c:582:20
	ldr	r0, [sp, #20]
	orrs	r0, r1
	str	r0, [sp, #20]
	.loc	4 583 5 is_stmt 1               @ ../Middlewares/Third_Party/FreeRTOS/Source/event_groups.c:583:5
	b	.LBB3_21
.Ltmp96:
.LBB3_20:                               @   in Loop: Header=BB3_7 Depth=1
	.loc	4 0 5 is_stmt 0                 @ ../Middlewares/Third_Party/FreeRTOS/Source/event_groups.c:0:5
	b	.LBB3_21
.LBB3_21:                               @   in Loop: Header=BB3_7 Depth=1
	.loc	4 594 40 is_stmt 1              @ ../Middlewares/Third_Party/FreeRTOS/Source/event_groups.c:594:40
	ldr	r0, [sp, #36]
	.loc	4 594 52 is_stmt 0              @ ../Middlewares/Third_Party/FreeRTOS/Source/event_groups.c:594:52
	ldr	r1, [sp, #8]
	.loc	4 594 65                        @ ../Middlewares/Third_Party/FreeRTOS/Source/event_groups.c:594:65
	ldr	r1, [r1]
	.loc	4 594 77                        @ ../Middlewares/Third_Party/FreeRTOS/Source/event_groups.c:594:77
	orr	r1, r1, #33554432
	.loc	4 594 5                         @ ../Middlewares/Third_Party/FreeRTOS/Source/event_groups.c:594:5
	bl	vTaskRemoveFromUnorderedEventList
	.loc	4 595 4 is_stmt 1               @ ../Middlewares/Third_Party/FreeRTOS/Source/event_groups.c:595:4
	b	.LBB3_22
.Ltmp97:
.LBB3_22:                               @   in Loop: Header=BB3_7 Depth=1
	.loc	4 600 17                        @ ../Middlewares/Third_Party/FreeRTOS/Source/event_groups.c:600:17
	ldr	r0, [sp, #32]
	.loc	4 600 15 is_stmt 0              @ ../Middlewares/Third_Party/FreeRTOS/Source/event_groups.c:600:15
	str	r0, [sp, #36]
.Ltmp98:
	.loc	4 545 3 is_stmt 1               @ ../Middlewares/Third_Party/FreeRTOS/Source/event_groups.c:545:3
	b	.LBB3_7
.LBB3_23:
	.loc	4 605 32                        @ ../Middlewares/Third_Party/FreeRTOS/Source/event_groups.c:605:32
	ldr	r2, [sp, #20]
	.loc	4 605 3 is_stmt 0               @ ../Middlewares/Third_Party/FreeRTOS/Source/event_groups.c:605:3
	ldr	r1, [sp, #8]
	.loc	4 605 28                        @ ../Middlewares/Third_Party/FreeRTOS/Source/event_groups.c:605:28
	ldr	r0, [r1]
	bics	r0, r2
	str	r0, [r1]
.Ltmp99:
	.loc	4 607 11 is_stmt 1              @ ../Middlewares/Third_Party/FreeRTOS/Source/event_groups.c:607:11
	bl	xTaskResumeAll
	.loc	4 609 9                         @ ../Middlewares/Third_Party/FreeRTOS/Source/event_groups.c:609:9
	ldr	r0, [sp, #8]
	.loc	4 609 22 is_stmt 0              @ ../Middlewares/Third_Party/FreeRTOS/Source/event_groups.c:609:22
	ldr	r0, [r0]
	.loc	4 609 2 epilogue_begin          @ ../Middlewares/Third_Party/FreeRTOS/Source/event_groups.c:609:2
	add	sp, #56
	pop	{r7, pc}
.Ltmp100:
.Lfunc_end3:
	.size	xEventGroupSetBits, .Lfunc_end3-xEventGroupSetBits
	.cfi_endproc
	.cantunwind
	.fnend
                                        @ -- End function
	.section	.text.xEventGroupWaitBits,"ax",%progbits
	.hidden	xEventGroupWaitBits             @ -- Begin function xEventGroupWaitBits
	.globl	xEventGroupWaitBits
	.p2align	3
	.type	xEventGroupWaitBits,%function
	.code	16                              @ @xEventGroupWaitBits
	.thumb_func
xEventGroupWaitBits:
.Lfunc_begin4:
	.loc	4 312 0 is_stmt 1               @ ../Middlewares/Third_Party/FreeRTOS/Source/event_groups.c:312:0
	.fnstart
	.cfi_startproc
@ %bb.0:
	.save	{r7, lr}
	push	{r7, lr}
	.cfi_def_cfa_offset 8
	.cfi_offset lr, -4
	.cfi_offset r7, -8
	.pad	#64
	sub	sp, #64
	.cfi_def_cfa_offset 72
	ldr.w	r12, [sp, #72]
	str	r0, [sp, #44]
	str	r1, [sp, #40]
	str	r2, [sp, #36]
	str	r3, [sp, #32]
.Ltmp101:
	.loc	4 313 29 prologue_end           @ ../Middlewares/Third_Party/FreeRTOS/Source/event_groups.c:313:29
	ldr	r0, [sp, #44]
	.loc	4 313 15 is_stmt 0              @ ../Middlewares/Third_Party/FreeRTOS/Source/event_groups.c:313:15
	str	r0, [sp, #28]
	movs	r0, #0
	.loc	4 314 23 is_stmt 1              @ ../Middlewares/Third_Party/FreeRTOS/Source/event_groups.c:314:23
	str	r0, [sp, #20]
	.loc	4 316 12                        @ ../Middlewares/Third_Party/FreeRTOS/Source/event_groups.c:316:12
	str	r0, [sp, #8]
.Ltmp102:
	.loc	4 320 2                         @ ../Middlewares/Third_Party/FreeRTOS/Source/event_groups.c:320:2
	ldr	r0, [sp, #44]
.Ltmp103:
	.loc	4 320 2 is_stmt 0               @ ../Middlewares/Third_Party/FreeRTOS/Source/event_groups.c:320:2
	cbnz	r0, .LBB4_3
	b	.LBB4_1
.LBB4_1:
.Ltmp104:
	.loc	2 195 2 is_stmt 1               @ ../Middlewares/Third_Party/FreeRTOS/Source/portable/RVDS/ARM_CM4F\portmacro.h:195:2
	@APP
	mov.w	r0, #80
	msr	basepri, r0
	isb	sy
	dsb	sy

	@NO_APP
	str	r0, [sp, #60]
.Ltmp105:
	.loc	4 320 2                         @ ../Middlewares/Third_Party/FreeRTOS/Source/event_groups.c:320:2
	b	.LBB4_2
.LBB4_2:                                @ =>This Inner Loop Header: Depth=1
.Ltmp106:
	.loc	4 320 2 is_stmt 0               @ ../Middlewares/Third_Party/FreeRTOS/Source/event_groups.c:320:2
	b	.LBB4_2
.Ltmp107:
.LBB4_3:
	.loc	4 321 2 is_stmt 1               @ ../Middlewares/Third_Party/FreeRTOS/Source/event_groups.c:321:2
	ldrb.w	r0, [sp, #43]
.Ltmp108:
	.loc	4 321 2 is_stmt 0               @ ../Middlewares/Third_Party/FreeRTOS/Source/event_groups.c:321:2
	cbz	r0, .LBB4_6
	b	.LBB4_4
.LBB4_4:
.Ltmp109:
	.loc	2 195 2 is_stmt 1               @ ../Middlewares/Third_Party/FreeRTOS/Source/portable/RVDS/ARM_CM4F\portmacro.h:195:2
	@APP
	mov.w	r0, #80
	msr	basepri, r0
	isb	sy
	dsb	sy

	@NO_APP
	str	r0, [sp, #56]
.Ltmp110:
	.loc	4 321 2                         @ ../Middlewares/Third_Party/FreeRTOS/Source/event_groups.c:321:2
	b	.LBB4_5
.LBB4_5:                                @ =>This Inner Loop Header: Depth=1
.Ltmp111:
	.loc	4 321 2 is_stmt 0               @ ../Middlewares/Third_Party/FreeRTOS/Source/event_groups.c:321:2
	b	.LBB4_5
.Ltmp112:
.LBB4_6:
	.loc	4 322 2 is_stmt 1               @ ../Middlewares/Third_Party/FreeRTOS/Source/event_groups.c:322:2
	ldr	r0, [sp, #40]
.Ltmp113:
	.loc	4 322 2 is_stmt 0               @ ../Middlewares/Third_Party/FreeRTOS/Source/event_groups.c:322:2
	cbnz	r0, .LBB4_9
	b	.LBB4_7
.LBB4_7:
.Ltmp114:
	.loc	2 195 2 is_stmt 1               @ ../Middlewares/Third_Party/FreeRTOS/Source/portable/RVDS/ARM_CM4F\portmacro.h:195:2
	@APP
	mov.w	r0, #80
	msr	basepri, r0
	isb	sy
	dsb	sy

	@NO_APP
	str	r0, [sp, #52]
.Ltmp115:
	.loc	4 322 2                         @ ../Middlewares/Third_Party/FreeRTOS/Source/event_groups.c:322:2
	b	.LBB4_8
.LBB4_8:                                @ =>This Inner Loop Header: Depth=1
.Ltmp116:
	.loc	4 322 2 is_stmt 0               @ ../Middlewares/Third_Party/FreeRTOS/Source/event_groups.c:322:2
	b	.LBB4_8
.Ltmp117:
.LBB4_9:
	.loc	4 325 3 is_stmt 1               @ ../Middlewares/Third_Party/FreeRTOS/Source/event_groups.c:325:3
	bl	xTaskGetSchedulerState
	mov	r1, r0
	movs	r0, #0
	str	r0, [sp]                        @ 4-byte Spill
	cbnz	r1, .LBB4_11
	b	.LBB4_10
.LBB4_10:
	ldr	r0, [sp, #72]
	cmp	r0, #0
	it	ne
	movne	r0, #1
	str	r0, [sp]                        @ 4-byte Spill
	b	.LBB4_11
.LBB4_11:
	.loc	4 0 0 is_stmt 0                 @ ../Middlewares/Third_Party/FreeRTOS/Source/event_groups.c:0:0
	ldr	r0, [sp]                        @ 4-byte Reload
.Ltmp118:
	.loc	4 325 3                         @ ../Middlewares/Third_Party/FreeRTOS/Source/event_groups.c:325:3
	lsls	r0, r0, #31
	cbz	r0, .LBB4_14
	b	.LBB4_12
.LBB4_12:
.Ltmp119:
	.loc	2 195 2 is_stmt 1               @ ../Middlewares/Third_Party/FreeRTOS/Source/portable/RVDS/ARM_CM4F\portmacro.h:195:2
	@APP
	mov.w	r0, #80
	msr	basepri, r0
	isb	sy
	dsb	sy

	@NO_APP
	str	r0, [sp, #48]
.Ltmp120:
	.loc	4 325 3                         @ ../Middlewares/Third_Party/FreeRTOS/Source/event_groups.c:325:3
	b	.LBB4_13
.LBB4_13:                               @ =>This Inner Loop Header: Depth=1
.Ltmp121:
	.loc	4 325 3 is_stmt 0               @ ../Middlewares/Third_Party/FreeRTOS/Source/event_groups.c:325:3
	b	.LBB4_13
.Ltmp122:
.LBB4_14:
	.loc	4 329 2 is_stmt 1               @ ../Middlewares/Third_Party/FreeRTOS/Source/event_groups.c:329:2
	bl	vTaskSuspendAll
.Ltmp123:
	.loc	4 331 42                        @ ../Middlewares/Third_Party/FreeRTOS/Source/event_groups.c:331:42
	ldr	r0, [sp, #28]
	.loc	4 331 55 is_stmt 0              @ ../Middlewares/Third_Party/FreeRTOS/Source/event_groups.c:331:55
	ldr	r0, [r0]
	.loc	4 331 21                        @ ../Middlewares/Third_Party/FreeRTOS/Source/event_groups.c:331:21
	str	r0, [sp, #4]
	.loc	4 334 45 is_stmt 1              @ ../Middlewares/Third_Party/FreeRTOS/Source/event_groups.c:334:45
	ldr	r0, [sp, #4]
	.loc	4 334 65 is_stmt 0              @ ../Middlewares/Third_Party/FreeRTOS/Source/event_groups.c:334:65
	ldr	r1, [sp, #40]
	.loc	4 334 82                        @ ../Middlewares/Third_Party/FreeRTOS/Source/event_groups.c:334:82
	ldr	r2, [sp, #32]
	.loc	4 334 23                        @ ../Middlewares/Third_Party/FreeRTOS/Source/event_groups.c:334:23
	bl	prvTestWaitCondition
	.loc	4 334 21                        @ ../Middlewares/Third_Party/FreeRTOS/Source/event_groups.c:334:21
	str	r0, [sp, #16]
.Ltmp124:
	.loc	4 336 7 is_stmt 1               @ ../Middlewares/Third_Party/FreeRTOS/Source/event_groups.c:336:7
	ldr	r0, [sp, #16]
.Ltmp125:
	.loc	4 336 7 is_stmt 0               @ ../Middlewares/Third_Party/FreeRTOS/Source/event_groups.c:336:7
	cbz	r0, .LBB4_19
	b	.LBB4_15
.LBB4_15:
.Ltmp126:
	.loc	4 340 15 is_stmt 1              @ ../Middlewares/Third_Party/FreeRTOS/Source/event_groups.c:340:15
	ldr	r0, [sp, #4]
	.loc	4 340 13 is_stmt 0              @ ../Middlewares/Third_Party/FreeRTOS/Source/event_groups.c:340:13
	str	r0, [sp, #24]
	movs	r0, #0
	.loc	4 341 17 is_stmt 1              @ ../Middlewares/Third_Party/FreeRTOS/Source/event_groups.c:341:17
	str	r0, [sp, #72]
.Ltmp127:
	.loc	4 344 8                         @ ../Middlewares/Third_Party/FreeRTOS/Source/event_groups.c:344:8
	ldr	r0, [sp, #36]
.Ltmp128:
	.loc	4 344 8 is_stmt 0               @ ../Middlewares/Third_Party/FreeRTOS/Source/event_groups.c:344:8
	cbz	r0, .LBB4_17
	b	.LBB4_16
.LBB4_16:
.Ltmp129:
	.loc	4 346 34 is_stmt 1              @ ../Middlewares/Third_Party/FreeRTOS/Source/event_groups.c:346:34
	ldr	r2, [sp, #40]
	.loc	4 346 5 is_stmt 0               @ ../Middlewares/Third_Party/FreeRTOS/Source/event_groups.c:346:5
	ldr	r1, [sp, #28]
	.loc	4 346 30                        @ ../Middlewares/Third_Party/FreeRTOS/Source/event_groups.c:346:30
	ldr	r0, [r1]
	bics	r0, r2
	str	r0, [r1]
	.loc	4 347 4 is_stmt 1               @ ../Middlewares/Third_Party/FreeRTOS/Source/event_groups.c:347:4
	b	.LBB4_18
.Ltmp130:
.LBB4_17:
	.loc	4 0 4 is_stmt 0                 @ ../Middlewares/Third_Party/FreeRTOS/Source/event_groups.c:0:4
	b	.LBB4_18
.LBB4_18:
	.loc	4 352 3 is_stmt 1               @ ../Middlewares/Third_Party/FreeRTOS/Source/event_groups.c:352:3
	b	.LBB4_29
.Ltmp131:
.LBB4_19:
	.loc	4 353 12                        @ ../Middlewares/Third_Party/FreeRTOS/Source/event_groups.c:353:12
	ldr	r0, [sp, #72]
.Ltmp132:
	.loc	4 353 12 is_stmt 0              @ ../Middlewares/Third_Party/FreeRTOS/Source/event_groups.c:353:12
	cbnz	r0, .LBB4_21
	b	.LBB4_20
.LBB4_20:
.Ltmp133:
	.loc	4 357 15 is_stmt 1              @ ../Middlewares/Third_Party/FreeRTOS/Source/event_groups.c:357:15
	ldr	r0, [sp, #4]
	.loc	4 357 13 is_stmt 0              @ ../Middlewares/Third_Party/FreeRTOS/Source/event_groups.c:357:13
	str	r0, [sp, #24]
	movs	r0, #1
	.loc	4 358 21 is_stmt 1              @ ../Middlewares/Third_Party/FreeRTOS/Source/event_groups.c:358:21
	str	r0, [sp, #8]
	.loc	4 359 3                         @ ../Middlewares/Third_Party/FreeRTOS/Source/event_groups.c:359:3
	b	.LBB4_28
.Ltmp134:
.LBB4_21:
	.loc	4 366 8                         @ ../Middlewares/Third_Party/FreeRTOS/Source/event_groups.c:366:8
	ldr	r0, [sp, #36]
.Ltmp135:
	.loc	4 366 8 is_stmt 0               @ ../Middlewares/Third_Party/FreeRTOS/Source/event_groups.c:366:8
	cbz	r0, .LBB4_23
	b	.LBB4_22
.LBB4_22:
.Ltmp136:
	.loc	4 368 19 is_stmt 1              @ ../Middlewares/Third_Party/FreeRTOS/Source/event_groups.c:368:19
	ldr	r0, [sp, #20]
	orr	r0, r0, #16777216
	str	r0, [sp, #20]
	.loc	4 369 4                         @ ../Middlewares/Third_Party/FreeRTOS/Source/event_groups.c:369:4
	b	.LBB4_24
.Ltmp137:
.LBB4_23:
	.loc	4 0 4 is_stmt 0                 @ ../Middlewares/Third_Party/FreeRTOS/Source/event_groups.c:0:4
	b	.LBB4_24
.LBB4_24:
.Ltmp138:
	.loc	4 375 8 is_stmt 1               @ ../Middlewares/Third_Party/FreeRTOS/Source/event_groups.c:375:8
	ldr	r0, [sp, #32]
.Ltmp139:
	.loc	4 375 8 is_stmt 0               @ ../Middlewares/Third_Party/FreeRTOS/Source/event_groups.c:375:8
	cbz	r0, .LBB4_26
	b	.LBB4_25
.LBB4_25:
.Ltmp140:
	.loc	4 377 19 is_stmt 1              @ ../Middlewares/Third_Party/FreeRTOS/Source/event_groups.c:377:19
	ldr	r0, [sp, #20]
	orr	r0, r0, #67108864
	str	r0, [sp, #20]
	.loc	4 378 4                         @ ../Middlewares/Third_Party/FreeRTOS/Source/event_groups.c:378:4
	b	.LBB4_27
.Ltmp141:
.LBB4_26:
	.loc	4 0 4 is_stmt 0                 @ ../Middlewares/Third_Party/FreeRTOS/Source/event_groups.c:0:4
	b	.LBB4_27
.LBB4_27:
	.loc	4 387 39 is_stmt 1              @ ../Middlewares/Third_Party/FreeRTOS/Source/event_groups.c:387:39
	ldr	r0, [sp, #28]
	.loc	4 387 52 is_stmt 0              @ ../Middlewares/Third_Party/FreeRTOS/Source/event_groups.c:387:52
	adds	r0, #4
	.loc	4 387 78                        @ ../Middlewares/Third_Party/FreeRTOS/Source/event_groups.c:387:78
	ldr	r1, [sp, #40]
	.loc	4 387 96                        @ ../Middlewares/Third_Party/FreeRTOS/Source/event_groups.c:387:96
	ldr	r2, [sp, #20]
	.loc	4 387 94                        @ ../Middlewares/Third_Party/FreeRTOS/Source/event_groups.c:387:94
	orrs	r1, r2
	.loc	4 387 113                       @ ../Middlewares/Third_Party/FreeRTOS/Source/event_groups.c:387:113
	ldr	r2, [sp, #72]
	.loc	4 387 4                         @ ../Middlewares/Third_Party/FreeRTOS/Source/event_groups.c:387:4
	bl	vTaskPlaceOnUnorderedEventList
	movs	r0, #0
	.loc	4 392 13 is_stmt 1              @ ../Middlewares/Third_Party/FreeRTOS/Source/event_groups.c:392:13
	str	r0, [sp, #24]
	b	.LBB4_28
.Ltmp142:
.LBB4_28:
	.loc	4 0 13 is_stmt 0                @ ../Middlewares/Third_Party/FreeRTOS/Source/event_groups.c:0:13
	b	.LBB4_29
.LBB4_29:
	.loc	4 397 20 is_stmt 1              @ ../Middlewares/Third_Party/FreeRTOS/Source/event_groups.c:397:20
	bl	xTaskResumeAll
	.loc	4 397 18 is_stmt 0              @ ../Middlewares/Third_Party/FreeRTOS/Source/event_groups.c:397:18
	str	r0, [sp, #12]
.Ltmp143:
	.loc	4 399 6 is_stmt 1               @ ../Middlewares/Third_Party/FreeRTOS/Source/event_groups.c:399:6
	ldr	r0, [sp, #72]
.Ltmp144:
	.loc	4 399 6 is_stmt 0               @ ../Middlewares/Third_Party/FreeRTOS/Source/event_groups.c:399:6
	cmp	r0, #0
	beq	.LBB4_43
	b	.LBB4_30
.LBB4_30:
.Ltmp145:
	.loc	4 401 7 is_stmt 1               @ ../Middlewares/Third_Party/FreeRTOS/Source/event_groups.c:401:7
	ldr	r0, [sp, #12]
.Ltmp146:
	.loc	4 401 7 is_stmt 0               @ ../Middlewares/Third_Party/FreeRTOS/Source/event_groups.c:401:7
	cbnz	r0, .LBB4_32
	b	.LBB4_31
.LBB4_31:
	.loc	4 0 7                           @ ../Middlewares/Third_Party/FreeRTOS/Source/event_groups.c:0:7
	movw	r1, #60676
	movt	r1, #57344
	mov.w	r0, #268435456
.Ltmp147:
	.loc	4 403 4 is_stmt 1               @ ../Middlewares/Third_Party/FreeRTOS/Source/event_groups.c:403:4
	str	r0, [r1]
	@APP
	dsb	sy
	@NO_APP
	@APP
	isb	sy
	@NO_APP
.Ltmp148:
	.loc	4 404 3                         @ ../Middlewares/Third_Party/FreeRTOS/Source/event_groups.c:404:3
	b	.LBB4_33
.Ltmp149:
.LBB4_32:
	.loc	4 0 3 is_stmt 0                 @ ../Middlewares/Third_Party/FreeRTOS/Source/event_groups.c:0:3
	b	.LBB4_33
.LBB4_33:
	.loc	4 414 14 is_stmt 1              @ ../Middlewares/Third_Party/FreeRTOS/Source/event_groups.c:414:14
	bl	uxTaskResetEventItemValue
	.loc	4 414 12 is_stmt 0              @ ../Middlewares/Third_Party/FreeRTOS/Source/event_groups.c:414:12
	str	r0, [sp, #24]
	.loc	4 416 7 is_stmt 1               @ ../Middlewares/Third_Party/FreeRTOS/Source/event_groups.c:416:7
	ldrb.w	r0, [sp, #27]
	lsls	r0, r0, #30
	cmp	r0, #0
	bmi	.LBB4_41
	b	.LBB4_34
.LBB4_34:
.Ltmp150:
	.loc	4 418 4                         @ ../Middlewares/Third_Party/FreeRTOS/Source/event_groups.c:418:4
	bl	vPortEnterCritical
.Ltmp151:
	.loc	4 421 16                        @ ../Middlewares/Third_Party/FreeRTOS/Source/event_groups.c:421:16
	ldr	r0, [sp, #28]
	.loc	4 421 29 is_stmt 0              @ ../Middlewares/Third_Party/FreeRTOS/Source/event_groups.c:421:29
	ldr	r0, [r0]
	.loc	4 421 14                        @ ../Middlewares/Third_Party/FreeRTOS/Source/event_groups.c:421:14
	str	r0, [sp, #24]
.Ltmp152:
	.loc	4 425 31 is_stmt 1              @ ../Middlewares/Third_Party/FreeRTOS/Source/event_groups.c:425:31
	ldr	r0, [sp, #24]
	.loc	4 425 41 is_stmt 0              @ ../Middlewares/Third_Party/FreeRTOS/Source/event_groups.c:425:41
	ldr	r1, [sp, #40]
	.loc	4 425 58                        @ ../Middlewares/Third_Party/FreeRTOS/Source/event_groups.c:425:58
	ldr	r2, [sp, #32]
	.loc	4 425 9                         @ ../Middlewares/Third_Party/FreeRTOS/Source/event_groups.c:425:9
	bl	prvTestWaitCondition
.Ltmp153:
	.loc	4 425 9                         @ ../Middlewares/Third_Party/FreeRTOS/Source/event_groups.c:425:9
	cbz	r0, .LBB4_39
	b	.LBB4_35
.LBB4_35:
.Ltmp154:
	.loc	4 427 10 is_stmt 1              @ ../Middlewares/Third_Party/FreeRTOS/Source/event_groups.c:427:10
	ldr	r0, [sp, #36]
.Ltmp155:
	.loc	4 427 10 is_stmt 0              @ ../Middlewares/Third_Party/FreeRTOS/Source/event_groups.c:427:10
	cbz	r0, .LBB4_37
	b	.LBB4_36
.LBB4_36:
.Ltmp156:
	.loc	4 429 36 is_stmt 1              @ ../Middlewares/Third_Party/FreeRTOS/Source/event_groups.c:429:36
	ldr	r2, [sp, #40]
	.loc	4 429 7 is_stmt 0               @ ../Middlewares/Third_Party/FreeRTOS/Source/event_groups.c:429:7
	ldr	r1, [sp, #28]
	.loc	4 429 32                        @ ../Middlewares/Third_Party/FreeRTOS/Source/event_groups.c:429:32
	ldr	r0, [r1]
	bics	r0, r2
	str	r0, [r1]
	.loc	4 430 6 is_stmt 1               @ ../Middlewares/Third_Party/FreeRTOS/Source/event_groups.c:430:6
	b	.LBB4_38
.Ltmp157:
.LBB4_37:
	.loc	4 0 6 is_stmt 0                 @ ../Middlewares/Third_Party/FreeRTOS/Source/event_groups.c:0:6
	b	.LBB4_38
.LBB4_38:
	.loc	4 435 5 is_stmt 1               @ ../Middlewares/Third_Party/FreeRTOS/Source/event_groups.c:435:5
	b	.LBB4_40
.Ltmp158:
.LBB4_39:
	.loc	4 0 5 is_stmt 0                 @ ../Middlewares/Third_Party/FreeRTOS/Source/event_groups.c:0:5
	b	.LBB4_40
.LBB4_40:
	movs	r0, #1
	.loc	4 440 22 is_stmt 1              @ ../Middlewares/Third_Party/FreeRTOS/Source/event_groups.c:440:22
	str	r0, [sp, #8]
.Ltmp159:
	.loc	4 442 4                         @ ../Middlewares/Third_Party/FreeRTOS/Source/event_groups.c:442:4
	bl	vPortExitCritical
	.loc	4 443 3                         @ ../Middlewares/Third_Party/FreeRTOS/Source/event_groups.c:443:3
	b	.LBB4_42
.Ltmp160:
.LBB4_41:
	.loc	4 0 3 is_stmt 0                 @ ../Middlewares/Third_Party/FreeRTOS/Source/event_groups.c:0:3
	b	.LBB4_42
.LBB4_42:
	.loc	4 450 12 is_stmt 1              @ ../Middlewares/Third_Party/FreeRTOS/Source/event_groups.c:450:12
	ldr	r0, [sp, #24]
	bic	r0, r0, #-16777216
	str	r0, [sp, #24]
	.loc	4 451 2                         @ ../Middlewares/Third_Party/FreeRTOS/Source/event_groups.c:451:2
	b	.LBB4_43
.Ltmp161:
.LBB4_43:
	.loc	4 457 9                         @ ../Middlewares/Third_Party/FreeRTOS/Source/event_groups.c:457:9
	ldr	r0, [sp, #24]
	.loc	4 457 2 epilogue_begin is_stmt 0 @ ../Middlewares/Third_Party/FreeRTOS/Source/event_groups.c:457:2
	add	sp, #64
	pop	{r7, pc}
.Ltmp162:
.Lfunc_end4:
	.size	xEventGroupWaitBits, .Lfunc_end4-xEventGroupWaitBits
	.cfi_endproc
	.cantunwind
	.fnend
                                        @ -- End function
	.section	.text.prvTestWaitCondition,"ax",%progbits
	.p2align	3                               @ -- Begin function prvTestWaitCondition
	.type	prvTestWaitCondition,%function
	.code	16                              @ @prvTestWaitCondition
	.thumb_func
prvTestWaitCondition:
.Lfunc_begin5:
	.loc	4 672 0 is_stmt 1               @ ../Middlewares/Third_Party/FreeRTOS/Source/event_groups.c:672:0
	.fnstart
	.cfi_startproc
@ %bb.0:
	.pad	#16
	sub	sp, #16
	.cfi_def_cfa_offset 16
	str	r0, [sp, #12]
	str	r1, [sp, #8]
	str	r2, [sp, #4]
	movs	r0, #0
.Ltmp163:
	.loc	4 673 12 prologue_end           @ ../Middlewares/Third_Party/FreeRTOS/Source/event_groups.c:673:12
	str	r0, [sp]
.Ltmp164:
	.loc	4 675 6                         @ ../Middlewares/Third_Party/FreeRTOS/Source/event_groups.c:675:6
	ldr	r0, [sp, #4]
.Ltmp165:
	.loc	4 675 6 is_stmt 0               @ ../Middlewares/Third_Party/FreeRTOS/Source/event_groups.c:675:6
	cbnz	r0, .LBB5_5
	b	.LBB5_1
.LBB5_1:
.Ltmp166:
	.loc	4 679 9 is_stmt 1               @ ../Middlewares/Third_Party/FreeRTOS/Source/event_groups.c:679:9
	ldr	r0, [sp, #12]
	.loc	4 679 30 is_stmt 0              @ ../Middlewares/Third_Party/FreeRTOS/Source/event_groups.c:679:30
	ldr	r1, [sp, #8]
.Ltmp167:
	.loc	4 679 7                         @ ../Middlewares/Third_Party/FreeRTOS/Source/event_groups.c:679:7
	tst	r0, r1
	beq	.LBB5_3
	b	.LBB5_2
.LBB5_2:
	.loc	4 0 7                           @ ../Middlewares/Third_Party/FreeRTOS/Source/event_groups.c:0:7
	movs	r0, #1
.Ltmp168:
	.loc	4 681 22 is_stmt 1              @ ../Middlewares/Third_Party/FreeRTOS/Source/event_groups.c:681:22
	str	r0, [sp]
	.loc	4 682 3                         @ ../Middlewares/Third_Party/FreeRTOS/Source/event_groups.c:682:3
	b	.LBB5_4
.Ltmp169:
.LBB5_3:
	.loc	4 0 3 is_stmt 0                 @ ../Middlewares/Third_Party/FreeRTOS/Source/event_groups.c:0:3
	b	.LBB5_4
.LBB5_4:
	.loc	4 687 2 is_stmt 1               @ ../Middlewares/Third_Party/FreeRTOS/Source/event_groups.c:687:2
	b	.LBB5_9
.Ltmp170:
.LBB5_5:
	.loc	4 692 9                         @ ../Middlewares/Third_Party/FreeRTOS/Source/event_groups.c:692:9
	ldr	r0, [sp, #12]
	.loc	4 692 30 is_stmt 0              @ ../Middlewares/Third_Party/FreeRTOS/Source/event_groups.c:692:30
	ldr	r1, [sp, #8]
	.loc	4 692 28                        @ ../Middlewares/Third_Party/FreeRTOS/Source/event_groups.c:692:28
	ands	r0, r1
.Ltmp171:
	.loc	4 692 7                         @ ../Middlewares/Third_Party/FreeRTOS/Source/event_groups.c:692:7
	cmp	r0, r1
	bne	.LBB5_7
	b	.LBB5_6
.LBB5_6:
	.loc	4 0 7                           @ ../Middlewares/Third_Party/FreeRTOS/Source/event_groups.c:0:7
	movs	r0, #1
.Ltmp172:
	.loc	4 694 22 is_stmt 1              @ ../Middlewares/Third_Party/FreeRTOS/Source/event_groups.c:694:22
	str	r0, [sp]
	.loc	4 695 3                         @ ../Middlewares/Third_Party/FreeRTOS/Source/event_groups.c:695:3
	b	.LBB5_8
.Ltmp173:
.LBB5_7:
	.loc	4 0 3 is_stmt 0                 @ ../Middlewares/Third_Party/FreeRTOS/Source/event_groups.c:0:3
	b	.LBB5_8
.LBB5_8:
	b	.LBB5_9
.LBB5_9:
	.loc	4 702 9 is_stmt 1               @ ../Middlewares/Third_Party/FreeRTOS/Source/event_groups.c:702:9
	ldr	r0, [sp]
	.loc	4 702 2 epilogue_begin is_stmt 0 @ ../Middlewares/Third_Party/FreeRTOS/Source/event_groups.c:702:2
	add	sp, #16
	bx	lr
.Ltmp174:
.Lfunc_end5:
	.size	prvTestWaitCondition, .Lfunc_end5-prvTestWaitCondition
	.cfi_endproc
	.cantunwind
	.fnend
                                        @ -- End function
	.section	.text.xEventGroupClearBits,"ax",%progbits
	.hidden	xEventGroupClearBits            @ -- Begin function xEventGroupClearBits
	.globl	xEventGroupClearBits
	.p2align	3
	.type	xEventGroupClearBits,%function
	.code	16                              @ @xEventGroupClearBits
	.thumb_func
xEventGroupClearBits:
.Lfunc_begin6:
	.loc	4 462 0 is_stmt 1               @ ../Middlewares/Third_Party/FreeRTOS/Source/event_groups.c:462:0
	.fnstart
	.cfi_startproc
@ %bb.0:
	.save	{r7, lr}
	push	{r7, lr}
	.cfi_def_cfa_offset 8
	.cfi_offset lr, -4
	.cfi_offset r7, -8
	.pad	#24
	sub	sp, #24
	.cfi_def_cfa_offset 32
	str	r0, [sp, #12]
	str	r1, [sp, #8]
.Ltmp175:
	.loc	4 463 29 prologue_end           @ ../Middlewares/Third_Party/FreeRTOS/Source/event_groups.c:463:29
	ldr	r0, [sp, #12]
	.loc	4 463 15 is_stmt 0              @ ../Middlewares/Third_Party/FreeRTOS/Source/event_groups.c:463:15
	str	r0, [sp, #4]
.Ltmp176:
	.loc	4 468 2 is_stmt 1               @ ../Middlewares/Third_Party/FreeRTOS/Source/event_groups.c:468:2
	ldr	r0, [sp, #12]
.Ltmp177:
	.loc	4 468 2 is_stmt 0               @ ../Middlewares/Third_Party/FreeRTOS/Source/event_groups.c:468:2
	cbnz	r0, .LBB6_3
	b	.LBB6_1
.LBB6_1:
.Ltmp178:
	.loc	2 195 2 is_stmt 1               @ ../Middlewares/Third_Party/FreeRTOS/Source/portable/RVDS/ARM_CM4F\portmacro.h:195:2
	@APP
	mov.w	r0, #80
	msr	basepri, r0
	isb	sy
	dsb	sy

	@NO_APP
	str	r0, [sp, #20]
.Ltmp179:
	.loc	4 468 2                         @ ../Middlewares/Third_Party/FreeRTOS/Source/event_groups.c:468:2
	b	.LBB6_2
.LBB6_2:                                @ =>This Inner Loop Header: Depth=1
.Ltmp180:
	.loc	4 468 2 is_stmt 0               @ ../Middlewares/Third_Party/FreeRTOS/Source/event_groups.c:468:2
	b	.LBB6_2
.Ltmp181:
.LBB6_3:
	.loc	4 469 2 is_stmt 1               @ ../Middlewares/Third_Party/FreeRTOS/Source/event_groups.c:469:2
	ldrb.w	r0, [sp, #11]
.Ltmp182:
	.loc	4 469 2 is_stmt 0               @ ../Middlewares/Third_Party/FreeRTOS/Source/event_groups.c:469:2
	cbz	r0, .LBB6_6
	b	.LBB6_4
.LBB6_4:
.Ltmp183:
	.loc	2 195 2 is_stmt 1               @ ../Middlewares/Third_Party/FreeRTOS/Source/portable/RVDS/ARM_CM4F\portmacro.h:195:2
	@APP
	mov.w	r0, #80
	msr	basepri, r0
	isb	sy
	dsb	sy

	@NO_APP
	str	r0, [sp, #16]
.Ltmp184:
	.loc	4 469 2                         @ ../Middlewares/Third_Party/FreeRTOS/Source/event_groups.c:469:2
	b	.LBB6_5
.LBB6_5:                                @ =>This Inner Loop Header: Depth=1
.Ltmp185:
	.loc	4 469 2 is_stmt 0               @ ../Middlewares/Third_Party/FreeRTOS/Source/event_groups.c:469:2
	b	.LBB6_5
.Ltmp186:
.LBB6_6:
	.loc	4 471 2 is_stmt 1               @ ../Middlewares/Third_Party/FreeRTOS/Source/event_groups.c:471:2
	bl	vPortEnterCritical
.Ltmp187:
	.loc	4 477 14                        @ ../Middlewares/Third_Party/FreeRTOS/Source/event_groups.c:477:14
	ldr	r0, [sp, #4]
	.loc	4 477 27 is_stmt 0              @ ../Middlewares/Third_Party/FreeRTOS/Source/event_groups.c:477:27
	ldr	r0, [r0]
	.loc	4 477 12                        @ ../Middlewares/Third_Party/FreeRTOS/Source/event_groups.c:477:12
	str	r0, [sp]
	.loc	4 480 32 is_stmt 1              @ ../Middlewares/Third_Party/FreeRTOS/Source/event_groups.c:480:32
	ldr	r2, [sp, #8]
	.loc	4 480 3 is_stmt 0               @ ../Middlewares/Third_Party/FreeRTOS/Source/event_groups.c:480:3
	ldr	r1, [sp, #4]
	.loc	4 480 28                        @ ../Middlewares/Third_Party/FreeRTOS/Source/event_groups.c:480:28
	ldr	r0, [r1]
	bics	r0, r2
	str	r0, [r1]
.Ltmp188:
	.loc	4 482 2 is_stmt 1               @ ../Middlewares/Third_Party/FreeRTOS/Source/event_groups.c:482:2
	bl	vPortExitCritical
	.loc	4 484 9                         @ ../Middlewares/Third_Party/FreeRTOS/Source/event_groups.c:484:9
	ldr	r0, [sp]
	.loc	4 484 2 epilogue_begin is_stmt 0 @ ../Middlewares/Third_Party/FreeRTOS/Source/event_groups.c:484:2
	add	sp, #24
	pop	{r7, pc}
.Ltmp189:
.Lfunc_end6:
	.size	xEventGroupClearBits, .Lfunc_end6-xEventGroupClearBits
	.cfi_endproc
	.cantunwind
	.fnend
                                        @ -- End function
	.section	.text.xEventGroupGetBitsFromISR,"ax",%progbits
	.hidden	xEventGroupGetBitsFromISR       @ -- Begin function xEventGroupGetBitsFromISR
	.globl	xEventGroupGetBitsFromISR
	.p2align	3
	.type	xEventGroupGetBitsFromISR,%function
	.code	16                              @ @xEventGroupGetBitsFromISR
	.thumb_func
xEventGroupGetBitsFromISR:
.Lfunc_begin7:
	.loc	4 504 0 is_stmt 1               @ ../Middlewares/Third_Party/FreeRTOS/Source/event_groups.c:504:0
	.fnstart
	.cfi_startproc
@ %bb.0:
	.pad	#28
	sub	sp, #28
	.cfi_def_cfa_offset 28
	str	r0, [sp, #12]
.Ltmp190:
	.loc	4 506 42 prologue_end           @ ../Middlewares/Third_Party/FreeRTOS/Source/event_groups.c:506:42
	ldr	r0, [sp, #12]
	.loc	4 506 28 is_stmt 0              @ ../Middlewares/Third_Party/FreeRTOS/Source/event_groups.c:506:28
	str	r0, [sp, #4]
.Ltmp191:
	.loc	2 211 2 is_stmt 1               @ ../Middlewares/Third_Party/FreeRTOS/Source/portable/RVDS/ARM_CM4F\portmacro.h:211:2
	@APP
	mrs	r1, basepri
	mov.w	r0, #80
	msr	basepri, r0
	isb	sy
	dsb	sy

	@NO_APP
	str	r1, [sp, #20]
	str	r0, [sp, #16]
	.loc	2 223 9                         @ ../Middlewares/Third_Party/FreeRTOS/Source/portable/RVDS/ARM_CM4F\portmacro.h:223:9
	ldr	r0, [sp, #20]
.Ltmp192:
	.loc	4 509 25                        @ ../Middlewares/Third_Party/FreeRTOS/Source/event_groups.c:509:25
	str	r0, [sp, #8]
.Ltmp193:
	.loc	4 511 14                        @ ../Middlewares/Third_Party/FreeRTOS/Source/event_groups.c:511:14
	ldr	r0, [sp, #4]
	.loc	4 511 27 is_stmt 0              @ ../Middlewares/Third_Party/FreeRTOS/Source/event_groups.c:511:27
	ldr	r0, [r0]
	.loc	4 511 12                        @ ../Middlewares/Third_Party/FreeRTOS/Source/event_groups.c:511:12
	str	r0, [sp]
.Ltmp194:
	.loc	4 513 2 is_stmt 1               @ ../Middlewares/Third_Party/FreeRTOS/Source/event_groups.c:513:2
	ldr	r0, [sp, #8]
	str	r0, [sp, #24]
.Ltmp195:
	.loc	2 231 32                        @ ../Middlewares/Third_Party/FreeRTOS/Source/portable/RVDS/ARM_CM4F\portmacro.h:231:32
	ldr	r0, [sp, #24]
	.loc	2 229 2                         @ ../Middlewares/Third_Party/FreeRTOS/Source/portable/RVDS/ARM_CM4F\portmacro.h:229:2
	@APP
	msr	basepri, r0
	@NO_APP
.Ltmp196:
	.loc	4 515 9                         @ ../Middlewares/Third_Party/FreeRTOS/Source/event_groups.c:515:9
	ldr	r0, [sp]
	.loc	4 515 2 epilogue_begin is_stmt 0 @ ../Middlewares/Third_Party/FreeRTOS/Source/event_groups.c:515:2
	add	sp, #28
	bx	lr
.Ltmp197:
.Lfunc_end7:
	.size	xEventGroupGetBitsFromISR, .Lfunc_end7-xEventGroupGetBitsFromISR
	.cfi_endproc
	.cantunwind
	.fnend
                                        @ -- End function
	.section	.text.vEventGroupDelete,"ax",%progbits
	.hidden	vEventGroupDelete               @ -- Begin function vEventGroupDelete
	.globl	vEventGroupDelete
	.p2align	3
	.type	vEventGroupDelete,%function
	.code	16                              @ @vEventGroupDelete
	.thumb_func
vEventGroupDelete:
.Lfunc_begin8:
	.loc	4 614 0 is_stmt 1               @ ../Middlewares/Third_Party/FreeRTOS/Source/event_groups.c:614:0
	.fnstart
	.cfi_startproc
@ %bb.0:
	.save	{r7, lr}
	push	{r7, lr}
	.cfi_def_cfa_offset 8
	.cfi_offset lr, -4
	.cfi_offset r7, -8
	.pad	#16
	sub	sp, #16
	.cfi_def_cfa_offset 24
	str	r0, [sp, #8]
.Ltmp198:
	.loc	4 615 29 prologue_end           @ ../Middlewares/Third_Party/FreeRTOS/Source/event_groups.c:615:29
	ldr	r0, [sp, #8]
	.loc	4 615 15 is_stmt 0              @ ../Middlewares/Third_Party/FreeRTOS/Source/event_groups.c:615:15
	str	r0, [sp, #4]
	.loc	4 616 42 is_stmt 1              @ ../Middlewares/Third_Party/FreeRTOS/Source/event_groups.c:616:42
	ldr	r0, [sp, #4]
	.loc	4 616 55 is_stmt 0              @ ../Middlewares/Third_Party/FreeRTOS/Source/event_groups.c:616:55
	adds	r0, #4
	.loc	4 616 15                        @ ../Middlewares/Third_Party/FreeRTOS/Source/event_groups.c:616:15
	str	r0, [sp]
	.loc	4 618 2 is_stmt 1               @ ../Middlewares/Third_Party/FreeRTOS/Source/event_groups.c:618:2
	bl	vTaskSuspendAll
.Ltmp199:
	.loc	4 622 3                         @ ../Middlewares/Third_Party/FreeRTOS/Source/event_groups.c:622:3
	b	.LBB8_1
.LBB8_1:                                @ =>This Inner Loop Header: Depth=1
	.loc	4 622 10 is_stmt 0              @ ../Middlewares/Third_Party/FreeRTOS/Source/event_groups.c:622:10
	ldr	r0, [sp]
	ldr	r0, [r0]
	.loc	4 622 3                         @ ../Middlewares/Third_Party/FreeRTOS/Source/event_groups.c:622:3
	cbz	r0, .LBB8_6
	b	.LBB8_2
.LBB8_2:                                @   in Loop: Header=BB8_1 Depth=1
.Ltmp200:
	.loc	4 626 4 is_stmt 1               @ ../Middlewares/Third_Party/FreeRTOS/Source/event_groups.c:626:4
	ldr	r0, [sp]
	add.w	r1, r0, #8
	ldr	r0, [r0, #12]
.Ltmp201:
	.loc	4 626 4 is_stmt 0               @ ../Middlewares/Third_Party/FreeRTOS/Source/event_groups.c:626:4
	cmp	r0, r1
	bne	.LBB8_5
	b	.LBB8_3
.LBB8_3:
.Ltmp202:
	.loc	2 195 2 is_stmt 1               @ ../Middlewares/Third_Party/FreeRTOS/Source/portable/RVDS/ARM_CM4F\portmacro.h:195:2
	@APP
	mov.w	r0, #80
	msr	basepri, r0
	isb	sy
	dsb	sy

	@NO_APP
	str	r0, [sp, #12]
.Ltmp203:
	.loc	4 626 4                         @ ../Middlewares/Third_Party/FreeRTOS/Source/event_groups.c:626:4
	b	.LBB8_4
.LBB8_4:                                @ =>This Inner Loop Header: Depth=1
.Ltmp204:
	.loc	4 626 4 is_stmt 0               @ ../Middlewares/Third_Party/FreeRTOS/Source/event_groups.c:626:4
	b	.LBB8_4
.Ltmp205:
.LBB8_5:                                @   in Loop: Header=BB8_1 Depth=1
	.loc	4 627 39 is_stmt 1              @ ../Middlewares/Third_Party/FreeRTOS/Source/event_groups.c:627:39
	ldr	r0, [sp]
	.loc	4 627 71 is_stmt 0              @ ../Middlewares/Third_Party/FreeRTOS/Source/event_groups.c:627:71
	ldr	r0, [r0, #12]
	mov.w	r1, #33554432
	.loc	4 627 4                         @ ../Middlewares/Third_Party/FreeRTOS/Source/event_groups.c:627:4
	bl	vTaskRemoveFromUnorderedEventList
.Ltmp206:
	.loc	4 622 3 is_stmt 1               @ ../Middlewares/Third_Party/FreeRTOS/Source/event_groups.c:622:3
	b	.LBB8_1
.LBB8_6:
.Ltmp207:
	.loc	4 640 8                         @ ../Middlewares/Third_Party/FreeRTOS/Source/event_groups.c:640:8
	ldr	r0, [sp, #4]
	.loc	4 640 21 is_stmt 0              @ ../Middlewares/Third_Party/FreeRTOS/Source/event_groups.c:640:21
	ldrb	r0, [r0, #28]
.Ltmp208:
	.loc	4 640 8                         @ ../Middlewares/Third_Party/FreeRTOS/Source/event_groups.c:640:8
	cbnz	r0, .LBB8_8
	b	.LBB8_7
.LBB8_7:
.Ltmp209:
	.loc	4 642 16 is_stmt 1              @ ../Middlewares/Third_Party/FreeRTOS/Source/event_groups.c:642:16
	ldr	r0, [sp, #4]
	.loc	4 642 5 is_stmt 0               @ ../Middlewares/Third_Party/FreeRTOS/Source/event_groups.c:642:5
	bl	vPortFree
	.loc	4 643 4 is_stmt 1               @ ../Middlewares/Third_Party/FreeRTOS/Source/event_groups.c:643:4
	b	.LBB8_9
.Ltmp210:
.LBB8_8:
	.loc	4 0 4 is_stmt 0                 @ ../Middlewares/Third_Party/FreeRTOS/Source/event_groups.c:0:4
	b	.LBB8_9
.LBB8_9:
	.loc	4 651 11 is_stmt 1              @ ../Middlewares/Third_Party/FreeRTOS/Source/event_groups.c:651:11
	bl	xTaskResumeAll
	.loc	4 652 1 epilogue_begin          @ ../Middlewares/Third_Party/FreeRTOS/Source/event_groups.c:652:1
	add	sp, #16
	pop	{r7, pc}
.Ltmp211:
.Lfunc_end8:
	.size	vEventGroupDelete, .Lfunc_end8-vEventGroupDelete
	.cfi_endproc
	.cantunwind
	.fnend
                                        @ -- End function
	.section	.text.vEventGroupSetBitsCallback,"ax",%progbits
	.hidden	vEventGroupSetBitsCallback      @ -- Begin function vEventGroupSetBitsCallback
	.globl	vEventGroupSetBitsCallback
	.p2align	3
	.type	vEventGroupSetBitsCallback,%function
	.code	16                              @ @vEventGroupSetBitsCallback
	.thumb_func
vEventGroupSetBitsCallback:
.Lfunc_begin9:
	.loc	4 658 0                         @ ../Middlewares/Third_Party/FreeRTOS/Source/event_groups.c:658:0
	.fnstart
	.cfi_startproc
@ %bb.0:
	.save	{r7, lr}
	push	{r7, lr}
	.cfi_def_cfa_offset 8
	.cfi_offset lr, -4
	.cfi_offset r7, -8
	.pad	#8
	sub	sp, #8
	.cfi_def_cfa_offset 16
	str	r0, [sp, #4]
	str	r1, [sp]
.Ltmp212:
	.loc	4 659 31 prologue_end           @ ../Middlewares/Third_Party/FreeRTOS/Source/event_groups.c:659:31
	ldr	r0, [sp, #4]
	.loc	4 659 61 is_stmt 0              @ ../Middlewares/Third_Party/FreeRTOS/Source/event_groups.c:659:61
	ldr	r1, [sp]
	.loc	4 659 11                        @ ../Middlewares/Third_Party/FreeRTOS/Source/event_groups.c:659:11
	bl	xEventGroupSetBits
	.loc	4 660 1 epilogue_begin is_stmt 1 @ ../Middlewares/Third_Party/FreeRTOS/Source/event_groups.c:660:1
	add	sp, #8
	pop	{r7, pc}
.Ltmp213:
.Lfunc_end9:
	.size	vEventGroupSetBitsCallback, .Lfunc_end9-vEventGroupSetBitsCallback
	.cfi_endproc
	.cantunwind
	.fnend
                                        @ -- End function
	.section	.text.vEventGroupClearBitsCallback,"ax",%progbits
	.hidden	vEventGroupClearBitsCallback    @ -- Begin function vEventGroupClearBitsCallback
	.globl	vEventGroupClearBitsCallback
	.p2align	3
	.type	vEventGroupClearBitsCallback,%function
	.code	16                              @ @vEventGroupClearBitsCallback
	.thumb_func
vEventGroupClearBitsCallback:
.Lfunc_begin10:
	.loc	4 666 0                         @ ../Middlewares/Third_Party/FreeRTOS/Source/event_groups.c:666:0
	.fnstart
	.cfi_startproc
@ %bb.0:
	.save	{r7, lr}
	push	{r7, lr}
	.cfi_def_cfa_offset 8
	.cfi_offset lr, -4
	.cfi_offset r7, -8
	.pad	#8
	sub	sp, #8
	.cfi_def_cfa_offset 16
	str	r0, [sp, #4]
	str	r1, [sp]
.Ltmp214:
	.loc	4 667 33 prologue_end           @ ../Middlewares/Third_Party/FreeRTOS/Source/event_groups.c:667:33
	ldr	r0, [sp, #4]
	.loc	4 667 63 is_stmt 0              @ ../Middlewares/Third_Party/FreeRTOS/Source/event_groups.c:667:63
	ldr	r1, [sp]
	.loc	4 667 11                        @ ../Middlewares/Third_Party/FreeRTOS/Source/event_groups.c:667:11
	bl	xEventGroupClearBits
	.loc	4 668 1 epilogue_begin is_stmt 1 @ ../Middlewares/Third_Party/FreeRTOS/Source/event_groups.c:668:1
	add	sp, #8
	pop	{r7, pc}
.Ltmp215:
.Lfunc_end10:
	.size	vEventGroupClearBitsCallback, .Lfunc_end10-vEventGroupClearBitsCallback
	.cfi_endproc
	.cantunwind
	.fnend
                                        @ -- End function
	.section	.text.uxEventGroupGetNumber,"ax",%progbits
	.hidden	uxEventGroupGetNumber           @ -- Begin function uxEventGroupGetNumber
	.globl	uxEventGroupGetNumber
	.p2align	3
	.type	uxEventGroupGetNumber,%function
	.code	16                              @ @uxEventGroupGetNumber
	.thumb_func
uxEventGroupGetNumber:
.Lfunc_begin11:
	.loc	4 724 0                         @ ../Middlewares/Third_Party/FreeRTOS/Source/event_groups.c:724:0
	.fnstart
	.cfi_startproc
@ %bb.0:
	.pad	#12
	sub	sp, #12
	.cfi_def_cfa_offset 12
	str	r0, [sp, #8]
.Ltmp216:
	.loc	4 726 55 prologue_end           @ ../Middlewares/Third_Party/FreeRTOS/Source/event_groups.c:726:55
	ldr	r0, [sp, #8]
	.loc	4 726 22 is_stmt 0              @ ../Middlewares/Third_Party/FreeRTOS/Source/event_groups.c:726:22
	str	r0, [sp]
.Ltmp217:
	.loc	4 728 7 is_stmt 1               @ ../Middlewares/Third_Party/FreeRTOS/Source/event_groups.c:728:7
	ldr	r0, [sp, #8]
.Ltmp218:
	.loc	4 728 7 is_stmt 0               @ ../Middlewares/Third_Party/FreeRTOS/Source/event_groups.c:728:7
	cbnz	r0, .LBB11_2
	b	.LBB11_1
.LBB11_1:
	.loc	4 0 7                           @ ../Middlewares/Third_Party/FreeRTOS/Source/event_groups.c:0:7
	movs	r0, #0
.Ltmp219:
	.loc	4 730 12 is_stmt 1              @ ../Middlewares/Third_Party/FreeRTOS/Source/event_groups.c:730:12
	str	r0, [sp, #4]
	.loc	4 731 3                         @ ../Middlewares/Third_Party/FreeRTOS/Source/event_groups.c:731:3
	b	.LBB11_3
.Ltmp220:
.LBB11_2:
	.loc	4 734 14                        @ ../Middlewares/Third_Party/FreeRTOS/Source/event_groups.c:734:14
	ldr	r0, [sp]
	.loc	4 734 27 is_stmt 0              @ ../Middlewares/Third_Party/FreeRTOS/Source/event_groups.c:734:27
	ldr	r0, [r0, #24]
	.loc	4 734 12                        @ ../Middlewares/Third_Party/FreeRTOS/Source/event_groups.c:734:12
	str	r0, [sp, #4]
	b	.LBB11_3
.Ltmp221:
.LBB11_3:
	.loc	4 737 10 is_stmt 1              @ ../Middlewares/Third_Party/FreeRTOS/Source/event_groups.c:737:10
	ldr	r0, [sp, #4]
	.loc	4 737 3 epilogue_begin is_stmt 0 @ ../Middlewares/Third_Party/FreeRTOS/Source/event_groups.c:737:3
	add	sp, #12
	bx	lr
.Ltmp222:
.Lfunc_end11:
	.size	uxEventGroupGetNumber, .Lfunc_end11-uxEventGroupGetNumber
	.cfi_endproc
	.cantunwind
	.fnend
                                        @ -- End function
	.section	.text.vEventGroupSetNumber,"ax",%progbits
	.hidden	vEventGroupSetNumber            @ -- Begin function vEventGroupSetNumber
	.globl	vEventGroupSetNumber
	.p2align	3
	.type	vEventGroupSetNumber,%function
	.code	16                              @ @vEventGroupSetNumber
	.thumb_func
vEventGroupSetNumber:
.Lfunc_begin12:
	.loc	4 746 0 is_stmt 1               @ ../Middlewares/Third_Party/FreeRTOS/Source/event_groups.c:746:0
	.fnstart
	.cfi_startproc
@ %bb.0:
	.pad	#8
	sub	sp, #8
	.cfi_def_cfa_offset 8
	str	r0, [sp, #4]
	str	r1, [sp]
.Ltmp223:
	.loc	4 747 60 prologue_end           @ ../Middlewares/Third_Party/FreeRTOS/Source/event_groups.c:747:60
	ldr	r0, [sp]
	.loc	4 747 24 is_stmt 0              @ ../Middlewares/Third_Party/FreeRTOS/Source/event_groups.c:747:24
	ldr	r1, [sp, #4]
	.loc	4 747 58                        @ ../Middlewares/Third_Party/FreeRTOS/Source/event_groups.c:747:58
	str	r0, [r1, #24]
	.loc	4 748 2 epilogue_begin is_stmt 1 @ ../Middlewares/Third_Party/FreeRTOS/Source/event_groups.c:748:2
	add	sp, #8
	bx	lr
.Ltmp224:
.Lfunc_end12:
	.size	vEventGroupSetNumber, .Lfunc_end12-vEventGroupSetNumber
	.cfi_endproc
	.cantunwind
	.fnend
                                        @ -- End function
	.file	6 "D:\\stm32_project\\daily_work\\new_bubing\\cod_update_2.0\\COD_H7_Template\\MDK-ARM" "../Middlewares/Third_Party/FreeRTOS/Source/include\\FreeRTOS.h"
	.file	7 "D:\\keil5_app\\Keil_v5\\ARM\\ARMCLANG\\bin\\..\\include" "stdlib.h"
	.section	.debug_abbrev,"",%progbits
	.byte	1                               @ Abbreviation Code
	.byte	17                              @ DW_TAG_compile_unit
	.byte	1                               @ DW_CHILDREN_yes
	.byte	37                              @ DW_AT_producer
	.byte	14                              @ DW_FORM_strp
	.byte	19                              @ DW_AT_language
	.byte	5                               @ DW_FORM_data2
	.byte	3                               @ DW_AT_name
	.byte	14                              @ DW_FORM_strp
	.byte	16                              @ DW_AT_stmt_list
	.byte	23                              @ DW_FORM_sec_offset
	.byte	27                              @ DW_AT_comp_dir
	.byte	14                              @ DW_FORM_strp
	.byte	17                              @ DW_AT_low_pc
	.byte	1                               @ DW_FORM_addr
	.byte	85                              @ DW_AT_ranges
	.byte	23                              @ DW_FORM_sec_offset
	.byte	0                               @ EOM(1)
	.byte	0                               @ EOM(2)
	.byte	2                               @ Abbreviation Code
	.byte	15                              @ DW_TAG_pointer_type
	.byte	0                               @ DW_CHILDREN_no
	.byte	73                              @ DW_AT_type
	.byte	19                              @ DW_FORM_ref4
	.byte	0                               @ EOM(1)
	.byte	0                               @ EOM(2)
	.byte	3                               @ Abbreviation Code
	.byte	22                              @ DW_TAG_typedef
	.byte	0                               @ DW_CHILDREN_no
	.byte	73                              @ DW_AT_type
	.byte	19                              @ DW_FORM_ref4
	.byte	3                               @ DW_AT_name
	.byte	14                              @ DW_FORM_strp
	.byte	58                              @ DW_AT_decl_file
	.byte	11                              @ DW_FORM_data1
	.byte	59                              @ DW_AT_decl_line
	.byte	11                              @ DW_FORM_data1
	.byte	0                               @ EOM(1)
	.byte	0                               @ EOM(2)
	.byte	4                               @ Abbreviation Code
	.byte	19                              @ DW_TAG_structure_type
	.byte	1                               @ DW_CHILDREN_yes
	.byte	3                               @ DW_AT_name
	.byte	14                              @ DW_FORM_strp
	.byte	11                              @ DW_AT_byte_size
	.byte	11                              @ DW_FORM_data1
	.byte	58                              @ DW_AT_decl_file
	.byte	11                              @ DW_FORM_data1
	.byte	59                              @ DW_AT_decl_line
	.byte	11                              @ DW_FORM_data1
	.byte	0                               @ EOM(1)
	.byte	0                               @ EOM(2)
	.byte	5                               @ Abbreviation Code
	.byte	13                              @ DW_TAG_member
	.byte	0                               @ DW_CHILDREN_no
	.byte	3                               @ DW_AT_name
	.byte	14                              @ DW_FORM_strp
	.byte	73                              @ DW_AT_type
	.byte	19                              @ DW_FORM_ref4
	.byte	58                              @ DW_AT_decl_file
	.byte	11                              @ DW_FORM_data1
	.byte	59                              @ DW_AT_decl_line
	.byte	11                              @ DW_FORM_data1
	.byte	56                              @ DW_AT_data_member_location
	.byte	11                              @ DW_FORM_data1
	.byte	0                               @ EOM(1)
	.byte	0                               @ EOM(2)
	.byte	6                               @ Abbreviation Code
	.byte	36                              @ DW_TAG_base_type
	.byte	0                               @ DW_CHILDREN_no
	.byte	3                               @ DW_AT_name
	.byte	14                              @ DW_FORM_strp
	.byte	62                              @ DW_AT_encoding
	.byte	11                              @ DW_FORM_data1
	.byte	11                              @ DW_AT_byte_size
	.byte	11                              @ DW_FORM_data1
	.byte	0                               @ EOM(1)
	.byte	0                               @ EOM(2)
	.byte	7                               @ Abbreviation Code
	.byte	53                              @ DW_TAG_volatile_type
	.byte	0                               @ DW_CHILDREN_no
	.byte	73                              @ DW_AT_type
	.byte	19                              @ DW_FORM_ref4
	.byte	0                               @ EOM(1)
	.byte	0                               @ EOM(2)
	.byte	8                               @ Abbreviation Code
	.byte	15                              @ DW_TAG_pointer_type
	.byte	0                               @ DW_CHILDREN_no
	.byte	0                               @ EOM(1)
	.byte	0                               @ EOM(2)
	.byte	9                               @ Abbreviation Code
	.byte	38                              @ DW_TAG_const_type
	.byte	0                               @ DW_CHILDREN_no
	.byte	73                              @ DW_AT_type
	.byte	19                              @ DW_FORM_ref4
	.byte	0                               @ EOM(1)
	.byte	0                               @ EOM(2)
	.byte	10                              @ Abbreviation Code
	.byte	46                              @ DW_TAG_subprogram
	.byte	1                               @ DW_CHILDREN_yes
	.byte	3                               @ DW_AT_name
	.byte	14                              @ DW_FORM_strp
	.byte	58                              @ DW_AT_decl_file
	.byte	11                              @ DW_FORM_data1
	.byte	59                              @ DW_AT_decl_line
	.byte	11                              @ DW_FORM_data1
	.byte	39                              @ DW_AT_prototyped
	.byte	25                              @ DW_FORM_flag_present
	.byte	32                              @ DW_AT_inline
	.byte	11                              @ DW_FORM_data1
	.byte	0                               @ EOM(1)
	.byte	0                               @ EOM(2)
	.byte	11                              @ Abbreviation Code
	.byte	52                              @ DW_TAG_variable
	.byte	0                               @ DW_CHILDREN_no
	.byte	3                               @ DW_AT_name
	.byte	14                              @ DW_FORM_strp
	.byte	58                              @ DW_AT_decl_file
	.byte	11                              @ DW_FORM_data1
	.byte	59                              @ DW_AT_decl_line
	.byte	11                              @ DW_FORM_data1
	.byte	73                              @ DW_AT_type
	.byte	19                              @ DW_FORM_ref4
	.byte	0                               @ EOM(1)
	.byte	0                               @ EOM(2)
	.byte	12                              @ Abbreviation Code
	.byte	46                              @ DW_TAG_subprogram
	.byte	1                               @ DW_CHILDREN_yes
	.byte	17                              @ DW_AT_low_pc
	.byte	1                               @ DW_FORM_addr
	.byte	18                              @ DW_AT_high_pc
	.byte	6                               @ DW_FORM_data4
	.byte	64                              @ DW_AT_frame_base
	.byte	24                              @ DW_FORM_exprloc
	.byte	3                               @ DW_AT_name
	.byte	14                              @ DW_FORM_strp
	.byte	58                              @ DW_AT_decl_file
	.byte	11                              @ DW_FORM_data1
	.byte	59                              @ DW_AT_decl_line
	.byte	11                              @ DW_FORM_data1
	.byte	39                              @ DW_AT_prototyped
	.byte	25                              @ DW_FORM_flag_present
	.byte	73                              @ DW_AT_type
	.byte	19                              @ DW_FORM_ref4
	.byte	63                              @ DW_AT_external
	.byte	25                              @ DW_FORM_flag_present
	.byte	0                               @ EOM(1)
	.byte	0                               @ EOM(2)
	.byte	13                              @ Abbreviation Code
	.byte	5                               @ DW_TAG_formal_parameter
	.byte	0                               @ DW_CHILDREN_no
	.byte	2                               @ DW_AT_location
	.byte	24                              @ DW_FORM_exprloc
	.byte	3                               @ DW_AT_name
	.byte	14                              @ DW_FORM_strp
	.byte	58                              @ DW_AT_decl_file
	.byte	11                              @ DW_FORM_data1
	.byte	59                              @ DW_AT_decl_line
	.byte	11                              @ DW_FORM_data1
	.byte	73                              @ DW_AT_type
	.byte	19                              @ DW_FORM_ref4
	.byte	0                               @ EOM(1)
	.byte	0                               @ EOM(2)
	.byte	14                              @ Abbreviation Code
	.byte	52                              @ DW_TAG_variable
	.byte	0                               @ DW_CHILDREN_no
	.byte	2                               @ DW_AT_location
	.byte	24                              @ DW_FORM_exprloc
	.byte	3                               @ DW_AT_name
	.byte	14                              @ DW_FORM_strp
	.byte	58                              @ DW_AT_decl_file
	.byte	11                              @ DW_FORM_data1
	.byte	59                              @ DW_AT_decl_line
	.byte	11                              @ DW_FORM_data1
	.byte	73                              @ DW_AT_type
	.byte	19                              @ DW_FORM_ref4
	.byte	0                               @ EOM(1)
	.byte	0                               @ EOM(2)
	.byte	15                              @ Abbreviation Code
	.byte	29                              @ DW_TAG_inlined_subroutine
	.byte	1                               @ DW_CHILDREN_yes
	.byte	49                              @ DW_AT_abstract_origin
	.byte	19                              @ DW_FORM_ref4
	.byte	17                              @ DW_AT_low_pc
	.byte	1                               @ DW_FORM_addr
	.byte	18                              @ DW_AT_high_pc
	.byte	6                               @ DW_FORM_data4
	.byte	88                              @ DW_AT_call_file
	.byte	11                              @ DW_FORM_data1
	.byte	89                              @ DW_AT_call_line
	.byte	11                              @ DW_FORM_data1
	.byte	87                              @ DW_AT_call_column
	.byte	11                              @ DW_FORM_data1
	.byte	0                               @ EOM(1)
	.byte	0                               @ EOM(2)
	.byte	16                              @ Abbreviation Code
	.byte	52                              @ DW_TAG_variable
	.byte	0                               @ DW_CHILDREN_no
	.byte	2                               @ DW_AT_location
	.byte	24                              @ DW_FORM_exprloc
	.byte	49                              @ DW_AT_abstract_origin
	.byte	19                              @ DW_FORM_ref4
	.byte	0                               @ EOM(1)
	.byte	0                               @ EOM(2)
	.byte	17                              @ Abbreviation Code
	.byte	11                              @ DW_TAG_lexical_block
	.byte	1                               @ DW_CHILDREN_yes
	.byte	17                              @ DW_AT_low_pc
	.byte	1                               @ DW_FORM_addr
	.byte	18                              @ DW_AT_high_pc
	.byte	6                               @ DW_FORM_data4
	.byte	0                               @ EOM(1)
	.byte	0                               @ EOM(2)
	.byte	18                              @ Abbreviation Code
	.byte	46                              @ DW_TAG_subprogram
	.byte	1                               @ DW_CHILDREN_yes
	.byte	17                              @ DW_AT_low_pc
	.byte	1                               @ DW_FORM_addr
	.byte	18                              @ DW_AT_high_pc
	.byte	6                               @ DW_FORM_data4
	.byte	64                              @ DW_AT_frame_base
	.byte	24                              @ DW_FORM_exprloc
	.byte	3                               @ DW_AT_name
	.byte	14                              @ DW_FORM_strp
	.byte	58                              @ DW_AT_decl_file
	.byte	11                              @ DW_FORM_data1
	.byte	59                              @ DW_AT_decl_line
	.byte	5                               @ DW_FORM_data2
	.byte	39                              @ DW_AT_prototyped
	.byte	25                              @ DW_FORM_flag_present
	.byte	73                              @ DW_AT_type
	.byte	19                              @ DW_FORM_ref4
	.byte	63                              @ DW_AT_external
	.byte	25                              @ DW_FORM_flag_present
	.byte	0                               @ EOM(1)
	.byte	0                               @ EOM(2)
	.byte	19                              @ Abbreviation Code
	.byte	5                               @ DW_TAG_formal_parameter
	.byte	0                               @ DW_CHILDREN_no
	.byte	2                               @ DW_AT_location
	.byte	24                              @ DW_FORM_exprloc
	.byte	3                               @ DW_AT_name
	.byte	14                              @ DW_FORM_strp
	.byte	58                              @ DW_AT_decl_file
	.byte	11                              @ DW_FORM_data1
	.byte	59                              @ DW_AT_decl_line
	.byte	5                               @ DW_FORM_data2
	.byte	73                              @ DW_AT_type
	.byte	19                              @ DW_FORM_ref4
	.byte	0                               @ EOM(1)
	.byte	0                               @ EOM(2)
	.byte	20                              @ Abbreviation Code
	.byte	52                              @ DW_TAG_variable
	.byte	0                               @ DW_CHILDREN_no
	.byte	2                               @ DW_AT_location
	.byte	24                              @ DW_FORM_exprloc
	.byte	3                               @ DW_AT_name
	.byte	14                              @ DW_FORM_strp
	.byte	58                              @ DW_AT_decl_file
	.byte	11                              @ DW_FORM_data1
	.byte	59                              @ DW_AT_decl_line
	.byte	5                               @ DW_FORM_data2
	.byte	73                              @ DW_AT_type
	.byte	19                              @ DW_FORM_ref4
	.byte	0                               @ EOM(1)
	.byte	0                               @ EOM(2)
	.byte	21                              @ Abbreviation Code
	.byte	29                              @ DW_TAG_inlined_subroutine
	.byte	1                               @ DW_CHILDREN_yes
	.byte	49                              @ DW_AT_abstract_origin
	.byte	19                              @ DW_FORM_ref4
	.byte	17                              @ DW_AT_low_pc
	.byte	1                               @ DW_FORM_addr
	.byte	18                              @ DW_AT_high_pc
	.byte	6                               @ DW_FORM_data4
	.byte	88                              @ DW_AT_call_file
	.byte	11                              @ DW_FORM_data1
	.byte	89                              @ DW_AT_call_line
	.byte	5                               @ DW_FORM_data2
	.byte	87                              @ DW_AT_call_column
	.byte	11                              @ DW_FORM_data1
	.byte	0                               @ EOM(1)
	.byte	0                               @ EOM(2)
	.byte	22                              @ Abbreviation Code
	.byte	46                              @ DW_TAG_subprogram
	.byte	1                               @ DW_CHILDREN_yes
	.byte	17                              @ DW_AT_low_pc
	.byte	1                               @ DW_FORM_addr
	.byte	18                              @ DW_AT_high_pc
	.byte	6                               @ DW_FORM_data4
	.byte	64                              @ DW_AT_frame_base
	.byte	24                              @ DW_FORM_exprloc
	.byte	3                               @ DW_AT_name
	.byte	14                              @ DW_FORM_strp
	.byte	58                              @ DW_AT_decl_file
	.byte	11                              @ DW_FORM_data1
	.byte	59                              @ DW_AT_decl_line
	.byte	5                               @ DW_FORM_data2
	.byte	39                              @ DW_AT_prototyped
	.byte	25                              @ DW_FORM_flag_present
	.byte	73                              @ DW_AT_type
	.byte	19                              @ DW_FORM_ref4
	.byte	0                               @ EOM(1)
	.byte	0                               @ EOM(2)
	.byte	23                              @ Abbreviation Code
	.byte	46                              @ DW_TAG_subprogram
	.byte	1                               @ DW_CHILDREN_yes
	.byte	3                               @ DW_AT_name
	.byte	14                              @ DW_FORM_strp
	.byte	58                              @ DW_AT_decl_file
	.byte	11                              @ DW_FORM_data1
	.byte	59                              @ DW_AT_decl_line
	.byte	11                              @ DW_FORM_data1
	.byte	39                              @ DW_AT_prototyped
	.byte	25                              @ DW_FORM_flag_present
	.byte	73                              @ DW_AT_type
	.byte	19                              @ DW_FORM_ref4
	.byte	32                              @ DW_AT_inline
	.byte	11                              @ DW_FORM_data1
	.byte	0                               @ EOM(1)
	.byte	0                               @ EOM(2)
	.byte	24                              @ Abbreviation Code
	.byte	5                               @ DW_TAG_formal_parameter
	.byte	0                               @ DW_CHILDREN_no
	.byte	3                               @ DW_AT_name
	.byte	14                              @ DW_FORM_strp
	.byte	58                              @ DW_AT_decl_file
	.byte	11                              @ DW_FORM_data1
	.byte	59                              @ DW_AT_decl_line
	.byte	11                              @ DW_FORM_data1
	.byte	73                              @ DW_AT_type
	.byte	19                              @ DW_FORM_ref4
	.byte	0                               @ EOM(1)
	.byte	0                               @ EOM(2)
	.byte	25                              @ Abbreviation Code
	.byte	5                               @ DW_TAG_formal_parameter
	.byte	0                               @ DW_CHILDREN_no
	.byte	2                               @ DW_AT_location
	.byte	24                              @ DW_FORM_exprloc
	.byte	49                              @ DW_AT_abstract_origin
	.byte	19                              @ DW_FORM_ref4
	.byte	0                               @ EOM(1)
	.byte	0                               @ EOM(2)
	.byte	26                              @ Abbreviation Code
	.byte	46                              @ DW_TAG_subprogram
	.byte	1                               @ DW_CHILDREN_yes
	.byte	17                              @ DW_AT_low_pc
	.byte	1                               @ DW_FORM_addr
	.byte	18                              @ DW_AT_high_pc
	.byte	6                               @ DW_FORM_data4
	.byte	64                              @ DW_AT_frame_base
	.byte	24                              @ DW_FORM_exprloc
	.byte	3                               @ DW_AT_name
	.byte	14                              @ DW_FORM_strp
	.byte	58                              @ DW_AT_decl_file
	.byte	11                              @ DW_FORM_data1
	.byte	59                              @ DW_AT_decl_line
	.byte	5                               @ DW_FORM_data2
	.byte	39                              @ DW_AT_prototyped
	.byte	25                              @ DW_FORM_flag_present
	.byte	63                              @ DW_AT_external
	.byte	25                              @ DW_FORM_flag_present
	.byte	0                               @ EOM(1)
	.byte	0                               @ EOM(2)
	.byte	27                              @ Abbreviation Code
	.byte	22                              @ DW_TAG_typedef
	.byte	0                               @ DW_CHILDREN_no
	.byte	73                              @ DW_AT_type
	.byte	19                              @ DW_FORM_ref4
	.byte	3                               @ DW_AT_name
	.byte	14                              @ DW_FORM_strp
	.byte	58                              @ DW_AT_decl_file
	.byte	11                              @ DW_FORM_data1
	.byte	59                              @ DW_AT_decl_line
	.byte	5                               @ DW_FORM_data2
	.byte	0                               @ EOM(1)
	.byte	0                               @ EOM(2)
	.byte	28                              @ Abbreviation Code
	.byte	19                              @ DW_TAG_structure_type
	.byte	1                               @ DW_CHILDREN_yes
	.byte	3                               @ DW_AT_name
	.byte	14                              @ DW_FORM_strp
	.byte	11                              @ DW_AT_byte_size
	.byte	11                              @ DW_FORM_data1
	.byte	58                              @ DW_AT_decl_file
	.byte	11                              @ DW_FORM_data1
	.byte	59                              @ DW_AT_decl_line
	.byte	5                               @ DW_FORM_data2
	.byte	0                               @ EOM(1)
	.byte	0                               @ EOM(2)
	.byte	29                              @ Abbreviation Code
	.byte	13                              @ DW_TAG_member
	.byte	0                               @ DW_CHILDREN_no
	.byte	3                               @ DW_AT_name
	.byte	14                              @ DW_FORM_strp
	.byte	73                              @ DW_AT_type
	.byte	19                              @ DW_FORM_ref4
	.byte	58                              @ DW_AT_decl_file
	.byte	11                              @ DW_FORM_data1
	.byte	59                              @ DW_AT_decl_line
	.byte	5                               @ DW_FORM_data2
	.byte	56                              @ DW_AT_data_member_location
	.byte	11                              @ DW_FORM_data1
	.byte	0                               @ EOM(1)
	.byte	0                               @ EOM(2)
	.byte	30                              @ Abbreviation Code
	.byte	1                               @ DW_TAG_array_type
	.byte	1                               @ DW_CHILDREN_yes
	.byte	73                              @ DW_AT_type
	.byte	19                              @ DW_FORM_ref4
	.byte	0                               @ EOM(1)
	.byte	0                               @ EOM(2)
	.byte	31                              @ Abbreviation Code
	.byte	33                              @ DW_TAG_subrange_type
	.byte	0                               @ DW_CHILDREN_no
	.byte	73                              @ DW_AT_type
	.byte	19                              @ DW_FORM_ref4
	.byte	55                              @ DW_AT_count
	.byte	11                              @ DW_FORM_data1
	.byte	0                               @ EOM(1)
	.byte	0                               @ EOM(2)
	.byte	32                              @ Abbreviation Code
	.byte	36                              @ DW_TAG_base_type
	.byte	0                               @ DW_CHILDREN_no
	.byte	3                               @ DW_AT_name
	.byte	14                              @ DW_FORM_strp
	.byte	11                              @ DW_AT_byte_size
	.byte	11                              @ DW_FORM_data1
	.byte	62                              @ DW_AT_encoding
	.byte	11                              @ DW_FORM_data1
	.byte	0                               @ EOM(1)
	.byte	0                               @ EOM(2)
	.byte	0                               @ EOM(3)
	.section	.debug_info,"",%progbits
.Lcu_begin0:
	.long	.Ldebug_info_end0-.Ldebug_info_start0 @ Length of Unit
.Ldebug_info_start0:
	.short	4                               @ DWARF version number
	.long	.debug_abbrev                   @ Offset Into Abbrev. Section
	.byte	4                               @ Address Size (in bytes)
	.byte	1                               @ Abbrev [1] 0xb:0x955 DW_TAG_compile_unit
	.long	.Linfo_string0                  @ DW_AT_producer
	.short	12                              @ DW_AT_language
	.long	.Linfo_string1                  @ DW_AT_name
	.long	.Lline_table_start0             @ DW_AT_stmt_list
	.long	.Linfo_string2                  @ DW_AT_comp_dir
	.long	0                               @ DW_AT_low_pc
	.long	.Ldebug_ranges0                 @ DW_AT_ranges
	.byte	2                               @ Abbrev [2] 0x26:0x5 DW_TAG_pointer_type
	.long	43                              @ DW_AT_type
	.byte	3                               @ Abbrev [3] 0x2b:0xb DW_TAG_typedef
	.long	54                              @ DW_AT_type
	.long	.Linfo_string30                 @ DW_AT_name
	.byte	4                               @ DW_AT_decl_file
	.byte	75                              @ DW_AT_decl_line
	.byte	4                               @ Abbrev [4] 0x36:0x39 DW_TAG_structure_type
	.long	.Linfo_string29                 @ DW_AT_name
	.byte	32                              @ DW_AT_byte_size
	.byte	4                               @ DW_AT_decl_file
	.byte	63                              @ DW_AT_decl_line
	.byte	5                               @ Abbrev [5] 0x3e:0xc DW_TAG_member
	.long	.Linfo_string3                  @ DW_AT_name
	.long	111                             @ DW_AT_type
	.byte	4                               @ DW_AT_decl_file
	.byte	65                              @ DW_AT_decl_line
	.byte	0                               @ DW_AT_data_member_location
	.byte	5                               @ Abbrev [5] 0x4a:0xc DW_TAG_member
	.long	.Linfo_string8                  @ DW_AT_name
	.long	151                             @ DW_AT_type
	.byte	4                               @ DW_AT_decl_file
	.byte	66                              @ DW_AT_decl_line
	.byte	4                               @ DW_AT_data_member_location
	.byte	5                               @ Abbrev [5] 0x56:0xc DW_TAG_member
	.long	.Linfo_string25                 @ DW_AT_name
	.long	212                             @ DW_AT_type
	.byte	4                               @ DW_AT_decl_file
	.byte	69                              @ DW_AT_decl_line
	.byte	24                              @ DW_AT_data_member_location
	.byte	5                               @ Abbrev [5] 0x62:0xc DW_TAG_member
	.long	.Linfo_string26                 @ DW_AT_name
	.long	382                             @ DW_AT_type
	.byte	4                               @ DW_AT_decl_file
	.byte	73                              @ DW_AT_decl_line
	.byte	28                              @ DW_AT_data_member_location
	.byte	0                               @ End Of Children Mark
	.byte	3                               @ Abbrev [3] 0x6f:0xb DW_TAG_typedef
	.long	122                             @ DW_AT_type
	.long	.Linfo_string7                  @ DW_AT_name
	.byte	3                               @ DW_AT_decl_file
	.byte	92                              @ DW_AT_decl_line
	.byte	3                               @ Abbrev [3] 0x7a:0xb DW_TAG_typedef
	.long	133                             @ DW_AT_type
	.long	.Linfo_string6                  @ DW_AT_name
	.byte	2                               @ DW_AT_decl_file
	.byte	63                              @ DW_AT_decl_line
	.byte	3                               @ Abbrev [3] 0x85:0xb DW_TAG_typedef
	.long	144                             @ DW_AT_type
	.long	.Linfo_string5                  @ DW_AT_name
	.byte	1                               @ DW_AT_decl_file
	.byte	64                              @ DW_AT_decl_line
	.byte	6                               @ Abbrev [6] 0x90:0x7 DW_TAG_base_type
	.long	.Linfo_string4                  @ DW_AT_name
	.byte	7                               @ DW_AT_encoding
	.byte	4                               @ DW_AT_byte_size
	.byte	3                               @ Abbrev [3] 0x97:0xb DW_TAG_typedef
	.long	162                             @ DW_AT_type
	.long	.Linfo_string24                 @ DW_AT_name
	.byte	5                               @ DW_AT_decl_file
	.byte	171                             @ DW_AT_decl_line
	.byte	4                               @ Abbrev [4] 0xa2:0x2d DW_TAG_structure_type
	.long	.Linfo_string23                 @ DW_AT_name
	.byte	20                              @ DW_AT_byte_size
	.byte	5                               @ DW_AT_decl_file
	.byte	164                             @ DW_AT_decl_line
	.byte	5                               @ Abbrev [5] 0xaa:0xc DW_TAG_member
	.long	.Linfo_string9                  @ DW_AT_name
	.long	207                             @ DW_AT_type
	.byte	5                               @ DW_AT_decl_file
	.byte	167                             @ DW_AT_decl_line
	.byte	0                               @ DW_AT_data_member_location
	.byte	5                               @ Abbrev [5] 0xb6:0xc DW_TAG_member
	.long	.Linfo_string12                 @ DW_AT_name
	.long	230                             @ DW_AT_type
	.byte	5                               @ DW_AT_decl_file
	.byte	168                             @ DW_AT_decl_line
	.byte	4                               @ DW_AT_data_member_location
	.byte	5                               @ Abbrev [5] 0xc2:0xc DW_TAG_member
	.long	.Linfo_string20                 @ DW_AT_name
	.long	326                             @ DW_AT_type
	.byte	5                               @ DW_AT_decl_file
	.byte	169                             @ DW_AT_decl_line
	.byte	8                               @ DW_AT_data_member_location
	.byte	0                               @ End Of Children Mark
	.byte	7                               @ Abbrev [7] 0xcf:0x5 DW_TAG_volatile_type
	.long	212                             @ DW_AT_type
	.byte	3                               @ Abbrev [3] 0xd4:0xb DW_TAG_typedef
	.long	223                             @ DW_AT_type
	.long	.Linfo_string11                 @ DW_AT_name
	.byte	2                               @ DW_AT_decl_file
	.byte	57                              @ DW_AT_decl_line
	.byte	6                               @ Abbrev [6] 0xdf:0x7 DW_TAG_base_type
	.long	.Linfo_string10                 @ DW_AT_name
	.byte	7                               @ DW_AT_encoding
	.byte	4                               @ DW_AT_byte_size
	.byte	2                               @ Abbrev [2] 0xe6:0x5 DW_TAG_pointer_type
	.long	235                             @ DW_AT_type
	.byte	3                               @ Abbrev [3] 0xeb:0xb DW_TAG_typedef
	.long	246                             @ DW_AT_type
	.long	.Linfo_string19                 @ DW_AT_name
	.byte	5                               @ DW_AT_decl_file
	.byte	150                             @ DW_AT_decl_line
	.byte	4                               @ Abbrev [4] 0xf6:0x45 DW_TAG_structure_type
	.long	.Linfo_string18                 @ DW_AT_name
	.byte	20                              @ DW_AT_byte_size
	.byte	5                               @ DW_AT_decl_file
	.byte	140                             @ DW_AT_decl_line
	.byte	5                               @ Abbrev [5] 0xfe:0xc DW_TAG_member
	.long	.Linfo_string13                 @ DW_AT_name
	.long	122                             @ DW_AT_type
	.byte	5                               @ DW_AT_decl_file
	.byte	143                             @ DW_AT_decl_line
	.byte	0                               @ DW_AT_data_member_location
	.byte	5                               @ Abbrev [5] 0x10a:0xc DW_TAG_member
	.long	.Linfo_string14                 @ DW_AT_name
	.long	315                             @ DW_AT_type
	.byte	5                               @ DW_AT_decl_file
	.byte	144                             @ DW_AT_decl_line
	.byte	4                               @ DW_AT_data_member_location
	.byte	5                               @ Abbrev [5] 0x116:0xc DW_TAG_member
	.long	.Linfo_string15                 @ DW_AT_name
	.long	315                             @ DW_AT_type
	.byte	5                               @ DW_AT_decl_file
	.byte	145                             @ DW_AT_decl_line
	.byte	8                               @ DW_AT_data_member_location
	.byte	5                               @ Abbrev [5] 0x122:0xc DW_TAG_member
	.long	.Linfo_string16                 @ DW_AT_name
	.long	320                             @ DW_AT_type
	.byte	5                               @ DW_AT_decl_file
	.byte	146                             @ DW_AT_decl_line
	.byte	12                              @ DW_AT_data_member_location
	.byte	5                               @ Abbrev [5] 0x12e:0xc DW_TAG_member
	.long	.Linfo_string17                 @ DW_AT_name
	.long	321                             @ DW_AT_type
	.byte	5                               @ DW_AT_decl_file
	.byte	147                             @ DW_AT_decl_line
	.byte	16                              @ DW_AT_data_member_location
	.byte	0                               @ End Of Children Mark
	.byte	2                               @ Abbrev [2] 0x13b:0x5 DW_TAG_pointer_type
	.long	246                             @ DW_AT_type
	.byte	8                               @ Abbrev [8] 0x140:0x1 DW_TAG_pointer_type
	.byte	2                               @ Abbrev [2] 0x141:0x5 DW_TAG_pointer_type
	.long	162                             @ DW_AT_type
	.byte	3                               @ Abbrev [3] 0x146:0xb DW_TAG_typedef
	.long	337                             @ DW_AT_type
	.long	.Linfo_string22                 @ DW_AT_name
	.byte	5                               @ DW_AT_decl_file
	.byte	159                             @ DW_AT_decl_line
	.byte	4                               @ Abbrev [4] 0x151:0x2d DW_TAG_structure_type
	.long	.Linfo_string21                 @ DW_AT_name
	.byte	12                              @ DW_AT_byte_size
	.byte	5                               @ DW_AT_decl_file
	.byte	152                             @ DW_AT_decl_line
	.byte	5                               @ Abbrev [5] 0x159:0xc DW_TAG_member
	.long	.Linfo_string13                 @ DW_AT_name
	.long	122                             @ DW_AT_type
	.byte	5                               @ DW_AT_decl_file
	.byte	155                             @ DW_AT_decl_line
	.byte	0                               @ DW_AT_data_member_location
	.byte	5                               @ Abbrev [5] 0x165:0xc DW_TAG_member
	.long	.Linfo_string14                 @ DW_AT_name
	.long	315                             @ DW_AT_type
	.byte	5                               @ DW_AT_decl_file
	.byte	156                             @ DW_AT_decl_line
	.byte	4                               @ DW_AT_data_member_location
	.byte	5                               @ Abbrev [5] 0x171:0xc DW_TAG_member
	.long	.Linfo_string15                 @ DW_AT_name
	.long	315                             @ DW_AT_type
	.byte	5                               @ DW_AT_decl_file
	.byte	157                             @ DW_AT_decl_line
	.byte	8                               @ DW_AT_data_member_location
	.byte	0                               @ End Of Children Mark
	.byte	3                               @ Abbrev [3] 0x17e:0xb DW_TAG_typedef
	.long	393                             @ DW_AT_type
	.long	.Linfo_string28                 @ DW_AT_name
	.byte	1                               @ DW_AT_decl_file
	.byte	62                              @ DW_AT_decl_line
	.byte	6                               @ Abbrev [6] 0x189:0x7 DW_TAG_base_type
	.long	.Linfo_string27                 @ DW_AT_name
	.byte	8                               @ DW_AT_encoding
	.byte	1                               @ DW_AT_byte_size
	.byte	3                               @ Abbrev [3] 0x190:0xb DW_TAG_typedef
	.long	411                             @ DW_AT_type
	.long	.Linfo_string32                 @ DW_AT_name
	.byte	2                               @ DW_AT_decl_file
	.byte	56                              @ DW_AT_decl_line
	.byte	6                               @ Abbrev [6] 0x19b:0x7 DW_TAG_base_type
	.long	.Linfo_string31                 @ DW_AT_name
	.byte	5                               @ DW_AT_encoding
	.byte	4                               @ DW_AT_byte_size
	.byte	2                               @ Abbrev [2] 0x1a2:0x5 DW_TAG_pointer_type
	.long	423                             @ DW_AT_type
	.byte	7                               @ Abbrev [7] 0x1a7:0x5 DW_TAG_volatile_type
	.long	133                             @ DW_AT_type
	.byte	2                               @ Abbrev [2] 0x1ac:0x5 DW_TAG_pointer_type
	.long	433                             @ DW_AT_type
	.byte	9                               @ Abbrev [9] 0x1b1:0x5 DW_TAG_const_type
	.long	235                             @ DW_AT_type
	.byte	10                              @ Abbrev [10] 0x1b6:0x14 DW_TAG_subprogram
	.long	.Linfo_string33                 @ DW_AT_name
	.byte	2                               @ DW_AT_decl_file
	.byte	191                             @ DW_AT_decl_line
                                        @ DW_AT_prototyped
	.byte	1                               @ DW_AT_inline
	.byte	11                              @ Abbrev [11] 0x1be:0xb DW_TAG_variable
	.long	.Linfo_string34                 @ DW_AT_name
	.byte	2                               @ DW_AT_decl_file
	.byte	193                             @ DW_AT_decl_line
	.long	133                             @ DW_AT_type
	.byte	0                               @ End Of Children Mark
	.byte	12                              @ Abbrev [12] 0x1ca:0x7c DW_TAG_subprogram
	.long	.Lfunc_begin0                   @ DW_AT_low_pc
	.long	.Lfunc_end0-.Lfunc_begin0       @ DW_AT_high_pc
	.byte	1                               @ DW_AT_frame_base
	.byte	93
	.long	.Linfo_string39                 @ DW_AT_name
	.byte	4                               @ DW_AT_decl_file
	.byte	93                              @ DW_AT_decl_line
                                        @ DW_AT_prototyped
	.long	2120                            @ DW_AT_type
                                        @ DW_AT_external
	.byte	13                              @ Abbrev [13] 0x1df:0xe DW_TAG_formal_parameter
	.byte	2                               @ DW_AT_location
	.byte	145
	.byte	12
	.long	.Linfo_string53                 @ DW_AT_name
	.byte	4                               @ DW_AT_decl_file
	.byte	93                              @ DW_AT_decl_line
	.long	2136                            @ DW_AT_type
	.byte	14                              @ Abbrev [14] 0x1ed:0xe DW_TAG_variable
	.byte	2                               @ DW_AT_location
	.byte	145
	.byte	8
	.long	.Linfo_string68                 @ DW_AT_name
	.byte	4                               @ DW_AT_decl_file
	.byte	95                              @ DW_AT_decl_line
	.long	38                              @ DW_AT_type
	.byte	15                              @ Abbrev [15] 0x1fb:0x19 DW_TAG_inlined_subroutine
	.long	438                             @ DW_AT_abstract_origin
	.long	.Ltmp2                          @ DW_AT_low_pc
	.long	.Ltmp3-.Ltmp2                   @ DW_AT_high_pc
	.byte	4                               @ DW_AT_call_file
	.byte	98                              @ DW_AT_call_line
	.byte	3                               @ DW_AT_call_column
	.byte	16                              @ Abbrev [16] 0x20b:0x8 DW_TAG_variable
	.byte	2                               @ DW_AT_location
	.byte	145
	.byte	20
	.long	446                             @ DW_AT_abstract_origin
	.byte	0                               @ End Of Children Mark
	.byte	17                              @ Abbrev [17] 0x214:0x31 DW_TAG_lexical_block
	.long	.Ltmp6                          @ DW_AT_low_pc
	.long	.Ltmp12-.Ltmp6                  @ DW_AT_high_pc
	.byte	14                              @ Abbrev [14] 0x21d:0xe DW_TAG_variable
	.byte	2                               @ DW_AT_location
	.byte	145
	.byte	4
	.long	.Linfo_string69                 @ DW_AT_name
	.byte	4                               @ DW_AT_decl_file
	.byte	105                             @ DW_AT_decl_line
	.long	2343                            @ DW_AT_type
	.byte	15                              @ Abbrev [15] 0x22b:0x19 DW_TAG_inlined_subroutine
	.long	438                             @ DW_AT_abstract_origin
	.long	.Ltmp9                          @ DW_AT_low_pc
	.long	.Ltmp10-.Ltmp9                  @ DW_AT_high_pc
	.byte	4                               @ DW_AT_call_file
	.byte	106                             @ DW_AT_call_line
	.byte	4                               @ DW_AT_call_column
	.byte	16                              @ Abbrev [16] 0x23b:0x8 DW_TAG_variable
	.byte	2                               @ DW_AT_location
	.byte	145
	.byte	16
	.long	446                             @ DW_AT_abstract_origin
	.byte	0                               @ End Of Children Mark
	.byte	0                               @ End Of Children Mark
	.byte	0                               @ End Of Children Mark
	.byte	12                              @ Abbrev [12] 0x246:0x24 DW_TAG_subprogram
	.long	.Lfunc_begin1                   @ DW_AT_low_pc
	.long	.Lfunc_end1-.Lfunc_begin1       @ DW_AT_high_pc
	.byte	1                               @ DW_AT_frame_base
	.byte	93
	.long	.Linfo_string41                 @ DW_AT_name
	.byte	4                               @ DW_AT_decl_file
	.byte	145                             @ DW_AT_decl_line
                                        @ DW_AT_prototyped
	.long	2120                            @ DW_AT_type
                                        @ DW_AT_external
	.byte	14                              @ Abbrev [14] 0x25b:0xe DW_TAG_variable
	.byte	2                               @ DW_AT_location
	.byte	145
	.byte	4
	.long	.Linfo_string68                 @ DW_AT_name
	.byte	4                               @ DW_AT_decl_file
	.byte	147                             @ DW_AT_decl_line
	.long	38                              @ DW_AT_type
	.byte	0                               @ End Of Children Mark
	.byte	12                              @ Abbrev [12] 0x26a:0xdf DW_TAG_subprogram
	.long	.Lfunc_begin2                   @ DW_AT_low_pc
	.long	.Lfunc_end2-.Lfunc_begin2       @ DW_AT_high_pc
	.byte	1                               @ DW_AT_frame_base
	.byte	93
	.long	.Linfo_string42                 @ DW_AT_name
	.byte	4                               @ DW_AT_decl_file
	.byte	191                             @ DW_AT_decl_line
                                        @ DW_AT_prototyped
	.long	111                             @ DW_AT_type
                                        @ DW_AT_external
	.byte	13                              @ Abbrev [13] 0x27f:0xe DW_TAG_formal_parameter
	.byte	2                               @ DW_AT_location
	.byte	145
	.byte	40
	.long	.Linfo_string71                 @ DW_AT_name
	.byte	4                               @ DW_AT_decl_file
	.byte	191                             @ DW_AT_decl_line
	.long	2120                            @ DW_AT_type
	.byte	13                              @ Abbrev [13] 0x28d:0xe DW_TAG_formal_parameter
	.byte	2                               @ DW_AT_location
	.byte	145
	.byte	36
	.long	.Linfo_string72                 @ DW_AT_name
	.byte	4                               @ DW_AT_decl_file
	.byte	191                             @ DW_AT_decl_line
	.long	2359                            @ DW_AT_type
	.byte	13                              @ Abbrev [13] 0x29b:0xe DW_TAG_formal_parameter
	.byte	2                               @ DW_AT_location
	.byte	145
	.byte	32
	.long	.Linfo_string73                 @ DW_AT_name
	.byte	4                               @ DW_AT_decl_file
	.byte	191                             @ DW_AT_decl_line
	.long	2359                            @ DW_AT_type
	.byte	13                              @ Abbrev [13] 0x2a9:0xe DW_TAG_formal_parameter
	.byte	2                               @ DW_AT_location
	.byte	145
	.byte	28
	.long	.Linfo_string74                 @ DW_AT_name
	.byte	4                               @ DW_AT_decl_file
	.byte	191                             @ DW_AT_decl_line
	.long	122                             @ DW_AT_type
	.byte	14                              @ Abbrev [14] 0x2b7:0xe DW_TAG_variable
	.byte	2                               @ DW_AT_location
	.byte	145
	.byte	24
	.long	.Linfo_string75                 @ DW_AT_name
	.byte	4                               @ DW_AT_decl_file
	.byte	193                             @ DW_AT_decl_line
	.long	111                             @ DW_AT_type
	.byte	14                              @ Abbrev [14] 0x2c5:0xe DW_TAG_variable
	.byte	2                               @ DW_AT_location
	.byte	145
	.byte	20
	.long	.Linfo_string76                 @ DW_AT_name
	.byte	4                               @ DW_AT_decl_file
	.byte	193                             @ DW_AT_decl_line
	.long	111                             @ DW_AT_type
	.byte	14                              @ Abbrev [14] 0x2d3:0xe DW_TAG_variable
	.byte	2                               @ DW_AT_location
	.byte	145
	.byte	16
	.long	.Linfo_string68                 @ DW_AT_name
	.byte	4                               @ DW_AT_decl_file
	.byte	194                             @ DW_AT_decl_line
	.long	38                              @ DW_AT_type
	.byte	14                              @ Abbrev [14] 0x2e1:0xe DW_TAG_variable
	.byte	2                               @ DW_AT_location
	.byte	145
	.byte	12
	.long	.Linfo_string77                 @ DW_AT_name
	.byte	4                               @ DW_AT_decl_file
	.byte	195                             @ DW_AT_decl_line
	.long	400                             @ DW_AT_type
	.byte	14                              @ Abbrev [14] 0x2ef:0xe DW_TAG_variable
	.byte	2                               @ DW_AT_location
	.byte	145
	.byte	8
	.long	.Linfo_string78                 @ DW_AT_name
	.byte	4                               @ DW_AT_decl_file
	.byte	196                             @ DW_AT_decl_line
	.long	400                             @ DW_AT_type
	.byte	15                              @ Abbrev [15] 0x2fd:0x19 DW_TAG_inlined_subroutine
	.long	438                             @ DW_AT_abstract_origin
	.long	.Ltmp31                         @ DW_AT_low_pc
	.long	.Ltmp32-.Ltmp31                 @ DW_AT_high_pc
	.byte	4                               @ DW_AT_call_file
	.byte	198                             @ DW_AT_call_line
	.byte	2                               @ DW_AT_call_column
	.byte	16                              @ Abbrev [16] 0x30d:0x8 DW_TAG_variable
	.byte	2                               @ DW_AT_location
	.byte	145
	.byte	52
	.long	446                             @ DW_AT_abstract_origin
	.byte	0                               @ End Of Children Mark
	.byte	15                              @ Abbrev [15] 0x316:0x19 DW_TAG_inlined_subroutine
	.long	438                             @ DW_AT_abstract_origin
	.long	.Ltmp36                         @ DW_AT_low_pc
	.long	.Ltmp37-.Ltmp36                 @ DW_AT_high_pc
	.byte	4                               @ DW_AT_call_file
	.byte	199                             @ DW_AT_call_line
	.byte	2                               @ DW_AT_call_column
	.byte	16                              @ Abbrev [16] 0x326:0x8 DW_TAG_variable
	.byte	2                               @ DW_AT_location
	.byte	145
	.byte	48
	.long	446                             @ DW_AT_abstract_origin
	.byte	0                               @ End Of Children Mark
	.byte	15                              @ Abbrev [15] 0x32f:0x19 DW_TAG_inlined_subroutine
	.long	438                             @ DW_AT_abstract_origin
	.long	.Ltmp41                         @ DW_AT_low_pc
	.long	.Ltmp42-.Ltmp41                 @ DW_AT_high_pc
	.byte	4                               @ DW_AT_call_file
	.byte	202                             @ DW_AT_call_line
	.byte	3                               @ DW_AT_call_column
	.byte	16                              @ Abbrev [16] 0x33f:0x8 DW_TAG_variable
	.byte	2                               @ DW_AT_location
	.byte	145
	.byte	44
	.long	446                             @ DW_AT_abstract_origin
	.byte	0                               @ End Of Children Mark
	.byte	0                               @ End Of Children Mark
	.byte	18                              @ Abbrev [18] 0x349:0xf0 DW_TAG_subprogram
	.long	.Lfunc_begin3                   @ DW_AT_low_pc
	.long	.Lfunc_end3-.Lfunc_begin3       @ DW_AT_high_pc
	.byte	1                               @ DW_AT_frame_base
	.byte	93
	.long	.Linfo_string43                 @ DW_AT_name
	.byte	4                               @ DW_AT_decl_file
	.short	519                             @ DW_AT_decl_line
                                        @ DW_AT_prototyped
	.long	111                             @ DW_AT_type
                                        @ DW_AT_external
	.byte	19                              @ Abbrev [19] 0x35f:0xf DW_TAG_formal_parameter
	.byte	2                               @ DW_AT_location
	.byte	145
	.byte	44
	.long	.Linfo_string71                 @ DW_AT_name
	.byte	4                               @ DW_AT_decl_file
	.short	519                             @ DW_AT_decl_line
	.long	2120                            @ DW_AT_type
	.byte	19                              @ Abbrev [19] 0x36e:0xf DW_TAG_formal_parameter
	.byte	2                               @ DW_AT_location
	.byte	145
	.byte	40
	.long	.Linfo_string72                 @ DW_AT_name
	.byte	4                               @ DW_AT_decl_file
	.short	519                             @ DW_AT_decl_line
	.long	2359                            @ DW_AT_type
	.byte	20                              @ Abbrev [20] 0x37d:0xf DW_TAG_variable
	.byte	2                               @ DW_AT_location
	.byte	145
	.byte	36
	.long	.Linfo_string79                 @ DW_AT_name
	.byte	4                               @ DW_AT_decl_file
	.short	521                             @ DW_AT_decl_line
	.long	230                             @ DW_AT_type
	.byte	20                              @ Abbrev [20] 0x38c:0xf DW_TAG_variable
	.byte	2                               @ DW_AT_location
	.byte	145
	.byte	32
	.long	.Linfo_string14                 @ DW_AT_name
	.byte	4                               @ DW_AT_decl_file
	.short	521                             @ DW_AT_decl_line
	.long	230                             @ DW_AT_type
	.byte	20                              @ Abbrev [20] 0x39b:0xf DW_TAG_variable
	.byte	2                               @ DW_AT_location
	.byte	145
	.byte	28
	.long	.Linfo_string80                 @ DW_AT_name
	.byte	4                               @ DW_AT_decl_file
	.short	522                             @ DW_AT_decl_line
	.long	428                             @ DW_AT_type
	.byte	20                              @ Abbrev [20] 0x3aa:0xf DW_TAG_variable
	.byte	2                               @ DW_AT_location
	.byte	145
	.byte	24
	.long	.Linfo_string81                 @ DW_AT_name
	.byte	4                               @ DW_AT_decl_file
	.short	523                             @ DW_AT_decl_line
	.long	2364                            @ DW_AT_type
	.byte	20                              @ Abbrev [20] 0x3b9:0xf DW_TAG_variable
	.byte	2                               @ DW_AT_location
	.byte	145
	.byte	20
	.long	.Linfo_string82                 @ DW_AT_name
	.byte	4                               @ DW_AT_decl_file
	.short	524                             @ DW_AT_decl_line
	.long	111                             @ DW_AT_type
	.byte	20                              @ Abbrev [20] 0x3c8:0xf DW_TAG_variable
	.byte	2                               @ DW_AT_location
	.byte	145
	.byte	16
	.long	.Linfo_string83                 @ DW_AT_name
	.byte	4                               @ DW_AT_decl_file
	.short	524                             @ DW_AT_decl_line
	.long	111                             @ DW_AT_type
	.byte	20                              @ Abbrev [20] 0x3d7:0xf DW_TAG_variable
	.byte	2                               @ DW_AT_location
	.byte	145
	.byte	12
	.long	.Linfo_string84                 @ DW_AT_name
	.byte	4                               @ DW_AT_decl_file
	.short	524                             @ DW_AT_decl_line
	.long	111                             @ DW_AT_type
	.byte	20                              @ Abbrev [20] 0x3e6:0xf DW_TAG_variable
	.byte	2                               @ DW_AT_location
	.byte	145
	.byte	8
	.long	.Linfo_string68                 @ DW_AT_name
	.byte	4                               @ DW_AT_decl_file
	.short	525                             @ DW_AT_decl_line
	.long	38                              @ DW_AT_type
	.byte	20                              @ Abbrev [20] 0x3f5:0xf DW_TAG_variable
	.byte	2                               @ DW_AT_location
	.byte	145
	.byte	4
	.long	.Linfo_string85                 @ DW_AT_name
	.byte	4                               @ DW_AT_decl_file
	.short	526                             @ DW_AT_decl_line
	.long	400                             @ DW_AT_type
	.byte	21                              @ Abbrev [21] 0x404:0x1a DW_TAG_inlined_subroutine
	.long	438                             @ DW_AT_abstract_origin
	.long	.Ltmp73                         @ DW_AT_low_pc
	.long	.Ltmp74-.Ltmp73                 @ DW_AT_high_pc
	.byte	4                               @ DW_AT_call_file
	.short	530                             @ DW_AT_call_line
	.byte	2                               @ DW_AT_call_column
	.byte	16                              @ Abbrev [16] 0x415:0x8 DW_TAG_variable
	.byte	2                               @ DW_AT_location
	.byte	145
	.byte	52
	.long	446                             @ DW_AT_abstract_origin
	.byte	0                               @ End Of Children Mark
	.byte	21                              @ Abbrev [21] 0x41e:0x1a DW_TAG_inlined_subroutine
	.long	438                             @ DW_AT_abstract_origin
	.long	.Ltmp78                         @ DW_AT_low_pc
	.long	.Ltmp79-.Ltmp78                 @ DW_AT_high_pc
	.byte	4                               @ DW_AT_call_file
	.short	531                             @ DW_AT_call_line
	.byte	2                               @ DW_AT_call_column
	.byte	16                              @ Abbrev [16] 0x42f:0x8 DW_TAG_variable
	.byte	2                               @ DW_AT_location
	.byte	145
	.byte	48
	.long	446                             @ DW_AT_abstract_origin
	.byte	0                               @ End Of Children Mark
	.byte	0                               @ End Of Children Mark
	.byte	18                              @ Abbrev [18] 0x439:0x13e DW_TAG_subprogram
	.long	.Lfunc_begin4                   @ DW_AT_low_pc
	.long	.Lfunc_end4-.Lfunc_begin4       @ DW_AT_high_pc
	.byte	1                               @ DW_AT_frame_base
	.byte	93
	.long	.Linfo_string44                 @ DW_AT_name
	.byte	4                               @ DW_AT_decl_file
	.short	311                             @ DW_AT_decl_line
                                        @ DW_AT_prototyped
	.long	111                             @ DW_AT_type
                                        @ DW_AT_external
	.byte	19                              @ Abbrev [19] 0x44f:0xf DW_TAG_formal_parameter
	.byte	2                               @ DW_AT_location
	.byte	145
	.byte	44
	.long	.Linfo_string71                 @ DW_AT_name
	.byte	4                               @ DW_AT_decl_file
	.short	311                             @ DW_AT_decl_line
	.long	2120                            @ DW_AT_type
	.byte	19                              @ Abbrev [19] 0x45e:0xf DW_TAG_formal_parameter
	.byte	2                               @ DW_AT_location
	.byte	145
	.byte	40
	.long	.Linfo_string73                 @ DW_AT_name
	.byte	4                               @ DW_AT_decl_file
	.short	311                             @ DW_AT_decl_line
	.long	2359                            @ DW_AT_type
	.byte	19                              @ Abbrev [19] 0x46d:0xf DW_TAG_formal_parameter
	.byte	2                               @ DW_AT_location
	.byte	145
	.byte	36
	.long	.Linfo_string86                 @ DW_AT_name
	.byte	4                               @ DW_AT_decl_file
	.short	311                             @ DW_AT_decl_line
	.long	2374                            @ DW_AT_type
	.byte	19                              @ Abbrev [19] 0x47c:0xf DW_TAG_formal_parameter
	.byte	2                               @ DW_AT_location
	.byte	145
	.byte	32
	.long	.Linfo_string87                 @ DW_AT_name
	.byte	4                               @ DW_AT_decl_file
	.short	311                             @ DW_AT_decl_line
	.long	2374                            @ DW_AT_type
	.byte	19                              @ Abbrev [19] 0x48b:0x10 DW_TAG_formal_parameter
	.byte	3                               @ DW_AT_location
	.byte	145
	.asciz	"\310"
	.long	.Linfo_string74                 @ DW_AT_name
	.byte	4                               @ DW_AT_decl_file
	.short	311                             @ DW_AT_decl_line
	.long	122                             @ DW_AT_type
	.byte	20                              @ Abbrev [20] 0x49b:0xf DW_TAG_variable
	.byte	2                               @ DW_AT_location
	.byte	145
	.byte	28
	.long	.Linfo_string68                 @ DW_AT_name
	.byte	4                               @ DW_AT_decl_file
	.short	313                             @ DW_AT_decl_line
	.long	38                              @ DW_AT_type
	.byte	20                              @ Abbrev [20] 0x4aa:0xf DW_TAG_variable
	.byte	2                               @ DW_AT_location
	.byte	145
	.byte	24
	.long	.Linfo_string76                 @ DW_AT_name
	.byte	4                               @ DW_AT_decl_file
	.short	314                             @ DW_AT_decl_line
	.long	111                             @ DW_AT_type
	.byte	20                              @ Abbrev [20] 0x4b9:0xf DW_TAG_variable
	.byte	2                               @ DW_AT_location
	.byte	145
	.byte	20
	.long	.Linfo_string84                 @ DW_AT_name
	.byte	4                               @ DW_AT_decl_file
	.short	314                             @ DW_AT_decl_line
	.long	111                             @ DW_AT_type
	.byte	20                              @ Abbrev [20] 0x4c8:0xf DW_TAG_variable
	.byte	2                               @ DW_AT_location
	.byte	145
	.byte	16
	.long	.Linfo_string88                 @ DW_AT_name
	.byte	4                               @ DW_AT_decl_file
	.short	315                             @ DW_AT_decl_line
	.long	400                             @ DW_AT_type
	.byte	20                              @ Abbrev [20] 0x4d7:0xf DW_TAG_variable
	.byte	2                               @ DW_AT_location
	.byte	145
	.byte	12
	.long	.Linfo_string77                 @ DW_AT_name
	.byte	4                               @ DW_AT_decl_file
	.short	315                             @ DW_AT_decl_line
	.long	400                             @ DW_AT_type
	.byte	20                              @ Abbrev [20] 0x4e6:0xf DW_TAG_variable
	.byte	2                               @ DW_AT_location
	.byte	145
	.byte	8
	.long	.Linfo_string78                 @ DW_AT_name
	.byte	4                               @ DW_AT_decl_file
	.short	316                             @ DW_AT_decl_line
	.long	400                             @ DW_AT_type
	.byte	21                              @ Abbrev [21] 0x4f5:0x1a DW_TAG_inlined_subroutine
	.long	438                             @ DW_AT_abstract_origin
	.long	.Ltmp104                        @ DW_AT_low_pc
	.long	.Ltmp105-.Ltmp104               @ DW_AT_high_pc
	.byte	4                               @ DW_AT_call_file
	.short	320                             @ DW_AT_call_line
	.byte	2                               @ DW_AT_call_column
	.byte	16                              @ Abbrev [16] 0x506:0x8 DW_TAG_variable
	.byte	2                               @ DW_AT_location
	.byte	145
	.byte	60
	.long	446                             @ DW_AT_abstract_origin
	.byte	0                               @ End Of Children Mark
	.byte	21                              @ Abbrev [21] 0x50f:0x1a DW_TAG_inlined_subroutine
	.long	438                             @ DW_AT_abstract_origin
	.long	.Ltmp109                        @ DW_AT_low_pc
	.long	.Ltmp110-.Ltmp109               @ DW_AT_high_pc
	.byte	4                               @ DW_AT_call_file
	.short	321                             @ DW_AT_call_line
	.byte	2                               @ DW_AT_call_column
	.byte	16                              @ Abbrev [16] 0x520:0x8 DW_TAG_variable
	.byte	2                               @ DW_AT_location
	.byte	145
	.byte	56
	.long	446                             @ DW_AT_abstract_origin
	.byte	0                               @ End Of Children Mark
	.byte	21                              @ Abbrev [21] 0x529:0x1a DW_TAG_inlined_subroutine
	.long	438                             @ DW_AT_abstract_origin
	.long	.Ltmp114                        @ DW_AT_low_pc
	.long	.Ltmp115-.Ltmp114               @ DW_AT_high_pc
	.byte	4                               @ DW_AT_call_file
	.short	322                             @ DW_AT_call_line
	.byte	2                               @ DW_AT_call_column
	.byte	16                              @ Abbrev [16] 0x53a:0x8 DW_TAG_variable
	.byte	2                               @ DW_AT_location
	.byte	145
	.byte	52
	.long	446                             @ DW_AT_abstract_origin
	.byte	0                               @ End Of Children Mark
	.byte	21                              @ Abbrev [21] 0x543:0x1a DW_TAG_inlined_subroutine
	.long	438                             @ DW_AT_abstract_origin
	.long	.Ltmp119                        @ DW_AT_low_pc
	.long	.Ltmp120-.Ltmp119               @ DW_AT_high_pc
	.byte	4                               @ DW_AT_call_file
	.short	325                             @ DW_AT_call_line
	.byte	3                               @ DW_AT_call_column
	.byte	16                              @ Abbrev [16] 0x554:0x8 DW_TAG_variable
	.byte	2                               @ DW_AT_location
	.byte	145
	.byte	48
	.long	446                             @ DW_AT_abstract_origin
	.byte	0                               @ End Of Children Mark
	.byte	17                              @ Abbrev [17] 0x55d:0x19 DW_TAG_lexical_block
	.long	.Ltmp123                        @ DW_AT_low_pc
	.long	.Ltmp142-.Ltmp123               @ DW_AT_high_pc
	.byte	20                              @ Abbrev [20] 0x566:0xf DW_TAG_variable
	.byte	2                               @ DW_AT_location
	.byte	145
	.byte	4
	.long	.Linfo_string89                 @ DW_AT_name
	.byte	4                               @ DW_AT_decl_file
	.short	331                             @ DW_AT_decl_line
	.long	2359                            @ DW_AT_type
	.byte	0                               @ End Of Children Mark
	.byte	0                               @ End Of Children Mark
	.byte	22                              @ Abbrev [22] 0x577:0x53 DW_TAG_subprogram
	.long	.Lfunc_begin5                   @ DW_AT_low_pc
	.long	.Lfunc_end5-.Lfunc_begin5       @ DW_AT_high_pc
	.byte	1                               @ DW_AT_frame_base
	.byte	93
	.long	.Linfo_string45                 @ DW_AT_name
	.byte	4                               @ DW_AT_decl_file
	.short	671                             @ DW_AT_decl_line
                                        @ DW_AT_prototyped
	.long	400                             @ DW_AT_type
	.byte	19                              @ Abbrev [19] 0x58d:0xf DW_TAG_formal_parameter
	.byte	2                               @ DW_AT_location
	.byte	145
	.byte	12
	.long	.Linfo_string89                 @ DW_AT_name
	.byte	4                               @ DW_AT_decl_file
	.short	671                             @ DW_AT_decl_line
	.long	2359                            @ DW_AT_type
	.byte	19                              @ Abbrev [19] 0x59c:0xf DW_TAG_formal_parameter
	.byte	2                               @ DW_AT_location
	.byte	145
	.byte	8
	.long	.Linfo_string73                 @ DW_AT_name
	.byte	4                               @ DW_AT_decl_file
	.short	671                             @ DW_AT_decl_line
	.long	2359                            @ DW_AT_type
	.byte	19                              @ Abbrev [19] 0x5ab:0xf DW_TAG_formal_parameter
	.byte	2                               @ DW_AT_location
	.byte	145
	.byte	4
	.long	.Linfo_string87                 @ DW_AT_name
	.byte	4                               @ DW_AT_decl_file
	.short	671                             @ DW_AT_decl_line
	.long	2374                            @ DW_AT_type
	.byte	20                              @ Abbrev [20] 0x5ba:0xf DW_TAG_variable
	.byte	2                               @ DW_AT_location
	.byte	145
	.byte	0
	.long	.Linfo_string88                 @ DW_AT_name
	.byte	4                               @ DW_AT_decl_file
	.short	673                             @ DW_AT_decl_line
	.long	400                             @ DW_AT_type
	.byte	0                               @ End Of Children Mark
	.byte	18                              @ Abbrev [18] 0x5ca:0x87 DW_TAG_subprogram
	.long	.Lfunc_begin6                   @ DW_AT_low_pc
	.long	.Lfunc_end6-.Lfunc_begin6       @ DW_AT_high_pc
	.byte	1                               @ DW_AT_frame_base
	.byte	93
	.long	.Linfo_string46                 @ DW_AT_name
	.byte	4                               @ DW_AT_decl_file
	.short	461                             @ DW_AT_decl_line
                                        @ DW_AT_prototyped
	.long	111                             @ DW_AT_type
                                        @ DW_AT_external
	.byte	19                              @ Abbrev [19] 0x5e0:0xf DW_TAG_formal_parameter
	.byte	2                               @ DW_AT_location
	.byte	145
	.byte	12
	.long	.Linfo_string71                 @ DW_AT_name
	.byte	4                               @ DW_AT_decl_file
	.short	461                             @ DW_AT_decl_line
	.long	2120                            @ DW_AT_type
	.byte	19                              @ Abbrev [19] 0x5ef:0xf DW_TAG_formal_parameter
	.byte	2                               @ DW_AT_location
	.byte	145
	.byte	8
	.long	.Linfo_string82                 @ DW_AT_name
	.byte	4                               @ DW_AT_decl_file
	.short	461                             @ DW_AT_decl_line
	.long	2359                            @ DW_AT_type
	.byte	20                              @ Abbrev [20] 0x5fe:0xf DW_TAG_variable
	.byte	2                               @ DW_AT_location
	.byte	145
	.byte	4
	.long	.Linfo_string68                 @ DW_AT_name
	.byte	4                               @ DW_AT_decl_file
	.short	463                             @ DW_AT_decl_line
	.long	38                              @ DW_AT_type
	.byte	20                              @ Abbrev [20] 0x60d:0xf DW_TAG_variable
	.byte	2                               @ DW_AT_location
	.byte	145
	.byte	0
	.long	.Linfo_string76                 @ DW_AT_name
	.byte	4                               @ DW_AT_decl_file
	.short	464                             @ DW_AT_decl_line
	.long	111                             @ DW_AT_type
	.byte	21                              @ Abbrev [21] 0x61c:0x1a DW_TAG_inlined_subroutine
	.long	438                             @ DW_AT_abstract_origin
	.long	.Ltmp178                        @ DW_AT_low_pc
	.long	.Ltmp179-.Ltmp178               @ DW_AT_high_pc
	.byte	4                               @ DW_AT_call_file
	.short	468                             @ DW_AT_call_line
	.byte	2                               @ DW_AT_call_column
	.byte	16                              @ Abbrev [16] 0x62d:0x8 DW_TAG_variable
	.byte	2                               @ DW_AT_location
	.byte	145
	.byte	20
	.long	446                             @ DW_AT_abstract_origin
	.byte	0                               @ End Of Children Mark
	.byte	21                              @ Abbrev [21] 0x636:0x1a DW_TAG_inlined_subroutine
	.long	438                             @ DW_AT_abstract_origin
	.long	.Ltmp183                        @ DW_AT_low_pc
	.long	.Ltmp184-.Ltmp183               @ DW_AT_high_pc
	.byte	4                               @ DW_AT_call_file
	.short	469                             @ DW_AT_call_line
	.byte	2                               @ DW_AT_call_column
	.byte	16                              @ Abbrev [16] 0x647:0x8 DW_TAG_variable
	.byte	2                               @ DW_AT_location
	.byte	145
	.byte	16
	.long	446                             @ DW_AT_abstract_origin
	.byte	0                               @ End Of Children Mark
	.byte	0                               @ End Of Children Mark
	.byte	23                              @ Abbrev [23] 0x651:0x23 DW_TAG_subprogram
	.long	.Linfo_string35                 @ DW_AT_name
	.byte	2                               @ DW_AT_decl_file
	.byte	207                             @ DW_AT_decl_line
                                        @ DW_AT_prototyped
	.long	133                             @ DW_AT_type
	.byte	1                               @ DW_AT_inline
	.byte	11                              @ Abbrev [11] 0x65d:0xb DW_TAG_variable
	.long	.Linfo_string36                 @ DW_AT_name
	.byte	2                               @ DW_AT_decl_file
	.byte	209                             @ DW_AT_decl_line
	.long	133                             @ DW_AT_type
	.byte	11                              @ Abbrev [11] 0x668:0xb DW_TAG_variable
	.long	.Linfo_string34                 @ DW_AT_name
	.byte	2                               @ DW_AT_decl_file
	.byte	209                             @ DW_AT_decl_line
	.long	133                             @ DW_AT_type
	.byte	0                               @ End Of Children Mark
	.byte	10                              @ Abbrev [10] 0x674:0x14 DW_TAG_subprogram
	.long	.Linfo_string37                 @ DW_AT_name
	.byte	2                               @ DW_AT_decl_file
	.byte	227                             @ DW_AT_decl_line
                                        @ DW_AT_prototyped
	.byte	1                               @ DW_AT_inline
	.byte	24                              @ Abbrev [24] 0x67c:0xb DW_TAG_formal_parameter
	.long	.Linfo_string38                 @ DW_AT_name
	.byte	2                               @ DW_AT_decl_file
	.byte	227                             @ DW_AT_decl_line
	.long	133                             @ DW_AT_type
	.byte	0                               @ End Of Children Mark
	.byte	18                              @ Abbrev [18] 0x688:0x8f DW_TAG_subprogram
	.long	.Lfunc_begin7                   @ DW_AT_low_pc
	.long	.Lfunc_end7-.Lfunc_begin7       @ DW_AT_high_pc
	.byte	1                               @ DW_AT_frame_base
	.byte	93
	.long	.Linfo_string47                 @ DW_AT_name
	.byte	4                               @ DW_AT_decl_file
	.short	503                             @ DW_AT_decl_line
                                        @ DW_AT_prototyped
	.long	111                             @ DW_AT_type
                                        @ DW_AT_external
	.byte	19                              @ Abbrev [19] 0x69e:0xf DW_TAG_formal_parameter
	.byte	2                               @ DW_AT_location
	.byte	145
	.byte	12
	.long	.Linfo_string71                 @ DW_AT_name
	.byte	4                               @ DW_AT_decl_file
	.short	503                             @ DW_AT_decl_line
	.long	2120                            @ DW_AT_type
	.byte	20                              @ Abbrev [20] 0x6ad:0xf DW_TAG_variable
	.byte	2                               @ DW_AT_location
	.byte	145
	.byte	8
	.long	.Linfo_string90                 @ DW_AT_name
	.byte	4                               @ DW_AT_decl_file
	.short	505                             @ DW_AT_decl_line
	.long	212                             @ DW_AT_type
	.byte	20                              @ Abbrev [20] 0x6bc:0xf DW_TAG_variable
	.byte	2                               @ DW_AT_location
	.byte	145
	.byte	4
	.long	.Linfo_string68                 @ DW_AT_name
	.byte	4                               @ DW_AT_decl_file
	.short	506                             @ DW_AT_decl_line
	.long	2379                            @ DW_AT_type
	.byte	20                              @ Abbrev [20] 0x6cb:0xf DW_TAG_variable
	.byte	2                               @ DW_AT_location
	.byte	145
	.byte	0
	.long	.Linfo_string76                 @ DW_AT_name
	.byte	4                               @ DW_AT_decl_file
	.short	507                             @ DW_AT_decl_line
	.long	111                             @ DW_AT_type
	.byte	21                              @ Abbrev [21] 0x6da:0x22 DW_TAG_inlined_subroutine
	.long	1617                            @ DW_AT_abstract_origin
	.long	.Ltmp191                        @ DW_AT_low_pc
	.long	.Ltmp192-.Ltmp191               @ DW_AT_high_pc
	.byte	4                               @ DW_AT_call_file
	.short	509                             @ DW_AT_call_line
	.byte	27                              @ DW_AT_call_column
	.byte	16                              @ Abbrev [16] 0x6eb:0x8 DW_TAG_variable
	.byte	2                               @ DW_AT_location
	.byte	145
	.byte	20
	.long	1629                            @ DW_AT_abstract_origin
	.byte	16                              @ Abbrev [16] 0x6f3:0x8 DW_TAG_variable
	.byte	2                               @ DW_AT_location
	.byte	145
	.byte	16
	.long	1640                            @ DW_AT_abstract_origin
	.byte	0                               @ End Of Children Mark
	.byte	21                              @ Abbrev [21] 0x6fc:0x1a DW_TAG_inlined_subroutine
	.long	1652                            @ DW_AT_abstract_origin
	.long	.Ltmp195                        @ DW_AT_low_pc
	.long	.Ltmp196-.Ltmp195               @ DW_AT_high_pc
	.byte	4                               @ DW_AT_call_file
	.short	513                             @ DW_AT_call_line
	.byte	2                               @ DW_AT_call_column
	.byte	25                              @ Abbrev [25] 0x70d:0x8 DW_TAG_formal_parameter
	.byte	2                               @ DW_AT_location
	.byte	145
	.byte	24
	.long	1660                            @ DW_AT_abstract_origin
	.byte	0                               @ End Of Children Mark
	.byte	0                               @ End Of Children Mark
	.byte	26                              @ Abbrev [26] 0x717:0x5a DW_TAG_subprogram
	.long	.Lfunc_begin8                   @ DW_AT_low_pc
	.long	.Lfunc_end8-.Lfunc_begin8       @ DW_AT_high_pc
	.byte	1                               @ DW_AT_frame_base
	.byte	93
	.long	.Linfo_string48                 @ DW_AT_name
	.byte	4                               @ DW_AT_decl_file
	.short	613                             @ DW_AT_decl_line
                                        @ DW_AT_prototyped
                                        @ DW_AT_external
	.byte	19                              @ Abbrev [19] 0x729:0xf DW_TAG_formal_parameter
	.byte	2                               @ DW_AT_location
	.byte	145
	.byte	8
	.long	.Linfo_string71                 @ DW_AT_name
	.byte	4                               @ DW_AT_decl_file
	.short	613                             @ DW_AT_decl_line
	.long	2120                            @ DW_AT_type
	.byte	20                              @ Abbrev [20] 0x738:0xf DW_TAG_variable
	.byte	2                               @ DW_AT_location
	.byte	145
	.byte	4
	.long	.Linfo_string68                 @ DW_AT_name
	.byte	4                               @ DW_AT_decl_file
	.short	615                             @ DW_AT_decl_line
	.long	38                              @ DW_AT_type
	.byte	20                              @ Abbrev [20] 0x747:0xf DW_TAG_variable
	.byte	2                               @ DW_AT_location
	.byte	145
	.byte	0
	.long	.Linfo_string91                 @ DW_AT_name
	.byte	4                               @ DW_AT_decl_file
	.short	616                             @ DW_AT_decl_line
	.long	2364                            @ DW_AT_type
	.byte	21                              @ Abbrev [21] 0x756:0x1a DW_TAG_inlined_subroutine
	.long	438                             @ DW_AT_abstract_origin
	.long	.Ltmp202                        @ DW_AT_low_pc
	.long	.Ltmp203-.Ltmp202               @ DW_AT_high_pc
	.byte	4                               @ DW_AT_call_file
	.short	626                             @ DW_AT_call_line
	.byte	4                               @ DW_AT_call_column
	.byte	16                              @ Abbrev [16] 0x767:0x8 DW_TAG_variable
	.byte	2                               @ DW_AT_location
	.byte	145
	.byte	12
	.long	446                             @ DW_AT_abstract_origin
	.byte	0                               @ End Of Children Mark
	.byte	0                               @ End Of Children Mark
	.byte	26                              @ Abbrev [26] 0x771:0x31 DW_TAG_subprogram
	.long	.Lfunc_begin9                   @ DW_AT_low_pc
	.long	.Lfunc_end9-.Lfunc_begin9       @ DW_AT_high_pc
	.byte	1                               @ DW_AT_frame_base
	.byte	93
	.long	.Linfo_string49                 @ DW_AT_name
	.byte	4                               @ DW_AT_decl_file
	.short	657                             @ DW_AT_decl_line
                                        @ DW_AT_prototyped
                                        @ DW_AT_external
	.byte	19                              @ Abbrev [19] 0x783:0xf DW_TAG_formal_parameter
	.byte	2                               @ DW_AT_location
	.byte	145
	.byte	4
	.long	.Linfo_string92                 @ DW_AT_name
	.byte	4                               @ DW_AT_decl_file
	.short	657                             @ DW_AT_decl_line
	.long	320                             @ DW_AT_type
	.byte	19                              @ Abbrev [19] 0x792:0xf DW_TAG_formal_parameter
	.byte	2                               @ DW_AT_location
	.byte	145
	.byte	0
	.long	.Linfo_string93                 @ DW_AT_name
	.byte	4                               @ DW_AT_decl_file
	.short	657                             @ DW_AT_decl_line
	.long	2394                            @ DW_AT_type
	.byte	0                               @ End Of Children Mark
	.byte	26                              @ Abbrev [26] 0x7a2:0x31 DW_TAG_subprogram
	.long	.Lfunc_begin10                  @ DW_AT_low_pc
	.long	.Lfunc_end10-.Lfunc_begin10     @ DW_AT_high_pc
	.byte	1                               @ DW_AT_frame_base
	.byte	93
	.long	.Linfo_string50                 @ DW_AT_name
	.byte	4                               @ DW_AT_decl_file
	.short	665                             @ DW_AT_decl_line
                                        @ DW_AT_prototyped
                                        @ DW_AT_external
	.byte	19                              @ Abbrev [19] 0x7b4:0xf DW_TAG_formal_parameter
	.byte	2                               @ DW_AT_location
	.byte	145
	.byte	4
	.long	.Linfo_string92                 @ DW_AT_name
	.byte	4                               @ DW_AT_decl_file
	.short	665                             @ DW_AT_decl_line
	.long	320                             @ DW_AT_type
	.byte	19                              @ Abbrev [19] 0x7c3:0xf DW_TAG_formal_parameter
	.byte	2                               @ DW_AT_location
	.byte	145
	.byte	0
	.long	.Linfo_string94                 @ DW_AT_name
	.byte	4                               @ DW_AT_decl_file
	.short	665                             @ DW_AT_decl_line
	.long	2394                            @ DW_AT_type
	.byte	0                               @ End Of Children Mark
	.byte	18                              @ Abbrev [18] 0x7d3:0x44 DW_TAG_subprogram
	.long	.Lfunc_begin11                  @ DW_AT_low_pc
	.long	.Lfunc_end11-.Lfunc_begin11     @ DW_AT_high_pc
	.byte	1                               @ DW_AT_frame_base
	.byte	93
	.long	.Linfo_string51                 @ DW_AT_name
	.byte	4                               @ DW_AT_decl_file
	.short	723                             @ DW_AT_decl_line
                                        @ DW_AT_prototyped
	.long	212                             @ DW_AT_type
                                        @ DW_AT_external
	.byte	19                              @ Abbrev [19] 0x7e9:0xf DW_TAG_formal_parameter
	.byte	2                               @ DW_AT_location
	.byte	145
	.byte	8
	.long	.Linfo_string71                 @ DW_AT_name
	.byte	4                               @ DW_AT_decl_file
	.short	723                             @ DW_AT_decl_line
	.long	320                             @ DW_AT_type
	.byte	20                              @ Abbrev [20] 0x7f8:0xf DW_TAG_variable
	.byte	2                               @ DW_AT_location
	.byte	145
	.byte	4
	.long	.Linfo_string95                 @ DW_AT_name
	.byte	4                               @ DW_AT_decl_file
	.short	725                             @ DW_AT_decl_line
	.long	212                             @ DW_AT_type
	.byte	20                              @ Abbrev [20] 0x807:0xf DW_TAG_variable
	.byte	2                               @ DW_AT_location
	.byte	145
	.byte	0
	.long	.Linfo_string68                 @ DW_AT_name
	.byte	4                               @ DW_AT_decl_file
	.short	726                             @ DW_AT_decl_line
	.long	2384                            @ DW_AT_type
	.byte	0                               @ End Of Children Mark
	.byte	26                              @ Abbrev [26] 0x817:0x31 DW_TAG_subprogram
	.long	.Lfunc_begin12                  @ DW_AT_low_pc
	.long	.Lfunc_end12-.Lfunc_begin12     @ DW_AT_high_pc
	.byte	1                               @ DW_AT_frame_base
	.byte	93
	.long	.Linfo_string52                 @ DW_AT_name
	.byte	4                               @ DW_AT_decl_file
	.short	745                             @ DW_AT_decl_line
                                        @ DW_AT_prototyped
                                        @ DW_AT_external
	.byte	19                              @ Abbrev [19] 0x829:0xf DW_TAG_formal_parameter
	.byte	2                               @ DW_AT_location
	.byte	145
	.byte	4
	.long	.Linfo_string71                 @ DW_AT_name
	.byte	4                               @ DW_AT_decl_file
	.short	745                             @ DW_AT_decl_line
	.long	320                             @ DW_AT_type
	.byte	19                              @ Abbrev [19] 0x838:0xf DW_TAG_formal_parameter
	.byte	2                               @ DW_AT_location
	.byte	145
	.byte	0
	.long	.Linfo_string25                 @ DW_AT_name
	.byte	4                               @ DW_AT_decl_file
	.short	745                             @ DW_AT_decl_line
	.long	212                             @ DW_AT_type
	.byte	0                               @ End Of Children Mark
	.byte	3                               @ Abbrev [3] 0x848:0xb DW_TAG_typedef
	.long	2131                            @ DW_AT_type
	.long	.Linfo_string40                 @ DW_AT_name
	.byte	3                               @ DW_AT_decl_file
	.byte	82                              @ DW_AT_decl_line
	.byte	2                               @ Abbrev [2] 0x853:0x5 DW_TAG_pointer_type
	.long	54                              @ DW_AT_type
	.byte	2                               @ Abbrev [2] 0x858:0x5 DW_TAG_pointer_type
	.long	2141                            @ DW_AT_type
	.byte	27                              @ Abbrev [27] 0x85d:0xc DW_TAG_typedef
	.long	2153                            @ DW_AT_type
	.long	.Linfo_string67                 @ DW_AT_name
	.byte	6                               @ DW_AT_decl_file
	.short	1233                            @ DW_AT_decl_line
	.byte	28                              @ Abbrev [28] 0x869:0x3e DW_TAG_structure_type
	.long	.Linfo_string66                 @ DW_AT_name
	.byte	32                              @ DW_AT_byte_size
	.byte	6                               @ DW_AT_decl_file
	.short	1220                            @ DW_AT_decl_line
	.byte	29                              @ Abbrev [29] 0x872:0xd DW_TAG_member
	.long	.Linfo_string54                 @ DW_AT_name
	.long	122                             @ DW_AT_type
	.byte	6                               @ DW_AT_decl_file
	.short	1222                            @ DW_AT_decl_line
	.byte	0                               @ DW_AT_data_member_location
	.byte	29                              @ Abbrev [29] 0x87f:0xd DW_TAG_member
	.long	.Linfo_string55                 @ DW_AT_name
	.long	2215                            @ DW_AT_type
	.byte	6                               @ DW_AT_decl_file
	.short	1223                            @ DW_AT_decl_line
	.byte	4                               @ DW_AT_data_member_location
	.byte	29                              @ Abbrev [29] 0x88c:0xd DW_TAG_member
	.long	.Linfo_string64                 @ DW_AT_name
	.long	212                             @ DW_AT_type
	.byte	6                               @ DW_AT_decl_file
	.short	1226                            @ DW_AT_decl_line
	.byte	24                              @ DW_AT_data_member_location
	.byte	29                              @ Abbrev [29] 0x899:0xd DW_TAG_member
	.long	.Linfo_string65                 @ DW_AT_name
	.long	382                             @ DW_AT_type
	.byte	6                               @ DW_AT_decl_file
	.short	1230                            @ DW_AT_decl_line
	.byte	28                              @ DW_AT_data_member_location
	.byte	0                               @ End Of Children Mark
	.byte	27                              @ Abbrev [27] 0x8a7:0xc DW_TAG_typedef
	.long	2227                            @ DW_AT_type
	.long	.Linfo_string63                 @ DW_AT_name
	.byte	6                               @ DW_AT_decl_file
	.short	1097                            @ DW_AT_decl_line
	.byte	28                              @ Abbrev [28] 0x8b3:0x31 DW_TAG_structure_type
	.long	.Linfo_string62                 @ DW_AT_name
	.byte	20                              @ DW_AT_byte_size
	.byte	6                               @ DW_AT_decl_file
	.short	1086                            @ DW_AT_decl_line
	.byte	29                              @ Abbrev [29] 0x8bc:0xd DW_TAG_member
	.long	.Linfo_string56                 @ DW_AT_name
	.long	212                             @ DW_AT_type
	.byte	6                               @ DW_AT_decl_file
	.short	1091                            @ DW_AT_decl_line
	.byte	0                               @ DW_AT_data_member_location
	.byte	29                              @ Abbrev [29] 0x8c9:0xd DW_TAG_member
	.long	.Linfo_string57                 @ DW_AT_name
	.long	320                             @ DW_AT_type
	.byte	6                               @ DW_AT_decl_file
	.short	1092                            @ DW_AT_decl_line
	.byte	4                               @ DW_AT_data_member_location
	.byte	29                              @ Abbrev [29] 0x8d6:0xd DW_TAG_member
	.long	.Linfo_string58                 @ DW_AT_name
	.long	2276                            @ DW_AT_type
	.byte	6                               @ DW_AT_decl_file
	.short	1093                            @ DW_AT_decl_line
	.byte	8                               @ DW_AT_data_member_location
	.byte	0                               @ End Of Children Mark
	.byte	27                              @ Abbrev [27] 0x8e4:0xc DW_TAG_typedef
	.long	2288                            @ DW_AT_type
	.long	.Linfo_string61                 @ DW_AT_name
	.byte	6                               @ DW_AT_decl_file
	.short	1083                            @ DW_AT_decl_line
	.byte	28                              @ Abbrev [28] 0x8f0:0x24 DW_TAG_structure_type
	.long	.Linfo_string60                 @ DW_AT_name
	.byte	12                              @ DW_AT_byte_size
	.byte	6                               @ DW_AT_decl_file
	.short	1075                            @ DW_AT_decl_line
	.byte	29                              @ Abbrev [29] 0x8f9:0xd DW_TAG_member
	.long	.Linfo_string55                 @ DW_AT_name
	.long	122                             @ DW_AT_type
	.byte	6                               @ DW_AT_decl_file
	.short	1080                            @ DW_AT_decl_line
	.byte	0                               @ DW_AT_data_member_location
	.byte	29                              @ Abbrev [29] 0x906:0xd DW_TAG_member
	.long	.Linfo_string57                 @ DW_AT_name
	.long	2324                            @ DW_AT_type
	.byte	6                               @ DW_AT_decl_file
	.short	1081                            @ DW_AT_decl_line
	.byte	4                               @ DW_AT_data_member_location
	.byte	0                               @ End Of Children Mark
	.byte	30                              @ Abbrev [30] 0x914:0xc DW_TAG_array_type
	.long	320                             @ DW_AT_type
	.byte	31                              @ Abbrev [31] 0x919:0x6 DW_TAG_subrange_type
	.long	2336                            @ DW_AT_type
	.byte	2                               @ DW_AT_count
	.byte	0                               @ End Of Children Mark
	.byte	32                              @ Abbrev [32] 0x920:0x7 DW_TAG_base_type
	.long	.Linfo_string59                 @ DW_AT_name
	.byte	8                               @ DW_AT_byte_size
	.byte	7                               @ DW_AT_encoding
	.byte	7                               @ Abbrev [7] 0x927:0x5 DW_TAG_volatile_type
	.long	2348                            @ DW_AT_type
	.byte	3                               @ Abbrev [3] 0x92c:0xb DW_TAG_typedef
	.long	144                             @ DW_AT_type
	.long	.Linfo_string70                 @ DW_AT_name
	.byte	7                               @ DW_AT_decl_file
	.byte	71                              @ DW_AT_decl_line
	.byte	9                               @ Abbrev [9] 0x937:0x5 DW_TAG_const_type
	.long	111                             @ DW_AT_type
	.byte	2                               @ Abbrev [2] 0x93c:0x5 DW_TAG_pointer_type
	.long	2369                            @ DW_AT_type
	.byte	9                               @ Abbrev [9] 0x941:0x5 DW_TAG_const_type
	.long	151                             @ DW_AT_type
	.byte	9                               @ Abbrev [9] 0x946:0x5 DW_TAG_const_type
	.long	400                             @ DW_AT_type
	.byte	9                               @ Abbrev [9] 0x94b:0x5 DW_TAG_const_type
	.long	2384                            @ DW_AT_type
	.byte	2                               @ Abbrev [2] 0x950:0x5 DW_TAG_pointer_type
	.long	2389                            @ DW_AT_type
	.byte	9                               @ Abbrev [9] 0x955:0x5 DW_TAG_const_type
	.long	43                              @ DW_AT_type
	.byte	9                               @ Abbrev [9] 0x95a:0x5 DW_TAG_const_type
	.long	133                             @ DW_AT_type
	.byte	0                               @ End Of Children Mark
.Ldebug_info_end0:
	.section	.debug_ranges,"",%progbits
.Ldebug_ranges0:
	.long	.Lfunc_begin0
	.long	.Lfunc_end0
	.long	.Lfunc_begin1
	.long	.Lfunc_end1
	.long	.Lfunc_begin2
	.long	.Lfunc_end2
	.long	.Lfunc_begin3
	.long	.Lfunc_end3
	.long	.Lfunc_begin4
	.long	.Lfunc_end4
	.long	.Lfunc_begin5
	.long	.Lfunc_end5
	.long	.Lfunc_begin6
	.long	.Lfunc_end6
	.long	.Lfunc_begin7
	.long	.Lfunc_end7
	.long	.Lfunc_begin8
	.long	.Lfunc_end8
	.long	.Lfunc_begin9
	.long	.Lfunc_end9
	.long	.Lfunc_begin10
	.long	.Lfunc_end10
	.long	.Lfunc_begin11
	.long	.Lfunc_end11
	.long	.Lfunc_begin12
	.long	.Lfunc_end12
	.long	0
	.long	0
	.section	.debug_str,"MS",%progbits,1
.Linfo_string0:
	.asciz	"Component: Arm Compiler for Embedded 6.24 Tool: armclang [5f371800]" @ string offset=0
.Linfo_string1:
	.asciz	"../Middlewares/Third_Party/FreeRTOS/Source\\event_groups.c" @ string offset=68
.Linfo_string2:
	.asciz	"D:\\stm32_project\\daily_work\\new_bubing\\cod_update_2.0\\COD_H7_Template\\MDK-ARM" @ string offset=126
.Linfo_string3:
	.asciz	"uxEventBits"                   @ string offset=204
.Linfo_string4:
	.asciz	"unsigned int"                  @ string offset=216
.Linfo_string5:
	.asciz	"uint32_t"                      @ string offset=229
.Linfo_string6:
	.asciz	"TickType_t"                    @ string offset=238
.Linfo_string7:
	.asciz	"EventBits_t"                   @ string offset=249
.Linfo_string8:
	.asciz	"xTasksWaitingForBits"          @ string offset=261
.Linfo_string9:
	.asciz	"uxNumberOfItems"               @ string offset=282
.Linfo_string10:
	.asciz	"unsigned long"                 @ string offset=298
.Linfo_string11:
	.asciz	"UBaseType_t"                   @ string offset=312
.Linfo_string12:
	.asciz	"pxIndex"                       @ string offset=324
.Linfo_string13:
	.asciz	"xItemValue"                    @ string offset=332
.Linfo_string14:
	.asciz	"pxNext"                        @ string offset=343
.Linfo_string15:
	.asciz	"pxPrevious"                    @ string offset=350
.Linfo_string16:
	.asciz	"pvOwner"                       @ string offset=361
.Linfo_string17:
	.asciz	"pvContainer"                   @ string offset=369
.Linfo_string18:
	.asciz	"xLIST_ITEM"                    @ string offset=381
.Linfo_string19:
	.asciz	"ListItem_t"                    @ string offset=392
.Linfo_string20:
	.asciz	"xListEnd"                      @ string offset=403
.Linfo_string21:
	.asciz	"xMINI_LIST_ITEM"               @ string offset=412
.Linfo_string22:
	.asciz	"MiniListItem_t"                @ string offset=428
.Linfo_string23:
	.asciz	"xLIST"                         @ string offset=443
.Linfo_string24:
	.asciz	"List_t"                        @ string offset=449
.Linfo_string25:
	.asciz	"uxEventGroupNumber"            @ string offset=456
.Linfo_string26:
	.asciz	"ucStaticallyAllocated"         @ string offset=475
.Linfo_string27:
	.asciz	"unsigned char"                 @ string offset=497
.Linfo_string28:
	.asciz	"uint8_t"                       @ string offset=511
.Linfo_string29:
	.asciz	"EventGroupDef_t"               @ string offset=519
.Linfo_string30:
	.asciz	"EventGroup_t"                  @ string offset=535
.Linfo_string31:
	.asciz	"long"                          @ string offset=548
.Linfo_string32:
	.asciz	"BaseType_t"                    @ string offset=553
.Linfo_string33:
	.asciz	"vPortRaiseBASEPRI"             @ string offset=564
.Linfo_string34:
	.asciz	"ulNewBASEPRI"                  @ string offset=582
.Linfo_string35:
	.asciz	"ulPortRaiseBASEPRI"            @ string offset=595
.Linfo_string36:
	.asciz	"ulOriginalBASEPRI"             @ string offset=614
.Linfo_string37:
	.asciz	"vPortSetBASEPRI"               @ string offset=632
.Linfo_string38:
	.asciz	"ulNewMaskValue"                @ string offset=648
.Linfo_string39:
	.asciz	"xEventGroupCreateStatic"       @ string offset=663
.Linfo_string40:
	.asciz	"EventGroupHandle_t"            @ string offset=687
.Linfo_string41:
	.asciz	"xEventGroupCreate"             @ string offset=706
.Linfo_string42:
	.asciz	"xEventGroupSync"               @ string offset=724
.Linfo_string43:
	.asciz	"xEventGroupSetBits"            @ string offset=740
.Linfo_string44:
	.asciz	"xEventGroupWaitBits"           @ string offset=759
.Linfo_string45:
	.asciz	"prvTestWaitCondition"          @ string offset=779
.Linfo_string46:
	.asciz	"xEventGroupClearBits"          @ string offset=800
.Linfo_string47:
	.asciz	"xEventGroupGetBitsFromISR"     @ string offset=821
.Linfo_string48:
	.asciz	"vEventGroupDelete"             @ string offset=847
.Linfo_string49:
	.asciz	"vEventGroupSetBitsCallback"    @ string offset=865
.Linfo_string50:
	.asciz	"vEventGroupClearBitsCallback"  @ string offset=892
.Linfo_string51:
	.asciz	"uxEventGroupGetNumber"         @ string offset=921
.Linfo_string52:
	.asciz	"vEventGroupSetNumber"          @ string offset=943
.Linfo_string53:
	.asciz	"pxEventGroupBuffer"            @ string offset=964
.Linfo_string54:
	.asciz	"xDummy1"                       @ string offset=983
.Linfo_string55:
	.asciz	"xDummy2"                       @ string offset=991
.Linfo_string56:
	.asciz	"uxDummy2"                      @ string offset=999
.Linfo_string57:
	.asciz	"pvDummy3"                      @ string offset=1008
.Linfo_string58:
	.asciz	"xDummy4"                       @ string offset=1017
.Linfo_string59:
	.asciz	"__ARRAY_SIZE_TYPE__"           @ string offset=1025
.Linfo_string60:
	.asciz	"xSTATIC_MINI_LIST_ITEM"        @ string offset=1045
.Linfo_string61:
	.asciz	"StaticMiniListItem_t"          @ string offset=1068
.Linfo_string62:
	.asciz	"xSTATIC_LIST"                  @ string offset=1089
.Linfo_string63:
	.asciz	"StaticList_t"                  @ string offset=1102
.Linfo_string64:
	.asciz	"uxDummy3"                      @ string offset=1115
.Linfo_string65:
	.asciz	"ucDummy4"                      @ string offset=1124
.Linfo_string66:
	.asciz	"xSTATIC_EVENT_GROUP"           @ string offset=1133
.Linfo_string67:
	.asciz	"StaticEventGroup_t"            @ string offset=1153
.Linfo_string68:
	.asciz	"pxEventBits"                   @ string offset=1172
.Linfo_string69:
	.asciz	"xSize"                         @ string offset=1184
.Linfo_string70:
	.asciz	"size_t"                        @ string offset=1190
.Linfo_string71:
	.asciz	"xEventGroup"                   @ string offset=1197
.Linfo_string72:
	.asciz	"uxBitsToSet"                   @ string offset=1209
.Linfo_string73:
	.asciz	"uxBitsToWaitFor"               @ string offset=1221
.Linfo_string74:
	.asciz	"xTicksToWait"                  @ string offset=1237
.Linfo_string75:
	.asciz	"uxOriginalBitValue"            @ string offset=1250
.Linfo_string76:
	.asciz	"uxReturn"                      @ string offset=1269
.Linfo_string77:
	.asciz	"xAlreadyYielded"               @ string offset=1278
.Linfo_string78:
	.asciz	"xTimeoutOccurred"              @ string offset=1294
.Linfo_string79:
	.asciz	"pxListItem"                    @ string offset=1311
.Linfo_string80:
	.asciz	"pxListEnd"                     @ string offset=1322
.Linfo_string81:
	.asciz	"pxList"                        @ string offset=1332
.Linfo_string82:
	.asciz	"uxBitsToClear"                 @ string offset=1339
.Linfo_string83:
	.asciz	"uxBitsWaitedFor"               @ string offset=1353
.Linfo_string84:
	.asciz	"uxControlBits"                 @ string offset=1369
.Linfo_string85:
	.asciz	"xMatchFound"                   @ string offset=1383
.Linfo_string86:
	.asciz	"xClearOnExit"                  @ string offset=1395
.Linfo_string87:
	.asciz	"xWaitForAllBits"               @ string offset=1408
.Linfo_string88:
	.asciz	"xWaitConditionMet"             @ string offset=1424
.Linfo_string89:
	.asciz	"uxCurrentEventBits"            @ string offset=1442
.Linfo_string90:
	.asciz	"uxSavedInterruptStatus"        @ string offset=1461
.Linfo_string91:
	.asciz	"pxTasksWaitingForBits"         @ string offset=1484
.Linfo_string92:
	.asciz	"pvEventGroup"                  @ string offset=1506
.Linfo_string93:
	.asciz	"ulBitsToSet"                   @ string offset=1519
.Linfo_string94:
	.asciz	"ulBitsToClear"                 @ string offset=1531
.Linfo_string95:
	.asciz	"xReturn"                       @ string offset=1545
	.ident	"Component: Arm Compiler for Embedded 6.24 Tool: armclang [5f371800]"
	.section	".note.GNU-stack","",%progbits
	.eabi_attribute	30, 6	@ Tag_ABI_optimization_goals
	.ARM_attribute	16, 1	@ Tag_AV_eba
	.section	.debug_line,"",%progbits
.Lline_table_start0:
