	.text
	.syntax unified
	.eabi_attribute	67, "2.09"	@ Tag_conformance
	.cpu	cortex-m7
	.eabi_attribute	6, 13	@ Tag_CPU_arch
	.eabi_attribute	7, 77	@ Tag_CPU_arch_profile
	.eabi_attribute	8, 0	@ Tag_ARM_ISA_use
	.eabi_attribute	9, 2	@ Tag_THUMB_ISA_use
	.fpu	fpv5-d16
	.eabi_attribute	36, 1	@ Tag_FP_HP_extension
	.eabi_attribute	34, 1	@ Tag_CPU_unaligned_access
	.eabi_attribute	17, 1	@ Tag_ABI_PCS_GOT_use
	.eabi_attribute	20, 2	@ Tag_ABI_FP_denormal
	.eabi_attribute	21, 0	@ Tag_ABI_FP_exceptions
	.eabi_attribute	23, 1	@ Tag_ABI_FP_number_model
	.eabi_attribute	24, 1	@ Tag_ABI_align_needed
	.eabi_attribute	25, 1	@ Tag_ABI_align_preserved
	.eabi_attribute	28, 1	@ Tag_ABI_VFP_args
	.eabi_attribute	38, 1	@ Tag_ABI_FP_16bit_format
	.eabi_attribute	18, 2	@ Tag_ABI_PCS_wchar_t
	.eabi_attribute	26, 1	@ Tag_ABI_enum_size
	.eabi_attribute	14, 0	@ Tag_ABI_PCS_R9_use
	.file	"fdcan.c"
	.file	1 "D:\\keil5_app\\Keil_v5\\ARM\\ARMCLANG\\bin\\..\\include" "stdint.h"
	.file	2 "D:\\stm32_project\\daily_work\\new_bubing\\cod_update_2.0\\COD_H7_Template\\MDK-ARM" "../Drivers/CMSIS/Device/ST/STM32H7xx/Include\\stm32h723xx.h"
	.file	3 "D:\\stm32_project\\daily_work\\new_bubing\\cod_update_2.0\\COD_H7_Template\\MDK-ARM" "../Drivers/STM32H7xx_HAL_Driver/Inc\\stm32h7xx_hal_fdcan.h"
	.file	4 "D:\\stm32_project\\daily_work\\new_bubing\\cod_update_2.0\\COD_H7_Template\\MDK-ARM" "../Drivers/CMSIS/Device/ST/STM32H7xx/Include\\stm32h7xx.h"
	.file	5 "D:\\stm32_project\\daily_work\\new_bubing\\cod_update_2.0\\COD_H7_Template\\MDK-ARM" "../Drivers/STM32H7xx_HAL_Driver/Inc\\stm32h7xx_hal_def.h"
	.file	6 "D:\\stm32_project\\daily_work\\new_bubing\\cod_update_2.0\\COD_H7_Template\\MDK-ARM" "../Core/Src/fdcan.c"
	.section	.text.MX_FDCAN1_Init,"ax",%progbits
	.hidden	MX_FDCAN1_Init                  @ -- Begin function MX_FDCAN1_Init
	.globl	MX_FDCAN1_Init
	.p2align	3
	.type	MX_FDCAN1_Init,%function
	.code	16                              @ @MX_FDCAN1_Init
	.thumb_func
MX_FDCAN1_Init:
.Lfunc_begin0:
	.loc	6 33 0                          @ ../Core/Src/fdcan.c:33:0
	.fnstart
	.cfi_sections .debug_frame
	.cfi_startproc
@ %bb.0:
	.save	{r7, lr}
	push	{r7, lr}
	.cfi_def_cfa_offset 8
	.cfi_offset lr, -4
	.cfi_offset r7, -8
	.pad	#16
	sub	sp, #16
	.cfi_def_cfa_offset 24
.Ltmp0:
	.loc	6 42 20 prologue_end            @ ../Core/Src/fdcan.c:42:20
	movw	r0, :lower16:hfdcan1
	movt	r0, :upper16:hfdcan1
	str	r0, [sp, #4]                    @ 4-byte Spill
	movw	r1, #40960
	movt	r1, #16384
	str	r1, [r0]
	movs	r2, #0
	.loc	6 43 28                         @ ../Core/Src/fdcan.c:43:28
	str	r2, [sp, #8]                    @ 4-byte Spill
	str	r2, [r0, #8]
	.loc	6 44 21                         @ ../Core/Src/fdcan.c:44:21
	str	r2, [r0, #12]
	.loc	6 45 35                         @ ../Core/Src/fdcan.c:45:35
	strb	r2, [r0, #16]
	.loc	6 46 30                         @ ../Core/Src/fdcan.c:46:30
	strb	r2, [r0, #17]
	movs	r3, #1
	.loc	6 47 34                         @ ../Core/Src/fdcan.c:47:34
	strb	r3, [r0, #18]
	mov.w	lr, #5
	.loc	6 48 33                         @ ../Core/Src/fdcan.c:48:33
	str.w	lr, [r0, #20]
	movs	r1, #4
	.loc	6 49 37                         @ ../Core/Src/fdcan.c:49:37
	str	r1, [sp, #12]                   @ 4-byte Spill
	str	r1, [r0, #24]
	mov.w	r12, #15
	.loc	6 50 32                         @ ../Core/Src/fdcan.c:50:32
	str.w	r12, [r0, #28]
	.loc	6 51 32                         @ ../Core/Src/fdcan.c:51:32
	str	r1, [r0, #32]
	.loc	6 52 30                         @ ../Core/Src/fdcan.c:52:30
	str.w	lr, [r0, #36]
	.loc	6 53 34                         @ ../Core/Src/fdcan.c:53:34
	str	r1, [r0, #40]
	.loc	6 54 29                         @ ../Core/Src/fdcan.c:54:29
	str.w	r12, [r0, #44]
	.loc	6 55 29                         @ ../Core/Src/fdcan.c:55:29
	str	r1, [r0, #48]
	.loc	6 56 33                         @ ../Core/Src/fdcan.c:56:33
	str	r2, [r0, #52]
	.loc	6 57 30                         @ ../Core/Src/fdcan.c:57:30
	str	r3, [r0, #56]
	.loc	6 58 30                         @ ../Core/Src/fdcan.c:58:30
	str	r2, [r0, #60]
	movs	r3, #8
	.loc	6 59 32                         @ ../Core/Src/fdcan.c:59:32
	str	r3, [r0, #64]
	.loc	6 60 32                         @ ../Core/Src/fdcan.c:60:32
	str	r1, [r0, #68]
	.loc	6 61 32                         @ ../Core/Src/fdcan.c:61:32
	str	r2, [r0, #72]
	.loc	6 62 32                         @ ../Core/Src/fdcan.c:62:32
	str	r1, [r0, #76]
	.loc	6 63 29                         @ ../Core/Src/fdcan.c:63:29
	str	r2, [r0, #80]
	.loc	6 64 29                         @ ../Core/Src/fdcan.c:64:29
	str	r1, [r0, #84]
	.loc	6 65 28                         @ ../Core/Src/fdcan.c:65:28
	str	r2, [r0, #88]
	.loc	6 66 29                         @ ../Core/Src/fdcan.c:66:29
	str	r2, [r0, #92]
	.loc	6 67 36                         @ ../Core/Src/fdcan.c:67:36
	str	r3, [r0, #96]
	.loc	6 68 32                         @ ../Core/Src/fdcan.c:68:32
	str	r2, [r0, #100]
	.loc	6 69 27                         @ ../Core/Src/fdcan.c:69:27
	str	r1, [r0, #104]
.Ltmp1:
	.loc	6 70 7                          @ ../Core/Src/fdcan.c:70:7
	bl	HAL_FDCAN_Init
.Ltmp2:
	.loc	6 70 7 is_stmt 0                @ ../Core/Src/fdcan.c:70:7
	cbz	r0, .LBB0_2
	b	.LBB0_1
.LBB0_1:
.Ltmp3:
	.loc	6 72 5 is_stmt 1                @ ../Core/Src/fdcan.c:72:5
	bl	Error_Handler
	.loc	6 73 3                          @ ../Core/Src/fdcan.c:73:3
	b	.LBB0_2
.Ltmp4:
.LBB0_2:
	.loc	6 78 1 epilogue_begin           @ ../Core/Src/fdcan.c:78:1
	add	sp, #16
	pop	{r7, pc}
.Ltmp5:
.Lfunc_end0:
	.size	MX_FDCAN1_Init, .Lfunc_end0-MX_FDCAN1_Init
	.cfi_endproc
	.cantunwind
	.fnend
                                        @ -- End function
	.section	.text.MX_FDCAN2_Init,"ax",%progbits
	.hidden	MX_FDCAN2_Init                  @ -- Begin function MX_FDCAN2_Init
	.globl	MX_FDCAN2_Init
	.p2align	3
	.type	MX_FDCAN2_Init,%function
	.code	16                              @ @MX_FDCAN2_Init
	.thumb_func
MX_FDCAN2_Init:
.Lfunc_begin1:
	.loc	6 81 0                          @ ../Core/Src/fdcan.c:81:0
	.fnstart
	.cfi_startproc
@ %bb.0:
	.save	{r7, lr}
	push	{r7, lr}
	.cfi_def_cfa_offset 8
	.cfi_offset lr, -4
	.cfi_offset r7, -8
	.pad	#8
	sub	sp, #8
	.cfi_def_cfa_offset 16
.Ltmp6:
	.loc	6 90 20 prologue_end            @ ../Core/Src/fdcan.c:90:20
	movw	r0, :lower16:hfdcan2
	movt	r0, :upper16:hfdcan2
	str	r0, [sp]                        @ 4-byte Spill
	movw	r1, #41984
	movt	r1, #16384
	str	r1, [r0]
	movs	r2, #0
	.loc	6 91 28                         @ ../Core/Src/fdcan.c:91:28
	str	r2, [sp, #4]                    @ 4-byte Spill
	str	r2, [r0, #8]
	.loc	6 92 21                         @ ../Core/Src/fdcan.c:92:21
	str	r2, [r0, #12]
	.loc	6 93 35                         @ ../Core/Src/fdcan.c:93:35
	strb	r2, [r0, #16]
	.loc	6 94 30                         @ ../Core/Src/fdcan.c:94:30
	strb	r2, [r0, #17]
	movs	r1, #1
	.loc	6 95 34                         @ ../Core/Src/fdcan.c:95:34
	strb	r1, [r0, #18]
	movs	r3, #5
	.loc	6 96 33                         @ ../Core/Src/fdcan.c:96:33
	str	r3, [r0, #20]
	.loc	6 97 37                         @ ../Core/Src/fdcan.c:97:37
	str	r3, [r0, #24]
	mov.w	r12, #14
	.loc	6 98 32                         @ ../Core/Src/fdcan.c:98:32
	str.w	r12, [r0, #28]
	.loc	6 99 32                         @ ../Core/Src/fdcan.c:99:32
	str	r3, [r0, #32]
	.loc	6 100 30                        @ ../Core/Src/fdcan.c:100:30
	str	r3, [r0, #36]
	.loc	6 101 34                        @ ../Core/Src/fdcan.c:101:34
	str	r3, [r0, #40]
	.loc	6 102 29                        @ ../Core/Src/fdcan.c:102:29
	str.w	r12, [r0, #44]
	.loc	6 103 29                        @ ../Core/Src/fdcan.c:103:29
	str	r3, [r0, #48]
	movw	r3, #853
	.loc	6 104 33                        @ ../Core/Src/fdcan.c:104:33
	str	r3, [r0, #52]
	.loc	6 105 30                        @ ../Core/Src/fdcan.c:105:30
	str	r1, [r0, #56]
	.loc	6 106 30                        @ ../Core/Src/fdcan.c:106:30
	str	r2, [r0, #60]
	movs	r1, #4
	.loc	6 107 32                        @ ../Core/Src/fdcan.c:107:32
	str	r1, [r0, #64]
	.loc	6 108 32                        @ ../Core/Src/fdcan.c:108:32
	str	r1, [r0, #68]
	.loc	6 109 32                        @ ../Core/Src/fdcan.c:109:32
	str	r2, [r0, #72]
	.loc	6 110 32                        @ ../Core/Src/fdcan.c:110:32
	str	r1, [r0, #76]
	.loc	6 111 29                        @ ../Core/Src/fdcan.c:111:29
	str	r2, [r0, #80]
	.loc	6 112 29                        @ ../Core/Src/fdcan.c:112:29
	str	r1, [r0, #84]
	.loc	6 113 28                        @ ../Core/Src/fdcan.c:113:28
	str	r2, [r0, #88]
	.loc	6 114 29                        @ ../Core/Src/fdcan.c:114:29
	str	r2, [r0, #92]
	movs	r3, #8
	.loc	6 115 36                        @ ../Core/Src/fdcan.c:115:36
	str	r3, [r0, #96]
	.loc	6 116 32                        @ ../Core/Src/fdcan.c:116:32
	str	r2, [r0, #100]
	.loc	6 117 27                        @ ../Core/Src/fdcan.c:117:27
	str	r1, [r0, #104]
.Ltmp7:
	.loc	6 118 7                         @ ../Core/Src/fdcan.c:118:7
	bl	HAL_FDCAN_Init
.Ltmp8:
	.loc	6 118 7 is_stmt 0               @ ../Core/Src/fdcan.c:118:7
	cbz	r0, .LBB1_2
	b	.LBB1_1
.LBB1_1:
.Ltmp9:
	.loc	6 120 5 is_stmt 1               @ ../Core/Src/fdcan.c:120:5
	bl	Error_Handler
	.loc	6 121 3                         @ ../Core/Src/fdcan.c:121:3
	b	.LBB1_2
.Ltmp10:
.LBB1_2:
	.loc	6 126 1 epilogue_begin          @ ../Core/Src/fdcan.c:126:1
	add	sp, #8
	pop	{r7, pc}
.Ltmp11:
.Lfunc_end1:
	.size	MX_FDCAN2_Init, .Lfunc_end1-MX_FDCAN2_Init
	.cfi_endproc
	.cantunwind
	.fnend
                                        @ -- End function
	.section	.text.MX_FDCAN3_Init,"ax",%progbits
	.hidden	MX_FDCAN3_Init                  @ -- Begin function MX_FDCAN3_Init
	.globl	MX_FDCAN3_Init
	.p2align	3
	.type	MX_FDCAN3_Init,%function
	.code	16                              @ @MX_FDCAN3_Init
	.thumb_func
MX_FDCAN3_Init:
.Lfunc_begin2:
	.loc	6 129 0                         @ ../Core/Src/fdcan.c:129:0
	.fnstart
	.cfi_startproc
@ %bb.0:
	.save	{r7, lr}
	push	{r7, lr}
	.cfi_def_cfa_offset 8
	.cfi_offset lr, -4
	.cfi_offset r7, -8
	.pad	#8
	sub	sp, #8
	.cfi_def_cfa_offset 16
.Ltmp12:
	.loc	6 138 20 prologue_end           @ ../Core/Src/fdcan.c:138:20
	movw	r0, :lower16:hfdcan3
	movt	r0, :upper16:hfdcan3
	str	r0, [sp]                        @ 4-byte Spill
	movw	r1, #54272
	movt	r1, #16384
	str	r1, [r0]
	mov.w	r1, #768
	.loc	6 139 28                        @ ../Core/Src/fdcan.c:139:28
	str	r1, [r0, #8]
	movs	r2, #0
	.loc	6 140 21                        @ ../Core/Src/fdcan.c:140:21
	str	r2, [sp, #4]                    @ 4-byte Spill
	str	r2, [r0, #12]
	.loc	6 141 35                        @ ../Core/Src/fdcan.c:141:35
	strb	r2, [r0, #16]
	.loc	6 142 30                        @ ../Core/Src/fdcan.c:142:30
	strb	r2, [r0, #17]
	movs	r1, #1
	.loc	6 143 34                        @ ../Core/Src/fdcan.c:143:34
	strb	r1, [r0, #18]
	movs	r3, #5
	.loc	6 144 33                        @ ../Core/Src/fdcan.c:144:33
	str	r3, [r0, #20]
	.loc	6 145 37                        @ ../Core/Src/fdcan.c:145:37
	str	r3, [r0, #24]
	mov.w	r12, #14
	.loc	6 146 32                        @ ../Core/Src/fdcan.c:146:32
	str.w	r12, [r0, #28]
	.loc	6 147 32                        @ ../Core/Src/fdcan.c:147:32
	str	r3, [r0, #32]
	.loc	6 148 30                        @ ../Core/Src/fdcan.c:148:30
	str	r1, [r0, #36]
	.loc	6 149 34                        @ ../Core/Src/fdcan.c:149:34
	str	r3, [r0, #40]
	.loc	6 150 29                        @ ../Core/Src/fdcan.c:150:29
	str.w	r12, [r0, #44]
	.loc	6 151 29                        @ ../Core/Src/fdcan.c:151:29
	str	r3, [r0, #48]
	movw	r3, #1706
	.loc	6 152 33                        @ ../Core/Src/fdcan.c:152:33
	str	r3, [r0, #52]
	.loc	6 153 30                        @ ../Core/Src/fdcan.c:153:30
	str	r1, [r0, #56]
	.loc	6 154 30                        @ ../Core/Src/fdcan.c:154:30
	str	r2, [r0, #60]
	.loc	6 155 32                        @ ../Core/Src/fdcan.c:155:32
	str	r2, [r0, #64]
	movs	r3, #4
	.loc	6 156 32                        @ ../Core/Src/fdcan.c:156:32
	str	r3, [r0, #68]
	.loc	6 157 32                        @ ../Core/Src/fdcan.c:157:32
	str	r3, [r0, #72]
	movs	r1, #18
	.loc	6 158 32                        @ ../Core/Src/fdcan.c:158:32
	str	r1, [r0, #76]
	.loc	6 159 29                        @ ../Core/Src/fdcan.c:159:29
	str	r2, [r0, #80]
	.loc	6 160 29                        @ ../Core/Src/fdcan.c:160:29
	str	r3, [r0, #84]
	.loc	6 161 28                        @ ../Core/Src/fdcan.c:161:28
	str	r2, [r0, #88]
	.loc	6 162 29                        @ ../Core/Src/fdcan.c:162:29
	str	r2, [r0, #92]
	.loc	6 163 36                        @ ../Core/Src/fdcan.c:163:36
	str	r3, [r0, #96]
	.loc	6 164 32                        @ ../Core/Src/fdcan.c:164:32
	str	r2, [r0, #100]
	.loc	6 165 27                        @ ../Core/Src/fdcan.c:165:27
	str	r1, [r0, #104]
.Ltmp13:
	.loc	6 166 7                         @ ../Core/Src/fdcan.c:166:7
	bl	HAL_FDCAN_Init
.Ltmp14:
	.loc	6 166 7 is_stmt 0               @ ../Core/Src/fdcan.c:166:7
	cbz	r0, .LBB2_2
	b	.LBB2_1
.LBB2_1:
.Ltmp15:
	.loc	6 168 5 is_stmt 1               @ ../Core/Src/fdcan.c:168:5
	bl	Error_Handler
	.loc	6 169 3                         @ ../Core/Src/fdcan.c:169:3
	b	.LBB2_2
.Ltmp16:
.LBB2_2:
	.loc	6 174 1 epilogue_begin          @ ../Core/Src/fdcan.c:174:1
	add	sp, #8
	pop	{r7, pc}
.Ltmp17:
.Lfunc_end2:
	.size	MX_FDCAN3_Init, .Lfunc_end2-MX_FDCAN3_Init
	.cfi_endproc
	.cantunwind
	.fnend
                                        @ -- End function
	.section	.text.HAL_FDCAN_MspInit,"ax",%progbits
	.hidden	HAL_FDCAN_MspInit               @ -- Begin function HAL_FDCAN_MspInit
	.globl	HAL_FDCAN_MspInit
	.p2align	3
	.type	HAL_FDCAN_MspInit,%function
	.code	16                              @ @HAL_FDCAN_MspInit
	.thumb_func
HAL_FDCAN_MspInit:
.Lfunc_begin3:
	.loc	6 179 0                         @ ../Core/Src/fdcan.c:179:0
	.fnstart
	.cfi_startproc
@ %bb.0:
	.save	{r7, lr}
	push	{r7, lr}
	.cfi_def_cfa_offset 8
	.cfi_offset lr, -4
	.cfi_offset r7, -8
	.pad	#96
	sub	sp, #96
	.cfi_def_cfa_offset 104
	str	r0, [sp, #92]
	movs	r0, #0
.Ltmp18:
	.loc	6 181 20 prologue_end           @ ../Core/Src/fdcan.c:181:20
	str	r0, [sp, #88]
	str	r0, [sp, #84]
	str	r0, [sp, #80]
	str	r0, [sp, #76]
	str	r0, [sp, #72]
.Ltmp19:
	.loc	6 182 6                         @ ../Core/Src/fdcan.c:182:6
	ldr	r0, [sp, #92]
	.loc	6 182 19 is_stmt 0              @ ../Core/Src/fdcan.c:182:19
	ldr	r0, [r0]
	movw	r1, #40960
	movt	r1, #16384
.Ltmp20:
	.loc	6 182 6                         @ ../Core/Src/fdcan.c:182:6
	cmp	r0, r1
	bne	.LBB3_8
	b	.LBB3_1
.LBB3_1:
.Ltmp21:
	.loc	6 188 30 is_stmt 1              @ ../Core/Src/fdcan.c:188:30
	movw	r0, :lower16:HAL_RCC_FDCAN_CLK_ENABLED
	movt	r0, :upper16:HAL_RCC_FDCAN_CLK_ENABLED
	ldr	r1, [r0]
	adds	r1, #1
	str	r1, [r0]
.Ltmp22:
	.loc	6 189 8                         @ ../Core/Src/fdcan.c:189:8
	ldr	r0, [r0]
.Ltmp23:
	.loc	6 189 8 is_stmt 0               @ ../Core/Src/fdcan.c:189:8
	cmp	r0, #1
	bne	.LBB3_5
	b	.LBB3_2
.LBB3_2:
.Ltmp24:
	.loc	6 190 7 is_stmt 1               @ ../Core/Src/fdcan.c:190:7
	b	.LBB3_3
.LBB3_3:
	.loc	6 0 7 is_stmt 0                 @ ../Core/Src/fdcan.c:0:7
	movw	r0, #17644
	movt	r0, #22530
.Ltmp25:
	.loc	6 190 7                         @ ../Core/Src/fdcan.c:190:7
	ldr	r1, [r0]
	orr	r1, r1, #256
	str	r1, [r0]
	ldr	r0, [r0]
	and	r0, r0, #256
	str	r0, [sp, #68]
	ldr	r0, [sp, #68]
	b	.LBB3_4
.Ltmp26:
.LBB3_4:
	.loc	6 191 5 is_stmt 1               @ ../Core/Src/fdcan.c:191:5
	b	.LBB3_5
.Ltmp27:
.LBB3_5:
	.loc	6 193 5                         @ ../Core/Src/fdcan.c:193:5
	b	.LBB3_6
.LBB3_6:
	.loc	6 0 5 is_stmt 0                 @ ../Core/Src/fdcan.c:0:5
	movw	r0, #17632
	movt	r0, #22530
.Ltmp28:
	.loc	6 193 5                         @ ../Core/Src/fdcan.c:193:5
	ldr	r1, [r0]
	orr	r1, r1, #8
	str	r1, [r0]
	ldr	r0, [r0]
	and	r0, r0, #8
	str	r0, [sp, #64]
	ldr	r0, [sp, #64]
	b	.LBB3_7
.Ltmp29:
.LBB3_7:
	.loc	6 0 5                           @ ../Core/Src/fdcan.c:0:5
	movs	r0, #3
	.loc	6 198 25 is_stmt 1              @ ../Core/Src/fdcan.c:198:25
	str	r0, [sp, #72]
	movs	r0, #2
	.loc	6 199 26                        @ ../Core/Src/fdcan.c:199:26
	str	r0, [sp, #76]
	movs	r0, #0
	.loc	6 200 26                        @ ../Core/Src/fdcan.c:200:26
	str	r0, [sp, #40]                   @ 4-byte Spill
	str	r0, [sp, #80]
	.loc	6 201 27                        @ ../Core/Src/fdcan.c:201:27
	str	r0, [sp, #84]
	movs	r0, #9
	.loc	6 202 31                        @ ../Core/Src/fdcan.c:202:31
	str	r0, [sp, #88]
	movw	r0, #3072
	movt	r0, #22530
	add	r1, sp, #72
	.loc	6 203 5                         @ ../Core/Src/fdcan.c:203:5
	bl	HAL_GPIO_Init
	ldr	r2, [sp, #40]                   @ 4-byte Reload
	movs	r0, #19
	str	r0, [sp, #32]                   @ 4-byte Spill
	movs	r1, #5
	.loc	6 206 5                         @ ../Core/Src/fdcan.c:206:5
	str	r1, [sp, #36]                   @ 4-byte Spill
	bl	HAL_NVIC_SetPriority
	ldr	r0, [sp, #32]                   @ 4-byte Reload
	.loc	6 207 5                         @ ../Core/Src/fdcan.c:207:5
	bl	HAL_NVIC_EnableIRQ
	ldr	r1, [sp, #36]                   @ 4-byte Reload
	ldr	r2, [sp, #40]                   @ 4-byte Reload
	movs	r0, #21
	.loc	6 208 5                         @ ../Core/Src/fdcan.c:208:5
	str	r0, [sp, #44]                   @ 4-byte Spill
	bl	HAL_NVIC_SetPriority
	ldr	r0, [sp, #44]                   @ 4-byte Reload
	.loc	6 209 5                         @ ../Core/Src/fdcan.c:209:5
	bl	HAL_NVIC_EnableIRQ
	.loc	6 213 3                         @ ../Core/Src/fdcan.c:213:3
	b	.LBB3_26
.Ltmp30:
.LBB3_8:
	.loc	6 214 11                        @ ../Core/Src/fdcan.c:214:11
	ldr	r0, [sp, #92]
	.loc	6 214 24 is_stmt 0              @ ../Core/Src/fdcan.c:214:24
	ldr	r0, [r0]
	movw	r1, #41984
	movt	r1, #16384
.Ltmp31:
	.loc	6 214 11                        @ ../Core/Src/fdcan.c:214:11
	cmp	r0, r1
	bne	.LBB3_16
	b	.LBB3_9
.LBB3_9:
.Ltmp32:
	.loc	6 220 30 is_stmt 1              @ ../Core/Src/fdcan.c:220:30
	movw	r0, :lower16:HAL_RCC_FDCAN_CLK_ENABLED
	movt	r0, :upper16:HAL_RCC_FDCAN_CLK_ENABLED
	ldr	r1, [r0]
	adds	r1, #1
	str	r1, [r0]
.Ltmp33:
	.loc	6 221 8                         @ ../Core/Src/fdcan.c:221:8
	ldr	r0, [r0]
.Ltmp34:
	.loc	6 221 8 is_stmt 0               @ ../Core/Src/fdcan.c:221:8
	cmp	r0, #1
	bne	.LBB3_13
	b	.LBB3_10
.LBB3_10:
.Ltmp35:
	.loc	6 222 7 is_stmt 1               @ ../Core/Src/fdcan.c:222:7
	b	.LBB3_11
.LBB3_11:
	.loc	6 0 7 is_stmt 0                 @ ../Core/Src/fdcan.c:0:7
	movw	r0, #17644
	movt	r0, #22530
.Ltmp36:
	.loc	6 222 7                         @ ../Core/Src/fdcan.c:222:7
	ldr	r1, [r0]
	orr	r1, r1, #256
	str	r1, [r0]
	ldr	r0, [r0]
	and	r0, r0, #256
	str	r0, [sp, #60]
	ldr	r0, [sp, #60]
	b	.LBB3_12
.Ltmp37:
.LBB3_12:
	.loc	6 223 5 is_stmt 1               @ ../Core/Src/fdcan.c:223:5
	b	.LBB3_13
.Ltmp38:
.LBB3_13:
	.loc	6 225 5                         @ ../Core/Src/fdcan.c:225:5
	b	.LBB3_14
.LBB3_14:
	.loc	6 0 5 is_stmt 0                 @ ../Core/Src/fdcan.c:0:5
	movw	r0, #17632
	movt	r0, #22530
.Ltmp39:
	.loc	6 225 5                         @ ../Core/Src/fdcan.c:225:5
	ldr	r1, [r0]
	orr	r1, r1, #2
	str	r1, [r0]
	ldr	r0, [r0]
	and	r0, r0, #2
	str	r0, [sp, #56]
	ldr	r0, [sp, #56]
	b	.LBB3_15
.Ltmp40:
.LBB3_15:
	.loc	6 0 5                           @ ../Core/Src/fdcan.c:0:5
	movs	r0, #96
	.loc	6 230 25 is_stmt 1              @ ../Core/Src/fdcan.c:230:25
	str	r0, [sp, #72]
	movs	r0, #2
	.loc	6 231 26                        @ ../Core/Src/fdcan.c:231:26
	str	r0, [sp, #76]
	movs	r0, #0
	.loc	6 232 26                        @ ../Core/Src/fdcan.c:232:26
	str	r0, [sp, #24]                   @ 4-byte Spill
	str	r0, [sp, #80]
	.loc	6 233 27                        @ ../Core/Src/fdcan.c:233:27
	str	r0, [sp, #84]
	movs	r0, #9
	.loc	6 234 31                        @ ../Core/Src/fdcan.c:234:31
	str	r0, [sp, #88]
	movw	r0, #1024
	movt	r0, #22530
	add	r1, sp, #72
	.loc	6 235 5                         @ ../Core/Src/fdcan.c:235:5
	bl	HAL_GPIO_Init
	ldr	r2, [sp, #24]                   @ 4-byte Reload
	movs	r0, #20
	str	r0, [sp, #16]                   @ 4-byte Spill
	movs	r1, #5
	.loc	6 238 5                         @ ../Core/Src/fdcan.c:238:5
	str	r1, [sp, #20]                   @ 4-byte Spill
	bl	HAL_NVIC_SetPriority
	ldr	r0, [sp, #16]                   @ 4-byte Reload
	.loc	6 239 5                         @ ../Core/Src/fdcan.c:239:5
	bl	HAL_NVIC_EnableIRQ
	ldr	r1, [sp, #20]                   @ 4-byte Reload
	ldr	r2, [sp, #24]                   @ 4-byte Reload
	movs	r0, #22
	.loc	6 240 5                         @ ../Core/Src/fdcan.c:240:5
	str	r0, [sp, #28]                   @ 4-byte Spill
	bl	HAL_NVIC_SetPriority
	ldr	r0, [sp, #28]                   @ 4-byte Reload
	.loc	6 241 5                         @ ../Core/Src/fdcan.c:241:5
	bl	HAL_NVIC_EnableIRQ
	.loc	6 245 3                         @ ../Core/Src/fdcan.c:245:3
	b	.LBB3_25
.Ltmp41:
.LBB3_16:
	.loc	6 246 11                        @ ../Core/Src/fdcan.c:246:11
	ldr	r0, [sp, #92]
	.loc	6 246 24 is_stmt 0              @ ../Core/Src/fdcan.c:246:24
	ldr	r0, [r0]
	movw	r1, #54272
	movt	r1, #16384
.Ltmp42:
	.loc	6 246 11                        @ ../Core/Src/fdcan.c:246:11
	cmp	r0, r1
	bne	.LBB3_24
	b	.LBB3_17
.LBB3_17:
.Ltmp43:
	.loc	6 252 30 is_stmt 1              @ ../Core/Src/fdcan.c:252:30
	movw	r0, :lower16:HAL_RCC_FDCAN_CLK_ENABLED
	movt	r0, :upper16:HAL_RCC_FDCAN_CLK_ENABLED
	ldr	r1, [r0]
	adds	r1, #1
	str	r1, [r0]
.Ltmp44:
	.loc	6 253 8                         @ ../Core/Src/fdcan.c:253:8
	ldr	r0, [r0]
.Ltmp45:
	.loc	6 253 8 is_stmt 0               @ ../Core/Src/fdcan.c:253:8
	cmp	r0, #1
	bne	.LBB3_21
	b	.LBB3_18
.LBB3_18:
.Ltmp46:
	.loc	6 254 7 is_stmt 1               @ ../Core/Src/fdcan.c:254:7
	b	.LBB3_19
.LBB3_19:
	.loc	6 0 7 is_stmt 0                 @ ../Core/Src/fdcan.c:0:7
	movw	r0, #17644
	movt	r0, #22530
.Ltmp47:
	.loc	6 254 7                         @ ../Core/Src/fdcan.c:254:7
	ldr	r1, [r0]
	orr	r1, r1, #256
	str	r1, [r0]
	ldr	r0, [r0]
	and	r0, r0, #256
	str	r0, [sp, #52]
	ldr	r0, [sp, #52]
	b	.LBB3_20
.Ltmp48:
.LBB3_20:
	.loc	6 255 5 is_stmt 1               @ ../Core/Src/fdcan.c:255:5
	b	.LBB3_21
.Ltmp49:
.LBB3_21:
	.loc	6 257 5                         @ ../Core/Src/fdcan.c:257:5
	b	.LBB3_22
.LBB3_22:
	.loc	6 0 5 is_stmt 0                 @ ../Core/Src/fdcan.c:0:5
	movw	r0, #17632
	movt	r0, #22530
.Ltmp50:
	.loc	6 257 5                         @ ../Core/Src/fdcan.c:257:5
	ldr	r1, [r0]
	orr	r1, r1, #8
	str	r1, [r0]
	ldr	r0, [r0]
	and	r0, r0, #8
	str	r0, [sp, #48]
	ldr	r0, [sp, #48]
	b	.LBB3_23
.Ltmp51:
.LBB3_23:
	.loc	6 0 5                           @ ../Core/Src/fdcan.c:0:5
	mov.w	r0, #12288
	.loc	6 262 25 is_stmt 1              @ ../Core/Src/fdcan.c:262:25
	str	r0, [sp, #72]
	movs	r0, #2
	.loc	6 263 26                        @ ../Core/Src/fdcan.c:263:26
	str	r0, [sp, #76]
	movs	r0, #0
	.loc	6 264 26                        @ ../Core/Src/fdcan.c:264:26
	str	r0, [sp, #8]                    @ 4-byte Spill
	str	r0, [sp, #80]
	.loc	6 265 27                        @ ../Core/Src/fdcan.c:265:27
	str	r0, [sp, #84]
	movs	r0, #5
	.loc	6 266 31                        @ ../Core/Src/fdcan.c:266:31
	str	r0, [sp, #4]                    @ 4-byte Spill
	str	r0, [sp, #88]
	movw	r0, #3072
	movt	r0, #22530
	add	r1, sp, #72
	.loc	6 267 5                         @ ../Core/Src/fdcan.c:267:5
	bl	HAL_GPIO_Init
	ldr	r1, [sp, #4]                    @ 4-byte Reload
	ldr	r2, [sp, #8]                    @ 4-byte Reload
	movs	r0, #159
	.loc	6 270 5                         @ ../Core/Src/fdcan.c:270:5
	str	r0, [sp]                        @ 4-byte Spill
	bl	HAL_NVIC_SetPriority
	ldr	r0, [sp]                        @ 4-byte Reload
	.loc	6 271 5                         @ ../Core/Src/fdcan.c:271:5
	bl	HAL_NVIC_EnableIRQ
	ldr	r1, [sp, #4]                    @ 4-byte Reload
	ldr	r2, [sp, #8]                    @ 4-byte Reload
	movs	r0, #160
	.loc	6 272 5                         @ ../Core/Src/fdcan.c:272:5
	str	r0, [sp, #12]                   @ 4-byte Spill
	bl	HAL_NVIC_SetPriority
	ldr	r0, [sp, #12]                   @ 4-byte Reload
	.loc	6 273 5                         @ ../Core/Src/fdcan.c:273:5
	bl	HAL_NVIC_EnableIRQ
	.loc	6 277 3                         @ ../Core/Src/fdcan.c:277:3
	b	.LBB3_24
.Ltmp52:
.LBB3_24:
	.loc	6 0 3 is_stmt 0                 @ ../Core/Src/fdcan.c:0:3
	b	.LBB3_25
.LBB3_25:
	b	.LBB3_26
.LBB3_26:
	.loc	6 278 1 epilogue_begin is_stmt 1 @ ../Core/Src/fdcan.c:278:1
	add	sp, #96
	pop	{r7, pc}
.Ltmp53:
.Lfunc_end3:
	.size	HAL_FDCAN_MspInit, .Lfunc_end3-HAL_FDCAN_MspInit
	.cfi_endproc
	.cantunwind
	.fnend
                                        @ -- End function
	.section	.text.HAL_FDCAN_MspDeInit,"ax",%progbits
	.hidden	HAL_FDCAN_MspDeInit             @ -- Begin function HAL_FDCAN_MspDeInit
	.globl	HAL_FDCAN_MspDeInit
	.p2align	3
	.type	HAL_FDCAN_MspDeInit,%function
	.code	16                              @ @HAL_FDCAN_MspDeInit
	.thumb_func
HAL_FDCAN_MspDeInit:
.Lfunc_begin4:
	.loc	6 281 0                         @ ../Core/Src/fdcan.c:281:0
	.fnstart
	.cfi_startproc
@ %bb.0:
	.save	{r7, lr}
	push	{r7, lr}
	.cfi_def_cfa_offset 8
	.cfi_offset lr, -4
	.cfi_offset r7, -8
	.pad	#8
	sub	sp, #8
	.cfi_def_cfa_offset 16
	str	r0, [sp, #4]
.Ltmp54:
	.loc	6 283 6 prologue_end            @ ../Core/Src/fdcan.c:283:6
	ldr	r0, [sp, #4]
	.loc	6 283 19 is_stmt 0              @ ../Core/Src/fdcan.c:283:19
	ldr	r0, [r0]
	movw	r1, #40960
	movt	r1, #16384
.Ltmp55:
	.loc	6 283 6                         @ ../Core/Src/fdcan.c:283:6
	cmp	r0, r1
	bne	.LBB4_4
	b	.LBB4_1
.LBB4_1:
.Ltmp56:
	.loc	6 289 30 is_stmt 1              @ ../Core/Src/fdcan.c:289:30
	movw	r0, :lower16:HAL_RCC_FDCAN_CLK_ENABLED
	movt	r0, :upper16:HAL_RCC_FDCAN_CLK_ENABLED
	ldr	r1, [r0]
	subs	r1, #1
	str	r1, [r0]
.Ltmp57:
	.loc	6 290 8                         @ ../Core/Src/fdcan.c:290:8
	ldr	r0, [r0]
.Ltmp58:
	.loc	6 290 8 is_stmt 0               @ ../Core/Src/fdcan.c:290:8
	cbnz	r0, .LBB4_3
	b	.LBB4_2
.LBB4_2:
	.loc	6 0 8                           @ ../Core/Src/fdcan.c:0:8
	movw	r1, #17644
	movt	r1, #22530
.Ltmp59:
	.loc	6 291 7 is_stmt 1               @ ../Core/Src/fdcan.c:291:7
	ldr	r0, [r1]
	bic	r0, r0, #256
	str	r0, [r1]
	.loc	6 292 5                         @ ../Core/Src/fdcan.c:292:5
	b	.LBB4_3
.Ltmp60:
.LBB4_3:
	.loc	6 0 5 is_stmt 0                 @ ../Core/Src/fdcan.c:0:5
	movw	r0, #3072
	movt	r0, #22530
	movs	r1, #3
	.loc	6 298 5 is_stmt 1               @ ../Core/Src/fdcan.c:298:5
	bl	HAL_GPIO_DeInit
	movs	r0, #19
	.loc	6 301 5                         @ ../Core/Src/fdcan.c:301:5
	bl	HAL_NVIC_DisableIRQ
	movs	r0, #21
	.loc	6 302 5                         @ ../Core/Src/fdcan.c:302:5
	bl	HAL_NVIC_DisableIRQ
	.loc	6 306 3                         @ ../Core/Src/fdcan.c:306:3
	b	.LBB4_14
.Ltmp61:
.LBB4_4:
	.loc	6 307 11                        @ ../Core/Src/fdcan.c:307:11
	ldr	r0, [sp, #4]
	.loc	6 307 24 is_stmt 0              @ ../Core/Src/fdcan.c:307:24
	ldr	r0, [r0]
	movw	r1, #41984
	movt	r1, #16384
.Ltmp62:
	.loc	6 307 11                        @ ../Core/Src/fdcan.c:307:11
	cmp	r0, r1
	bne	.LBB4_8
	b	.LBB4_5
.LBB4_5:
.Ltmp63:
	.loc	6 313 30 is_stmt 1              @ ../Core/Src/fdcan.c:313:30
	movw	r0, :lower16:HAL_RCC_FDCAN_CLK_ENABLED
	movt	r0, :upper16:HAL_RCC_FDCAN_CLK_ENABLED
	ldr	r1, [r0]
	subs	r1, #1
	str	r1, [r0]
.Ltmp64:
	.loc	6 314 8                         @ ../Core/Src/fdcan.c:314:8
	ldr	r0, [r0]
.Ltmp65:
	.loc	6 314 8 is_stmt 0               @ ../Core/Src/fdcan.c:314:8
	cbnz	r0, .LBB4_7
	b	.LBB4_6
.LBB4_6:
	.loc	6 0 8                           @ ../Core/Src/fdcan.c:0:8
	movw	r1, #17644
	movt	r1, #22530
.Ltmp66:
	.loc	6 315 7 is_stmt 1               @ ../Core/Src/fdcan.c:315:7
	ldr	r0, [r1]
	bic	r0, r0, #256
	str	r0, [r1]
	.loc	6 316 5                         @ ../Core/Src/fdcan.c:316:5
	b	.LBB4_7
.Ltmp67:
.LBB4_7:
	.loc	6 0 5 is_stmt 0                 @ ../Core/Src/fdcan.c:0:5
	movw	r0, #1024
	movt	r0, #22530
	movs	r1, #96
	.loc	6 322 5 is_stmt 1               @ ../Core/Src/fdcan.c:322:5
	bl	HAL_GPIO_DeInit
	movs	r0, #20
	.loc	6 325 5                         @ ../Core/Src/fdcan.c:325:5
	bl	HAL_NVIC_DisableIRQ
	movs	r0, #22
	.loc	6 326 5                         @ ../Core/Src/fdcan.c:326:5
	bl	HAL_NVIC_DisableIRQ
	.loc	6 330 3                         @ ../Core/Src/fdcan.c:330:3
	b	.LBB4_13
.Ltmp68:
.LBB4_8:
	.loc	6 331 11                        @ ../Core/Src/fdcan.c:331:11
	ldr	r0, [sp, #4]
	.loc	6 331 24 is_stmt 0              @ ../Core/Src/fdcan.c:331:24
	ldr	r0, [r0]
	movw	r1, #54272
	movt	r1, #16384
.Ltmp69:
	.loc	6 331 11                        @ ../Core/Src/fdcan.c:331:11
	cmp	r0, r1
	bne	.LBB4_12
	b	.LBB4_9
.LBB4_9:
.Ltmp70:
	.loc	6 337 30 is_stmt 1              @ ../Core/Src/fdcan.c:337:30
	movw	r0, :lower16:HAL_RCC_FDCAN_CLK_ENABLED
	movt	r0, :upper16:HAL_RCC_FDCAN_CLK_ENABLED
	ldr	r1, [r0]
	subs	r1, #1
	str	r1, [r0]
.Ltmp71:
	.loc	6 338 8                         @ ../Core/Src/fdcan.c:338:8
	ldr	r0, [r0]
.Ltmp72:
	.loc	6 338 8 is_stmt 0               @ ../Core/Src/fdcan.c:338:8
	cbnz	r0, .LBB4_11
	b	.LBB4_10
.LBB4_10:
	.loc	6 0 8                           @ ../Core/Src/fdcan.c:0:8
	movw	r1, #17644
	movt	r1, #22530
.Ltmp73:
	.loc	6 339 7 is_stmt 1               @ ../Core/Src/fdcan.c:339:7
	ldr	r0, [r1]
	bic	r0, r0, #256
	str	r0, [r1]
	.loc	6 340 5                         @ ../Core/Src/fdcan.c:340:5
	b	.LBB4_11
.Ltmp74:
.LBB4_11:
	.loc	6 0 5 is_stmt 0                 @ ../Core/Src/fdcan.c:0:5
	movw	r0, #3072
	movt	r0, #22530
	mov.w	r1, #12288
	.loc	6 346 5 is_stmt 1               @ ../Core/Src/fdcan.c:346:5
	bl	HAL_GPIO_DeInit
	movs	r0, #159
	.loc	6 349 5                         @ ../Core/Src/fdcan.c:349:5
	bl	HAL_NVIC_DisableIRQ
	movs	r0, #160
	.loc	6 350 5                         @ ../Core/Src/fdcan.c:350:5
	bl	HAL_NVIC_DisableIRQ
	.loc	6 354 3                         @ ../Core/Src/fdcan.c:354:3
	b	.LBB4_12
.Ltmp75:
.LBB4_12:
	.loc	6 0 3 is_stmt 0                 @ ../Core/Src/fdcan.c:0:3
	b	.LBB4_13
.LBB4_13:
	b	.LBB4_14
.LBB4_14:
	.loc	6 355 1 epilogue_begin is_stmt 1 @ ../Core/Src/fdcan.c:355:1
	add	sp, #8
	pop	{r7, pc}
.Ltmp76:
.Lfunc_end4:
	.size	HAL_FDCAN_MspDeInit, .Lfunc_end4-HAL_FDCAN_MspDeInit
	.cfi_endproc
	.cantunwind
	.fnend
                                        @ -- End function
	.hidden	hfdcan1                         @ @hfdcan1
	.type	hfdcan1,%object
	.section	.bss.hfdcan1,"aw",%nobits
	.globl	hfdcan1
	.p2align	2, 0x0
hfdcan1:
	.zero	160
	.size	hfdcan1, 160

	.hidden	hfdcan2                         @ @hfdcan2
	.type	hfdcan2,%object
	.section	.bss.hfdcan2,"aw",%nobits
	.globl	hfdcan2
	.p2align	2, 0x0
hfdcan2:
	.zero	160
	.size	hfdcan2, 160

	.hidden	hfdcan3                         @ @hfdcan3
	.type	hfdcan3,%object
	.section	.bss.hfdcan3,"aw",%nobits
	.globl	hfdcan3
	.p2align	2, 0x0
hfdcan3:
	.zero	160
	.size	hfdcan3, 160

	.type	HAL_RCC_FDCAN_CLK_ENABLED,%object @ @HAL_RCC_FDCAN_CLK_ENABLED
	.section	.bss.HAL_RCC_FDCAN_CLK_ENABLED,"aw",%nobits
	.p2align	2, 0x0
HAL_RCC_FDCAN_CLK_ENABLED:
	.long	0                               @ 0x0
	.size	HAL_RCC_FDCAN_CLK_ENABLED, 4

	.file	7 "D:\\stm32_project\\daily_work\\new_bubing\\cod_update_2.0\\COD_H7_Template\\MDK-ARM" "../Drivers/STM32H7xx_HAL_Driver/Inc\\stm32h7xx_hal_gpio.h"
	.section	.debug_abbrev,"",%progbits
	.byte	1                               @ Abbreviation Code
	.byte	17                              @ DW_TAG_compile_unit
	.byte	1                               @ DW_CHILDREN_yes
	.byte	37                              @ DW_AT_producer
	.byte	14                              @ DW_FORM_strp
	.byte	19                              @ DW_AT_language
	.byte	5                               @ DW_FORM_data2
	.byte	3                               @ DW_AT_name
	.byte	14                              @ DW_FORM_strp
	.byte	16                              @ DW_AT_stmt_list
	.byte	23                              @ DW_FORM_sec_offset
	.byte	27                              @ DW_AT_comp_dir
	.byte	14                              @ DW_FORM_strp
	.byte	17                              @ DW_AT_low_pc
	.byte	1                               @ DW_FORM_addr
	.byte	85                              @ DW_AT_ranges
	.byte	23                              @ DW_FORM_sec_offset
	.byte	0                               @ EOM(1)
	.byte	0                               @ EOM(2)
	.byte	2                               @ Abbreviation Code
	.byte	52                              @ DW_TAG_variable
	.byte	0                               @ DW_CHILDREN_no
	.byte	3                               @ DW_AT_name
	.byte	14                              @ DW_FORM_strp
	.byte	73                              @ DW_AT_type
	.byte	19                              @ DW_FORM_ref4
	.byte	63                              @ DW_AT_external
	.byte	25                              @ DW_FORM_flag_present
	.byte	58                              @ DW_AT_decl_file
	.byte	11                              @ DW_FORM_data1
	.byte	59                              @ DW_AT_decl_line
	.byte	11                              @ DW_FORM_data1
	.byte	2                               @ DW_AT_location
	.byte	24                              @ DW_FORM_exprloc
	.byte	0                               @ EOM(1)
	.byte	0                               @ EOM(2)
	.byte	3                               @ Abbreviation Code
	.byte	22                              @ DW_TAG_typedef
	.byte	0                               @ DW_CHILDREN_no
	.byte	73                              @ DW_AT_type
	.byte	19                              @ DW_FORM_ref4
	.byte	3                               @ DW_AT_name
	.byte	14                              @ DW_FORM_strp
	.byte	58                              @ DW_AT_decl_file
	.byte	11                              @ DW_FORM_data1
	.byte	59                              @ DW_AT_decl_line
	.byte	5                               @ DW_FORM_data2
	.byte	0                               @ EOM(1)
	.byte	0                               @ EOM(2)
	.byte	4                               @ Abbreviation Code
	.byte	19                              @ DW_TAG_structure_type
	.byte	1                               @ DW_CHILDREN_yes
	.byte	11                              @ DW_AT_byte_size
	.byte	11                              @ DW_FORM_data1
	.byte	58                              @ DW_AT_decl_file
	.byte	11                              @ DW_FORM_data1
	.byte	59                              @ DW_AT_decl_line
	.byte	5                               @ DW_FORM_data2
	.byte	0                               @ EOM(1)
	.byte	0                               @ EOM(2)
	.byte	5                               @ Abbreviation Code
	.byte	13                              @ DW_TAG_member
	.byte	0                               @ DW_CHILDREN_no
	.byte	3                               @ DW_AT_name
	.byte	14                              @ DW_FORM_strp
	.byte	73                              @ DW_AT_type
	.byte	19                              @ DW_FORM_ref4
	.byte	58                              @ DW_AT_decl_file
	.byte	11                              @ DW_FORM_data1
	.byte	59                              @ DW_AT_decl_line
	.byte	5                               @ DW_FORM_data2
	.byte	56                              @ DW_AT_data_member_location
	.byte	11                              @ DW_FORM_data1
	.byte	0                               @ EOM(1)
	.byte	0                               @ EOM(2)
	.byte	6                               @ Abbreviation Code
	.byte	15                              @ DW_TAG_pointer_type
	.byte	0                               @ DW_CHILDREN_no
	.byte	73                              @ DW_AT_type
	.byte	19                              @ DW_FORM_ref4
	.byte	0                               @ EOM(1)
	.byte	0                               @ EOM(2)
	.byte	7                               @ Abbreviation Code
	.byte	19                              @ DW_TAG_structure_type
	.byte	1                               @ DW_CHILDREN_yes
	.byte	11                              @ DW_AT_byte_size
	.byte	5                               @ DW_FORM_data2
	.byte	58                              @ DW_AT_decl_file
	.byte	11                              @ DW_FORM_data1
	.byte	59                              @ DW_AT_decl_line
	.byte	5                               @ DW_FORM_data2
	.byte	0                               @ EOM(1)
	.byte	0                               @ EOM(2)
	.byte	8                               @ Abbreviation Code
	.byte	53                              @ DW_TAG_volatile_type
	.byte	0                               @ DW_CHILDREN_no
	.byte	73                              @ DW_AT_type
	.byte	19                              @ DW_FORM_ref4
	.byte	0                               @ EOM(1)
	.byte	0                               @ EOM(2)
	.byte	9                               @ Abbreviation Code
	.byte	22                              @ DW_TAG_typedef
	.byte	0                               @ DW_CHILDREN_no
	.byte	73                              @ DW_AT_type
	.byte	19                              @ DW_FORM_ref4
	.byte	3                               @ DW_AT_name
	.byte	14                              @ DW_FORM_strp
	.byte	58                              @ DW_AT_decl_file
	.byte	11                              @ DW_FORM_data1
	.byte	59                              @ DW_AT_decl_line
	.byte	11                              @ DW_FORM_data1
	.byte	0                               @ EOM(1)
	.byte	0                               @ EOM(2)
	.byte	10                              @ Abbreviation Code
	.byte	36                              @ DW_TAG_base_type
	.byte	0                               @ DW_CHILDREN_no
	.byte	3                               @ DW_AT_name
	.byte	14                              @ DW_FORM_strp
	.byte	62                              @ DW_AT_encoding
	.byte	11                              @ DW_FORM_data1
	.byte	11                              @ DW_AT_byte_size
	.byte	11                              @ DW_FORM_data1
	.byte	0                               @ EOM(1)
	.byte	0                               @ EOM(2)
	.byte	11                              @ Abbreviation Code
	.byte	1                               @ DW_TAG_array_type
	.byte	1                               @ DW_CHILDREN_yes
	.byte	73                              @ DW_AT_type
	.byte	19                              @ DW_FORM_ref4
	.byte	0                               @ EOM(1)
	.byte	0                               @ EOM(2)
	.byte	12                              @ Abbreviation Code
	.byte	33                              @ DW_TAG_subrange_type
	.byte	0                               @ DW_CHILDREN_no
	.byte	73                              @ DW_AT_type
	.byte	19                              @ DW_FORM_ref4
	.byte	55                              @ DW_AT_count
	.byte	11                              @ DW_FORM_data1
	.byte	0                               @ EOM(1)
	.byte	0                               @ EOM(2)
	.byte	13                              @ Abbreviation Code
	.byte	36                              @ DW_TAG_base_type
	.byte	0                               @ DW_CHILDREN_no
	.byte	3                               @ DW_AT_name
	.byte	14                              @ DW_FORM_strp
	.byte	11                              @ DW_AT_byte_size
	.byte	11                              @ DW_FORM_data1
	.byte	62                              @ DW_AT_encoding
	.byte	11                              @ DW_FORM_data1
	.byte	0                               @ EOM(1)
	.byte	0                               @ EOM(2)
	.byte	14                              @ Abbreviation Code
	.byte	13                              @ DW_TAG_member
	.byte	0                               @ DW_CHILDREN_no
	.byte	3                               @ DW_AT_name
	.byte	14                              @ DW_FORM_strp
	.byte	73                              @ DW_AT_type
	.byte	19                              @ DW_FORM_ref4
	.byte	58                              @ DW_AT_decl_file
	.byte	11                              @ DW_FORM_data1
	.byte	59                              @ DW_AT_decl_line
	.byte	5                               @ DW_FORM_data2
	.byte	56                              @ DW_AT_data_member_location
	.byte	5                               @ DW_FORM_data2
	.byte	0                               @ EOM(1)
	.byte	0                               @ EOM(2)
	.byte	15                              @ Abbreviation Code
	.byte	19                              @ DW_TAG_structure_type
	.byte	1                               @ DW_CHILDREN_yes
	.byte	11                              @ DW_AT_byte_size
	.byte	11                              @ DW_FORM_data1
	.byte	58                              @ DW_AT_decl_file
	.byte	11                              @ DW_FORM_data1
	.byte	59                              @ DW_AT_decl_line
	.byte	11                              @ DW_FORM_data1
	.byte	0                               @ EOM(1)
	.byte	0                               @ EOM(2)
	.byte	16                              @ Abbreviation Code
	.byte	13                              @ DW_TAG_member
	.byte	0                               @ DW_CHILDREN_no
	.byte	3                               @ DW_AT_name
	.byte	14                              @ DW_FORM_strp
	.byte	73                              @ DW_AT_type
	.byte	19                              @ DW_FORM_ref4
	.byte	58                              @ DW_AT_decl_file
	.byte	11                              @ DW_FORM_data1
	.byte	59                              @ DW_AT_decl_line
	.byte	11                              @ DW_FORM_data1
	.byte	56                              @ DW_AT_data_member_location
	.byte	11                              @ DW_FORM_data1
	.byte	0                               @ EOM(1)
	.byte	0                               @ EOM(2)
	.byte	17                              @ Abbreviation Code
	.byte	4                               @ DW_TAG_enumeration_type
	.byte	1                               @ DW_CHILDREN_yes
	.byte	73                              @ DW_AT_type
	.byte	19                              @ DW_FORM_ref4
	.byte	11                              @ DW_AT_byte_size
	.byte	11                              @ DW_FORM_data1
	.byte	58                              @ DW_AT_decl_file
	.byte	11                              @ DW_FORM_data1
	.byte	59                              @ DW_AT_decl_line
	.byte	11                              @ DW_FORM_data1
	.byte	0                               @ EOM(1)
	.byte	0                               @ EOM(2)
	.byte	18                              @ Abbreviation Code
	.byte	40                              @ DW_TAG_enumerator
	.byte	0                               @ DW_CHILDREN_no
	.byte	3                               @ DW_AT_name
	.byte	14                              @ DW_FORM_strp
	.byte	28                              @ DW_AT_const_value
	.byte	15                              @ DW_FORM_udata
	.byte	0                               @ EOM(1)
	.byte	0                               @ EOM(2)
	.byte	19                              @ Abbreviation Code
	.byte	52                              @ DW_TAG_variable
	.byte	0                               @ DW_CHILDREN_no
	.byte	3                               @ DW_AT_name
	.byte	14                              @ DW_FORM_strp
	.byte	73                              @ DW_AT_type
	.byte	19                              @ DW_FORM_ref4
	.byte	58                              @ DW_AT_decl_file
	.byte	11                              @ DW_FORM_data1
	.byte	59                              @ DW_AT_decl_line
	.byte	11                              @ DW_FORM_data1
	.byte	2                               @ DW_AT_location
	.byte	24                              @ DW_FORM_exprloc
	.byte	0                               @ EOM(1)
	.byte	0                               @ EOM(2)
	.byte	20                              @ Abbreviation Code
	.byte	40                              @ DW_TAG_enumerator
	.byte	0                               @ DW_CHILDREN_no
	.byte	3                               @ DW_AT_name
	.byte	14                              @ DW_FORM_strp
	.byte	28                              @ DW_AT_const_value
	.byte	13                              @ DW_FORM_sdata
	.byte	0                               @ EOM(1)
	.byte	0                               @ EOM(2)
	.byte	21                              @ Abbreviation Code
	.byte	46                              @ DW_TAG_subprogram
	.byte	0                               @ DW_CHILDREN_no
	.byte	17                              @ DW_AT_low_pc
	.byte	1                               @ DW_FORM_addr
	.byte	18                              @ DW_AT_high_pc
	.byte	6                               @ DW_FORM_data4
	.byte	64                              @ DW_AT_frame_base
	.byte	24                              @ DW_FORM_exprloc
	.byte	3                               @ DW_AT_name
	.byte	14                              @ DW_FORM_strp
	.byte	58                              @ DW_AT_decl_file
	.byte	11                              @ DW_FORM_data1
	.byte	59                              @ DW_AT_decl_line
	.byte	11                              @ DW_FORM_data1
	.byte	39                              @ DW_AT_prototyped
	.byte	25                              @ DW_FORM_flag_present
	.byte	63                              @ DW_AT_external
	.byte	25                              @ DW_FORM_flag_present
	.byte	0                               @ EOM(1)
	.byte	0                               @ EOM(2)
	.byte	22                              @ Abbreviation Code
	.byte	46                              @ DW_TAG_subprogram
	.byte	1                               @ DW_CHILDREN_yes
	.byte	17                              @ DW_AT_low_pc
	.byte	1                               @ DW_FORM_addr
	.byte	18                              @ DW_AT_high_pc
	.byte	6                               @ DW_FORM_data4
	.byte	64                              @ DW_AT_frame_base
	.byte	24                              @ DW_FORM_exprloc
	.byte	3                               @ DW_AT_name
	.byte	14                              @ DW_FORM_strp
	.byte	58                              @ DW_AT_decl_file
	.byte	11                              @ DW_FORM_data1
	.byte	59                              @ DW_AT_decl_line
	.byte	11                              @ DW_FORM_data1
	.byte	39                              @ DW_AT_prototyped
	.byte	25                              @ DW_FORM_flag_present
	.byte	63                              @ DW_AT_external
	.byte	25                              @ DW_FORM_flag_present
	.byte	0                               @ EOM(1)
	.byte	0                               @ EOM(2)
	.byte	23                              @ Abbreviation Code
	.byte	5                               @ DW_TAG_formal_parameter
	.byte	0                               @ DW_CHILDREN_no
	.byte	2                               @ DW_AT_location
	.byte	24                              @ DW_FORM_exprloc
	.byte	3                               @ DW_AT_name
	.byte	14                              @ DW_FORM_strp
	.byte	58                              @ DW_AT_decl_file
	.byte	11                              @ DW_FORM_data1
	.byte	59                              @ DW_AT_decl_line
	.byte	11                              @ DW_FORM_data1
	.byte	73                              @ DW_AT_type
	.byte	19                              @ DW_FORM_ref4
	.byte	0                               @ EOM(1)
	.byte	0                               @ EOM(2)
	.byte	24                              @ Abbreviation Code
	.byte	52                              @ DW_TAG_variable
	.byte	0                               @ DW_CHILDREN_no
	.byte	2                               @ DW_AT_location
	.byte	24                              @ DW_FORM_exprloc
	.byte	3                               @ DW_AT_name
	.byte	14                              @ DW_FORM_strp
	.byte	58                              @ DW_AT_decl_file
	.byte	11                              @ DW_FORM_data1
	.byte	59                              @ DW_AT_decl_line
	.byte	11                              @ DW_FORM_data1
	.byte	73                              @ DW_AT_type
	.byte	19                              @ DW_FORM_ref4
	.byte	0                               @ EOM(1)
	.byte	0                               @ EOM(2)
	.byte	25                              @ Abbreviation Code
	.byte	11                              @ DW_TAG_lexical_block
	.byte	1                               @ DW_CHILDREN_yes
	.byte	17                              @ DW_AT_low_pc
	.byte	1                               @ DW_FORM_addr
	.byte	18                              @ DW_AT_high_pc
	.byte	6                               @ DW_FORM_data4
	.byte	0                               @ EOM(1)
	.byte	0                               @ EOM(2)
	.byte	26                              @ Abbreviation Code
	.byte	52                              @ DW_TAG_variable
	.byte	0                               @ DW_CHILDREN_no
	.byte	2                               @ DW_AT_location
	.byte	24                              @ DW_FORM_exprloc
	.byte	3                               @ DW_AT_name
	.byte	14                              @ DW_FORM_strp
	.byte	58                              @ DW_AT_decl_file
	.byte	11                              @ DW_FORM_data1
	.byte	59                              @ DW_AT_decl_line
	.byte	5                               @ DW_FORM_data2
	.byte	73                              @ DW_AT_type
	.byte	19                              @ DW_FORM_ref4
	.byte	0                               @ EOM(1)
	.byte	0                               @ EOM(2)
	.byte	27                              @ Abbreviation Code
	.byte	46                              @ DW_TAG_subprogram
	.byte	1                               @ DW_CHILDREN_yes
	.byte	17                              @ DW_AT_low_pc
	.byte	1                               @ DW_FORM_addr
	.byte	18                              @ DW_AT_high_pc
	.byte	6                               @ DW_FORM_data4
	.byte	64                              @ DW_AT_frame_base
	.byte	24                              @ DW_FORM_exprloc
	.byte	3                               @ DW_AT_name
	.byte	14                              @ DW_FORM_strp
	.byte	58                              @ DW_AT_decl_file
	.byte	11                              @ DW_FORM_data1
	.byte	59                              @ DW_AT_decl_line
	.byte	5                               @ DW_FORM_data2
	.byte	39                              @ DW_AT_prototyped
	.byte	25                              @ DW_FORM_flag_present
	.byte	63                              @ DW_AT_external
	.byte	25                              @ DW_FORM_flag_present
	.byte	0                               @ EOM(1)
	.byte	0                               @ EOM(2)
	.byte	28                              @ Abbreviation Code
	.byte	5                               @ DW_TAG_formal_parameter
	.byte	0                               @ DW_CHILDREN_no
	.byte	2                               @ DW_AT_location
	.byte	24                              @ DW_FORM_exprloc
	.byte	3                               @ DW_AT_name
	.byte	14                              @ DW_FORM_strp
	.byte	58                              @ DW_AT_decl_file
	.byte	11                              @ DW_FORM_data1
	.byte	59                              @ DW_AT_decl_line
	.byte	5                               @ DW_FORM_data2
	.byte	73                              @ DW_AT_type
	.byte	19                              @ DW_FORM_ref4
	.byte	0                               @ EOM(1)
	.byte	0                               @ EOM(2)
	.byte	0                               @ EOM(3)
	.section	.debug_info,"",%progbits
.Lcu_begin0:
	.long	.Ldebug_info_end0-.Ldebug_info_start0 @ Length of Unit
.Ldebug_info_start0:
	.short	4                               @ DWARF version number
	.long	.debug_abbrev                   @ Offset Into Abbrev. Section
	.byte	4                               @ Address Size (in bytes)
	.byte	1                               @ Abbrev [1] 0xb:0x10e0 DW_TAG_compile_unit
	.long	.Linfo_string0                  @ DW_AT_producer
	.short	12                              @ DW_AT_language
	.long	.Linfo_string1                  @ DW_AT_name
	.long	.Lline_table_start0             @ DW_AT_stmt_list
	.long	.Linfo_string2                  @ DW_AT_comp_dir
	.long	0                               @ DW_AT_low_pc
	.long	.Ldebug_ranges0                 @ DW_AT_ranges
	.byte	2                               @ Abbrev [2] 0x26:0x11 DW_TAG_variable
	.long	.Linfo_string3                  @ DW_AT_name
	.long	55                              @ DW_AT_type
                                        @ DW_AT_external
	.byte	6                               @ DW_AT_decl_file
	.byte	27                              @ DW_AT_decl_line
	.byte	5                               @ DW_AT_location
	.byte	3
	.long	hfdcan1
	.byte	3                               @ Abbrev [3] 0x37:0xc DW_TAG_typedef
	.long	67                              @ DW_AT_type
	.long	.Linfo_string139                @ DW_AT_name
	.byte	3                               @ DW_AT_decl_file
	.short	760                             @ DW_AT_decl_line
	.byte	4                               @ Abbrev [4] 0x43:0x6e DW_TAG_structure_type
	.byte	160                             @ DW_AT_byte_size
	.byte	3                               @ DW_AT_decl_file
	.short	717                             @ DW_AT_decl_line
	.byte	5                               @ Abbrev [5] 0x48:0xd DW_TAG_member
	.long	.Linfo_string4                  @ DW_AT_name
	.long	177                             @ DW_AT_type
	.byte	3                               @ DW_AT_decl_file
	.short	720                             @ DW_AT_decl_line
	.byte	0                               @ DW_AT_data_member_location
	.byte	5                               @ Abbrev [5] 0x55:0xd DW_TAG_member
	.long	.Linfo_string62                 @ DW_AT_name
	.long	956                             @ DW_AT_type
	.byte	3                               @ DW_AT_decl_file
	.short	722                             @ DW_AT_decl_line
	.byte	4                               @ DW_AT_data_member_location
	.byte	5                               @ Abbrev [5] 0x62:0xd DW_TAG_member
	.long	.Linfo_string82                 @ DW_AT_name
	.long	1240                            @ DW_AT_type
	.byte	3                               @ DW_AT_decl_file
	.short	724                             @ DW_AT_decl_line
	.byte	8                               @ DW_AT_data_member_location
	.byte	5                               @ Abbrev [5] 0x6f:0xd DW_TAG_member
	.long	.Linfo_string115                @ DW_AT_name
	.long	1619                            @ DW_AT_type
	.byte	3                               @ DW_AT_decl_file
	.short	726                             @ DW_AT_decl_line
	.byte	108                             @ DW_AT_data_member_location
	.byte	5                               @ Abbrev [5] 0x7c:0xd DW_TAG_member
	.long	.Linfo_string127                @ DW_AT_name
	.long	895                             @ DW_AT_type
	.byte	3                               @ DW_AT_decl_file
	.short	728                             @ DW_AT_decl_line
	.byte	148                             @ DW_AT_data_member_location
	.byte	5                               @ Abbrev [5] 0x89:0xd DW_TAG_member
	.long	.Linfo_string128                @ DW_AT_name
	.long	1767                            @ DW_AT_type
	.byte	3                               @ DW_AT_decl_file
	.short	731                             @ DW_AT_decl_line
	.byte	152                             @ DW_AT_data_member_location
	.byte	5                               @ Abbrev [5] 0x96:0xd DW_TAG_member
	.long	.Linfo_string134                @ DW_AT_name
	.long	1816                            @ DW_AT_type
	.byte	3                               @ DW_AT_decl_file
	.short	733                             @ DW_AT_decl_line
	.byte	153                             @ DW_AT_data_member_location
	.byte	5                               @ Abbrev [5] 0xa3:0xd DW_TAG_member
	.long	.Linfo_string138                @ DW_AT_name
	.long	890                             @ DW_AT_type
	.byte	3                               @ DW_AT_decl_file
	.short	735                             @ DW_AT_decl_line
	.byte	156                             @ DW_AT_data_member_location
	.byte	0                               @ End Of Children Mark
	.byte	6                               @ Abbrev [6] 0xb1:0x5 DW_TAG_pointer_type
	.long	182                             @ DW_AT_type
	.byte	3                               @ Abbrev [3] 0xb6:0xc DW_TAG_typedef
	.long	194                             @ DW_AT_type
	.long	.Linfo_string61                 @ DW_AT_name
	.byte	2                               @ DW_AT_decl_file
	.short	369                             @ DW_AT_decl_line
	.byte	7                               @ Abbrev [7] 0xc2:0x2b8 DW_TAG_structure_type
	.short	256                             @ DW_AT_byte_size
	.byte	2                               @ DW_AT_decl_file
	.short	314                             @ DW_AT_decl_line
	.byte	5                               @ Abbrev [5] 0xc8:0xd DW_TAG_member
	.long	.Linfo_string5                  @ DW_AT_name
	.long	890                             @ DW_AT_type
	.byte	2                               @ DW_AT_decl_file
	.short	316                             @ DW_AT_decl_line
	.byte	0                               @ DW_AT_data_member_location
	.byte	5                               @ Abbrev [5] 0xd5:0xd DW_TAG_member
	.long	.Linfo_string8                  @ DW_AT_name
	.long	890                             @ DW_AT_type
	.byte	2                               @ DW_AT_decl_file
	.short	317                             @ DW_AT_decl_line
	.byte	4                               @ DW_AT_data_member_location
	.byte	5                               @ Abbrev [5] 0xe2:0xd DW_TAG_member
	.long	.Linfo_string9                  @ DW_AT_name
	.long	890                             @ DW_AT_type
	.byte	2                               @ DW_AT_decl_file
	.short	318                             @ DW_AT_decl_line
	.byte	8                               @ DW_AT_data_member_location
	.byte	5                               @ Abbrev [5] 0xef:0xd DW_TAG_member
	.long	.Linfo_string10                 @ DW_AT_name
	.long	890                             @ DW_AT_type
	.byte	2                               @ DW_AT_decl_file
	.short	319                             @ DW_AT_decl_line
	.byte	12                              @ DW_AT_data_member_location
	.byte	5                               @ Abbrev [5] 0xfc:0xd DW_TAG_member
	.long	.Linfo_string11                 @ DW_AT_name
	.long	890                             @ DW_AT_type
	.byte	2                               @ DW_AT_decl_file
	.short	320                             @ DW_AT_decl_line
	.byte	16                              @ DW_AT_data_member_location
	.byte	5                               @ Abbrev [5] 0x109:0xd DW_TAG_member
	.long	.Linfo_string12                 @ DW_AT_name
	.long	890                             @ DW_AT_type
	.byte	2                               @ DW_AT_decl_file
	.short	321                             @ DW_AT_decl_line
	.byte	20                              @ DW_AT_data_member_location
	.byte	5                               @ Abbrev [5] 0x116:0xd DW_TAG_member
	.long	.Linfo_string13                 @ DW_AT_name
	.long	890                             @ DW_AT_type
	.byte	2                               @ DW_AT_decl_file
	.short	322                             @ DW_AT_decl_line
	.byte	24                              @ DW_AT_data_member_location
	.byte	5                               @ Abbrev [5] 0x123:0xd DW_TAG_member
	.long	.Linfo_string14                 @ DW_AT_name
	.long	890                             @ DW_AT_type
	.byte	2                               @ DW_AT_decl_file
	.short	323                             @ DW_AT_decl_line
	.byte	28                              @ DW_AT_data_member_location
	.byte	5                               @ Abbrev [5] 0x130:0xd DW_TAG_member
	.long	.Linfo_string15                 @ DW_AT_name
	.long	890                             @ DW_AT_type
	.byte	2                               @ DW_AT_decl_file
	.short	324                             @ DW_AT_decl_line
	.byte	32                              @ DW_AT_data_member_location
	.byte	5                               @ Abbrev [5] 0x13d:0xd DW_TAG_member
	.long	.Linfo_string16                 @ DW_AT_name
	.long	890                             @ DW_AT_type
	.byte	2                               @ DW_AT_decl_file
	.short	325                             @ DW_AT_decl_line
	.byte	36                              @ DW_AT_data_member_location
	.byte	5                               @ Abbrev [5] 0x14a:0xd DW_TAG_member
	.long	.Linfo_string17                 @ DW_AT_name
	.long	890                             @ DW_AT_type
	.byte	2                               @ DW_AT_decl_file
	.short	326                             @ DW_AT_decl_line
	.byte	40                              @ DW_AT_data_member_location
	.byte	5                               @ Abbrev [5] 0x157:0xd DW_TAG_member
	.long	.Linfo_string18                 @ DW_AT_name
	.long	890                             @ DW_AT_type
	.byte	2                               @ DW_AT_decl_file
	.short	327                             @ DW_AT_decl_line
	.byte	44                              @ DW_AT_data_member_location
	.byte	5                               @ Abbrev [5] 0x164:0xd DW_TAG_member
	.long	.Linfo_string19                 @ DW_AT_name
	.long	913                             @ DW_AT_type
	.byte	2                               @ DW_AT_decl_file
	.short	328                             @ DW_AT_decl_line
	.byte	48                              @ DW_AT_data_member_location
	.byte	5                               @ Abbrev [5] 0x171:0xd DW_TAG_member
	.long	.Linfo_string21                 @ DW_AT_name
	.long	890                             @ DW_AT_type
	.byte	2                               @ DW_AT_decl_file
	.short	329                             @ DW_AT_decl_line
	.byte	64                              @ DW_AT_data_member_location
	.byte	5                               @ Abbrev [5] 0x17e:0xd DW_TAG_member
	.long	.Linfo_string22                 @ DW_AT_name
	.long	890                             @ DW_AT_type
	.byte	2                               @ DW_AT_decl_file
	.short	330                             @ DW_AT_decl_line
	.byte	68                              @ DW_AT_data_member_location
	.byte	5                               @ Abbrev [5] 0x18b:0xd DW_TAG_member
	.long	.Linfo_string23                 @ DW_AT_name
	.long	890                             @ DW_AT_type
	.byte	2                               @ DW_AT_decl_file
	.short	331                             @ DW_AT_decl_line
	.byte	72                              @ DW_AT_data_member_location
	.byte	5                               @ Abbrev [5] 0x198:0xd DW_TAG_member
	.long	.Linfo_string24                 @ DW_AT_name
	.long	890                             @ DW_AT_type
	.byte	2                               @ DW_AT_decl_file
	.short	332                             @ DW_AT_decl_line
	.byte	76                              @ DW_AT_data_member_location
	.byte	5                               @ Abbrev [5] 0x1a5:0xd DW_TAG_member
	.long	.Linfo_string25                 @ DW_AT_name
	.long	890                             @ DW_AT_type
	.byte	2                               @ DW_AT_decl_file
	.short	333                             @ DW_AT_decl_line
	.byte	80                              @ DW_AT_data_member_location
	.byte	5                               @ Abbrev [5] 0x1b2:0xd DW_TAG_member
	.long	.Linfo_string26                 @ DW_AT_name
	.long	890                             @ DW_AT_type
	.byte	2                               @ DW_AT_decl_file
	.short	334                             @ DW_AT_decl_line
	.byte	84                              @ DW_AT_data_member_location
	.byte	5                               @ Abbrev [5] 0x1bf:0xd DW_TAG_member
	.long	.Linfo_string27                 @ DW_AT_name
	.long	890                             @ DW_AT_type
	.byte	2                               @ DW_AT_decl_file
	.short	335                             @ DW_AT_decl_line
	.byte	88                              @ DW_AT_data_member_location
	.byte	5                               @ Abbrev [5] 0x1cc:0xd DW_TAG_member
	.long	.Linfo_string28                 @ DW_AT_name
	.long	890                             @ DW_AT_type
	.byte	2                               @ DW_AT_decl_file
	.short	336                             @ DW_AT_decl_line
	.byte	92                              @ DW_AT_data_member_location
	.byte	5                               @ Abbrev [5] 0x1d9:0xd DW_TAG_member
	.long	.Linfo_string29                 @ DW_AT_name
	.long	932                             @ DW_AT_type
	.byte	2                               @ DW_AT_decl_file
	.short	337                             @ DW_AT_decl_line
	.byte	96                              @ DW_AT_data_member_location
	.byte	5                               @ Abbrev [5] 0x1e6:0xd DW_TAG_member
	.long	.Linfo_string30                 @ DW_AT_name
	.long	890                             @ DW_AT_type
	.byte	2                               @ DW_AT_decl_file
	.short	338                             @ DW_AT_decl_line
	.byte	128                             @ DW_AT_data_member_location
	.byte	5                               @ Abbrev [5] 0x1f3:0xd DW_TAG_member
	.long	.Linfo_string31                 @ DW_AT_name
	.long	890                             @ DW_AT_type
	.byte	2                               @ DW_AT_decl_file
	.short	339                             @ DW_AT_decl_line
	.byte	132                             @ DW_AT_data_member_location
	.byte	5                               @ Abbrev [5] 0x200:0xd DW_TAG_member
	.long	.Linfo_string32                 @ DW_AT_name
	.long	890                             @ DW_AT_type
	.byte	2                               @ DW_AT_decl_file
	.short	340                             @ DW_AT_decl_line
	.byte	136                             @ DW_AT_data_member_location
	.byte	5                               @ Abbrev [5] 0x20d:0xd DW_TAG_member
	.long	.Linfo_string33                 @ DW_AT_name
	.long	890                             @ DW_AT_type
	.byte	2                               @ DW_AT_decl_file
	.short	341                             @ DW_AT_decl_line
	.byte	140                             @ DW_AT_data_member_location
	.byte	5                               @ Abbrev [5] 0x21a:0xd DW_TAG_member
	.long	.Linfo_string34                 @ DW_AT_name
	.long	890                             @ DW_AT_type
	.byte	2                               @ DW_AT_decl_file
	.short	342                             @ DW_AT_decl_line
	.byte	144                             @ DW_AT_data_member_location
	.byte	5                               @ Abbrev [5] 0x227:0xd DW_TAG_member
	.long	.Linfo_string35                 @ DW_AT_name
	.long	890                             @ DW_AT_type
	.byte	2                               @ DW_AT_decl_file
	.short	343                             @ DW_AT_decl_line
	.byte	148                             @ DW_AT_data_member_location
	.byte	5                               @ Abbrev [5] 0x234:0xd DW_TAG_member
	.long	.Linfo_string36                 @ DW_AT_name
	.long	890                             @ DW_AT_type
	.byte	2                               @ DW_AT_decl_file
	.short	344                             @ DW_AT_decl_line
	.byte	152                             @ DW_AT_data_member_location
	.byte	5                               @ Abbrev [5] 0x241:0xd DW_TAG_member
	.long	.Linfo_string37                 @ DW_AT_name
	.long	890                             @ DW_AT_type
	.byte	2                               @ DW_AT_decl_file
	.short	345                             @ DW_AT_decl_line
	.byte	156                             @ DW_AT_data_member_location
	.byte	5                               @ Abbrev [5] 0x24e:0xd DW_TAG_member
	.long	.Linfo_string38                 @ DW_AT_name
	.long	890                             @ DW_AT_type
	.byte	2                               @ DW_AT_decl_file
	.short	346                             @ DW_AT_decl_line
	.byte	160                             @ DW_AT_data_member_location
	.byte	5                               @ Abbrev [5] 0x25b:0xd DW_TAG_member
	.long	.Linfo_string39                 @ DW_AT_name
	.long	890                             @ DW_AT_type
	.byte	2                               @ DW_AT_decl_file
	.short	347                             @ DW_AT_decl_line
	.byte	164                             @ DW_AT_data_member_location
	.byte	5                               @ Abbrev [5] 0x268:0xd DW_TAG_member
	.long	.Linfo_string40                 @ DW_AT_name
	.long	890                             @ DW_AT_type
	.byte	2                               @ DW_AT_decl_file
	.short	348                             @ DW_AT_decl_line
	.byte	168                             @ DW_AT_data_member_location
	.byte	5                               @ Abbrev [5] 0x275:0xd DW_TAG_member
	.long	.Linfo_string41                 @ DW_AT_name
	.long	890                             @ DW_AT_type
	.byte	2                               @ DW_AT_decl_file
	.short	349                             @ DW_AT_decl_line
	.byte	172                             @ DW_AT_data_member_location
	.byte	5                               @ Abbrev [5] 0x282:0xd DW_TAG_member
	.long	.Linfo_string42                 @ DW_AT_name
	.long	890                             @ DW_AT_type
	.byte	2                               @ DW_AT_decl_file
	.short	350                             @ DW_AT_decl_line
	.byte	176                             @ DW_AT_data_member_location
	.byte	5                               @ Abbrev [5] 0x28f:0xd DW_TAG_member
	.long	.Linfo_string43                 @ DW_AT_name
	.long	890                             @ DW_AT_type
	.byte	2                               @ DW_AT_decl_file
	.short	351                             @ DW_AT_decl_line
	.byte	180                             @ DW_AT_data_member_location
	.byte	5                               @ Abbrev [5] 0x29c:0xd DW_TAG_member
	.long	.Linfo_string44                 @ DW_AT_name
	.long	890                             @ DW_AT_type
	.byte	2                               @ DW_AT_decl_file
	.short	352                             @ DW_AT_decl_line
	.byte	184                             @ DW_AT_data_member_location
	.byte	5                               @ Abbrev [5] 0x2a9:0xd DW_TAG_member
	.long	.Linfo_string45                 @ DW_AT_name
	.long	890                             @ DW_AT_type
	.byte	2                               @ DW_AT_decl_file
	.short	353                             @ DW_AT_decl_line
	.byte	188                             @ DW_AT_data_member_location
	.byte	5                               @ Abbrev [5] 0x2b6:0xd DW_TAG_member
	.long	.Linfo_string46                 @ DW_AT_name
	.long	890                             @ DW_AT_type
	.byte	2                               @ DW_AT_decl_file
	.short	354                             @ DW_AT_decl_line
	.byte	192                             @ DW_AT_data_member_location
	.byte	5                               @ Abbrev [5] 0x2c3:0xd DW_TAG_member
	.long	.Linfo_string47                 @ DW_AT_name
	.long	890                             @ DW_AT_type
	.byte	2                               @ DW_AT_decl_file
	.short	355                             @ DW_AT_decl_line
	.byte	196                             @ DW_AT_data_member_location
	.byte	5                               @ Abbrev [5] 0x2d0:0xd DW_TAG_member
	.long	.Linfo_string48                 @ DW_AT_name
	.long	890                             @ DW_AT_type
	.byte	2                               @ DW_AT_decl_file
	.short	356                             @ DW_AT_decl_line
	.byte	200                             @ DW_AT_data_member_location
	.byte	5                               @ Abbrev [5] 0x2dd:0xd DW_TAG_member
	.long	.Linfo_string49                 @ DW_AT_name
	.long	890                             @ DW_AT_type
	.byte	2                               @ DW_AT_decl_file
	.short	357                             @ DW_AT_decl_line
	.byte	204                             @ DW_AT_data_member_location
	.byte	5                               @ Abbrev [5] 0x2ea:0xd DW_TAG_member
	.long	.Linfo_string50                 @ DW_AT_name
	.long	890                             @ DW_AT_type
	.byte	2                               @ DW_AT_decl_file
	.short	358                             @ DW_AT_decl_line
	.byte	208                             @ DW_AT_data_member_location
	.byte	5                               @ Abbrev [5] 0x2f7:0xd DW_TAG_member
	.long	.Linfo_string51                 @ DW_AT_name
	.long	890                             @ DW_AT_type
	.byte	2                               @ DW_AT_decl_file
	.short	359                             @ DW_AT_decl_line
	.byte	212                             @ DW_AT_data_member_location
	.byte	5                               @ Abbrev [5] 0x304:0xd DW_TAG_member
	.long	.Linfo_string52                 @ DW_AT_name
	.long	890                             @ DW_AT_type
	.byte	2                               @ DW_AT_decl_file
	.short	360                             @ DW_AT_decl_line
	.byte	216                             @ DW_AT_data_member_location
	.byte	5                               @ Abbrev [5] 0x311:0xd DW_TAG_member
	.long	.Linfo_string53                 @ DW_AT_name
	.long	890                             @ DW_AT_type
	.byte	2                               @ DW_AT_decl_file
	.short	361                             @ DW_AT_decl_line
	.byte	220                             @ DW_AT_data_member_location
	.byte	5                               @ Abbrev [5] 0x31e:0xd DW_TAG_member
	.long	.Linfo_string54                 @ DW_AT_name
	.long	890                             @ DW_AT_type
	.byte	2                               @ DW_AT_decl_file
	.short	362                             @ DW_AT_decl_line
	.byte	224                             @ DW_AT_data_member_location
	.byte	5                               @ Abbrev [5] 0x32b:0xd DW_TAG_member
	.long	.Linfo_string55                 @ DW_AT_name
	.long	890                             @ DW_AT_type
	.byte	2                               @ DW_AT_decl_file
	.short	363                             @ DW_AT_decl_line
	.byte	228                             @ DW_AT_data_member_location
	.byte	5                               @ Abbrev [5] 0x338:0xd DW_TAG_member
	.long	.Linfo_string56                 @ DW_AT_name
	.long	944                             @ DW_AT_type
	.byte	2                               @ DW_AT_decl_file
	.short	364                             @ DW_AT_decl_line
	.byte	232                             @ DW_AT_data_member_location
	.byte	5                               @ Abbrev [5] 0x345:0xd DW_TAG_member
	.long	.Linfo_string57                 @ DW_AT_name
	.long	890                             @ DW_AT_type
	.byte	2                               @ DW_AT_decl_file
	.short	365                             @ DW_AT_decl_line
	.byte	240                             @ DW_AT_data_member_location
	.byte	5                               @ Abbrev [5] 0x352:0xd DW_TAG_member
	.long	.Linfo_string58                 @ DW_AT_name
	.long	890                             @ DW_AT_type
	.byte	2                               @ DW_AT_decl_file
	.short	366                             @ DW_AT_decl_line
	.byte	244                             @ DW_AT_data_member_location
	.byte	5                               @ Abbrev [5] 0x35f:0xd DW_TAG_member
	.long	.Linfo_string59                 @ DW_AT_name
	.long	890                             @ DW_AT_type
	.byte	2                               @ DW_AT_decl_file
	.short	367                             @ DW_AT_decl_line
	.byte	248                             @ DW_AT_data_member_location
	.byte	5                               @ Abbrev [5] 0x36c:0xd DW_TAG_member
	.long	.Linfo_string60                 @ DW_AT_name
	.long	890                             @ DW_AT_type
	.byte	2                               @ DW_AT_decl_file
	.short	368                             @ DW_AT_decl_line
	.byte	252                             @ DW_AT_data_member_location
	.byte	0                               @ End Of Children Mark
	.byte	8                               @ Abbrev [8] 0x37a:0x5 DW_TAG_volatile_type
	.long	895                             @ DW_AT_type
	.byte	9                               @ Abbrev [9] 0x37f:0xb DW_TAG_typedef
	.long	906                             @ DW_AT_type
	.long	.Linfo_string7                  @ DW_AT_name
	.byte	1                               @ DW_AT_decl_file
	.byte	64                              @ DW_AT_decl_line
	.byte	10                              @ Abbrev [10] 0x38a:0x7 DW_TAG_base_type
	.long	.Linfo_string6                  @ DW_AT_name
	.byte	7                               @ DW_AT_encoding
	.byte	4                               @ DW_AT_byte_size
	.byte	11                              @ Abbrev [11] 0x391:0xc DW_TAG_array_type
	.long	890                             @ DW_AT_type
	.byte	12                              @ Abbrev [12] 0x396:0x6 DW_TAG_subrange_type
	.long	925                             @ DW_AT_type
	.byte	4                               @ DW_AT_count
	.byte	0                               @ End Of Children Mark
	.byte	13                              @ Abbrev [13] 0x39d:0x7 DW_TAG_base_type
	.long	.Linfo_string20                 @ DW_AT_name
	.byte	8                               @ DW_AT_byte_size
	.byte	7                               @ DW_AT_encoding
	.byte	11                              @ Abbrev [11] 0x3a4:0xc DW_TAG_array_type
	.long	890                             @ DW_AT_type
	.byte	12                              @ Abbrev [12] 0x3a9:0x6 DW_TAG_subrange_type
	.long	925                             @ DW_AT_type
	.byte	8                               @ DW_AT_count
	.byte	0                               @ End Of Children Mark
	.byte	11                              @ Abbrev [11] 0x3b0:0xc DW_TAG_array_type
	.long	890                             @ DW_AT_type
	.byte	12                              @ Abbrev [12] 0x3b5:0x6 DW_TAG_subrange_type
	.long	925                             @ DW_AT_type
	.byte	2                               @ DW_AT_count
	.byte	0                               @ End Of Children Mark
	.byte	6                               @ Abbrev [6] 0x3bc:0x5 DW_TAG_pointer_type
	.long	961                             @ DW_AT_type
	.byte	3                               @ Abbrev [3] 0x3c1:0xc DW_TAG_typedef
	.long	973                             @ DW_AT_type
	.long	.Linfo_string81                 @ DW_AT_name
	.byte	2                               @ DW_AT_decl_file
	.short	396                             @ DW_AT_decl_line
	.byte	7                               @ Abbrev [7] 0x3cd:0xff DW_TAG_structure_type
	.short	516                             @ DW_AT_byte_size
	.byte	2                               @ DW_AT_decl_file
	.short	375                             @ DW_AT_decl_line
	.byte	5                               @ Abbrev [5] 0x3d3:0xd DW_TAG_member
	.long	.Linfo_string63                 @ DW_AT_name
	.long	890                             @ DW_AT_type
	.byte	2                               @ DW_AT_decl_file
	.short	377                             @ DW_AT_decl_line
	.byte	0                               @ DW_AT_data_member_location
	.byte	5                               @ Abbrev [5] 0x3e0:0xd DW_TAG_member
	.long	.Linfo_string64                 @ DW_AT_name
	.long	890                             @ DW_AT_type
	.byte	2                               @ DW_AT_decl_file
	.short	378                             @ DW_AT_decl_line
	.byte	4                               @ DW_AT_data_member_location
	.byte	5                               @ Abbrev [5] 0x3ed:0xd DW_TAG_member
	.long	.Linfo_string65                 @ DW_AT_name
	.long	890                             @ DW_AT_type
	.byte	2                               @ DW_AT_decl_file
	.short	379                             @ DW_AT_decl_line
	.byte	8                               @ DW_AT_data_member_location
	.byte	5                               @ Abbrev [5] 0x3fa:0xd DW_TAG_member
	.long	.Linfo_string66                 @ DW_AT_name
	.long	890                             @ DW_AT_type
	.byte	2                               @ DW_AT_decl_file
	.short	380                             @ DW_AT_decl_line
	.byte	12                              @ DW_AT_data_member_location
	.byte	5                               @ Abbrev [5] 0x407:0xd DW_TAG_member
	.long	.Linfo_string67                 @ DW_AT_name
	.long	890                             @ DW_AT_type
	.byte	2                               @ DW_AT_decl_file
	.short	381                             @ DW_AT_decl_line
	.byte	16                              @ DW_AT_data_member_location
	.byte	5                               @ Abbrev [5] 0x414:0xd DW_TAG_member
	.long	.Linfo_string68                 @ DW_AT_name
	.long	890                             @ DW_AT_type
	.byte	2                               @ DW_AT_decl_file
	.short	382                             @ DW_AT_decl_line
	.byte	20                              @ DW_AT_data_member_location
	.byte	5                               @ Abbrev [5] 0x421:0xd DW_TAG_member
	.long	.Linfo_string69                 @ DW_AT_name
	.long	890                             @ DW_AT_type
	.byte	2                               @ DW_AT_decl_file
	.short	383                             @ DW_AT_decl_line
	.byte	24                              @ DW_AT_data_member_location
	.byte	5                               @ Abbrev [5] 0x42e:0xd DW_TAG_member
	.long	.Linfo_string70                 @ DW_AT_name
	.long	890                             @ DW_AT_type
	.byte	2                               @ DW_AT_decl_file
	.short	384                             @ DW_AT_decl_line
	.byte	28                              @ DW_AT_data_member_location
	.byte	5                               @ Abbrev [5] 0x43b:0xd DW_TAG_member
	.long	.Linfo_string71                 @ DW_AT_name
	.long	890                             @ DW_AT_type
	.byte	2                               @ DW_AT_decl_file
	.short	385                             @ DW_AT_decl_line
	.byte	32                              @ DW_AT_data_member_location
	.byte	5                               @ Abbrev [5] 0x448:0xd DW_TAG_member
	.long	.Linfo_string72                 @ DW_AT_name
	.long	890                             @ DW_AT_type
	.byte	2                               @ DW_AT_decl_file
	.short	386                             @ DW_AT_decl_line
	.byte	36                              @ DW_AT_data_member_location
	.byte	5                               @ Abbrev [5] 0x455:0xd DW_TAG_member
	.long	.Linfo_string73                 @ DW_AT_name
	.long	890                             @ DW_AT_type
	.byte	2                               @ DW_AT_decl_file
	.short	387                             @ DW_AT_decl_line
	.byte	40                              @ DW_AT_data_member_location
	.byte	5                               @ Abbrev [5] 0x462:0xd DW_TAG_member
	.long	.Linfo_string74                 @ DW_AT_name
	.long	890                             @ DW_AT_type
	.byte	2                               @ DW_AT_decl_file
	.short	388                             @ DW_AT_decl_line
	.byte	44                              @ DW_AT_data_member_location
	.byte	5                               @ Abbrev [5] 0x46f:0xd DW_TAG_member
	.long	.Linfo_string75                 @ DW_AT_name
	.long	890                             @ DW_AT_type
	.byte	2                               @ DW_AT_decl_file
	.short	389                             @ DW_AT_decl_line
	.byte	48                              @ DW_AT_data_member_location
	.byte	5                               @ Abbrev [5] 0x47c:0xd DW_TAG_member
	.long	.Linfo_string76                 @ DW_AT_name
	.long	890                             @ DW_AT_type
	.byte	2                               @ DW_AT_decl_file
	.short	390                             @ DW_AT_decl_line
	.byte	52                              @ DW_AT_data_member_location
	.byte	5                               @ Abbrev [5] 0x489:0xd DW_TAG_member
	.long	.Linfo_string77                 @ DW_AT_name
	.long	890                             @ DW_AT_type
	.byte	2                               @ DW_AT_decl_file
	.short	391                             @ DW_AT_decl_line
	.byte	56                              @ DW_AT_data_member_location
	.byte	5                               @ Abbrev [5] 0x496:0xd DW_TAG_member
	.long	.Linfo_string78                 @ DW_AT_name
	.long	890                             @ DW_AT_type
	.byte	2                               @ DW_AT_decl_file
	.short	392                             @ DW_AT_decl_line
	.byte	60                              @ DW_AT_data_member_location
	.byte	5                               @ Abbrev [5] 0x4a3:0xd DW_TAG_member
	.long	.Linfo_string79                 @ DW_AT_name
	.long	890                             @ DW_AT_type
	.byte	2                               @ DW_AT_decl_file
	.short	393                             @ DW_AT_decl_line
	.byte	64                              @ DW_AT_data_member_location
	.byte	5                               @ Abbrev [5] 0x4b0:0xd DW_TAG_member
	.long	.Linfo_string9                  @ DW_AT_name
	.long	1228                            @ DW_AT_type
	.byte	2                               @ DW_AT_decl_file
	.short	394                             @ DW_AT_decl_line
	.byte	68                              @ DW_AT_data_member_location
	.byte	14                              @ Abbrev [14] 0x4bd:0xe DW_TAG_member
	.long	.Linfo_string80                 @ DW_AT_name
	.long	890                             @ DW_AT_type
	.byte	2                               @ DW_AT_decl_file
	.short	395                             @ DW_AT_decl_line
	.short	512                             @ DW_AT_data_member_location
	.byte	0                               @ End Of Children Mark
	.byte	11                              @ Abbrev [11] 0x4cc:0xc DW_TAG_array_type
	.long	890                             @ DW_AT_type
	.byte	12                              @ Abbrev [12] 0x4d1:0x6 DW_TAG_subrange_type
	.long	925                             @ DW_AT_type
	.byte	111                             @ DW_AT_count
	.byte	0                               @ End Of Children Mark
	.byte	9                               @ Abbrev [9] 0x4d8:0xb DW_TAG_typedef
	.long	1251                            @ DW_AT_type
	.long	.Linfo_string114                @ DW_AT_name
	.byte	3                               @ DW_AT_decl_file
	.byte	148                             @ DW_AT_decl_line
	.byte	15                              @ Abbrev [15] 0x4e3:0x149 DW_TAG_structure_type
	.byte	100                             @ DW_AT_byte_size
	.byte	3                               @ DW_AT_decl_file
	.byte	59                              @ DW_AT_decl_line
	.byte	16                              @ Abbrev [16] 0x4e7:0xc DW_TAG_member
	.long	.Linfo_string83                 @ DW_AT_name
	.long	895                             @ DW_AT_type
	.byte	3                               @ DW_AT_decl_file
	.byte	61                              @ DW_AT_decl_line
	.byte	0                               @ DW_AT_data_member_location
	.byte	16                              @ Abbrev [16] 0x4f3:0xc DW_TAG_member
	.long	.Linfo_string84                 @ DW_AT_name
	.long	895                             @ DW_AT_type
	.byte	3                               @ DW_AT_decl_file
	.byte	64                              @ DW_AT_decl_line
	.byte	4                               @ DW_AT_data_member_location
	.byte	16                              @ Abbrev [16] 0x4ff:0xc DW_TAG_member
	.long	.Linfo_string85                 @ DW_AT_name
	.long	1580                            @ DW_AT_type
	.byte	3                               @ DW_AT_decl_file
	.byte	67                              @ DW_AT_decl_line
	.byte	8                               @ DW_AT_data_member_location
	.byte	16                              @ Abbrev [16] 0x50b:0xc DW_TAG_member
	.long	.Linfo_string90                 @ DW_AT_name
	.long	1580                            @ DW_AT_type
	.byte	3                               @ DW_AT_decl_file
	.byte	70                              @ DW_AT_decl_line
	.byte	9                               @ DW_AT_data_member_location
	.byte	16                              @ Abbrev [16] 0x517:0xc DW_TAG_member
	.long	.Linfo_string91                 @ DW_AT_name
	.long	1580                            @ DW_AT_type
	.byte	3                               @ DW_AT_decl_file
	.byte	73                              @ DW_AT_decl_line
	.byte	10                              @ DW_AT_data_member_location
	.byte	16                              @ Abbrev [16] 0x523:0xc DW_TAG_member
	.long	.Linfo_string92                 @ DW_AT_name
	.long	895                             @ DW_AT_type
	.byte	3                               @ DW_AT_decl_file
	.byte	76                              @ DW_AT_decl_line
	.byte	12                              @ DW_AT_data_member_location
	.byte	16                              @ Abbrev [16] 0x52f:0xc DW_TAG_member
	.long	.Linfo_string93                 @ DW_AT_name
	.long	895                             @ DW_AT_type
	.byte	3                               @ DW_AT_decl_file
	.byte	80                              @ DW_AT_decl_line
	.byte	16                              @ DW_AT_data_member_location
	.byte	16                              @ Abbrev [16] 0x53b:0xc DW_TAG_member
	.long	.Linfo_string94                 @ DW_AT_name
	.long	895                             @ DW_AT_type
	.byte	3                               @ DW_AT_decl_file
	.byte	85                              @ DW_AT_decl_line
	.byte	20                              @ DW_AT_data_member_location
	.byte	16                              @ Abbrev [16] 0x547:0xc DW_TAG_member
	.long	.Linfo_string95                 @ DW_AT_name
	.long	895                             @ DW_AT_type
	.byte	3                               @ DW_AT_decl_file
	.byte	88                              @ DW_AT_decl_line
	.byte	24                              @ DW_AT_data_member_location
	.byte	16                              @ Abbrev [16] 0x553:0xc DW_TAG_member
	.long	.Linfo_string96                 @ DW_AT_name
	.long	895                             @ DW_AT_type
	.byte	3                               @ DW_AT_decl_file
	.byte	91                              @ DW_AT_decl_line
	.byte	28                              @ DW_AT_data_member_location
	.byte	16                              @ Abbrev [16] 0x55f:0xc DW_TAG_member
	.long	.Linfo_string97                 @ DW_AT_name
	.long	895                             @ DW_AT_type
	.byte	3                               @ DW_AT_decl_file
	.byte	95                              @ DW_AT_decl_line
	.byte	32                              @ DW_AT_data_member_location
	.byte	16                              @ Abbrev [16] 0x56b:0xc DW_TAG_member
	.long	.Linfo_string98                 @ DW_AT_name
	.long	895                             @ DW_AT_type
	.byte	3                               @ DW_AT_decl_file
	.byte	100                             @ DW_AT_decl_line
	.byte	36                              @ DW_AT_data_member_location
	.byte	16                              @ Abbrev [16] 0x577:0xc DW_TAG_member
	.long	.Linfo_string99                 @ DW_AT_name
	.long	895                             @ DW_AT_type
	.byte	3                               @ DW_AT_decl_file
	.byte	103                             @ DW_AT_decl_line
	.byte	40                              @ DW_AT_data_member_location
	.byte	16                              @ Abbrev [16] 0x583:0xc DW_TAG_member
	.long	.Linfo_string100                @ DW_AT_name
	.long	895                             @ DW_AT_type
	.byte	3                               @ DW_AT_decl_file
	.byte	106                             @ DW_AT_decl_line
	.byte	44                              @ DW_AT_data_member_location
	.byte	16                              @ Abbrev [16] 0x58f:0xc DW_TAG_member
	.long	.Linfo_string101                @ DW_AT_name
	.long	895                             @ DW_AT_type
	.byte	3                               @ DW_AT_decl_file
	.byte	109                             @ DW_AT_decl_line
	.byte	48                              @ DW_AT_data_member_location
	.byte	16                              @ Abbrev [16] 0x59b:0xc DW_TAG_member
	.long	.Linfo_string102                @ DW_AT_name
	.long	895                             @ DW_AT_type
	.byte	3                               @ DW_AT_decl_file
	.byte	112                             @ DW_AT_decl_line
	.byte	52                              @ DW_AT_data_member_location
	.byte	16                              @ Abbrev [16] 0x5a7:0xc DW_TAG_member
	.long	.Linfo_string103                @ DW_AT_name
	.long	895                             @ DW_AT_type
	.byte	3                               @ DW_AT_decl_file
	.byte	115                             @ DW_AT_decl_line
	.byte	56                              @ DW_AT_data_member_location
	.byte	16                              @ Abbrev [16] 0x5b3:0xc DW_TAG_member
	.long	.Linfo_string104                @ DW_AT_name
	.long	895                             @ DW_AT_type
	.byte	3                               @ DW_AT_decl_file
	.byte	118                             @ DW_AT_decl_line
	.byte	60                              @ DW_AT_data_member_location
	.byte	16                              @ Abbrev [16] 0x5bf:0xc DW_TAG_member
	.long	.Linfo_string105                @ DW_AT_name
	.long	895                             @ DW_AT_type
	.byte	3                               @ DW_AT_decl_file
	.byte	121                             @ DW_AT_decl_line
	.byte	64                              @ DW_AT_data_member_location
	.byte	16                              @ Abbrev [16] 0x5cb:0xc DW_TAG_member
	.long	.Linfo_string106                @ DW_AT_name
	.long	895                             @ DW_AT_type
	.byte	3                               @ DW_AT_decl_file
	.byte	124                             @ DW_AT_decl_line
	.byte	68                              @ DW_AT_data_member_location
	.byte	16                              @ Abbrev [16] 0x5d7:0xc DW_TAG_member
	.long	.Linfo_string107                @ DW_AT_name
	.long	895                             @ DW_AT_type
	.byte	3                               @ DW_AT_decl_file
	.byte	127                             @ DW_AT_decl_line
	.byte	72                              @ DW_AT_data_member_location
	.byte	16                              @ Abbrev [16] 0x5e3:0xc DW_TAG_member
	.long	.Linfo_string108                @ DW_AT_name
	.long	895                             @ DW_AT_type
	.byte	3                               @ DW_AT_decl_file
	.byte	130                             @ DW_AT_decl_line
	.byte	76                              @ DW_AT_data_member_location
	.byte	16                              @ Abbrev [16] 0x5ef:0xc DW_TAG_member
	.long	.Linfo_string109                @ DW_AT_name
	.long	895                             @ DW_AT_type
	.byte	3                               @ DW_AT_decl_file
	.byte	133                             @ DW_AT_decl_line
	.byte	80                              @ DW_AT_data_member_location
	.byte	16                              @ Abbrev [16] 0x5fb:0xc DW_TAG_member
	.long	.Linfo_string110                @ DW_AT_name
	.long	895                             @ DW_AT_type
	.byte	3                               @ DW_AT_decl_file
	.byte	136                             @ DW_AT_decl_line
	.byte	84                              @ DW_AT_data_member_location
	.byte	16                              @ Abbrev [16] 0x607:0xc DW_TAG_member
	.long	.Linfo_string111                @ DW_AT_name
	.long	895                             @ DW_AT_type
	.byte	3                               @ DW_AT_decl_file
	.byte	139                             @ DW_AT_decl_line
	.byte	88                              @ DW_AT_data_member_location
	.byte	16                              @ Abbrev [16] 0x613:0xc DW_TAG_member
	.long	.Linfo_string112                @ DW_AT_name
	.long	895                             @ DW_AT_type
	.byte	3                               @ DW_AT_decl_file
	.byte	142                             @ DW_AT_decl_line
	.byte	92                              @ DW_AT_data_member_location
	.byte	16                              @ Abbrev [16] 0x61f:0xc DW_TAG_member
	.long	.Linfo_string113                @ DW_AT_name
	.long	895                             @ DW_AT_type
	.byte	3                               @ DW_AT_decl_file
	.byte	145                             @ DW_AT_decl_line
	.byte	96                              @ DW_AT_data_member_location
	.byte	0                               @ End Of Children Mark
	.byte	9                               @ Abbrev [9] 0x62c:0xb DW_TAG_typedef
	.long	1591                            @ DW_AT_type
	.long	.Linfo_string89                 @ DW_AT_name
	.byte	4                               @ DW_AT_decl_file
	.byte	190                             @ DW_AT_decl_line
	.byte	17                              @ Abbrev [17] 0x637:0x15 DW_TAG_enumeration_type
	.long	1612                            @ DW_AT_type
	.byte	1                               @ DW_AT_byte_size
	.byte	4                               @ DW_AT_decl_file
	.byte	186                             @ DW_AT_decl_line
	.byte	18                              @ Abbrev [18] 0x63f:0x6 DW_TAG_enumerator
	.long	.Linfo_string87                 @ DW_AT_name
	.byte	0                               @ DW_AT_const_value
	.byte	18                              @ Abbrev [18] 0x645:0x6 DW_TAG_enumerator
	.long	.Linfo_string88                 @ DW_AT_name
	.byte	1                               @ DW_AT_const_value
	.byte	0                               @ End Of Children Mark
	.byte	10                              @ Abbrev [10] 0x64c:0x7 DW_TAG_base_type
	.long	.Linfo_string86                 @ DW_AT_name
	.byte	8                               @ DW_AT_encoding
	.byte	1                               @ DW_AT_byte_size
	.byte	3                               @ Abbrev [3] 0x653:0xc DW_TAG_typedef
	.long	1631                            @ DW_AT_type
	.long	.Linfo_string126                @ DW_AT_name
	.byte	3                               @ DW_AT_decl_file
	.short	709                             @ DW_AT_decl_line
	.byte	4                               @ Abbrev [4] 0x65f:0x88 DW_TAG_structure_type
	.byte	40                              @ DW_AT_byte_size
	.byte	3                               @ DW_AT_decl_file
	.short	677                             @ DW_AT_decl_line
	.byte	5                               @ Abbrev [5] 0x664:0xd DW_TAG_member
	.long	.Linfo_string116                @ DW_AT_name
	.long	895                             @ DW_AT_type
	.byte	3                               @ DW_AT_decl_file
	.short	679                             @ DW_AT_decl_line
	.byte	0                               @ DW_AT_data_member_location
	.byte	5                               @ Abbrev [5] 0x671:0xd DW_TAG_member
	.long	.Linfo_string117                @ DW_AT_name
	.long	895                             @ DW_AT_type
	.byte	3                               @ DW_AT_decl_file
	.short	682                             @ DW_AT_decl_line
	.byte	4                               @ DW_AT_data_member_location
	.byte	5                               @ Abbrev [5] 0x67e:0xd DW_TAG_member
	.long	.Linfo_string118                @ DW_AT_name
	.long	895                             @ DW_AT_type
	.byte	3                               @ DW_AT_decl_file
	.short	685                             @ DW_AT_decl_line
	.byte	8                               @ DW_AT_data_member_location
	.byte	5                               @ Abbrev [5] 0x68b:0xd DW_TAG_member
	.long	.Linfo_string119                @ DW_AT_name
	.long	895                             @ DW_AT_type
	.byte	3                               @ DW_AT_decl_file
	.short	688                             @ DW_AT_decl_line
	.byte	12                              @ DW_AT_data_member_location
	.byte	5                               @ Abbrev [5] 0x698:0xd DW_TAG_member
	.long	.Linfo_string120                @ DW_AT_name
	.long	895                             @ DW_AT_type
	.byte	3                               @ DW_AT_decl_file
	.short	691                             @ DW_AT_decl_line
	.byte	16                              @ DW_AT_data_member_location
	.byte	5                               @ Abbrev [5] 0x6a5:0xd DW_TAG_member
	.long	.Linfo_string121                @ DW_AT_name
	.long	895                             @ DW_AT_type
	.byte	3                               @ DW_AT_decl_file
	.short	694                             @ DW_AT_decl_line
	.byte	20                              @ DW_AT_data_member_location
	.byte	5                               @ Abbrev [5] 0x6b2:0xd DW_TAG_member
	.long	.Linfo_string122                @ DW_AT_name
	.long	895                             @ DW_AT_type
	.byte	3                               @ DW_AT_decl_file
	.short	697                             @ DW_AT_decl_line
	.byte	24                              @ DW_AT_data_member_location
	.byte	5                               @ Abbrev [5] 0x6bf:0xd DW_TAG_member
	.long	.Linfo_string123                @ DW_AT_name
	.long	895                             @ DW_AT_type
	.byte	3                               @ DW_AT_decl_file
	.short	700                             @ DW_AT_decl_line
	.byte	28                              @ DW_AT_data_member_location
	.byte	5                               @ Abbrev [5] 0x6cc:0xd DW_TAG_member
	.long	.Linfo_string124                @ DW_AT_name
	.long	895                             @ DW_AT_type
	.byte	3                               @ DW_AT_decl_file
	.short	703                             @ DW_AT_decl_line
	.byte	32                              @ DW_AT_data_member_location
	.byte	5                               @ Abbrev [5] 0x6d9:0xd DW_TAG_member
	.long	.Linfo_string125                @ DW_AT_name
	.long	895                             @ DW_AT_type
	.byte	3                               @ DW_AT_decl_file
	.short	706                             @ DW_AT_decl_line
	.byte	36                              @ DW_AT_data_member_location
	.byte	0                               @ End Of Children Mark
	.byte	8                               @ Abbrev [8] 0x6e7:0x5 DW_TAG_volatile_type
	.long	1772                            @ DW_AT_type
	.byte	9                               @ Abbrev [9] 0x6ec:0xb DW_TAG_typedef
	.long	1783                            @ DW_AT_type
	.long	.Linfo_string133                @ DW_AT_name
	.byte	3                               @ DW_AT_decl_file
	.byte	54                              @ DW_AT_decl_line
	.byte	17                              @ Abbrev [17] 0x6f7:0x21 DW_TAG_enumeration_type
	.long	1612                            @ DW_AT_type
	.byte	1                               @ DW_AT_byte_size
	.byte	3                               @ DW_AT_decl_file
	.byte	48                              @ DW_AT_decl_line
	.byte	18                              @ Abbrev [18] 0x6ff:0x6 DW_TAG_enumerator
	.long	.Linfo_string129                @ DW_AT_name
	.byte	0                               @ DW_AT_const_value
	.byte	18                              @ Abbrev [18] 0x705:0x6 DW_TAG_enumerator
	.long	.Linfo_string130                @ DW_AT_name
	.byte	1                               @ DW_AT_const_value
	.byte	18                              @ Abbrev [18] 0x70b:0x6 DW_TAG_enumerator
	.long	.Linfo_string131                @ DW_AT_name
	.byte	2                               @ DW_AT_const_value
	.byte	18                              @ Abbrev [18] 0x711:0x6 DW_TAG_enumerator
	.long	.Linfo_string132                @ DW_AT_name
	.byte	3                               @ DW_AT_const_value
	.byte	0                               @ End Of Children Mark
	.byte	9                               @ Abbrev [9] 0x718:0xb DW_TAG_typedef
	.long	1827                            @ DW_AT_type
	.long	.Linfo_string137                @ DW_AT_name
	.byte	5                               @ DW_AT_decl_file
	.byte	54                              @ DW_AT_decl_line
	.byte	17                              @ Abbrev [17] 0x723:0x15 DW_TAG_enumeration_type
	.long	1612                            @ DW_AT_type
	.byte	1                               @ DW_AT_byte_size
	.byte	5                               @ DW_AT_decl_file
	.byte	50                              @ DW_AT_decl_line
	.byte	18                              @ Abbrev [18] 0x72b:0x6 DW_TAG_enumerator
	.long	.Linfo_string135                @ DW_AT_name
	.byte	0                               @ DW_AT_const_value
	.byte	18                              @ Abbrev [18] 0x731:0x6 DW_TAG_enumerator
	.long	.Linfo_string136                @ DW_AT_name
	.byte	1                               @ DW_AT_const_value
	.byte	0                               @ End Of Children Mark
	.byte	2                               @ Abbrev [2] 0x738:0x11 DW_TAG_variable
	.long	.Linfo_string140                @ DW_AT_name
	.long	55                              @ DW_AT_type
                                        @ DW_AT_external
	.byte	6                               @ DW_AT_decl_file
	.byte	28                              @ DW_AT_decl_line
	.byte	5                               @ DW_AT_location
	.byte	3
	.long	hfdcan2
	.byte	2                               @ Abbrev [2] 0x749:0x11 DW_TAG_variable
	.long	.Linfo_string141                @ DW_AT_name
	.long	55                              @ DW_AT_type
                                        @ DW_AT_external
	.byte	6                               @ DW_AT_decl_file
	.byte	29                              @ DW_AT_decl_line
	.byte	5                               @ DW_AT_location
	.byte	3
	.long	hfdcan3
	.byte	19                              @ Abbrev [19] 0x75a:0x11 DW_TAG_variable
	.long	.Linfo_string142                @ DW_AT_name
	.long	895                             @ DW_AT_type
	.byte	6                               @ DW_AT_decl_file
	.byte	176                             @ DW_AT_decl_line
	.byte	5                               @ DW_AT_location
	.byte	3
	.long	HAL_RCC_FDCAN_CLK_ENABLED
	.byte	17                              @ Abbrev [17] 0x76b:0x21 DW_TAG_enumeration_type
	.long	1612                            @ DW_AT_type
	.byte	1                               @ DW_AT_byte_size
	.byte	5                               @ DW_AT_decl_file
	.byte	39                              @ DW_AT_decl_line
	.byte	18                              @ Abbrev [18] 0x773:0x6 DW_TAG_enumerator
	.long	.Linfo_string143                @ DW_AT_name
	.byte	0                               @ DW_AT_const_value
	.byte	18                              @ Abbrev [18] 0x779:0x6 DW_TAG_enumerator
	.long	.Linfo_string144                @ DW_AT_name
	.byte	1                               @ DW_AT_const_value
	.byte	18                              @ Abbrev [18] 0x77f:0x6 DW_TAG_enumerator
	.long	.Linfo_string145                @ DW_AT_name
	.byte	2                               @ DW_AT_const_value
	.byte	18                              @ Abbrev [18] 0x785:0x6 DW_TAG_enumerator
	.long	.Linfo_string146                @ DW_AT_name
	.byte	3                               @ DW_AT_const_value
	.byte	0                               @ End Of Children Mark
	.byte	17                              @ Abbrev [17] 0x78c:0x3bf DW_TAG_enumeration_type
	.long	2891                            @ DW_AT_type
	.byte	2                               @ DW_AT_byte_size
	.byte	2                               @ DW_AT_decl_file
	.byte	48                              @ DW_AT_decl_line
	.byte	20                              @ Abbrev [20] 0x794:0x6 DW_TAG_enumerator
	.long	.Linfo_string148                @ DW_AT_name
	.byte	114                             @ DW_AT_const_value
	.byte	20                              @ Abbrev [20] 0x79a:0x6 DW_TAG_enumerator
	.long	.Linfo_string149                @ DW_AT_name
	.byte	115                             @ DW_AT_const_value
	.byte	20                              @ Abbrev [20] 0x7a0:0x6 DW_TAG_enumerator
	.long	.Linfo_string150                @ DW_AT_name
	.byte	116                             @ DW_AT_const_value
	.byte	20                              @ Abbrev [20] 0x7a6:0x6 DW_TAG_enumerator
	.long	.Linfo_string151                @ DW_AT_name
	.byte	117                             @ DW_AT_const_value
	.byte	20                              @ Abbrev [20] 0x7ac:0x6 DW_TAG_enumerator
	.long	.Linfo_string152                @ DW_AT_name
	.byte	118                             @ DW_AT_const_value
	.byte	20                              @ Abbrev [20] 0x7b2:0x6 DW_TAG_enumerator
	.long	.Linfo_string153                @ DW_AT_name
	.byte	123                             @ DW_AT_const_value
	.byte	20                              @ Abbrev [20] 0x7b8:0x6 DW_TAG_enumerator
	.long	.Linfo_string154                @ DW_AT_name
	.byte	124                             @ DW_AT_const_value
	.byte	20                              @ Abbrev [20] 0x7be:0x6 DW_TAG_enumerator
	.long	.Linfo_string155                @ DW_AT_name
	.byte	126                             @ DW_AT_const_value
	.byte	20                              @ Abbrev [20] 0x7c4:0x6 DW_TAG_enumerator
	.long	.Linfo_string156                @ DW_AT_name
	.byte	127                             @ DW_AT_const_value
	.byte	20                              @ Abbrev [20] 0x7ca:0x6 DW_TAG_enumerator
	.long	.Linfo_string157                @ DW_AT_name
	.byte	0                               @ DW_AT_const_value
	.byte	20                              @ Abbrev [20] 0x7d0:0x6 DW_TAG_enumerator
	.long	.Linfo_string158                @ DW_AT_name
	.byte	1                               @ DW_AT_const_value
	.byte	20                              @ Abbrev [20] 0x7d6:0x6 DW_TAG_enumerator
	.long	.Linfo_string159                @ DW_AT_name
	.byte	2                               @ DW_AT_const_value
	.byte	20                              @ Abbrev [20] 0x7dc:0x6 DW_TAG_enumerator
	.long	.Linfo_string160                @ DW_AT_name
	.byte	3                               @ DW_AT_const_value
	.byte	20                              @ Abbrev [20] 0x7e2:0x6 DW_TAG_enumerator
	.long	.Linfo_string161                @ DW_AT_name
	.byte	4                               @ DW_AT_const_value
	.byte	20                              @ Abbrev [20] 0x7e8:0x6 DW_TAG_enumerator
	.long	.Linfo_string162                @ DW_AT_name
	.byte	5                               @ DW_AT_const_value
	.byte	20                              @ Abbrev [20] 0x7ee:0x6 DW_TAG_enumerator
	.long	.Linfo_string163                @ DW_AT_name
	.byte	6                               @ DW_AT_const_value
	.byte	20                              @ Abbrev [20] 0x7f4:0x6 DW_TAG_enumerator
	.long	.Linfo_string164                @ DW_AT_name
	.byte	7                               @ DW_AT_const_value
	.byte	20                              @ Abbrev [20] 0x7fa:0x6 DW_TAG_enumerator
	.long	.Linfo_string165                @ DW_AT_name
	.byte	8                               @ DW_AT_const_value
	.byte	20                              @ Abbrev [20] 0x800:0x6 DW_TAG_enumerator
	.long	.Linfo_string166                @ DW_AT_name
	.byte	9                               @ DW_AT_const_value
	.byte	20                              @ Abbrev [20] 0x806:0x6 DW_TAG_enumerator
	.long	.Linfo_string167                @ DW_AT_name
	.byte	10                              @ DW_AT_const_value
	.byte	20                              @ Abbrev [20] 0x80c:0x6 DW_TAG_enumerator
	.long	.Linfo_string168                @ DW_AT_name
	.byte	11                              @ DW_AT_const_value
	.byte	20                              @ Abbrev [20] 0x812:0x6 DW_TAG_enumerator
	.long	.Linfo_string169                @ DW_AT_name
	.byte	12                              @ DW_AT_const_value
	.byte	20                              @ Abbrev [20] 0x818:0x6 DW_TAG_enumerator
	.long	.Linfo_string170                @ DW_AT_name
	.byte	13                              @ DW_AT_const_value
	.byte	20                              @ Abbrev [20] 0x81e:0x6 DW_TAG_enumerator
	.long	.Linfo_string171                @ DW_AT_name
	.byte	14                              @ DW_AT_const_value
	.byte	20                              @ Abbrev [20] 0x824:0x6 DW_TAG_enumerator
	.long	.Linfo_string172                @ DW_AT_name
	.byte	15                              @ DW_AT_const_value
	.byte	20                              @ Abbrev [20] 0x82a:0x6 DW_TAG_enumerator
	.long	.Linfo_string173                @ DW_AT_name
	.byte	16                              @ DW_AT_const_value
	.byte	20                              @ Abbrev [20] 0x830:0x6 DW_TAG_enumerator
	.long	.Linfo_string174                @ DW_AT_name
	.byte	17                              @ DW_AT_const_value
	.byte	20                              @ Abbrev [20] 0x836:0x6 DW_TAG_enumerator
	.long	.Linfo_string175                @ DW_AT_name
	.byte	18                              @ DW_AT_const_value
	.byte	20                              @ Abbrev [20] 0x83c:0x6 DW_TAG_enumerator
	.long	.Linfo_string176                @ DW_AT_name
	.byte	19                              @ DW_AT_const_value
	.byte	20                              @ Abbrev [20] 0x842:0x6 DW_TAG_enumerator
	.long	.Linfo_string177                @ DW_AT_name
	.byte	20                              @ DW_AT_const_value
	.byte	20                              @ Abbrev [20] 0x848:0x6 DW_TAG_enumerator
	.long	.Linfo_string178                @ DW_AT_name
	.byte	21                              @ DW_AT_const_value
	.byte	20                              @ Abbrev [20] 0x84e:0x6 DW_TAG_enumerator
	.long	.Linfo_string179                @ DW_AT_name
	.byte	22                              @ DW_AT_const_value
	.byte	20                              @ Abbrev [20] 0x854:0x6 DW_TAG_enumerator
	.long	.Linfo_string180                @ DW_AT_name
	.byte	23                              @ DW_AT_const_value
	.byte	20                              @ Abbrev [20] 0x85a:0x6 DW_TAG_enumerator
	.long	.Linfo_string181                @ DW_AT_name
	.byte	24                              @ DW_AT_const_value
	.byte	20                              @ Abbrev [20] 0x860:0x6 DW_TAG_enumerator
	.long	.Linfo_string182                @ DW_AT_name
	.byte	25                              @ DW_AT_const_value
	.byte	20                              @ Abbrev [20] 0x866:0x6 DW_TAG_enumerator
	.long	.Linfo_string183                @ DW_AT_name
	.byte	26                              @ DW_AT_const_value
	.byte	20                              @ Abbrev [20] 0x86c:0x6 DW_TAG_enumerator
	.long	.Linfo_string184                @ DW_AT_name
	.byte	27                              @ DW_AT_const_value
	.byte	20                              @ Abbrev [20] 0x872:0x6 DW_TAG_enumerator
	.long	.Linfo_string185                @ DW_AT_name
	.byte	28                              @ DW_AT_const_value
	.byte	20                              @ Abbrev [20] 0x878:0x6 DW_TAG_enumerator
	.long	.Linfo_string186                @ DW_AT_name
	.byte	29                              @ DW_AT_const_value
	.byte	20                              @ Abbrev [20] 0x87e:0x6 DW_TAG_enumerator
	.long	.Linfo_string187                @ DW_AT_name
	.byte	30                              @ DW_AT_const_value
	.byte	20                              @ Abbrev [20] 0x884:0x6 DW_TAG_enumerator
	.long	.Linfo_string188                @ DW_AT_name
	.byte	31                              @ DW_AT_const_value
	.byte	20                              @ Abbrev [20] 0x88a:0x6 DW_TAG_enumerator
	.long	.Linfo_string189                @ DW_AT_name
	.byte	32                              @ DW_AT_const_value
	.byte	20                              @ Abbrev [20] 0x890:0x6 DW_TAG_enumerator
	.long	.Linfo_string190                @ DW_AT_name
	.byte	33                              @ DW_AT_const_value
	.byte	20                              @ Abbrev [20] 0x896:0x6 DW_TAG_enumerator
	.long	.Linfo_string191                @ DW_AT_name
	.byte	34                              @ DW_AT_const_value
	.byte	20                              @ Abbrev [20] 0x89c:0x6 DW_TAG_enumerator
	.long	.Linfo_string192                @ DW_AT_name
	.byte	35                              @ DW_AT_const_value
	.byte	20                              @ Abbrev [20] 0x8a2:0x6 DW_TAG_enumerator
	.long	.Linfo_string193                @ DW_AT_name
	.byte	36                              @ DW_AT_const_value
	.byte	20                              @ Abbrev [20] 0x8a8:0x6 DW_TAG_enumerator
	.long	.Linfo_string194                @ DW_AT_name
	.byte	37                              @ DW_AT_const_value
	.byte	20                              @ Abbrev [20] 0x8ae:0x6 DW_TAG_enumerator
	.long	.Linfo_string195                @ DW_AT_name
	.byte	38                              @ DW_AT_const_value
	.byte	20                              @ Abbrev [20] 0x8b4:0x6 DW_TAG_enumerator
	.long	.Linfo_string196                @ DW_AT_name
	.byte	39                              @ DW_AT_const_value
	.byte	20                              @ Abbrev [20] 0x8ba:0x6 DW_TAG_enumerator
	.long	.Linfo_string197                @ DW_AT_name
	.byte	40                              @ DW_AT_const_value
	.byte	20                              @ Abbrev [20] 0x8c0:0x6 DW_TAG_enumerator
	.long	.Linfo_string198                @ DW_AT_name
	.byte	41                              @ DW_AT_const_value
	.byte	20                              @ Abbrev [20] 0x8c6:0x6 DW_TAG_enumerator
	.long	.Linfo_string199                @ DW_AT_name
	.byte	43                              @ DW_AT_const_value
	.byte	20                              @ Abbrev [20] 0x8cc:0x6 DW_TAG_enumerator
	.long	.Linfo_string200                @ DW_AT_name
	.byte	44                              @ DW_AT_const_value
	.byte	20                              @ Abbrev [20] 0x8d2:0x6 DW_TAG_enumerator
	.long	.Linfo_string201                @ DW_AT_name
	.byte	45                              @ DW_AT_const_value
	.byte	20                              @ Abbrev [20] 0x8d8:0x6 DW_TAG_enumerator
	.long	.Linfo_string202                @ DW_AT_name
	.byte	46                              @ DW_AT_const_value
	.byte	20                              @ Abbrev [20] 0x8de:0x6 DW_TAG_enumerator
	.long	.Linfo_string203                @ DW_AT_name
	.byte	47                              @ DW_AT_const_value
	.byte	20                              @ Abbrev [20] 0x8e4:0x6 DW_TAG_enumerator
	.long	.Linfo_string204                @ DW_AT_name
	.byte	48                              @ DW_AT_const_value
	.byte	20                              @ Abbrev [20] 0x8ea:0x6 DW_TAG_enumerator
	.long	.Linfo_string205                @ DW_AT_name
	.byte	49                              @ DW_AT_const_value
	.byte	20                              @ Abbrev [20] 0x8f0:0x6 DW_TAG_enumerator
	.long	.Linfo_string206                @ DW_AT_name
	.byte	50                              @ DW_AT_const_value
	.byte	20                              @ Abbrev [20] 0x8f6:0x6 DW_TAG_enumerator
	.long	.Linfo_string207                @ DW_AT_name
	.byte	51                              @ DW_AT_const_value
	.byte	20                              @ Abbrev [20] 0x8fc:0x6 DW_TAG_enumerator
	.long	.Linfo_string208                @ DW_AT_name
	.byte	52                              @ DW_AT_const_value
	.byte	20                              @ Abbrev [20] 0x902:0x6 DW_TAG_enumerator
	.long	.Linfo_string209                @ DW_AT_name
	.byte	53                              @ DW_AT_const_value
	.byte	20                              @ Abbrev [20] 0x908:0x6 DW_TAG_enumerator
	.long	.Linfo_string210                @ DW_AT_name
	.byte	54                              @ DW_AT_const_value
	.byte	20                              @ Abbrev [20] 0x90e:0x6 DW_TAG_enumerator
	.long	.Linfo_string211                @ DW_AT_name
	.byte	55                              @ DW_AT_const_value
	.byte	20                              @ Abbrev [20] 0x914:0x6 DW_TAG_enumerator
	.long	.Linfo_string212                @ DW_AT_name
	.byte	56                              @ DW_AT_const_value
	.byte	20                              @ Abbrev [20] 0x91a:0x6 DW_TAG_enumerator
	.long	.Linfo_string213                @ DW_AT_name
	.byte	57                              @ DW_AT_const_value
	.byte	20                              @ Abbrev [20] 0x920:0x6 DW_TAG_enumerator
	.long	.Linfo_string214                @ DW_AT_name
	.byte	58                              @ DW_AT_const_value
	.byte	20                              @ Abbrev [20] 0x926:0x6 DW_TAG_enumerator
	.long	.Linfo_string215                @ DW_AT_name
	.byte	59                              @ DW_AT_const_value
	.byte	20                              @ Abbrev [20] 0x92c:0x6 DW_TAG_enumerator
	.long	.Linfo_string216                @ DW_AT_name
	.byte	60                              @ DW_AT_const_value
	.byte	20                              @ Abbrev [20] 0x932:0x6 DW_TAG_enumerator
	.long	.Linfo_string217                @ DW_AT_name
	.byte	61                              @ DW_AT_const_value
	.byte	20                              @ Abbrev [20] 0x938:0x6 DW_TAG_enumerator
	.long	.Linfo_string218                @ DW_AT_name
	.byte	62                              @ DW_AT_const_value
	.byte	20                              @ Abbrev [20] 0x93e:0x6 DW_TAG_enumerator
	.long	.Linfo_string219                @ DW_AT_name
	.byte	63                              @ DW_AT_const_value
	.byte	20                              @ Abbrev [20] 0x944:0x7 DW_TAG_enumerator
	.long	.Linfo_string220                @ DW_AT_name
	.asciz	"\304"                          @ DW_AT_const_value
	.byte	20                              @ Abbrev [20] 0x94b:0x7 DW_TAG_enumerator
	.long	.Linfo_string221                @ DW_AT_name
	.asciz	"\305"                          @ DW_AT_const_value
	.byte	20                              @ Abbrev [20] 0x952:0x7 DW_TAG_enumerator
	.long	.Linfo_string222                @ DW_AT_name
	.asciz	"\306"                          @ DW_AT_const_value
	.byte	20                              @ Abbrev [20] 0x959:0x7 DW_TAG_enumerator
	.long	.Linfo_string223                @ DW_AT_name
	.asciz	"\307"                          @ DW_AT_const_value
	.byte	20                              @ Abbrev [20] 0x960:0x7 DW_TAG_enumerator
	.long	.Linfo_string224                @ DW_AT_name
	.asciz	"\310"                          @ DW_AT_const_value
	.byte	20                              @ Abbrev [20] 0x967:0x7 DW_TAG_enumerator
	.long	.Linfo_string225                @ DW_AT_name
	.asciz	"\311"                          @ DW_AT_const_value
	.byte	20                              @ Abbrev [20] 0x96e:0x7 DW_TAG_enumerator
	.long	.Linfo_string226                @ DW_AT_name
	.asciz	"\312"                          @ DW_AT_const_value
	.byte	20                              @ Abbrev [20] 0x975:0x7 DW_TAG_enumerator
	.long	.Linfo_string227                @ DW_AT_name
	.asciz	"\313"                          @ DW_AT_const_value
	.byte	20                              @ Abbrev [20] 0x97c:0x7 DW_TAG_enumerator
	.long	.Linfo_string228                @ DW_AT_name
	.asciz	"\314"                          @ DW_AT_const_value
	.byte	20                              @ Abbrev [20] 0x983:0x7 DW_TAG_enumerator
	.long	.Linfo_string229                @ DW_AT_name
	.asciz	"\315"                          @ DW_AT_const_value
	.byte	20                              @ Abbrev [20] 0x98a:0x7 DW_TAG_enumerator
	.long	.Linfo_string230                @ DW_AT_name
	.asciz	"\316"                          @ DW_AT_const_value
	.byte	20                              @ Abbrev [20] 0x991:0x7 DW_TAG_enumerator
	.long	.Linfo_string231                @ DW_AT_name
	.asciz	"\320"                          @ DW_AT_const_value
	.byte	20                              @ Abbrev [20] 0x998:0x7 DW_TAG_enumerator
	.long	.Linfo_string232                @ DW_AT_name
	.asciz	"\321"                          @ DW_AT_const_value
	.byte	20                              @ Abbrev [20] 0x99f:0x7 DW_TAG_enumerator
	.long	.Linfo_string233                @ DW_AT_name
	.asciz	"\322"                          @ DW_AT_const_value
	.byte	20                              @ Abbrev [20] 0x9a6:0x7 DW_TAG_enumerator
	.long	.Linfo_string234                @ DW_AT_name
	.asciz	"\323"                          @ DW_AT_const_value
	.byte	20                              @ Abbrev [20] 0x9ad:0x7 DW_TAG_enumerator
	.long	.Linfo_string235                @ DW_AT_name
	.asciz	"\324"                          @ DW_AT_const_value
	.byte	20                              @ Abbrev [20] 0x9b4:0x7 DW_TAG_enumerator
	.long	.Linfo_string236                @ DW_AT_name
	.asciz	"\325"                          @ DW_AT_const_value
	.byte	20                              @ Abbrev [20] 0x9bb:0x7 DW_TAG_enumerator
	.long	.Linfo_string237                @ DW_AT_name
	.asciz	"\326"                          @ DW_AT_const_value
	.byte	20                              @ Abbrev [20] 0x9c2:0x7 DW_TAG_enumerator
	.long	.Linfo_string238                @ DW_AT_name
	.asciz	"\327"                          @ DW_AT_const_value
	.byte	20                              @ Abbrev [20] 0x9c9:0x7 DW_TAG_enumerator
	.long	.Linfo_string239                @ DW_AT_name
	.asciz	"\330"                          @ DW_AT_const_value
	.byte	20                              @ Abbrev [20] 0x9d0:0x7 DW_TAG_enumerator
	.long	.Linfo_string240                @ DW_AT_name
	.asciz	"\331"                          @ DW_AT_const_value
	.byte	20                              @ Abbrev [20] 0x9d7:0x7 DW_TAG_enumerator
	.long	.Linfo_string241                @ DW_AT_name
	.asciz	"\332"                          @ DW_AT_const_value
	.byte	20                              @ Abbrev [20] 0x9de:0x7 DW_TAG_enumerator
	.long	.Linfo_string242                @ DW_AT_name
	.asciz	"\334"                          @ DW_AT_const_value
	.byte	20                              @ Abbrev [20] 0x9e5:0x7 DW_TAG_enumerator
	.long	.Linfo_string243                @ DW_AT_name
	.asciz	"\335"                          @ DW_AT_const_value
	.byte	20                              @ Abbrev [20] 0x9ec:0x7 DW_TAG_enumerator
	.long	.Linfo_string244                @ DW_AT_name
	.asciz	"\336"                          @ DW_AT_const_value
	.byte	20                              @ Abbrev [20] 0x9f3:0x7 DW_TAG_enumerator
	.long	.Linfo_string245                @ DW_AT_name
	.asciz	"\337"                          @ DW_AT_const_value
	.byte	20                              @ Abbrev [20] 0x9fa:0x7 DW_TAG_enumerator
	.long	.Linfo_string246                @ DW_AT_name
	.asciz	"\340"                          @ DW_AT_const_value
	.byte	20                              @ Abbrev [20] 0xa01:0x7 DW_TAG_enumerator
	.long	.Linfo_string247                @ DW_AT_name
	.asciz	"\341"                          @ DW_AT_const_value
	.byte	20                              @ Abbrev [20] 0xa08:0x7 DW_TAG_enumerator
	.long	.Linfo_string248                @ DW_AT_name
	.asciz	"\346"                          @ DW_AT_const_value
	.byte	20                              @ Abbrev [20] 0xa0f:0x7 DW_TAG_enumerator
	.long	.Linfo_string249                @ DW_AT_name
	.asciz	"\356"                          @ DW_AT_const_value
	.byte	20                              @ Abbrev [20] 0xa16:0x7 DW_TAG_enumerator
	.long	.Linfo_string250                @ DW_AT_name
	.asciz	"\357"                          @ DW_AT_const_value
	.byte	20                              @ Abbrev [20] 0xa1d:0x7 DW_TAG_enumerator
	.long	.Linfo_string251                @ DW_AT_name
	.asciz	"\360"                          @ DW_AT_const_value
	.byte	20                              @ Abbrev [20] 0xa24:0x7 DW_TAG_enumerator
	.long	.Linfo_string252                @ DW_AT_name
	.asciz	"\361"                          @ DW_AT_const_value
	.byte	20                              @ Abbrev [20] 0xa2b:0x7 DW_TAG_enumerator
	.long	.Linfo_string253                @ DW_AT_name
	.asciz	"\363"                          @ DW_AT_const_value
	.byte	20                              @ Abbrev [20] 0xa32:0x7 DW_TAG_enumerator
	.long	.Linfo_string254                @ DW_AT_name
	.asciz	"\364"                          @ DW_AT_const_value
	.byte	20                              @ Abbrev [20] 0xa39:0x7 DW_TAG_enumerator
	.long	.Linfo_string255                @ DW_AT_name
	.asciz	"\365"                          @ DW_AT_const_value
	.byte	20                              @ Abbrev [20] 0xa40:0x7 DW_TAG_enumerator
	.long	.Linfo_string256                @ DW_AT_name
	.asciz	"\366"                          @ DW_AT_const_value
	.byte	20                              @ Abbrev [20] 0xa47:0x7 DW_TAG_enumerator
	.long	.Linfo_string257                @ DW_AT_name
	.asciz	"\367"                          @ DW_AT_const_value
	.byte	20                              @ Abbrev [20] 0xa4e:0x7 DW_TAG_enumerator
	.long	.Linfo_string258                @ DW_AT_name
	.asciz	"\370"                          @ DW_AT_const_value
	.byte	20                              @ Abbrev [20] 0xa55:0x7 DW_TAG_enumerator
	.long	.Linfo_string259                @ DW_AT_name
	.asciz	"\372"                          @ DW_AT_const_value
	.byte	20                              @ Abbrev [20] 0xa5c:0x7 DW_TAG_enumerator
	.long	.Linfo_string260                @ DW_AT_name
	.asciz	"\374"                          @ DW_AT_const_value
	.byte	20                              @ Abbrev [20] 0xa63:0x7 DW_TAG_enumerator
	.long	.Linfo_string261                @ DW_AT_name
	.asciz	"\375"                          @ DW_AT_const_value
	.byte	20                              @ Abbrev [20] 0xa6a:0x7 DW_TAG_enumerator
	.long	.Linfo_string262                @ DW_AT_name
	.asciz	"\377"                          @ DW_AT_const_value
	.byte	20                              @ Abbrev [20] 0xa71:0x7 DW_TAG_enumerator
	.long	.Linfo_string263                @ DW_AT_name
	.ascii	"\200\001"                      @ DW_AT_const_value
	.byte	20                              @ Abbrev [20] 0xa78:0x7 DW_TAG_enumerator
	.long	.Linfo_string264                @ DW_AT_name
	.ascii	"\201\001"                      @ DW_AT_const_value
	.byte	20                              @ Abbrev [20] 0xa7f:0x7 DW_TAG_enumerator
	.long	.Linfo_string265                @ DW_AT_name
	.ascii	"\202\001"                      @ DW_AT_const_value
	.byte	20                              @ Abbrev [20] 0xa86:0x7 DW_TAG_enumerator
	.long	.Linfo_string266                @ DW_AT_name
	.ascii	"\203\001"                      @ DW_AT_const_value
	.byte	20                              @ Abbrev [20] 0xa8d:0x7 DW_TAG_enumerator
	.long	.Linfo_string267                @ DW_AT_name
	.ascii	"\204\001"                      @ DW_AT_const_value
	.byte	20                              @ Abbrev [20] 0xa94:0x7 DW_TAG_enumerator
	.long	.Linfo_string268                @ DW_AT_name
	.ascii	"\205\001"                      @ DW_AT_const_value
	.byte	20                              @ Abbrev [20] 0xa9b:0x7 DW_TAG_enumerator
	.long	.Linfo_string269                @ DW_AT_name
	.ascii	"\206\001"                      @ DW_AT_const_value
	.byte	20                              @ Abbrev [20] 0xaa2:0x7 DW_TAG_enumerator
	.long	.Linfo_string270                @ DW_AT_name
	.ascii	"\207\001"                      @ DW_AT_const_value
	.byte	20                              @ Abbrev [20] 0xaa9:0x7 DW_TAG_enumerator
	.long	.Linfo_string271                @ DW_AT_name
	.ascii	"\210\001"                      @ DW_AT_const_value
	.byte	20                              @ Abbrev [20] 0xab0:0x7 DW_TAG_enumerator
	.long	.Linfo_string272                @ DW_AT_name
	.ascii	"\211\001"                      @ DW_AT_const_value
	.byte	20                              @ Abbrev [20] 0xab7:0x7 DW_TAG_enumerator
	.long	.Linfo_string273                @ DW_AT_name
	.ascii	"\212\001"                      @ DW_AT_const_value
	.byte	20                              @ Abbrev [20] 0xabe:0x7 DW_TAG_enumerator
	.long	.Linfo_string274                @ DW_AT_name
	.ascii	"\213\001"                      @ DW_AT_const_value
	.byte	20                              @ Abbrev [20] 0xac5:0x7 DW_TAG_enumerator
	.long	.Linfo_string275                @ DW_AT_name
	.ascii	"\214\001"                      @ DW_AT_const_value
	.byte	20                              @ Abbrev [20] 0xacc:0x7 DW_TAG_enumerator
	.long	.Linfo_string276                @ DW_AT_name
	.ascii	"\215\001"                      @ DW_AT_const_value
	.byte	20                              @ Abbrev [20] 0xad3:0x7 DW_TAG_enumerator
	.long	.Linfo_string277                @ DW_AT_name
	.ascii	"\216\001"                      @ DW_AT_const_value
	.byte	20                              @ Abbrev [20] 0xada:0x7 DW_TAG_enumerator
	.long	.Linfo_string278                @ DW_AT_name
	.ascii	"\220\001"                      @ DW_AT_const_value
	.byte	20                              @ Abbrev [20] 0xae1:0x7 DW_TAG_enumerator
	.long	.Linfo_string279                @ DW_AT_name
	.ascii	"\221\001"                      @ DW_AT_const_value
	.byte	20                              @ Abbrev [20] 0xae8:0x7 DW_TAG_enumerator
	.long	.Linfo_string280                @ DW_AT_name
	.ascii	"\222\001"                      @ DW_AT_const_value
	.byte	20                              @ Abbrev [20] 0xaef:0x7 DW_TAG_enumerator
	.long	.Linfo_string281                @ DW_AT_name
	.ascii	"\223\001"                      @ DW_AT_const_value
	.byte	20                              @ Abbrev [20] 0xaf6:0x7 DW_TAG_enumerator
	.long	.Linfo_string282                @ DW_AT_name
	.ascii	"\225\001"                      @ DW_AT_const_value
	.byte	20                              @ Abbrev [20] 0xafd:0x7 DW_TAG_enumerator
	.long	.Linfo_string283                @ DW_AT_name
	.ascii	"\226\001"                      @ DW_AT_const_value
	.byte	20                              @ Abbrev [20] 0xb04:0x7 DW_TAG_enumerator
	.long	.Linfo_string284                @ DW_AT_name
	.ascii	"\231\001"                      @ DW_AT_const_value
	.byte	20                              @ Abbrev [20] 0xb0b:0x7 DW_TAG_enumerator
	.long	.Linfo_string285                @ DW_AT_name
	.ascii	"\232\001"                      @ DW_AT_const_value
	.byte	20                              @ Abbrev [20] 0xb12:0x7 DW_TAG_enumerator
	.long	.Linfo_string286                @ DW_AT_name
	.ascii	"\233\001"                      @ DW_AT_const_value
	.byte	20                              @ Abbrev [20] 0xb19:0x7 DW_TAG_enumerator
	.long	.Linfo_string287                @ DW_AT_name
	.ascii	"\234\001"                      @ DW_AT_const_value
	.byte	20                              @ Abbrev [20] 0xb20:0x7 DW_TAG_enumerator
	.long	.Linfo_string288                @ DW_AT_name
	.ascii	"\235\001"                      @ DW_AT_const_value
	.byte	20                              @ Abbrev [20] 0xb27:0x7 DW_TAG_enumerator
	.long	.Linfo_string289                @ DW_AT_name
	.ascii	"\236\001"                      @ DW_AT_const_value
	.byte	20                              @ Abbrev [20] 0xb2e:0x7 DW_TAG_enumerator
	.long	.Linfo_string290                @ DW_AT_name
	.ascii	"\237\001"                      @ DW_AT_const_value
	.byte	20                              @ Abbrev [20] 0xb35:0x7 DW_TAG_enumerator
	.long	.Linfo_string291                @ DW_AT_name
	.ascii	"\240\001"                      @ DW_AT_const_value
	.byte	20                              @ Abbrev [20] 0xb3c:0x7 DW_TAG_enumerator
	.long	.Linfo_string292                @ DW_AT_name
	.ascii	"\241\001"                      @ DW_AT_const_value
	.byte	20                              @ Abbrev [20] 0xb43:0x7 DW_TAG_enumerator
	.long	.Linfo_string293                @ DW_AT_name
	.ascii	"\242\001"                      @ DW_AT_const_value
	.byte	0                               @ End Of Children Mark
	.byte	10                              @ Abbrev [10] 0xb4b:0x7 DW_TAG_base_type
	.long	.Linfo_string147                @ DW_AT_name
	.byte	5                               @ DW_AT_encoding
	.byte	2                               @ DW_AT_byte_size
	.byte	6                               @ Abbrev [6] 0xb52:0x5 DW_TAG_pointer_type
	.long	2903                            @ DW_AT_type
	.byte	3                               @ Abbrev [3] 0xb57:0xc DW_TAG_typedef
	.long	2915                            @ DW_AT_type
	.long	.Linfo_string353                @ DW_AT_name
	.byte	2                               @ DW_AT_decl_file
	.short	1300                            @ DW_AT_decl_line
	.byte	7                               @ Abbrev [7] 0xb63:0x35d DW_TAG_structure_type
	.short	304                             @ DW_AT_byte_size
	.byte	2                               @ DW_AT_decl_file
	.short	1232                            @ DW_AT_decl_line
	.byte	5                               @ Abbrev [5] 0xb69:0xd DW_TAG_member
	.long	.Linfo_string294                @ DW_AT_name
	.long	890                             @ DW_AT_type
	.byte	2                               @ DW_AT_decl_file
	.short	1234                            @ DW_AT_decl_line
	.byte	0                               @ DW_AT_data_member_location
	.byte	5                               @ Abbrev [5] 0xb76:0xd DW_TAG_member
	.long	.Linfo_string295                @ DW_AT_name
	.long	890                             @ DW_AT_type
	.byte	2                               @ DW_AT_decl_file
	.short	1235                            @ DW_AT_decl_line
	.byte	4                               @ DW_AT_data_member_location
	.byte	5                               @ Abbrev [5] 0xb83:0xd DW_TAG_member
	.long	.Linfo_string296                @ DW_AT_name
	.long	890                             @ DW_AT_type
	.byte	2                               @ DW_AT_decl_file
	.short	1236                            @ DW_AT_decl_line
	.byte	8                               @ DW_AT_data_member_location
	.byte	5                               @ Abbrev [5] 0xb90:0xd DW_TAG_member
	.long	.Linfo_string297                @ DW_AT_name
	.long	890                             @ DW_AT_type
	.byte	2                               @ DW_AT_decl_file
	.short	1237                            @ DW_AT_decl_line
	.byte	12                              @ DW_AT_data_member_location
	.byte	5                               @ Abbrev [5] 0xb9d:0xd DW_TAG_member
	.long	.Linfo_string298                @ DW_AT_name
	.long	890                             @ DW_AT_type
	.byte	2                               @ DW_AT_decl_file
	.short	1238                            @ DW_AT_decl_line
	.byte	16                              @ DW_AT_data_member_location
	.byte	5                               @ Abbrev [5] 0xbaa:0xd DW_TAG_member
	.long	.Linfo_string9                  @ DW_AT_name
	.long	895                             @ DW_AT_type
	.byte	2                               @ DW_AT_decl_file
	.short	1239                            @ DW_AT_decl_line
	.byte	20                              @ DW_AT_data_member_location
	.byte	5                               @ Abbrev [5] 0xbb7:0xd DW_TAG_member
	.long	.Linfo_string299                @ DW_AT_name
	.long	890                             @ DW_AT_type
	.byte	2                               @ DW_AT_decl_file
	.short	1240                            @ DW_AT_decl_line
	.byte	24                              @ DW_AT_data_member_location
	.byte	5                               @ Abbrev [5] 0xbc4:0xd DW_TAG_member
	.long	.Linfo_string300                @ DW_AT_name
	.long	890                             @ DW_AT_type
	.byte	2                               @ DW_AT_decl_file
	.short	1241                            @ DW_AT_decl_line
	.byte	28                              @ DW_AT_data_member_location
	.byte	5                               @ Abbrev [5] 0xbd1:0xd DW_TAG_member
	.long	.Linfo_string301                @ DW_AT_name
	.long	890                             @ DW_AT_type
	.byte	2                               @ DW_AT_decl_file
	.short	1242                            @ DW_AT_decl_line
	.byte	32                              @ DW_AT_data_member_location
	.byte	5                               @ Abbrev [5] 0xbde:0xd DW_TAG_member
	.long	.Linfo_string19                 @ DW_AT_name
	.long	895                             @ DW_AT_type
	.byte	2                               @ DW_AT_decl_file
	.short	1243                            @ DW_AT_decl_line
	.byte	36                              @ DW_AT_data_member_location
	.byte	5                               @ Abbrev [5] 0xbeb:0xd DW_TAG_member
	.long	.Linfo_string302                @ DW_AT_name
	.long	890                             @ DW_AT_type
	.byte	2                               @ DW_AT_decl_file
	.short	1244                            @ DW_AT_decl_line
	.byte	40                              @ DW_AT_data_member_location
	.byte	5                               @ Abbrev [5] 0xbf8:0xd DW_TAG_member
	.long	.Linfo_string303                @ DW_AT_name
	.long	890                             @ DW_AT_type
	.byte	2                               @ DW_AT_decl_file
	.short	1245                            @ DW_AT_decl_line
	.byte	44                              @ DW_AT_data_member_location
	.byte	5                               @ Abbrev [5] 0xc05:0xd DW_TAG_member
	.long	.Linfo_string304                @ DW_AT_name
	.long	890                             @ DW_AT_type
	.byte	2                               @ DW_AT_decl_file
	.short	1246                            @ DW_AT_decl_line
	.byte	48                              @ DW_AT_data_member_location
	.byte	5                               @ Abbrev [5] 0xc12:0xd DW_TAG_member
	.long	.Linfo_string305                @ DW_AT_name
	.long	890                             @ DW_AT_type
	.byte	2                               @ DW_AT_decl_file
	.short	1247                            @ DW_AT_decl_line
	.byte	52                              @ DW_AT_data_member_location
	.byte	5                               @ Abbrev [5] 0xc1f:0xd DW_TAG_member
	.long	.Linfo_string306                @ DW_AT_name
	.long	890                             @ DW_AT_type
	.byte	2                               @ DW_AT_decl_file
	.short	1248                            @ DW_AT_decl_line
	.byte	56                              @ DW_AT_data_member_location
	.byte	5                               @ Abbrev [5] 0xc2c:0xd DW_TAG_member
	.long	.Linfo_string307                @ DW_AT_name
	.long	890                             @ DW_AT_type
	.byte	2                               @ DW_AT_decl_file
	.short	1249                            @ DW_AT_decl_line
	.byte	60                              @ DW_AT_data_member_location
	.byte	5                               @ Abbrev [5] 0xc39:0xd DW_TAG_member
	.long	.Linfo_string308                @ DW_AT_name
	.long	890                             @ DW_AT_type
	.byte	2                               @ DW_AT_decl_file
	.short	1250                            @ DW_AT_decl_line
	.byte	64                              @ DW_AT_data_member_location
	.byte	5                               @ Abbrev [5] 0xc46:0xd DW_TAG_member
	.long	.Linfo_string309                @ DW_AT_name
	.long	890                             @ DW_AT_type
	.byte	2                               @ DW_AT_decl_file
	.short	1251                            @ DW_AT_decl_line
	.byte	68                              @ DW_AT_data_member_location
	.byte	5                               @ Abbrev [5] 0xc53:0xd DW_TAG_member
	.long	.Linfo_string24                 @ DW_AT_name
	.long	895                             @ DW_AT_type
	.byte	2                               @ DW_AT_decl_file
	.short	1252                            @ DW_AT_decl_line
	.byte	72                              @ DW_AT_data_member_location
	.byte	5                               @ Abbrev [5] 0xc60:0xd DW_TAG_member
	.long	.Linfo_string310                @ DW_AT_name
	.long	890                             @ DW_AT_type
	.byte	2                               @ DW_AT_decl_file
	.short	1253                            @ DW_AT_decl_line
	.byte	76                              @ DW_AT_data_member_location
	.byte	5                               @ Abbrev [5] 0xc6d:0xd DW_TAG_member
	.long	.Linfo_string311                @ DW_AT_name
	.long	890                             @ DW_AT_type
	.byte	2                               @ DW_AT_decl_file
	.short	1254                            @ DW_AT_decl_line
	.byte	80                              @ DW_AT_data_member_location
	.byte	5                               @ Abbrev [5] 0xc7a:0xd DW_TAG_member
	.long	.Linfo_string312                @ DW_AT_name
	.long	890                             @ DW_AT_type
	.byte	2                               @ DW_AT_decl_file
	.short	1255                            @ DW_AT_decl_line
	.byte	84                              @ DW_AT_data_member_location
	.byte	5                               @ Abbrev [5] 0xc87:0xd DW_TAG_member
	.long	.Linfo_string313                @ DW_AT_name
	.long	890                             @ DW_AT_type
	.byte	2                               @ DW_AT_decl_file
	.short	1256                            @ DW_AT_decl_line
	.byte	88                              @ DW_AT_data_member_location
	.byte	5                               @ Abbrev [5] 0xc94:0xd DW_TAG_member
	.long	.Linfo_string29                 @ DW_AT_name
	.long	895                             @ DW_AT_type
	.byte	2                               @ DW_AT_decl_file
	.short	1257                            @ DW_AT_decl_line
	.byte	92                              @ DW_AT_data_member_location
	.byte	5                               @ Abbrev [5] 0xca1:0xd DW_TAG_member
	.long	.Linfo_string314                @ DW_AT_name
	.long	890                             @ DW_AT_type
	.byte	2                               @ DW_AT_decl_file
	.short	1258                            @ DW_AT_decl_line
	.byte	96                              @ DW_AT_data_member_location
	.byte	5                               @ Abbrev [5] 0xcae:0xd DW_TAG_member
	.long	.Linfo_string315                @ DW_AT_name
	.long	890                             @ DW_AT_type
	.byte	2                               @ DW_AT_decl_file
	.short	1259                            @ DW_AT_decl_line
	.byte	100                             @ DW_AT_data_member_location
	.byte	5                               @ Abbrev [5] 0xcbb:0xd DW_TAG_member
	.long	.Linfo_string316                @ DW_AT_name
	.long	890                             @ DW_AT_type
	.byte	2                               @ DW_AT_decl_file
	.short	1260                            @ DW_AT_decl_line
	.byte	104                             @ DW_AT_data_member_location
	.byte	5                               @ Abbrev [5] 0xcc8:0xd DW_TAG_member
	.long	.Linfo_string33                 @ DW_AT_name
	.long	895                             @ DW_AT_type
	.byte	2                               @ DW_AT_decl_file
	.short	1261                            @ DW_AT_decl_line
	.byte	108                             @ DW_AT_data_member_location
	.byte	5                               @ Abbrev [5] 0xcd5:0xd DW_TAG_member
	.long	.Linfo_string317                @ DW_AT_name
	.long	890                             @ DW_AT_type
	.byte	2                               @ DW_AT_decl_file
	.short	1262                            @ DW_AT_decl_line
	.byte	112                             @ DW_AT_data_member_location
	.byte	5                               @ Abbrev [5] 0xce2:0xd DW_TAG_member
	.long	.Linfo_string318                @ DW_AT_name
	.long	890                             @ DW_AT_type
	.byte	2                               @ DW_AT_decl_file
	.short	1263                            @ DW_AT_decl_line
	.byte	116                             @ DW_AT_data_member_location
	.byte	5                               @ Abbrev [5] 0xcef:0xd DW_TAG_member
	.long	.Linfo_string56                 @ DW_AT_name
	.long	895                             @ DW_AT_type
	.byte	2                               @ DW_AT_decl_file
	.short	1264                            @ DW_AT_decl_line
	.byte	120                             @ DW_AT_data_member_location
	.byte	5                               @ Abbrev [5] 0xcfc:0xd DW_TAG_member
	.long	.Linfo_string319                @ DW_AT_name
	.long	890                             @ DW_AT_type
	.byte	2                               @ DW_AT_decl_file
	.short	1265                            @ DW_AT_decl_line
	.byte	124                             @ DW_AT_data_member_location
	.byte	5                               @ Abbrev [5] 0xd09:0xd DW_TAG_member
	.long	.Linfo_string320                @ DW_AT_name
	.long	890                             @ DW_AT_type
	.byte	2                               @ DW_AT_decl_file
	.short	1266                            @ DW_AT_decl_line
	.byte	128                             @ DW_AT_data_member_location
	.byte	5                               @ Abbrev [5] 0xd16:0xd DW_TAG_member
	.long	.Linfo_string321                @ DW_AT_name
	.long	890                             @ DW_AT_type
	.byte	2                               @ DW_AT_decl_file
	.short	1267                            @ DW_AT_decl_line
	.byte	132                             @ DW_AT_data_member_location
	.byte	5                               @ Abbrev [5] 0xd23:0xd DW_TAG_member
	.long	.Linfo_string322                @ DW_AT_name
	.long	890                             @ DW_AT_type
	.byte	2                               @ DW_AT_decl_file
	.short	1268                            @ DW_AT_decl_line
	.byte	136                             @ DW_AT_data_member_location
	.byte	5                               @ Abbrev [5] 0xd30:0xd DW_TAG_member
	.long	.Linfo_string323                @ DW_AT_name
	.long	890                             @ DW_AT_type
	.byte	2                               @ DW_AT_decl_file
	.short	1269                            @ DW_AT_decl_line
	.byte	140                             @ DW_AT_data_member_location
	.byte	5                               @ Abbrev [5] 0xd3d:0xd DW_TAG_member
	.long	.Linfo_string324                @ DW_AT_name
	.long	890                             @ DW_AT_type
	.byte	2                               @ DW_AT_decl_file
	.short	1270                            @ DW_AT_decl_line
	.byte	144                             @ DW_AT_data_member_location
	.byte	5                               @ Abbrev [5] 0xd4a:0xd DW_TAG_member
	.long	.Linfo_string325                @ DW_AT_name
	.long	890                             @ DW_AT_type
	.byte	2                               @ DW_AT_decl_file
	.short	1271                            @ DW_AT_decl_line
	.byte	148                             @ DW_AT_data_member_location
	.byte	5                               @ Abbrev [5] 0xd57:0xd DW_TAG_member
	.long	.Linfo_string326                @ DW_AT_name
	.long	890                             @ DW_AT_type
	.byte	2                               @ DW_AT_decl_file
	.short	1272                            @ DW_AT_decl_line
	.byte	152                             @ DW_AT_data_member_location
	.byte	5                               @ Abbrev [5] 0xd64:0xd DW_TAG_member
	.long	.Linfo_string327                @ DW_AT_name
	.long	890                             @ DW_AT_type
	.byte	2                               @ DW_AT_decl_file
	.short	1273                            @ DW_AT_decl_line
	.byte	156                             @ DW_AT_data_member_location
	.byte	5                               @ Abbrev [5] 0xd71:0xd DW_TAG_member
	.long	.Linfo_string328                @ DW_AT_name
	.long	890                             @ DW_AT_type
	.byte	2                               @ DW_AT_decl_file
	.short	1274                            @ DW_AT_decl_line
	.byte	160                             @ DW_AT_data_member_location
	.byte	5                               @ Abbrev [5] 0xd7e:0xd DW_TAG_member
	.long	.Linfo_string329                @ DW_AT_name
	.long	895                             @ DW_AT_type
	.byte	2                               @ DW_AT_decl_file
	.short	1275                            @ DW_AT_decl_line
	.byte	164                             @ DW_AT_data_member_location
	.byte	5                               @ Abbrev [5] 0xd8b:0xd DW_TAG_member
	.long	.Linfo_string330                @ DW_AT_name
	.long	890                             @ DW_AT_type
	.byte	2                               @ DW_AT_decl_file
	.short	1276                            @ DW_AT_decl_line
	.byte	168                             @ DW_AT_data_member_location
	.byte	5                               @ Abbrev [5] 0xd98:0xd DW_TAG_member
	.long	.Linfo_string331                @ DW_AT_name
	.long	3776                            @ DW_AT_type
	.byte	2                               @ DW_AT_decl_file
	.short	1277                            @ DW_AT_decl_line
	.byte	172                             @ DW_AT_data_member_location
	.byte	5                               @ Abbrev [5] 0xda5:0xd DW_TAG_member
	.long	.Linfo_string332                @ DW_AT_name
	.long	890                             @ DW_AT_type
	.byte	2                               @ DW_AT_decl_file
	.short	1278                            @ DW_AT_decl_line
	.byte	208                             @ DW_AT_data_member_location
	.byte	5                               @ Abbrev [5] 0xdb2:0xd DW_TAG_member
	.long	.Linfo_string333                @ DW_AT_name
	.long	890                             @ DW_AT_type
	.byte	2                               @ DW_AT_decl_file
	.short	1279                            @ DW_AT_decl_line
	.byte	212                             @ DW_AT_data_member_location
	.byte	5                               @ Abbrev [5] 0xdbf:0xd DW_TAG_member
	.long	.Linfo_string334                @ DW_AT_name
	.long	890                             @ DW_AT_type
	.byte	2                               @ DW_AT_decl_file
	.short	1280                            @ DW_AT_decl_line
	.byte	216                             @ DW_AT_data_member_location
	.byte	5                               @ Abbrev [5] 0xdcc:0xd DW_TAG_member
	.long	.Linfo_string335                @ DW_AT_name
	.long	890                             @ DW_AT_type
	.byte	2                               @ DW_AT_decl_file
	.short	1281                            @ DW_AT_decl_line
	.byte	220                             @ DW_AT_data_member_location
	.byte	5                               @ Abbrev [5] 0xdd9:0xd DW_TAG_member
	.long	.Linfo_string336                @ DW_AT_name
	.long	890                             @ DW_AT_type
	.byte	2                               @ DW_AT_decl_file
	.short	1282                            @ DW_AT_decl_line
	.byte	224                             @ DW_AT_data_member_location
	.byte	5                               @ Abbrev [5] 0xde6:0xd DW_TAG_member
	.long	.Linfo_string337                @ DW_AT_name
	.long	890                             @ DW_AT_type
	.byte	2                               @ DW_AT_decl_file
	.short	1283                            @ DW_AT_decl_line
	.byte	228                             @ DW_AT_data_member_location
	.byte	5                               @ Abbrev [5] 0xdf3:0xd DW_TAG_member
	.long	.Linfo_string338                @ DW_AT_name
	.long	890                             @ DW_AT_type
	.byte	2                               @ DW_AT_decl_file
	.short	1284                            @ DW_AT_decl_line
	.byte	232                             @ DW_AT_data_member_location
	.byte	5                               @ Abbrev [5] 0xe00:0xd DW_TAG_member
	.long	.Linfo_string339                @ DW_AT_name
	.long	890                             @ DW_AT_type
	.byte	2                               @ DW_AT_decl_file
	.short	1285                            @ DW_AT_decl_line
	.byte	236                             @ DW_AT_data_member_location
	.byte	5                               @ Abbrev [5] 0xe0d:0xd DW_TAG_member
	.long	.Linfo_string340                @ DW_AT_name
	.long	890                             @ DW_AT_type
	.byte	2                               @ DW_AT_decl_file
	.short	1286                            @ DW_AT_decl_line
	.byte	240                             @ DW_AT_data_member_location
	.byte	5                               @ Abbrev [5] 0xe1a:0xd DW_TAG_member
	.long	.Linfo_string341                @ DW_AT_name
	.long	890                             @ DW_AT_type
	.byte	2                               @ DW_AT_decl_file
	.short	1287                            @ DW_AT_decl_line
	.byte	244                             @ DW_AT_data_member_location
	.byte	5                               @ Abbrev [5] 0xe27:0xd DW_TAG_member
	.long	.Linfo_string342                @ DW_AT_name
	.long	895                             @ DW_AT_type
	.byte	2                               @ DW_AT_decl_file
	.short	1288                            @ DW_AT_decl_line
	.byte	248                             @ DW_AT_data_member_location
	.byte	5                               @ Abbrev [5] 0xe34:0xd DW_TAG_member
	.long	.Linfo_string343                @ DW_AT_name
	.long	890                             @ DW_AT_type
	.byte	2                               @ DW_AT_decl_file
	.short	1289                            @ DW_AT_decl_line
	.byte	252                             @ DW_AT_data_member_location
	.byte	14                              @ Abbrev [14] 0xe41:0xe DW_TAG_member
	.long	.Linfo_string344                @ DW_AT_name
	.long	890                             @ DW_AT_type
	.byte	2                               @ DW_AT_decl_file
	.short	1290                            @ DW_AT_decl_line
	.short	256                             @ DW_AT_data_member_location
	.byte	14                              @ Abbrev [14] 0xe4f:0xe DW_TAG_member
	.long	.Linfo_string345                @ DW_AT_name
	.long	890                             @ DW_AT_type
	.byte	2                               @ DW_AT_decl_file
	.short	1291                            @ DW_AT_decl_line
	.short	260                             @ DW_AT_data_member_location
	.byte	14                              @ Abbrev [14] 0xe5d:0xe DW_TAG_member
	.long	.Linfo_string346                @ DW_AT_name
	.long	890                             @ DW_AT_type
	.byte	2                               @ DW_AT_decl_file
	.short	1292                            @ DW_AT_decl_line
	.short	264                             @ DW_AT_data_member_location
	.byte	14                              @ Abbrev [14] 0xe6b:0xe DW_TAG_member
	.long	.Linfo_string347                @ DW_AT_name
	.long	890                             @ DW_AT_type
	.byte	2                               @ DW_AT_decl_file
	.short	1293                            @ DW_AT_decl_line
	.short	268                             @ DW_AT_data_member_location
	.byte	14                              @ Abbrev [14] 0xe79:0xe DW_TAG_member
	.long	.Linfo_string348                @ DW_AT_name
	.long	890                             @ DW_AT_type
	.byte	2                               @ DW_AT_decl_file
	.short	1294                            @ DW_AT_decl_line
	.short	272                             @ DW_AT_data_member_location
	.byte	14                              @ Abbrev [14] 0xe87:0xe DW_TAG_member
	.long	.Linfo_string349                @ DW_AT_name
	.long	890                             @ DW_AT_type
	.byte	2                               @ DW_AT_decl_file
	.short	1295                            @ DW_AT_decl_line
	.short	276                             @ DW_AT_data_member_location
	.byte	14                              @ Abbrev [14] 0xe95:0xe DW_TAG_member
	.long	.Linfo_string350                @ DW_AT_name
	.long	890                             @ DW_AT_type
	.byte	2                               @ DW_AT_decl_file
	.short	1296                            @ DW_AT_decl_line
	.short	280                             @ DW_AT_data_member_location
	.byte	14                              @ Abbrev [14] 0xea3:0xe DW_TAG_member
	.long	.Linfo_string351                @ DW_AT_name
	.long	890                             @ DW_AT_type
	.byte	2                               @ DW_AT_decl_file
	.short	1297                            @ DW_AT_decl_line
	.short	284                             @ DW_AT_data_member_location
	.byte	14                              @ Abbrev [14] 0xeb1:0xe DW_TAG_member
	.long	.Linfo_string352                @ DW_AT_name
	.long	3788                            @ DW_AT_type
	.byte	2                               @ DW_AT_decl_file
	.short	1298                            @ DW_AT_decl_line
	.short	288                             @ DW_AT_data_member_location
	.byte	0                               @ End Of Children Mark
	.byte	11                              @ Abbrev [11] 0xec0:0xc DW_TAG_array_type
	.long	895                             @ DW_AT_type
	.byte	12                              @ Abbrev [12] 0xec5:0x6 DW_TAG_subrange_type
	.long	925                             @ DW_AT_type
	.byte	9                               @ DW_AT_count
	.byte	0                               @ End Of Children Mark
	.byte	11                              @ Abbrev [11] 0xecc:0xc DW_TAG_array_type
	.long	895                             @ DW_AT_type
	.byte	12                              @ Abbrev [12] 0xed1:0x6 DW_TAG_subrange_type
	.long	925                             @ DW_AT_type
	.byte	4                               @ DW_AT_count
	.byte	0                               @ End Of Children Mark
	.byte	9                               @ Abbrev [9] 0xed8:0xb DW_TAG_typedef
	.long	3811                            @ DW_AT_type
	.long	.Linfo_string355                @ DW_AT_name
	.byte	1                               @ DW_AT_decl_file
	.byte	63                              @ DW_AT_decl_line
	.byte	10                              @ Abbrev [10] 0xee3:0x7 DW_TAG_base_type
	.long	.Linfo_string354                @ DW_AT_name
	.byte	7                               @ DW_AT_encoding
	.byte	2                               @ DW_AT_byte_size
	.byte	9                               @ Abbrev [9] 0xeea:0xb DW_TAG_typedef
	.long	1612                            @ DW_AT_type
	.long	.Linfo_string356                @ DW_AT_name
	.byte	1                               @ DW_AT_decl_file
	.byte	62                              @ DW_AT_decl_line
	.byte	6                               @ Abbrev [6] 0xef5:0x5 DW_TAG_pointer_type
	.long	3834                            @ DW_AT_type
	.byte	3                               @ Abbrev [3] 0xefa:0xc DW_TAG_typedef
	.long	3846                            @ DW_AT_type
	.long	.Linfo_string366                @ DW_AT_name
	.byte	2                               @ DW_AT_decl_file
	.short	1076                            @ DW_AT_decl_line
	.byte	4                               @ Abbrev [4] 0xf06:0x7b DW_TAG_structure_type
	.byte	40                              @ DW_AT_byte_size
	.byte	2                               @ DW_AT_decl_file
	.short	1065                            @ DW_AT_decl_line
	.byte	5                               @ Abbrev [5] 0xf0b:0xd DW_TAG_member
	.long	.Linfo_string357                @ DW_AT_name
	.long	890                             @ DW_AT_type
	.byte	2                               @ DW_AT_decl_file
	.short	1067                            @ DW_AT_decl_line
	.byte	0                               @ DW_AT_data_member_location
	.byte	5                               @ Abbrev [5] 0xf18:0xd DW_TAG_member
	.long	.Linfo_string358                @ DW_AT_name
	.long	890                             @ DW_AT_type
	.byte	2                               @ DW_AT_decl_file
	.short	1068                            @ DW_AT_decl_line
	.byte	4                               @ DW_AT_data_member_location
	.byte	5                               @ Abbrev [5] 0xf25:0xd DW_TAG_member
	.long	.Linfo_string359                @ DW_AT_name
	.long	890                             @ DW_AT_type
	.byte	2                               @ DW_AT_decl_file
	.short	1069                            @ DW_AT_decl_line
	.byte	8                               @ DW_AT_data_member_location
	.byte	5                               @ Abbrev [5] 0xf32:0xd DW_TAG_member
	.long	.Linfo_string360                @ DW_AT_name
	.long	890                             @ DW_AT_type
	.byte	2                               @ DW_AT_decl_file
	.short	1070                            @ DW_AT_decl_line
	.byte	12                              @ DW_AT_data_member_location
	.byte	5                               @ Abbrev [5] 0xf3f:0xd DW_TAG_member
	.long	.Linfo_string361                @ DW_AT_name
	.long	890                             @ DW_AT_type
	.byte	2                               @ DW_AT_decl_file
	.short	1071                            @ DW_AT_decl_line
	.byte	16                              @ DW_AT_data_member_location
	.byte	5                               @ Abbrev [5] 0xf4c:0xd DW_TAG_member
	.long	.Linfo_string362                @ DW_AT_name
	.long	890                             @ DW_AT_type
	.byte	2                               @ DW_AT_decl_file
	.short	1072                            @ DW_AT_decl_line
	.byte	20                              @ DW_AT_data_member_location
	.byte	5                               @ Abbrev [5] 0xf59:0xd DW_TAG_member
	.long	.Linfo_string363                @ DW_AT_name
	.long	890                             @ DW_AT_type
	.byte	2                               @ DW_AT_decl_file
	.short	1073                            @ DW_AT_decl_line
	.byte	24                              @ DW_AT_data_member_location
	.byte	5                               @ Abbrev [5] 0xf66:0xd DW_TAG_member
	.long	.Linfo_string364                @ DW_AT_name
	.long	890                             @ DW_AT_type
	.byte	2                               @ DW_AT_decl_file
	.short	1074                            @ DW_AT_decl_line
	.byte	28                              @ DW_AT_data_member_location
	.byte	5                               @ Abbrev [5] 0xf73:0xd DW_TAG_member
	.long	.Linfo_string365                @ DW_AT_name
	.long	944                             @ DW_AT_type
	.byte	2                               @ DW_AT_decl_file
	.short	1075                            @ DW_AT_decl_line
	.byte	32                              @ DW_AT_data_member_location
	.byte	0                               @ End Of Children Mark
	.byte	21                              @ Abbrev [21] 0xf81:0x11 DW_TAG_subprogram
	.long	.Lfunc_begin0                   @ DW_AT_low_pc
	.long	.Lfunc_end0-.Lfunc_begin0       @ DW_AT_high_pc
	.byte	1                               @ DW_AT_frame_base
	.byte	93
	.long	.Linfo_string367                @ DW_AT_name
	.byte	6                               @ DW_AT_decl_file
	.byte	32                              @ DW_AT_decl_line
                                        @ DW_AT_prototyped
                                        @ DW_AT_external
	.byte	21                              @ Abbrev [21] 0xf92:0x11 DW_TAG_subprogram
	.long	.Lfunc_begin1                   @ DW_AT_low_pc
	.long	.Lfunc_end1-.Lfunc_begin1       @ DW_AT_high_pc
	.byte	1                               @ DW_AT_frame_base
	.byte	93
	.long	.Linfo_string368                @ DW_AT_name
	.byte	6                               @ DW_AT_decl_file
	.byte	80                              @ DW_AT_decl_line
                                        @ DW_AT_prototyped
                                        @ DW_AT_external
	.byte	21                              @ Abbrev [21] 0xfa3:0x11 DW_TAG_subprogram
	.long	.Lfunc_begin2                   @ DW_AT_low_pc
	.long	.Lfunc_end2-.Lfunc_begin2       @ DW_AT_high_pc
	.byte	1                               @ DW_AT_frame_base
	.byte	93
	.long	.Linfo_string369                @ DW_AT_name
	.byte	6                               @ DW_AT_decl_file
	.byte	128                             @ DW_AT_decl_line
                                        @ DW_AT_prototyped
                                        @ DW_AT_external
	.byte	22                              @ Abbrev [22] 0xfb4:0xc3 DW_TAG_subprogram
	.long	.Lfunc_begin3                   @ DW_AT_low_pc
	.long	.Lfunc_end3-.Lfunc_begin3       @ DW_AT_high_pc
	.byte	1                               @ DW_AT_frame_base
	.byte	93
	.long	.Linfo_string370                @ DW_AT_name
	.byte	6                               @ DW_AT_decl_file
	.byte	178                             @ DW_AT_decl_line
                                        @ DW_AT_prototyped
                                        @ DW_AT_external
	.byte	23                              @ Abbrev [23] 0xfc5:0xf DW_TAG_formal_parameter
	.byte	3                               @ DW_AT_location
	.byte	145
	.asciz	"\334"
	.long	.Linfo_string372                @ DW_AT_name
	.byte	6                               @ DW_AT_decl_file
	.byte	178                             @ DW_AT_decl_line
	.long	4249                            @ DW_AT_type
	.byte	24                              @ Abbrev [24] 0xfd4:0xf DW_TAG_variable
	.byte	3                               @ DW_AT_location
	.byte	145
	.asciz	"\310"
	.long	.Linfo_string373                @ DW_AT_name
	.byte	6                               @ DW_AT_decl_file
	.byte	181                             @ DW_AT_decl_line
	.long	4254                            @ DW_AT_type
	.byte	25                              @ Abbrev [25] 0xfe3:0x19 DW_TAG_lexical_block
	.long	.Ltmp25                         @ DW_AT_low_pc
	.long	.Ltmp26-.Ltmp25                 @ DW_AT_high_pc
	.byte	24                              @ Abbrev [24] 0xfec:0xf DW_TAG_variable
	.byte	3                               @ DW_AT_location
	.byte	145
	.asciz	"\304"
	.long	.Linfo_string379                @ DW_AT_name
	.byte	6                               @ DW_AT_decl_file
	.byte	190                             @ DW_AT_decl_line
	.long	890                             @ DW_AT_type
	.byte	0                               @ End Of Children Mark
	.byte	25                              @ Abbrev [25] 0xffc:0x19 DW_TAG_lexical_block
	.long	.Ltmp28                         @ DW_AT_low_pc
	.long	.Ltmp29-.Ltmp28                 @ DW_AT_high_pc
	.byte	24                              @ Abbrev [24] 0x1005:0xf DW_TAG_variable
	.byte	3                               @ DW_AT_location
	.byte	145
	.asciz	"\300"
	.long	.Linfo_string379                @ DW_AT_name
	.byte	6                               @ DW_AT_decl_file
	.byte	193                             @ DW_AT_decl_line
	.long	890                             @ DW_AT_type
	.byte	0                               @ End Of Children Mark
	.byte	25                              @ Abbrev [25] 0x1015:0x18 DW_TAG_lexical_block
	.long	.Ltmp36                         @ DW_AT_low_pc
	.long	.Ltmp37-.Ltmp36                 @ DW_AT_high_pc
	.byte	24                              @ Abbrev [24] 0x101e:0xe DW_TAG_variable
	.byte	2                               @ DW_AT_location
	.byte	145
	.byte	60
	.long	.Linfo_string379                @ DW_AT_name
	.byte	6                               @ DW_AT_decl_file
	.byte	222                             @ DW_AT_decl_line
	.long	890                             @ DW_AT_type
	.byte	0                               @ End Of Children Mark
	.byte	25                              @ Abbrev [25] 0x102d:0x18 DW_TAG_lexical_block
	.long	.Ltmp39                         @ DW_AT_low_pc
	.long	.Ltmp40-.Ltmp39                 @ DW_AT_high_pc
	.byte	24                              @ Abbrev [24] 0x1036:0xe DW_TAG_variable
	.byte	2                               @ DW_AT_location
	.byte	145
	.byte	56
	.long	.Linfo_string379                @ DW_AT_name
	.byte	6                               @ DW_AT_decl_file
	.byte	225                             @ DW_AT_decl_line
	.long	890                             @ DW_AT_type
	.byte	0                               @ End Of Children Mark
	.byte	25                              @ Abbrev [25] 0x1045:0x18 DW_TAG_lexical_block
	.long	.Ltmp47                         @ DW_AT_low_pc
	.long	.Ltmp48-.Ltmp47                 @ DW_AT_high_pc
	.byte	24                              @ Abbrev [24] 0x104e:0xe DW_TAG_variable
	.byte	2                               @ DW_AT_location
	.byte	145
	.byte	52
	.long	.Linfo_string379                @ DW_AT_name
	.byte	6                               @ DW_AT_decl_file
	.byte	254                             @ DW_AT_decl_line
	.long	890                             @ DW_AT_type
	.byte	0                               @ End Of Children Mark
	.byte	25                              @ Abbrev [25] 0x105d:0x19 DW_TAG_lexical_block
	.long	.Ltmp50                         @ DW_AT_low_pc
	.long	.Ltmp51-.Ltmp50                 @ DW_AT_high_pc
	.byte	26                              @ Abbrev [26] 0x1066:0xf DW_TAG_variable
	.byte	2                               @ DW_AT_location
	.byte	145
	.byte	48
	.long	.Linfo_string379                @ DW_AT_name
	.byte	6                               @ DW_AT_decl_file
	.short	257                             @ DW_AT_decl_line
	.long	890                             @ DW_AT_type
	.byte	0                               @ End Of Children Mark
	.byte	0                               @ End Of Children Mark
	.byte	27                              @ Abbrev [27] 0x1077:0x22 DW_TAG_subprogram
	.long	.Lfunc_begin4                   @ DW_AT_low_pc
	.long	.Lfunc_end4-.Lfunc_begin4       @ DW_AT_high_pc
	.byte	1                               @ DW_AT_frame_base
	.byte	93
	.long	.Linfo_string371                @ DW_AT_name
	.byte	6                               @ DW_AT_decl_file
	.short	280                             @ DW_AT_decl_line
                                        @ DW_AT_prototyped
                                        @ DW_AT_external
	.byte	28                              @ Abbrev [28] 0x1089:0xf DW_TAG_formal_parameter
	.byte	2                               @ DW_AT_location
	.byte	145
	.byte	4
	.long	.Linfo_string372                @ DW_AT_name
	.byte	6                               @ DW_AT_decl_file
	.short	280                             @ DW_AT_decl_line
	.long	4249                            @ DW_AT_type
	.byte	0                               @ End Of Children Mark
	.byte	6                               @ Abbrev [6] 0x1099:0x5 DW_TAG_pointer_type
	.long	55                              @ DW_AT_type
	.byte	9                               @ Abbrev [9] 0x109e:0xb DW_TAG_typedef
	.long	4265                            @ DW_AT_type
	.long	.Linfo_string378                @ DW_AT_name
	.byte	7                               @ DW_AT_decl_file
	.byte	62                              @ DW_AT_decl_line
	.byte	15                              @ Abbrev [15] 0x10a9:0x41 DW_TAG_structure_type
	.byte	20                              @ DW_AT_byte_size
	.byte	7                               @ DW_AT_decl_file
	.byte	46                              @ DW_AT_decl_line
	.byte	16                              @ Abbrev [16] 0x10ad:0xc DW_TAG_member
	.long	.Linfo_string374                @ DW_AT_name
	.long	895                             @ DW_AT_type
	.byte	7                               @ DW_AT_decl_file
	.byte	48                              @ DW_AT_decl_line
	.byte	0                               @ DW_AT_data_member_location
	.byte	16                              @ Abbrev [16] 0x10b9:0xc DW_TAG_member
	.long	.Linfo_string84                 @ DW_AT_name
	.long	895                             @ DW_AT_type
	.byte	7                               @ DW_AT_decl_file
	.byte	51                              @ DW_AT_decl_line
	.byte	4                               @ DW_AT_data_member_location
	.byte	16                              @ Abbrev [16] 0x10c5:0xc DW_TAG_member
	.long	.Linfo_string375                @ DW_AT_name
	.long	895                             @ DW_AT_type
	.byte	7                               @ DW_AT_decl_file
	.byte	54                              @ DW_AT_decl_line
	.byte	8                               @ DW_AT_data_member_location
	.byte	16                              @ Abbrev [16] 0x10d1:0xc DW_TAG_member
	.long	.Linfo_string376                @ DW_AT_name
	.long	895                             @ DW_AT_type
	.byte	7                               @ DW_AT_decl_file
	.byte	57                              @ DW_AT_decl_line
	.byte	12                              @ DW_AT_data_member_location
	.byte	16                              @ Abbrev [16] 0x10dd:0xc DW_TAG_member
	.long	.Linfo_string377                @ DW_AT_name
	.long	895                             @ DW_AT_type
	.byte	7                               @ DW_AT_decl_file
	.byte	60                              @ DW_AT_decl_line
	.byte	16                              @ DW_AT_data_member_location
	.byte	0                               @ End Of Children Mark
	.byte	0                               @ End Of Children Mark
.Ldebug_info_end0:
	.section	.debug_ranges,"",%progbits
.Ldebug_ranges0:
	.long	.Lfunc_begin0
	.long	.Lfunc_end0
	.long	.Lfunc_begin1
	.long	.Lfunc_end1
	.long	.Lfunc_begin2
	.long	.Lfunc_end2
	.long	.Lfunc_begin3
	.long	.Lfunc_end3
	.long	.Lfunc_begin4
	.long	.Lfunc_end4
	.long	0
	.long	0
	.section	.debug_str,"MS",%progbits,1
.Linfo_string0:
	.asciz	"Component: Arm Compiler for Embedded 6.24 Tool: armclang [5f371800]" @ string offset=0
.Linfo_string1:
	.asciz	"../Core/Src\\fdcan.c"          @ string offset=68
.Linfo_string2:
	.asciz	"D:\\stm32_project\\daily_work\\new_bubing\\cod_update_2.0\\COD_H7_Template\\MDK-ARM" @ string offset=88
.Linfo_string3:
	.asciz	"hfdcan1"                       @ string offset=166
.Linfo_string4:
	.asciz	"Instance"                      @ string offset=174
.Linfo_string5:
	.asciz	"CREL"                          @ string offset=183
.Linfo_string6:
	.asciz	"unsigned int"                  @ string offset=188
.Linfo_string7:
	.asciz	"uint32_t"                      @ string offset=201
.Linfo_string8:
	.asciz	"ENDN"                          @ string offset=210
.Linfo_string9:
	.asciz	"RESERVED1"                     @ string offset=215
.Linfo_string10:
	.asciz	"DBTP"                          @ string offset=225
.Linfo_string11:
	.asciz	"TEST"                          @ string offset=230
.Linfo_string12:
	.asciz	"RWD"                           @ string offset=235
.Linfo_string13:
	.asciz	"CCCR"                          @ string offset=239
.Linfo_string14:
	.asciz	"NBTP"                          @ string offset=244
.Linfo_string15:
	.asciz	"TSCC"                          @ string offset=249
.Linfo_string16:
	.asciz	"TSCV"                          @ string offset=254
.Linfo_string17:
	.asciz	"TOCC"                          @ string offset=259
.Linfo_string18:
	.asciz	"TOCV"                          @ string offset=264
.Linfo_string19:
	.asciz	"RESERVED2"                     @ string offset=269
.Linfo_string20:
	.asciz	"__ARRAY_SIZE_TYPE__"           @ string offset=279
.Linfo_string21:
	.asciz	"ECR"                           @ string offset=299
.Linfo_string22:
	.asciz	"PSR"                           @ string offset=303
.Linfo_string23:
	.asciz	"TDCR"                          @ string offset=307
.Linfo_string24:
	.asciz	"RESERVED3"                     @ string offset=312
.Linfo_string25:
	.asciz	"IR"                            @ string offset=322
.Linfo_string26:
	.asciz	"IE"                            @ string offset=325
.Linfo_string27:
	.asciz	"ILS"                           @ string offset=328
.Linfo_string28:
	.asciz	"ILE"                           @ string offset=332
.Linfo_string29:
	.asciz	"RESERVED4"                     @ string offset=336
.Linfo_string30:
	.asciz	"GFC"                           @ string offset=346
.Linfo_string31:
	.asciz	"SIDFC"                         @ string offset=350
.Linfo_string32:
	.asciz	"XIDFC"                         @ string offset=356
.Linfo_string33:
	.asciz	"RESERVED5"                     @ string offset=362
.Linfo_string34:
	.asciz	"XIDAM"                         @ string offset=372
.Linfo_string35:
	.asciz	"HPMS"                          @ string offset=378
.Linfo_string36:
	.asciz	"NDAT1"                         @ string offset=383
.Linfo_string37:
	.asciz	"NDAT2"                         @ string offset=389
.Linfo_string38:
	.asciz	"RXF0C"                         @ string offset=395
.Linfo_string39:
	.asciz	"RXF0S"                         @ string offset=401
.Linfo_string40:
	.asciz	"RXF0A"                         @ string offset=407
.Linfo_string41:
	.asciz	"RXBC"                          @ string offset=413
.Linfo_string42:
	.asciz	"RXF1C"                         @ string offset=418
.Linfo_string43:
	.asciz	"RXF1S"                         @ string offset=424
.Linfo_string44:
	.asciz	"RXF1A"                         @ string offset=430
.Linfo_string45:
	.asciz	"RXESC"                         @ string offset=436
.Linfo_string46:
	.asciz	"TXBC"                          @ string offset=442
.Linfo_string47:
	.asciz	"TXFQS"                         @ string offset=447
.Linfo_string48:
	.asciz	"TXESC"                         @ string offset=453
.Linfo_string49:
	.asciz	"TXBRP"                         @ string offset=459
.Linfo_string50:
	.asciz	"TXBAR"                         @ string offset=465
.Linfo_string51:
	.asciz	"TXBCR"                         @ string offset=471
.Linfo_string52:
	.asciz	"TXBTO"                         @ string offset=477
.Linfo_string53:
	.asciz	"TXBCF"                         @ string offset=483
.Linfo_string54:
	.asciz	"TXBTIE"                        @ string offset=489
.Linfo_string55:
	.asciz	"TXBCIE"                        @ string offset=496
.Linfo_string56:
	.asciz	"RESERVED6"                     @ string offset=503
.Linfo_string57:
	.asciz	"TXEFC"                         @ string offset=513
.Linfo_string58:
	.asciz	"TXEFS"                         @ string offset=519
.Linfo_string59:
	.asciz	"TXEFA"                         @ string offset=525
.Linfo_string60:
	.asciz	"RESERVED7"                     @ string offset=531
.Linfo_string61:
	.asciz	"FDCAN_GlobalTypeDef"           @ string offset=541
.Linfo_string62:
	.asciz	"ttcan"                         @ string offset=561
.Linfo_string63:
	.asciz	"TTTMC"                         @ string offset=567
.Linfo_string64:
	.asciz	"TTRMC"                         @ string offset=573
.Linfo_string65:
	.asciz	"TTOCF"                         @ string offset=579
.Linfo_string66:
	.asciz	"TTMLM"                         @ string offset=585
.Linfo_string67:
	.asciz	"TURCF"                         @ string offset=591
.Linfo_string68:
	.asciz	"TTOCN"                         @ string offset=597
.Linfo_string69:
	.asciz	"TTGTP"                         @ string offset=603
.Linfo_string70:
	.asciz	"TTTMK"                         @ string offset=609
.Linfo_string71:
	.asciz	"TTIR"                          @ string offset=615
.Linfo_string72:
	.asciz	"TTIE"                          @ string offset=620
.Linfo_string73:
	.asciz	"TTILS"                         @ string offset=625
.Linfo_string74:
	.asciz	"TTOST"                         @ string offset=631
.Linfo_string75:
	.asciz	"TURNA"                         @ string offset=637
.Linfo_string76:
	.asciz	"TTLGT"                         @ string offset=643
.Linfo_string77:
	.asciz	"TTCTC"                         @ string offset=649
.Linfo_string78:
	.asciz	"TTCPT"                         @ string offset=655
.Linfo_string79:
	.asciz	"TTCSM"                         @ string offset=661
.Linfo_string80:
	.asciz	"TTTS"                          @ string offset=667
.Linfo_string81:
	.asciz	"TTCAN_TypeDef"                 @ string offset=672
.Linfo_string82:
	.asciz	"Init"                          @ string offset=686
.Linfo_string83:
	.asciz	"FrameFormat"                   @ string offset=691
.Linfo_string84:
	.asciz	"Mode"                          @ string offset=703
.Linfo_string85:
	.asciz	"AutoRetransmission"            @ string offset=708
.Linfo_string86:
	.asciz	"unsigned char"                 @ string offset=727
.Linfo_string87:
	.asciz	"DISABLE"                       @ string offset=741
.Linfo_string88:
	.asciz	"ENABLE"                        @ string offset=749
.Linfo_string89:
	.asciz	"FunctionalState"               @ string offset=756
.Linfo_string90:
	.asciz	"TransmitPause"                 @ string offset=772
.Linfo_string91:
	.asciz	"ProtocolException"             @ string offset=786
.Linfo_string92:
	.asciz	"NominalPrescaler"              @ string offset=804
.Linfo_string93:
	.asciz	"NominalSyncJumpWidth"          @ string offset=821
.Linfo_string94:
	.asciz	"NominalTimeSeg1"               @ string offset=842
.Linfo_string95:
	.asciz	"NominalTimeSeg2"               @ string offset=858
.Linfo_string96:
	.asciz	"DataPrescaler"                 @ string offset=874
.Linfo_string97:
	.asciz	"DataSyncJumpWidth"             @ string offset=888
.Linfo_string98:
	.asciz	"DataTimeSeg1"                  @ string offset=906
.Linfo_string99:
	.asciz	"DataTimeSeg2"                  @ string offset=919
.Linfo_string100:
	.asciz	"MessageRAMOffset"              @ string offset=932
.Linfo_string101:
	.asciz	"StdFiltersNbr"                 @ string offset=949
.Linfo_string102:
	.asciz	"ExtFiltersNbr"                 @ string offset=963
.Linfo_string103:
	.asciz	"RxFifo0ElmtsNbr"               @ string offset=977
.Linfo_string104:
	.asciz	"RxFifo0ElmtSize"               @ string offset=993
.Linfo_string105:
	.asciz	"RxFifo1ElmtsNbr"               @ string offset=1009
.Linfo_string106:
	.asciz	"RxFifo1ElmtSize"               @ string offset=1025
.Linfo_string107:
	.asciz	"RxBuffersNbr"                  @ string offset=1041
.Linfo_string108:
	.asciz	"RxBufferSize"                  @ string offset=1054
.Linfo_string109:
	.asciz	"TxEventsNbr"                   @ string offset=1067
.Linfo_string110:
	.asciz	"TxBuffersNbr"                  @ string offset=1079
.Linfo_string111:
	.asciz	"TxFifoQueueElmtsNbr"           @ string offset=1092
.Linfo_string112:
	.asciz	"TxFifoQueueMode"               @ string offset=1112
.Linfo_string113:
	.asciz	"TxElmtSize"                    @ string offset=1128
.Linfo_string114:
	.asciz	"FDCAN_InitTypeDef"             @ string offset=1139
.Linfo_string115:
	.asciz	"msgRam"                        @ string offset=1157
.Linfo_string116:
	.asciz	"StandardFilterSA"              @ string offset=1164
.Linfo_string117:
	.asciz	"ExtendedFilterSA"              @ string offset=1181
.Linfo_string118:
	.asciz	"RxFIFO0SA"                     @ string offset=1198
.Linfo_string119:
	.asciz	"RxFIFO1SA"                     @ string offset=1208
.Linfo_string120:
	.asciz	"RxBufferSA"                    @ string offset=1218
.Linfo_string121:
	.asciz	"TxEventFIFOSA"                 @ string offset=1229
.Linfo_string122:
	.asciz	"TxBufferSA"                    @ string offset=1243
.Linfo_string123:
	.asciz	"TxFIFOQSA"                     @ string offset=1254
.Linfo_string124:
	.asciz	"TTMemorySA"                    @ string offset=1264
.Linfo_string125:
	.asciz	"EndAddress"                    @ string offset=1275
.Linfo_string126:
	.asciz	"FDCAN_MsgRamAddressTypeDef"    @ string offset=1286
.Linfo_string127:
	.asciz	"LatestTxFifoQRequest"          @ string offset=1313
.Linfo_string128:
	.asciz	"State"                         @ string offset=1334
.Linfo_string129:
	.asciz	"HAL_FDCAN_STATE_RESET"         @ string offset=1340
.Linfo_string130:
	.asciz	"HAL_FDCAN_STATE_READY"         @ string offset=1362
.Linfo_string131:
	.asciz	"HAL_FDCAN_STATE_BUSY"          @ string offset=1384
.Linfo_string132:
	.asciz	"HAL_FDCAN_STATE_ERROR"         @ string offset=1405
.Linfo_string133:
	.asciz	"HAL_FDCAN_StateTypeDef"        @ string offset=1427
.Linfo_string134:
	.asciz	"Lock"                          @ string offset=1450
.Linfo_string135:
	.asciz	"HAL_UNLOCKED"                  @ string offset=1455
.Linfo_string136:
	.asciz	"HAL_LOCKED"                    @ string offset=1468
.Linfo_string137:
	.asciz	"HAL_LockTypeDef"               @ string offset=1479
.Linfo_string138:
	.asciz	"ErrorCode"                     @ string offset=1495
.Linfo_string139:
	.asciz	"FDCAN_HandleTypeDef"           @ string offset=1505
.Linfo_string140:
	.asciz	"hfdcan2"                       @ string offset=1525
.Linfo_string141:
	.asciz	"hfdcan3"                       @ string offset=1533
.Linfo_string142:
	.asciz	"HAL_RCC_FDCAN_CLK_ENABLED"     @ string offset=1541
.Linfo_string143:
	.asciz	"HAL_OK"                        @ string offset=1567
.Linfo_string144:
	.asciz	"HAL_ERROR"                     @ string offset=1574
.Linfo_string145:
	.asciz	"HAL_BUSY"                      @ string offset=1584
.Linfo_string146:
	.asciz	"HAL_TIMEOUT"                   @ string offset=1593
.Linfo_string147:
	.asciz	"short"                         @ string offset=1605
.Linfo_string148:
	.asciz	"NonMaskableInt_IRQn"           @ string offset=1611
.Linfo_string149:
	.asciz	"HardFault_IRQn"                @ string offset=1631
.Linfo_string150:
	.asciz	"MemoryManagement_IRQn"         @ string offset=1646
.Linfo_string151:
	.asciz	"BusFault_IRQn"                 @ string offset=1668
.Linfo_string152:
	.asciz	"UsageFault_IRQn"               @ string offset=1682
.Linfo_string153:
	.asciz	"SVCall_IRQn"                   @ string offset=1698
.Linfo_string154:
	.asciz	"DebugMonitor_IRQn"             @ string offset=1710
.Linfo_string155:
	.asciz	"PendSV_IRQn"                   @ string offset=1728
.Linfo_string156:
	.asciz	"SysTick_IRQn"                  @ string offset=1740
.Linfo_string157:
	.asciz	"WWDG_IRQn"                     @ string offset=1753
.Linfo_string158:
	.asciz	"PVD_AVD_IRQn"                  @ string offset=1763
.Linfo_string159:
	.asciz	"TAMP_STAMP_IRQn"               @ string offset=1776
.Linfo_string160:
	.asciz	"RTC_WKUP_IRQn"                 @ string offset=1792
.Linfo_string161:
	.asciz	"FLASH_IRQn"                    @ string offset=1806
.Linfo_string162:
	.asciz	"RCC_IRQn"                      @ string offset=1817
.Linfo_string163:
	.asciz	"EXTI0_IRQn"                    @ string offset=1826
.Linfo_string164:
	.asciz	"EXTI1_IRQn"                    @ string offset=1837
.Linfo_string165:
	.asciz	"EXTI2_IRQn"                    @ string offset=1848
.Linfo_string166:
	.asciz	"EXTI3_IRQn"                    @ string offset=1859
.Linfo_string167:
	.asciz	"EXTI4_IRQn"                    @ string offset=1870
.Linfo_string168:
	.asciz	"DMA1_Stream0_IRQn"             @ string offset=1881
.Linfo_string169:
	.asciz	"DMA1_Stream1_IRQn"             @ string offset=1899
.Linfo_string170:
	.asciz	"DMA1_Stream2_IRQn"             @ string offset=1917
.Linfo_string171:
	.asciz	"DMA1_Stream3_IRQn"             @ string offset=1935
.Linfo_string172:
	.asciz	"DMA1_Stream4_IRQn"             @ string offset=1953
.Linfo_string173:
	.asciz	"DMA1_Stream5_IRQn"             @ string offset=1971
.Linfo_string174:
	.asciz	"DMA1_Stream6_IRQn"             @ string offset=1989
.Linfo_string175:
	.asciz	"ADC_IRQn"                      @ string offset=2007
.Linfo_string176:
	.asciz	"FDCAN1_IT0_IRQn"               @ string offset=2016
.Linfo_string177:
	.asciz	"FDCAN2_IT0_IRQn"               @ string offset=2032
.Linfo_string178:
	.asciz	"FDCAN1_IT1_IRQn"               @ string offset=2048
.Linfo_string179:
	.asciz	"FDCAN2_IT1_IRQn"               @ string offset=2064
.Linfo_string180:
	.asciz	"EXTI9_5_IRQn"                  @ string offset=2080
.Linfo_string181:
	.asciz	"TIM1_BRK_IRQn"                 @ string offset=2093
.Linfo_string182:
	.asciz	"TIM1_UP_IRQn"                  @ string offset=2107
.Linfo_string183:
	.asciz	"TIM1_TRG_COM_IRQn"             @ string offset=2120
.Linfo_string184:
	.asciz	"TIM1_CC_IRQn"                  @ string offset=2138
.Linfo_string185:
	.asciz	"TIM2_IRQn"                     @ string offset=2151
.Linfo_string186:
	.asciz	"TIM3_IRQn"                     @ string offset=2161
.Linfo_string187:
	.asciz	"TIM4_IRQn"                     @ string offset=2171
.Linfo_string188:
	.asciz	"I2C1_EV_IRQn"                  @ string offset=2181
.Linfo_string189:
	.asciz	"I2C1_ER_IRQn"                  @ string offset=2194
.Linfo_string190:
	.asciz	"I2C2_EV_IRQn"                  @ string offset=2207
.Linfo_string191:
	.asciz	"I2C2_ER_IRQn"                  @ string offset=2220
.Linfo_string192:
	.asciz	"SPI1_IRQn"                     @ string offset=2233
.Linfo_string193:
	.asciz	"SPI2_IRQn"                     @ string offset=2243
.Linfo_string194:
	.asciz	"USART1_IRQn"                   @ string offset=2253
.Linfo_string195:
	.asciz	"USART2_IRQn"                   @ string offset=2265
.Linfo_string196:
	.asciz	"USART3_IRQn"                   @ string offset=2277
.Linfo_string197:
	.asciz	"EXTI15_10_IRQn"                @ string offset=2289
.Linfo_string198:
	.asciz	"RTC_Alarm_IRQn"                @ string offset=2304
.Linfo_string199:
	.asciz	"TIM8_BRK_TIM12_IRQn"           @ string offset=2319
.Linfo_string200:
	.asciz	"TIM8_UP_TIM13_IRQn"            @ string offset=2339
.Linfo_string201:
	.asciz	"TIM8_TRG_COM_TIM14_IRQn"       @ string offset=2358
.Linfo_string202:
	.asciz	"TIM8_CC_IRQn"                  @ string offset=2382
.Linfo_string203:
	.asciz	"DMA1_Stream7_IRQn"             @ string offset=2395
.Linfo_string204:
	.asciz	"FMC_IRQn"                      @ string offset=2413
.Linfo_string205:
	.asciz	"SDMMC1_IRQn"                   @ string offset=2422
.Linfo_string206:
	.asciz	"TIM5_IRQn"                     @ string offset=2434
.Linfo_string207:
	.asciz	"SPI3_IRQn"                     @ string offset=2444
.Linfo_string208:
	.asciz	"UART4_IRQn"                    @ string offset=2454
.Linfo_string209:
	.asciz	"UART5_IRQn"                    @ string offset=2465
.Linfo_string210:
	.asciz	"TIM6_DAC_IRQn"                 @ string offset=2476
.Linfo_string211:
	.asciz	"TIM7_IRQn"                     @ string offset=2490
.Linfo_string212:
	.asciz	"DMA2_Stream0_IRQn"             @ string offset=2500
.Linfo_string213:
	.asciz	"DMA2_Stream1_IRQn"             @ string offset=2518
.Linfo_string214:
	.asciz	"DMA2_Stream2_IRQn"             @ string offset=2536
.Linfo_string215:
	.asciz	"DMA2_Stream3_IRQn"             @ string offset=2554
.Linfo_string216:
	.asciz	"DMA2_Stream4_IRQn"             @ string offset=2572
.Linfo_string217:
	.asciz	"ETH_IRQn"                      @ string offset=2590
.Linfo_string218:
	.asciz	"ETH_WKUP_IRQn"                 @ string offset=2599
.Linfo_string219:
	.asciz	"FDCAN_CAL_IRQn"                @ string offset=2613
.Linfo_string220:
	.asciz	"DMA2_Stream5_IRQn"             @ string offset=2628
.Linfo_string221:
	.asciz	"DMA2_Stream6_IRQn"             @ string offset=2646
.Linfo_string222:
	.asciz	"DMA2_Stream7_IRQn"             @ string offset=2664
.Linfo_string223:
	.asciz	"USART6_IRQn"                   @ string offset=2682
.Linfo_string224:
	.asciz	"I2C3_EV_IRQn"                  @ string offset=2694
.Linfo_string225:
	.asciz	"I2C3_ER_IRQn"                  @ string offset=2707
.Linfo_string226:
	.asciz	"OTG_HS_EP1_OUT_IRQn"           @ string offset=2720
.Linfo_string227:
	.asciz	"OTG_HS_EP1_IN_IRQn"            @ string offset=2740
.Linfo_string228:
	.asciz	"OTG_HS_WKUP_IRQn"              @ string offset=2759
.Linfo_string229:
	.asciz	"OTG_HS_IRQn"                   @ string offset=2776
.Linfo_string230:
	.asciz	"DCMI_PSSI_IRQn"                @ string offset=2788
.Linfo_string231:
	.asciz	"RNG_IRQn"                      @ string offset=2803
.Linfo_string232:
	.asciz	"FPU_IRQn"                      @ string offset=2812
.Linfo_string233:
	.asciz	"UART7_IRQn"                    @ string offset=2821
.Linfo_string234:
	.asciz	"UART8_IRQn"                    @ string offset=2832
.Linfo_string235:
	.asciz	"SPI4_IRQn"                     @ string offset=2843
.Linfo_string236:
	.asciz	"SPI5_IRQn"                     @ string offset=2853
.Linfo_string237:
	.asciz	"SPI6_IRQn"                     @ string offset=2863
.Linfo_string238:
	.asciz	"SAI1_IRQn"                     @ string offset=2873
.Linfo_string239:
	.asciz	"LTDC_IRQn"                     @ string offset=2883
.Linfo_string240:
	.asciz	"LTDC_ER_IRQn"                  @ string offset=2893
.Linfo_string241:
	.asciz	"DMA2D_IRQn"                    @ string offset=2906
.Linfo_string242:
	.asciz	"OCTOSPI1_IRQn"                 @ string offset=2917
.Linfo_string243:
	.asciz	"LPTIM1_IRQn"                   @ string offset=2931
.Linfo_string244:
	.asciz	"CEC_IRQn"                      @ string offset=2943
.Linfo_string245:
	.asciz	"I2C4_EV_IRQn"                  @ string offset=2952
.Linfo_string246:
	.asciz	"I2C4_ER_IRQn"                  @ string offset=2965
.Linfo_string247:
	.asciz	"SPDIF_RX_IRQn"                 @ string offset=2978
.Linfo_string248:
	.asciz	"DMAMUX1_OVR_IRQn"              @ string offset=2992
.Linfo_string249:
	.asciz	"DFSDM1_FLT0_IRQn"              @ string offset=3009
.Linfo_string250:
	.asciz	"DFSDM1_FLT1_IRQn"              @ string offset=3026
.Linfo_string251:
	.asciz	"DFSDM1_FLT2_IRQn"              @ string offset=3043
.Linfo_string252:
	.asciz	"DFSDM1_FLT3_IRQn"              @ string offset=3060
.Linfo_string253:
	.asciz	"SWPMI1_IRQn"                   @ string offset=3077
.Linfo_string254:
	.asciz	"TIM15_IRQn"                    @ string offset=3089
.Linfo_string255:
	.asciz	"TIM16_IRQn"                    @ string offset=3100
.Linfo_string256:
	.asciz	"TIM17_IRQn"                    @ string offset=3111
.Linfo_string257:
	.asciz	"MDIOS_WKUP_IRQn"               @ string offset=3122
.Linfo_string258:
	.asciz	"MDIOS_IRQn"                    @ string offset=3138
.Linfo_string259:
	.asciz	"MDMA_IRQn"                     @ string offset=3149
.Linfo_string260:
	.asciz	"SDMMC2_IRQn"                   @ string offset=3159
.Linfo_string261:
	.asciz	"HSEM1_IRQn"                    @ string offset=3171
.Linfo_string262:
	.asciz	"ADC3_IRQn"                     @ string offset=3182
.Linfo_string263:
	.asciz	"DMAMUX2_OVR_IRQn"              @ string offset=3192
.Linfo_string264:
	.asciz	"BDMA_Channel0_IRQn"            @ string offset=3209
.Linfo_string265:
	.asciz	"BDMA_Channel1_IRQn"            @ string offset=3228
.Linfo_string266:
	.asciz	"BDMA_Channel2_IRQn"            @ string offset=3247
.Linfo_string267:
	.asciz	"BDMA_Channel3_IRQn"            @ string offset=3266
.Linfo_string268:
	.asciz	"BDMA_Channel4_IRQn"            @ string offset=3285
.Linfo_string269:
	.asciz	"BDMA_Channel5_IRQn"            @ string offset=3304
.Linfo_string270:
	.asciz	"BDMA_Channel6_IRQn"            @ string offset=3323
.Linfo_string271:
	.asciz	"BDMA_Channel7_IRQn"            @ string offset=3342
.Linfo_string272:
	.asciz	"COMP_IRQn"                     @ string offset=3361
.Linfo_string273:
	.asciz	"LPTIM2_IRQn"                   @ string offset=3371
.Linfo_string274:
	.asciz	"LPTIM3_IRQn"                   @ string offset=3383
.Linfo_string275:
	.asciz	"LPTIM4_IRQn"                   @ string offset=3395
.Linfo_string276:
	.asciz	"LPTIM5_IRQn"                   @ string offset=3407
.Linfo_string277:
	.asciz	"LPUART1_IRQn"                  @ string offset=3419
.Linfo_string278:
	.asciz	"CRS_IRQn"                      @ string offset=3432
.Linfo_string279:
	.asciz	"ECC_IRQn"                      @ string offset=3441
.Linfo_string280:
	.asciz	"SAI4_IRQn"                     @ string offset=3450
.Linfo_string281:
	.asciz	"DTS_IRQn"                      @ string offset=3460
.Linfo_string282:
	.asciz	"WAKEUP_PIN_IRQn"               @ string offset=3469
.Linfo_string283:
	.asciz	"OCTOSPI2_IRQn"                 @ string offset=3485
.Linfo_string284:
	.asciz	"FMAC_IRQn"                     @ string offset=3499
.Linfo_string285:
	.asciz	"CORDIC_IRQn"                   @ string offset=3509
.Linfo_string286:
	.asciz	"UART9_IRQn"                    @ string offset=3521
.Linfo_string287:
	.asciz	"USART10_IRQn"                  @ string offset=3532
.Linfo_string288:
	.asciz	"I2C5_EV_IRQn"                  @ string offset=3545
.Linfo_string289:
	.asciz	"I2C5_ER_IRQn"                  @ string offset=3558
.Linfo_string290:
	.asciz	"FDCAN3_IT0_IRQn"               @ string offset=3571
.Linfo_string291:
	.asciz	"FDCAN3_IT1_IRQn"               @ string offset=3587
.Linfo_string292:
	.asciz	"TIM23_IRQn"                    @ string offset=3603
.Linfo_string293:
	.asciz	"TIM24_IRQn"                    @ string offset=3614
.Linfo_string294:
	.asciz	"CR"                            @ string offset=3625
.Linfo_string295:
	.asciz	"HSICFGR"                       @ string offset=3628
.Linfo_string296:
	.asciz	"CRRCR"                         @ string offset=3636
.Linfo_string297:
	.asciz	"CSICFGR"                       @ string offset=3642
.Linfo_string298:
	.asciz	"CFGR"                          @ string offset=3650
.Linfo_string299:
	.asciz	"D1CFGR"                        @ string offset=3655
.Linfo_string300:
	.asciz	"D2CFGR"                        @ string offset=3662
.Linfo_string301:
	.asciz	"D3CFGR"                        @ string offset=3669
.Linfo_string302:
	.asciz	"PLLCKSELR"                     @ string offset=3676
.Linfo_string303:
	.asciz	"PLLCFGR"                       @ string offset=3686
.Linfo_string304:
	.asciz	"PLL1DIVR"                      @ string offset=3694
.Linfo_string305:
	.asciz	"PLL1FRACR"                     @ string offset=3703
.Linfo_string306:
	.asciz	"PLL2DIVR"                      @ string offset=3713
.Linfo_string307:
	.asciz	"PLL2FRACR"                     @ string offset=3722
.Linfo_string308:
	.asciz	"PLL3DIVR"                      @ string offset=3732
.Linfo_string309:
	.asciz	"PLL3FRACR"                     @ string offset=3741
.Linfo_string310:
	.asciz	"D1CCIPR"                       @ string offset=3751
.Linfo_string311:
	.asciz	"D2CCIP1R"                      @ string offset=3759
.Linfo_string312:
	.asciz	"D2CCIP2R"                      @ string offset=3768
.Linfo_string313:
	.asciz	"D3CCIPR"                       @ string offset=3777
.Linfo_string314:
	.asciz	"CIER"                          @ string offset=3785
.Linfo_string315:
	.asciz	"CIFR"                          @ string offset=3790
.Linfo_string316:
	.asciz	"CICR"                          @ string offset=3795
.Linfo_string317:
	.asciz	"BDCR"                          @ string offset=3800
.Linfo_string318:
	.asciz	"CSR"                           @ string offset=3805
.Linfo_string319:
	.asciz	"AHB3RSTR"                      @ string offset=3809
.Linfo_string320:
	.asciz	"AHB1RSTR"                      @ string offset=3818
.Linfo_string321:
	.asciz	"AHB2RSTR"                      @ string offset=3827
.Linfo_string322:
	.asciz	"AHB4RSTR"                      @ string offset=3836
.Linfo_string323:
	.asciz	"APB3RSTR"                      @ string offset=3845
.Linfo_string324:
	.asciz	"APB1LRSTR"                     @ string offset=3854
.Linfo_string325:
	.asciz	"APB1HRSTR"                     @ string offset=3864
.Linfo_string326:
	.asciz	"APB2RSTR"                      @ string offset=3874
.Linfo_string327:
	.asciz	"APB4RSTR"                      @ string offset=3883
.Linfo_string328:
	.asciz	"GCR"                           @ string offset=3892
.Linfo_string329:
	.asciz	"RESERVED8"                     @ string offset=3896
.Linfo_string330:
	.asciz	"D3AMR"                         @ string offset=3906
.Linfo_string331:
	.asciz	"RESERVED11"                    @ string offset=3912
.Linfo_string332:
	.asciz	"RSR"                           @ string offset=3923
.Linfo_string333:
	.asciz	"AHB3ENR"                       @ string offset=3927
.Linfo_string334:
	.asciz	"AHB1ENR"                       @ string offset=3935
.Linfo_string335:
	.asciz	"AHB2ENR"                       @ string offset=3943
.Linfo_string336:
	.asciz	"AHB4ENR"                       @ string offset=3951
.Linfo_string337:
	.asciz	"APB3ENR"                       @ string offset=3959
.Linfo_string338:
	.asciz	"APB1LENR"                      @ string offset=3967
.Linfo_string339:
	.asciz	"APB1HENR"                      @ string offset=3976
.Linfo_string340:
	.asciz	"APB2ENR"                       @ string offset=3985
.Linfo_string341:
	.asciz	"APB4ENR"                       @ string offset=3993
.Linfo_string342:
	.asciz	"RESERVED12"                    @ string offset=4001
.Linfo_string343:
	.asciz	"AHB3LPENR"                     @ string offset=4012
.Linfo_string344:
	.asciz	"AHB1LPENR"                     @ string offset=4022
.Linfo_string345:
	.asciz	"AHB2LPENR"                     @ string offset=4032
.Linfo_string346:
	.asciz	"AHB4LPENR"                     @ string offset=4042
.Linfo_string347:
	.asciz	"APB3LPENR"                     @ string offset=4052
.Linfo_string348:
	.asciz	"APB1LLPENR"                    @ string offset=4062
.Linfo_string349:
	.asciz	"APB1HLPENR"                    @ string offset=4073
.Linfo_string350:
	.asciz	"APB2LPENR"                     @ string offset=4084
.Linfo_string351:
	.asciz	"APB4LPENR"                     @ string offset=4094
.Linfo_string352:
	.asciz	"RESERVED13"                    @ string offset=4104
.Linfo_string353:
	.asciz	"RCC_TypeDef"                   @ string offset=4115
.Linfo_string354:
	.asciz	"unsigned short"                @ string offset=4127
.Linfo_string355:
	.asciz	"uint16_t"                      @ string offset=4142
.Linfo_string356:
	.asciz	"uint8_t"                       @ string offset=4151
.Linfo_string357:
	.asciz	"MODER"                         @ string offset=4159
.Linfo_string358:
	.asciz	"OTYPER"                        @ string offset=4165
.Linfo_string359:
	.asciz	"OSPEEDR"                       @ string offset=4172
.Linfo_string360:
	.asciz	"PUPDR"                         @ string offset=4180
.Linfo_string361:
	.asciz	"IDR"                           @ string offset=4186
.Linfo_string362:
	.asciz	"ODR"                           @ string offset=4190
.Linfo_string363:
	.asciz	"BSRR"                          @ string offset=4194
.Linfo_string364:
	.asciz	"LCKR"                          @ string offset=4199
.Linfo_string365:
	.asciz	"AFR"                           @ string offset=4204
.Linfo_string366:
	.asciz	"GPIO_TypeDef"                  @ string offset=4208
.Linfo_string367:
	.asciz	"MX_FDCAN1_Init"                @ string offset=4221
.Linfo_string368:
	.asciz	"MX_FDCAN2_Init"                @ string offset=4236
.Linfo_string369:
	.asciz	"MX_FDCAN3_Init"                @ string offset=4251
.Linfo_string370:
	.asciz	"HAL_FDCAN_MspInit"             @ string offset=4266
.Linfo_string371:
	.asciz	"HAL_FDCAN_MspDeInit"           @ string offset=4284
.Linfo_string372:
	.asciz	"fdcanHandle"                   @ string offset=4304
.Linfo_string373:
	.asciz	"GPIO_InitStruct"               @ string offset=4316
.Linfo_string374:
	.asciz	"Pin"                           @ string offset=4332
.Linfo_string375:
	.asciz	"Pull"                          @ string offset=4336
.Linfo_string376:
	.asciz	"Speed"                         @ string offset=4341
.Linfo_string377:
	.asciz	"Alternate"                     @ string offset=4347
.Linfo_string378:
	.asciz	"GPIO_InitTypeDef"              @ string offset=4357
.Linfo_string379:
	.asciz	"tmpreg"                        @ string offset=4374
	.ident	"Component: Arm Compiler for Embedded 6.24 Tool: armclang [5f371800]"
	.section	".note.GNU-stack","",%progbits
	.eabi_attribute	30, 6	@ Tag_ABI_optimization_goals
	.ARM_attribute	16, 1	@ Tag_AV_eba
	.section	.debug_line,"",%progbits
.Lline_table_start0:
