	.text
	.syntax unified
	.eabi_attribute	67, "2.09"	@ Tag_conformance
	.cpu	cortex-m7
	.eabi_attribute	6, 13	@ Tag_CPU_arch
	.eabi_attribute	7, 77	@ Tag_CPU_arch_profile
	.eabi_attribute	8, 0	@ Tag_ARM_ISA_use
	.eabi_attribute	9, 2	@ Tag_THUMB_ISA_use
	.fpu	fpv5-d16
	.eabi_attribute	36, 1	@ Tag_FP_HP_extension
	.eabi_attribute	34, 1	@ Tag_CPU_unaligned_access
	.eabi_attribute	17, 1	@ Tag_ABI_PCS_GOT_use
	.eabi_attribute	20, 2	@ Tag_ABI_FP_denormal
	.eabi_attribute	21, 0	@ Tag_ABI_FP_exceptions
	.eabi_attribute	23, 1	@ Tag_ABI_FP_number_model
	.eabi_attribute	24, 1	@ Tag_ABI_align_needed
	.eabi_attribute	25, 1	@ Tag_ABI_align_preserved
	.eabi_attribute	28, 1	@ Tag_ABI_VFP_args
	.eabi_attribute	38, 1	@ Tag_ABI_FP_16bit_format
	.eabi_attribute	18, 2	@ Tag_ABI_PCS_wchar_t
	.eabi_attribute	26, 1	@ Tag_ABI_enum_size
	.eabi_attribute	14, 0	@ Tag_ABI_PCS_R9_use
	.file	"gpio.c"
	.file	1 "D:\\stm32_project\\daily_work\\new_bubing\\cod_update_2.0\\COD_H7_Template\\MDK-ARM" "../Drivers/STM32H7xx_HAL_Driver/Inc\\stm32h7xx_hal_gpio.h"
	.file	2 "D:\\stm32_project\\daily_work\\new_bubing\\cod_update_2.0\\COD_H7_Template\\MDK-ARM" "../Drivers/CMSIS/Device/ST/STM32H7xx/Include\\stm32h723xx.h"
	.file	3 "D:\\keil5_app\\Keil_v5\\ARM\\ARMCLANG\\bin\\..\\include" "stdint.h"
	.section	.text.MX_GPIO_Init,"ax",%progbits
	.hidden	MX_GPIO_Init                    @ -- Begin function MX_GPIO_Init
	.globl	MX_GPIO_Init
	.p2align	3
	.type	MX_GPIO_Init,%function
	.code	16                              @ @MX_GPIO_Init
	.thumb_func
MX_GPIO_Init:
.Lfunc_begin0:
	.file	4 "D:\\stm32_project\\daily_work\\new_bubing\\cod_update_2.0\\COD_H7_Template\\MDK-ARM" "../Core/Src/gpio.c"
	.loc	4 46 0                          @ ../Core/Src/gpio.c:46:0
	.fnstart
	.cfi_sections .debug_frame
	.cfi_startproc
@ %bb.0:
	.save	{r7, lr}
	push	{r7, lr}
	.cfi_def_cfa_offset 8
	.cfi_offset lr, -4
	.cfi_offset r7, -8
	.pad	#88
	sub	sp, #88
	.cfi_def_cfa_offset 96
	movs	r0, #0
.Ltmp0:
	.loc	4 48 20 prologue_end            @ ../Core/Src/gpio.c:48:20
	str	r0, [sp, #84]
	str	r0, [sp, #80]
	str	r0, [sp, #76]
	str	r0, [sp, #72]
	str	r0, [sp, #68]
	.loc	4 51 3                          @ ../Core/Src/gpio.c:51:3
	b	.LBB0_1
.LBB0_1:
	.loc	4 0 3 is_stmt 0                 @ ../Core/Src/gpio.c:0:3
	movw	r0, #17632
	movt	r0, #22530
.Ltmp1:
	.loc	4 51 3                          @ ../Core/Src/gpio.c:51:3
	ldr	r1, [r0]
	orr	r1, r1, #16
	str	r1, [r0]
	ldr	r0, [r0]
	and	r0, r0, #16
	str	r0, [sp, #64]
	ldr	r0, [sp, #64]
	b	.LBB0_2
.Ltmp2:
.LBB0_2:
	.loc	4 52 3 is_stmt 1                @ ../Core/Src/gpio.c:52:3
	b	.LBB0_3
.LBB0_3:
	.loc	4 0 3 is_stmt 0                 @ ../Core/Src/gpio.c:0:3
	movw	r0, #17632
	movt	r0, #22530
.Ltmp3:
	.loc	4 52 3                          @ ../Core/Src/gpio.c:52:3
	ldr	r1, [r0]
	orr	r1, r1, #4
	str	r1, [r0]
	ldr	r0, [r0]
	and	r0, r0, #4
	str	r0, [sp, #60]
	ldr	r0, [sp, #60]
	b	.LBB0_4
.Ltmp4:
.LBB0_4:
	.loc	4 53 3 is_stmt 1                @ ../Core/Src/gpio.c:53:3
	b	.LBB0_5
.LBB0_5:
	.loc	4 0 3 is_stmt 0                 @ ../Core/Src/gpio.c:0:3
	movw	r0, #17632
	movt	r0, #22530
.Ltmp5:
	.loc	4 53 3                          @ ../Core/Src/gpio.c:53:3
	ldr	r1, [r0]
	orr	r1, r1, #128
	str	r1, [r0]
	ldr	r0, [r0]
	and	r0, r0, #128
	str	r0, [sp, #56]
	ldr	r0, [sp, #56]
	b	.LBB0_6
.Ltmp6:
.LBB0_6:
	.loc	4 54 3 is_stmt 1                @ ../Core/Src/gpio.c:54:3
	b	.LBB0_7
.LBB0_7:
	.loc	4 0 3 is_stmt 0                 @ ../Core/Src/gpio.c:0:3
	movw	r0, #17632
	movt	r0, #22530
.Ltmp7:
	.loc	4 54 3                          @ ../Core/Src/gpio.c:54:3
	ldr	r1, [r0]
	orr	r1, r1, #1
	str	r1, [r0]
	ldr	r0, [r0]
	and	r0, r0, #1
	str	r0, [sp, #52]
	ldr	r0, [sp, #52]
	b	.LBB0_8
.Ltmp8:
.LBB0_8:
	.loc	4 55 3 is_stmt 1                @ ../Core/Src/gpio.c:55:3
	b	.LBB0_9
.LBB0_9:
	.loc	4 0 3 is_stmt 0                 @ ../Core/Src/gpio.c:0:3
	movw	r0, #17632
	movt	r0, #22530
.Ltmp9:
	.loc	4 55 3                          @ ../Core/Src/gpio.c:55:3
	ldr	r1, [r0]
	orr	r1, r1, #2
	str	r1, [r0]
	ldr	r0, [r0]
	and	r0, r0, #2
	str	r0, [sp, #48]
	ldr	r0, [sp, #48]
	b	.LBB0_10
.Ltmp10:
.LBB0_10:
	.loc	4 56 3 is_stmt 1                @ ../Core/Src/gpio.c:56:3
	b	.LBB0_11
.LBB0_11:
	.loc	4 0 3 is_stmt 0                 @ ../Core/Src/gpio.c:0:3
	movw	r0, #17632
	movt	r0, #22530
.Ltmp11:
	.loc	4 56 3                          @ ../Core/Src/gpio.c:56:3
	ldr	r1, [r0]
	orr	r1, r1, #8
	str	r1, [r0]
	ldr	r0, [r0]
	and	r0, r0, #8
	str	r0, [sp, #44]
	ldr	r0, [sp, #44]
	b	.LBB0_12
.Ltmp12:
.LBB0_12:
	.loc	4 0 3                           @ ../Core/Src/gpio.c:0:3
	movw	r0, #2048
	movt	r0, #22530
	str	r0, [sp, #4]                    @ 4-byte Spill
	mov.w	r1, #24576
	movs	r2, #0
	.loc	4 59 3 is_stmt 1                @ ../Core/Src/gpio.c:59:3
	str	r2, [sp, #36]                   @ 4-byte Spill
	bl	HAL_GPIO_WritePin
	ldr	r0, [sp, #4]                    @ 4-byte Reload
	movw	r1, #32777
	movs	r2, #1
	.loc	4 62 3                          @ ../Core/Src/gpio.c:62:3
	str	r2, [sp]                        @ 4-byte Spill
	bl	HAL_GPIO_WritePin
	ldr	r2, [sp]                        @ 4-byte Reload
	ldr	r0, [sp, #4]                    @ 4-byte Reload
	ldr	r1, [sp, #36]                   @ 4-byte Reload
	mov.w	r3, #57344
	.loc	4 65 23                         @ ../Core/Src/gpio.c:65:23
	str	r3, [sp, #68]
	.loc	4 66 24                         @ ../Core/Src/gpio.c:66:24
	str	r2, [sp, #72]
	.loc	4 67 24                         @ ../Core/Src/gpio.c:67:24
	str	r1, [sp, #76]
	.loc	4 68 25                         @ ../Core/Src/gpio.c:68:25
	str	r1, [sp, #80]
	add	r1, sp, #68
	.loc	4 69 3                          @ ../Core/Src/gpio.c:69:3
	str	r1, [sp, #16]                   @ 4-byte Spill
	bl	HAL_GPIO_Init
	ldr	r2, [sp]                        @ 4-byte Reload
	ldr	r0, [sp, #4]                    @ 4-byte Reload
	ldr	r1, [sp, #16]                   @ 4-byte Reload
	ldr	r3, [sp, #36]                   @ 4-byte Reload
	mov.w	r12, #9
	.loc	4 72 23                         @ ../Core/Src/gpio.c:72:23
	str.w	r12, [sp, #68]
	.loc	4 73 24                         @ ../Core/Src/gpio.c:73:24
	str	r2, [sp, #72]
	.loc	4 74 24                         @ ../Core/Src/gpio.c:74:24
	str	r3, [sp, #76]
	.loc	4 75 25                         @ ../Core/Src/gpio.c:75:25
	str	r2, [sp, #80]
	.loc	4 76 3                          @ ../Core/Src/gpio.c:76:3
	bl	HAL_GPIO_Init
	ldr	r1, [sp, #16]                   @ 4-byte Reload
	ldr	r0, [sp, #36]                   @ 4-byte Reload
	movs	r2, #5
	.loc	4 79 23                         @ ../Core/Src/gpio.c:79:23
	str	r2, [sp, #32]                   @ 4-byte Spill
	str	r2, [sp, #68]
	mov.w	r2, #3211264
	.loc	4 80 24                         @ ../Core/Src/gpio.c:80:24
	str	r2, [sp, #8]                    @ 4-byte Spill
	str	r2, [sp, #72]
	.loc	4 81 24                         @ ../Core/Src/gpio.c:81:24
	str	r0, [sp, #76]
	movs	r0, #0
	movt	r0, #22530
	.loc	4 82 3                          @ ../Core/Src/gpio.c:82:3
	bl	HAL_GPIO_Init
	ldr	r2, [sp, #8]                    @ 4-byte Reload
	ldr	r1, [sp, #16]                   @ 4-byte Reload
	ldr	r0, [sp, #36]                   @ 4-byte Reload
	mov.w	r3, #8704
	.loc	4 85 23                         @ ../Core/Src/gpio.c:85:23
	str	r3, [sp, #68]
	.loc	4 86 24                         @ ../Core/Src/gpio.c:86:24
	str	r2, [sp, #72]
	.loc	4 87 24                         @ ../Core/Src/gpio.c:87:24
	str	r0, [sp, #76]
	movw	r0, #4096
	movt	r0, #22530
	.loc	4 88 3                          @ ../Core/Src/gpio.c:88:3
	str	r0, [sp, #12]                   @ 4-byte Spill
	bl	HAL_GPIO_Init
	ldr	r0, [sp, #12]                   @ 4-byte Reload
	ldr	r1, [sp, #16]                   @ 4-byte Reload
	ldr	r2, [sp, #36]                   @ 4-byte Reload
	mov.w	r3, #5120
	.loc	4 91 23                         @ ../Core/Src/gpio.c:91:23
	str	r3, [sp, #68]
	mov.w	r3, #1114112
	.loc	4 92 24                         @ ../Core/Src/gpio.c:92:24
	str	r3, [sp, #72]
	.loc	4 93 24                         @ ../Core/Src/gpio.c:93:24
	str	r2, [sp, #76]
	.loc	4 94 3                          @ ../Core/Src/gpio.c:94:3
	bl	HAL_GPIO_Init
	ldr	r1, [sp, #16]                   @ 4-byte Reload
	ldr	r0, [sp, #36]                   @ 4-byte Reload
	movs	r2, #112
	.loc	4 97 23                         @ ../Core/Src/gpio.c:97:23
	str	r2, [sp, #68]
	movs	r2, #2
	.loc	4 98 24                         @ ../Core/Src/gpio.c:98:24
	str	r2, [sp, #72]
	.loc	4 99 24                         @ ../Core/Src/gpio.c:99:24
	str	r0, [sp, #76]
	.loc	4 100 25                        @ ../Core/Src/gpio.c:100:25
	str	r0, [sp, #80]
	movs	r0, #7
	.loc	4 101 29                        @ ../Core/Src/gpio.c:101:29
	str	r0, [sp, #84]
	movw	r0, #3072
	movt	r0, #22530
	.loc	4 102 3                         @ ../Core/Src/gpio.c:102:3
	bl	HAL_GPIO_Init
	ldr	r1, [sp, #36]                   @ 4-byte Reload
	mov.w	r0, #134217728
	.loc	4 105 3                         @ ../Core/Src/gpio.c:105:3
	bl	HAL_SYSCFG_AnalogSwitchConfig
	ldr	r1, [sp, #32]                   @ 4-byte Reload
	ldr	r2, [sp, #36]                   @ 4-byte Reload
	movs	r0, #6
	.loc	4 108 3                         @ ../Core/Src/gpio.c:108:3
	str	r0, [sp, #20]                   @ 4-byte Spill
	bl	HAL_NVIC_SetPriority
	ldr	r0, [sp, #20]                   @ 4-byte Reload
	.loc	4 109 3                         @ ../Core/Src/gpio.c:109:3
	bl	HAL_NVIC_EnableIRQ
	ldr	r1, [sp, #32]                   @ 4-byte Reload
	ldr	r2, [sp, #36]                   @ 4-byte Reload
	movs	r0, #8
	.loc	4 111 3                         @ ../Core/Src/gpio.c:111:3
	str	r0, [sp, #24]                   @ 4-byte Spill
	bl	HAL_NVIC_SetPriority
	ldr	r0, [sp, #24]                   @ 4-byte Reload
	.loc	4 112 3                         @ ../Core/Src/gpio.c:112:3
	bl	HAL_NVIC_EnableIRQ
	ldr	r1, [sp, #32]                   @ 4-byte Reload
	ldr	r2, [sp, #36]                   @ 4-byte Reload
	movs	r0, #23
	.loc	4 114 3                         @ ../Core/Src/gpio.c:114:3
	str	r0, [sp, #28]                   @ 4-byte Spill
	bl	HAL_NVIC_SetPriority
	ldr	r0, [sp, #28]                   @ 4-byte Reload
	.loc	4 115 3                         @ ../Core/Src/gpio.c:115:3
	bl	HAL_NVIC_EnableIRQ
	ldr	r1, [sp, #32]                   @ 4-byte Reload
	ldr	r2, [sp, #36]                   @ 4-byte Reload
	movs	r0, #40
	.loc	4 117 3                         @ ../Core/Src/gpio.c:117:3
	str	r0, [sp, #40]                   @ 4-byte Spill
	bl	HAL_NVIC_SetPriority
	ldr	r0, [sp, #40]                   @ 4-byte Reload
	.loc	4 118 3                         @ ../Core/Src/gpio.c:118:3
	bl	HAL_NVIC_EnableIRQ
	.loc	4 120 1 epilogue_begin          @ ../Core/Src/gpio.c:120:1
	add	sp, #88
	pop	{r7, pc}
.Ltmp13:
.Lfunc_end0:
	.size	MX_GPIO_Init, .Lfunc_end0-MX_GPIO_Init
	.cfi_endproc
	.cantunwind
	.fnend
                                        @ -- End function
	.section	.debug_abbrev,"",%progbits
	.byte	1                               @ Abbreviation Code
	.byte	17                              @ DW_TAG_compile_unit
	.byte	1                               @ DW_CHILDREN_yes
	.byte	37                              @ DW_AT_producer
	.byte	14                              @ DW_FORM_strp
	.byte	19                              @ DW_AT_language
	.byte	5                               @ DW_FORM_data2
	.byte	3                               @ DW_AT_name
	.byte	14                              @ DW_FORM_strp
	.byte	16                              @ DW_AT_stmt_list
	.byte	23                              @ DW_FORM_sec_offset
	.byte	27                              @ DW_AT_comp_dir
	.byte	14                              @ DW_FORM_strp
	.byte	17                              @ DW_AT_low_pc
	.byte	1                               @ DW_FORM_addr
	.byte	18                              @ DW_AT_high_pc
	.byte	6                               @ DW_FORM_data4
	.byte	0                               @ EOM(1)
	.byte	0                               @ EOM(2)
	.byte	2                               @ Abbreviation Code
	.byte	4                               @ DW_TAG_enumeration_type
	.byte	1                               @ DW_CHILDREN_yes
	.byte	73                              @ DW_AT_type
	.byte	19                              @ DW_FORM_ref4
	.byte	11                              @ DW_AT_byte_size
	.byte	11                              @ DW_FORM_data1
	.byte	58                              @ DW_AT_decl_file
	.byte	11                              @ DW_FORM_data1
	.byte	59                              @ DW_AT_decl_line
	.byte	11                              @ DW_FORM_data1
	.byte	0                               @ EOM(1)
	.byte	0                               @ EOM(2)
	.byte	3                               @ Abbreviation Code
	.byte	40                              @ DW_TAG_enumerator
	.byte	0                               @ DW_CHILDREN_no
	.byte	3                               @ DW_AT_name
	.byte	14                              @ DW_FORM_strp
	.byte	28                              @ DW_AT_const_value
	.byte	15                              @ DW_FORM_udata
	.byte	0                               @ EOM(1)
	.byte	0                               @ EOM(2)
	.byte	4                               @ Abbreviation Code
	.byte	36                              @ DW_TAG_base_type
	.byte	0                               @ DW_CHILDREN_no
	.byte	3                               @ DW_AT_name
	.byte	14                              @ DW_FORM_strp
	.byte	62                              @ DW_AT_encoding
	.byte	11                              @ DW_FORM_data1
	.byte	11                              @ DW_AT_byte_size
	.byte	11                              @ DW_FORM_data1
	.byte	0                               @ EOM(1)
	.byte	0                               @ EOM(2)
	.byte	5                               @ Abbreviation Code
	.byte	40                              @ DW_TAG_enumerator
	.byte	0                               @ DW_CHILDREN_no
	.byte	3                               @ DW_AT_name
	.byte	14                              @ DW_FORM_strp
	.byte	28                              @ DW_AT_const_value
	.byte	13                              @ DW_FORM_sdata
	.byte	0                               @ EOM(1)
	.byte	0                               @ EOM(2)
	.byte	6                               @ Abbreviation Code
	.byte	15                              @ DW_TAG_pointer_type
	.byte	0                               @ DW_CHILDREN_no
	.byte	73                              @ DW_AT_type
	.byte	19                              @ DW_FORM_ref4
	.byte	0                               @ EOM(1)
	.byte	0                               @ EOM(2)
	.byte	7                               @ Abbreviation Code
	.byte	22                              @ DW_TAG_typedef
	.byte	0                               @ DW_CHILDREN_no
	.byte	73                              @ DW_AT_type
	.byte	19                              @ DW_FORM_ref4
	.byte	3                               @ DW_AT_name
	.byte	14                              @ DW_FORM_strp
	.byte	58                              @ DW_AT_decl_file
	.byte	11                              @ DW_FORM_data1
	.byte	59                              @ DW_AT_decl_line
	.byte	5                               @ DW_FORM_data2
	.byte	0                               @ EOM(1)
	.byte	0                               @ EOM(2)
	.byte	8                               @ Abbreviation Code
	.byte	19                              @ DW_TAG_structure_type
	.byte	1                               @ DW_CHILDREN_yes
	.byte	11                              @ DW_AT_byte_size
	.byte	5                               @ DW_FORM_data2
	.byte	58                              @ DW_AT_decl_file
	.byte	11                              @ DW_FORM_data1
	.byte	59                              @ DW_AT_decl_line
	.byte	5                               @ DW_FORM_data2
	.byte	0                               @ EOM(1)
	.byte	0                               @ EOM(2)
	.byte	9                               @ Abbreviation Code
	.byte	13                              @ DW_TAG_member
	.byte	0                               @ DW_CHILDREN_no
	.byte	3                               @ DW_AT_name
	.byte	14                              @ DW_FORM_strp
	.byte	73                              @ DW_AT_type
	.byte	19                              @ DW_FORM_ref4
	.byte	58                              @ DW_AT_decl_file
	.byte	11                              @ DW_FORM_data1
	.byte	59                              @ DW_AT_decl_line
	.byte	5                               @ DW_FORM_data2
	.byte	56                              @ DW_AT_data_member_location
	.byte	11                              @ DW_FORM_data1
	.byte	0                               @ EOM(1)
	.byte	0                               @ EOM(2)
	.byte	10                              @ Abbreviation Code
	.byte	13                              @ DW_TAG_member
	.byte	0                               @ DW_CHILDREN_no
	.byte	3                               @ DW_AT_name
	.byte	14                              @ DW_FORM_strp
	.byte	73                              @ DW_AT_type
	.byte	19                              @ DW_FORM_ref4
	.byte	58                              @ DW_AT_decl_file
	.byte	11                              @ DW_FORM_data1
	.byte	59                              @ DW_AT_decl_line
	.byte	5                               @ DW_FORM_data2
	.byte	56                              @ DW_AT_data_member_location
	.byte	5                               @ DW_FORM_data2
	.byte	0                               @ EOM(1)
	.byte	0                               @ EOM(2)
	.byte	11                              @ Abbreviation Code
	.byte	53                              @ DW_TAG_volatile_type
	.byte	0                               @ DW_CHILDREN_no
	.byte	73                              @ DW_AT_type
	.byte	19                              @ DW_FORM_ref4
	.byte	0                               @ EOM(1)
	.byte	0                               @ EOM(2)
	.byte	12                              @ Abbreviation Code
	.byte	22                              @ DW_TAG_typedef
	.byte	0                               @ DW_CHILDREN_no
	.byte	73                              @ DW_AT_type
	.byte	19                              @ DW_FORM_ref4
	.byte	3                               @ DW_AT_name
	.byte	14                              @ DW_FORM_strp
	.byte	58                              @ DW_AT_decl_file
	.byte	11                              @ DW_FORM_data1
	.byte	59                              @ DW_AT_decl_line
	.byte	11                              @ DW_FORM_data1
	.byte	0                               @ EOM(1)
	.byte	0                               @ EOM(2)
	.byte	13                              @ Abbreviation Code
	.byte	1                               @ DW_TAG_array_type
	.byte	1                               @ DW_CHILDREN_yes
	.byte	73                              @ DW_AT_type
	.byte	19                              @ DW_FORM_ref4
	.byte	0                               @ EOM(1)
	.byte	0                               @ EOM(2)
	.byte	14                              @ Abbreviation Code
	.byte	33                              @ DW_TAG_subrange_type
	.byte	0                               @ DW_CHILDREN_no
	.byte	73                              @ DW_AT_type
	.byte	19                              @ DW_FORM_ref4
	.byte	55                              @ DW_AT_count
	.byte	11                              @ DW_FORM_data1
	.byte	0                               @ EOM(1)
	.byte	0                               @ EOM(2)
	.byte	15                              @ Abbreviation Code
	.byte	36                              @ DW_TAG_base_type
	.byte	0                               @ DW_CHILDREN_no
	.byte	3                               @ DW_AT_name
	.byte	14                              @ DW_FORM_strp
	.byte	11                              @ DW_AT_byte_size
	.byte	11                              @ DW_FORM_data1
	.byte	62                              @ DW_AT_encoding
	.byte	11                              @ DW_FORM_data1
	.byte	0                               @ EOM(1)
	.byte	0                               @ EOM(2)
	.byte	16                              @ Abbreviation Code
	.byte	19                              @ DW_TAG_structure_type
	.byte	1                               @ DW_CHILDREN_yes
	.byte	11                              @ DW_AT_byte_size
	.byte	11                              @ DW_FORM_data1
	.byte	58                              @ DW_AT_decl_file
	.byte	11                              @ DW_FORM_data1
	.byte	59                              @ DW_AT_decl_line
	.byte	5                               @ DW_FORM_data2
	.byte	0                               @ EOM(1)
	.byte	0                               @ EOM(2)
	.byte	17                              @ Abbreviation Code
	.byte	46                              @ DW_TAG_subprogram
	.byte	1                               @ DW_CHILDREN_yes
	.byte	17                              @ DW_AT_low_pc
	.byte	1                               @ DW_FORM_addr
	.byte	18                              @ DW_AT_high_pc
	.byte	6                               @ DW_FORM_data4
	.byte	64                              @ DW_AT_frame_base
	.byte	24                              @ DW_FORM_exprloc
	.byte	3                               @ DW_AT_name
	.byte	14                              @ DW_FORM_strp
	.byte	58                              @ DW_AT_decl_file
	.byte	11                              @ DW_FORM_data1
	.byte	59                              @ DW_AT_decl_line
	.byte	11                              @ DW_FORM_data1
	.byte	39                              @ DW_AT_prototyped
	.byte	25                              @ DW_FORM_flag_present
	.byte	63                              @ DW_AT_external
	.byte	25                              @ DW_FORM_flag_present
	.byte	0                               @ EOM(1)
	.byte	0                               @ EOM(2)
	.byte	18                              @ Abbreviation Code
	.byte	52                              @ DW_TAG_variable
	.byte	0                               @ DW_CHILDREN_no
	.byte	2                               @ DW_AT_location
	.byte	24                              @ DW_FORM_exprloc
	.byte	3                               @ DW_AT_name
	.byte	14                              @ DW_FORM_strp
	.byte	58                              @ DW_AT_decl_file
	.byte	11                              @ DW_FORM_data1
	.byte	59                              @ DW_AT_decl_line
	.byte	11                              @ DW_FORM_data1
	.byte	73                              @ DW_AT_type
	.byte	19                              @ DW_FORM_ref4
	.byte	0                               @ EOM(1)
	.byte	0                               @ EOM(2)
	.byte	19                              @ Abbreviation Code
	.byte	11                              @ DW_TAG_lexical_block
	.byte	1                               @ DW_CHILDREN_yes
	.byte	17                              @ DW_AT_low_pc
	.byte	1                               @ DW_FORM_addr
	.byte	18                              @ DW_AT_high_pc
	.byte	6                               @ DW_FORM_data4
	.byte	0                               @ EOM(1)
	.byte	0                               @ EOM(2)
	.byte	20                              @ Abbreviation Code
	.byte	19                              @ DW_TAG_structure_type
	.byte	1                               @ DW_CHILDREN_yes
	.byte	11                              @ DW_AT_byte_size
	.byte	11                              @ DW_FORM_data1
	.byte	58                              @ DW_AT_decl_file
	.byte	11                              @ DW_FORM_data1
	.byte	59                              @ DW_AT_decl_line
	.byte	11                              @ DW_FORM_data1
	.byte	0                               @ EOM(1)
	.byte	0                               @ EOM(2)
	.byte	21                              @ Abbreviation Code
	.byte	13                              @ DW_TAG_member
	.byte	0                               @ DW_CHILDREN_no
	.byte	3                               @ DW_AT_name
	.byte	14                              @ DW_FORM_strp
	.byte	73                              @ DW_AT_type
	.byte	19                              @ DW_FORM_ref4
	.byte	58                              @ DW_AT_decl_file
	.byte	11                              @ DW_FORM_data1
	.byte	59                              @ DW_AT_decl_line
	.byte	11                              @ DW_FORM_data1
	.byte	56                              @ DW_AT_data_member_location
	.byte	11                              @ DW_FORM_data1
	.byte	0                               @ EOM(1)
	.byte	0                               @ EOM(2)
	.byte	0                               @ EOM(3)
	.section	.debug_info,"",%progbits
.Lcu_begin0:
	.long	.Ldebug_info_end0-.Ldebug_info_start0 @ Length of Unit
.Ldebug_info_start0:
	.short	4                               @ DWARF version number
	.long	.debug_abbrev                   @ Offset Into Abbrev. Section
	.byte	4                               @ Address Size (in bytes)
	.byte	1                               @ Abbrev [1] 0xb:0x955 DW_TAG_compile_unit
	.long	.Linfo_string0                  @ DW_AT_producer
	.short	12                              @ DW_AT_language
	.long	.Linfo_string1                  @ DW_AT_name
	.long	.Lline_table_start0             @ DW_AT_stmt_list
	.long	.Linfo_string2                  @ DW_AT_comp_dir
	.long	.Lfunc_begin0                   @ DW_AT_low_pc
	.long	.Lfunc_end0-.Lfunc_begin0       @ DW_AT_high_pc
	.byte	2                               @ Abbrev [2] 0x26:0x15 DW_TAG_enumeration_type
	.long	59                              @ DW_AT_type
	.byte	1                               @ DW_AT_byte_size
	.byte	1                               @ DW_AT_decl_file
	.byte	67                              @ DW_AT_decl_line
	.byte	3                               @ Abbrev [3] 0x2e:0x6 DW_TAG_enumerator
	.long	.Linfo_string4                  @ DW_AT_name
	.byte	0                               @ DW_AT_const_value
	.byte	3                               @ Abbrev [3] 0x34:0x6 DW_TAG_enumerator
	.long	.Linfo_string5                  @ DW_AT_name
	.byte	1                               @ DW_AT_const_value
	.byte	0                               @ End Of Children Mark
	.byte	4                               @ Abbrev [4] 0x3b:0x7 DW_TAG_base_type
	.long	.Linfo_string3                  @ DW_AT_name
	.byte	8                               @ DW_AT_encoding
	.byte	1                               @ DW_AT_byte_size
	.byte	2                               @ Abbrev [2] 0x42:0x3bf DW_TAG_enumeration_type
	.long	1025                            @ DW_AT_type
	.byte	2                               @ DW_AT_byte_size
	.byte	2                               @ DW_AT_decl_file
	.byte	48                              @ DW_AT_decl_line
	.byte	5                               @ Abbrev [5] 0x4a:0x6 DW_TAG_enumerator
	.long	.Linfo_string7                  @ DW_AT_name
	.byte	114                             @ DW_AT_const_value
	.byte	5                               @ Abbrev [5] 0x50:0x6 DW_TAG_enumerator
	.long	.Linfo_string8                  @ DW_AT_name
	.byte	115                             @ DW_AT_const_value
	.byte	5                               @ Abbrev [5] 0x56:0x6 DW_TAG_enumerator
	.long	.Linfo_string9                  @ DW_AT_name
	.byte	116                             @ DW_AT_const_value
	.byte	5                               @ Abbrev [5] 0x5c:0x6 DW_TAG_enumerator
	.long	.Linfo_string10                 @ DW_AT_name
	.byte	117                             @ DW_AT_const_value
	.byte	5                               @ Abbrev [5] 0x62:0x6 DW_TAG_enumerator
	.long	.Linfo_string11                 @ DW_AT_name
	.byte	118                             @ DW_AT_const_value
	.byte	5                               @ Abbrev [5] 0x68:0x6 DW_TAG_enumerator
	.long	.Linfo_string12                 @ DW_AT_name
	.byte	123                             @ DW_AT_const_value
	.byte	5                               @ Abbrev [5] 0x6e:0x6 DW_TAG_enumerator
	.long	.Linfo_string13                 @ DW_AT_name
	.byte	124                             @ DW_AT_const_value
	.byte	5                               @ Abbrev [5] 0x74:0x6 DW_TAG_enumerator
	.long	.Linfo_string14                 @ DW_AT_name
	.byte	126                             @ DW_AT_const_value
	.byte	5                               @ Abbrev [5] 0x7a:0x6 DW_TAG_enumerator
	.long	.Linfo_string15                 @ DW_AT_name
	.byte	127                             @ DW_AT_const_value
	.byte	5                               @ Abbrev [5] 0x80:0x6 DW_TAG_enumerator
	.long	.Linfo_string16                 @ DW_AT_name
	.byte	0                               @ DW_AT_const_value
	.byte	5                               @ Abbrev [5] 0x86:0x6 DW_TAG_enumerator
	.long	.Linfo_string17                 @ DW_AT_name
	.byte	1                               @ DW_AT_const_value
	.byte	5                               @ Abbrev [5] 0x8c:0x6 DW_TAG_enumerator
	.long	.Linfo_string18                 @ DW_AT_name
	.byte	2                               @ DW_AT_const_value
	.byte	5                               @ Abbrev [5] 0x92:0x6 DW_TAG_enumerator
	.long	.Linfo_string19                 @ DW_AT_name
	.byte	3                               @ DW_AT_const_value
	.byte	5                               @ Abbrev [5] 0x98:0x6 DW_TAG_enumerator
	.long	.Linfo_string20                 @ DW_AT_name
	.byte	4                               @ DW_AT_const_value
	.byte	5                               @ Abbrev [5] 0x9e:0x6 DW_TAG_enumerator
	.long	.Linfo_string21                 @ DW_AT_name
	.byte	5                               @ DW_AT_const_value
	.byte	5                               @ Abbrev [5] 0xa4:0x6 DW_TAG_enumerator
	.long	.Linfo_string22                 @ DW_AT_name
	.byte	6                               @ DW_AT_const_value
	.byte	5                               @ Abbrev [5] 0xaa:0x6 DW_TAG_enumerator
	.long	.Linfo_string23                 @ DW_AT_name
	.byte	7                               @ DW_AT_const_value
	.byte	5                               @ Abbrev [5] 0xb0:0x6 DW_TAG_enumerator
	.long	.Linfo_string24                 @ DW_AT_name
	.byte	8                               @ DW_AT_const_value
	.byte	5                               @ Abbrev [5] 0xb6:0x6 DW_TAG_enumerator
	.long	.Linfo_string25                 @ DW_AT_name
	.byte	9                               @ DW_AT_const_value
	.byte	5                               @ Abbrev [5] 0xbc:0x6 DW_TAG_enumerator
	.long	.Linfo_string26                 @ DW_AT_name
	.byte	10                              @ DW_AT_const_value
	.byte	5                               @ Abbrev [5] 0xc2:0x6 DW_TAG_enumerator
	.long	.Linfo_string27                 @ DW_AT_name
	.byte	11                              @ DW_AT_const_value
	.byte	5                               @ Abbrev [5] 0xc8:0x6 DW_TAG_enumerator
	.long	.Linfo_string28                 @ DW_AT_name
	.byte	12                              @ DW_AT_const_value
	.byte	5                               @ Abbrev [5] 0xce:0x6 DW_TAG_enumerator
	.long	.Linfo_string29                 @ DW_AT_name
	.byte	13                              @ DW_AT_const_value
	.byte	5                               @ Abbrev [5] 0xd4:0x6 DW_TAG_enumerator
	.long	.Linfo_string30                 @ DW_AT_name
	.byte	14                              @ DW_AT_const_value
	.byte	5                               @ Abbrev [5] 0xda:0x6 DW_TAG_enumerator
	.long	.Linfo_string31                 @ DW_AT_name
	.byte	15                              @ DW_AT_const_value
	.byte	5                               @ Abbrev [5] 0xe0:0x6 DW_TAG_enumerator
	.long	.Linfo_string32                 @ DW_AT_name
	.byte	16                              @ DW_AT_const_value
	.byte	5                               @ Abbrev [5] 0xe6:0x6 DW_TAG_enumerator
	.long	.Linfo_string33                 @ DW_AT_name
	.byte	17                              @ DW_AT_const_value
	.byte	5                               @ Abbrev [5] 0xec:0x6 DW_TAG_enumerator
	.long	.Linfo_string34                 @ DW_AT_name
	.byte	18                              @ DW_AT_const_value
	.byte	5                               @ Abbrev [5] 0xf2:0x6 DW_TAG_enumerator
	.long	.Linfo_string35                 @ DW_AT_name
	.byte	19                              @ DW_AT_const_value
	.byte	5                               @ Abbrev [5] 0xf8:0x6 DW_TAG_enumerator
	.long	.Linfo_string36                 @ DW_AT_name
	.byte	20                              @ DW_AT_const_value
	.byte	5                               @ Abbrev [5] 0xfe:0x6 DW_TAG_enumerator
	.long	.Linfo_string37                 @ DW_AT_name
	.byte	21                              @ DW_AT_const_value
	.byte	5                               @ Abbrev [5] 0x104:0x6 DW_TAG_enumerator
	.long	.Linfo_string38                 @ DW_AT_name
	.byte	22                              @ DW_AT_const_value
	.byte	5                               @ Abbrev [5] 0x10a:0x6 DW_TAG_enumerator
	.long	.Linfo_string39                 @ DW_AT_name
	.byte	23                              @ DW_AT_const_value
	.byte	5                               @ Abbrev [5] 0x110:0x6 DW_TAG_enumerator
	.long	.Linfo_string40                 @ DW_AT_name
	.byte	24                              @ DW_AT_const_value
	.byte	5                               @ Abbrev [5] 0x116:0x6 DW_TAG_enumerator
	.long	.Linfo_string41                 @ DW_AT_name
	.byte	25                              @ DW_AT_const_value
	.byte	5                               @ Abbrev [5] 0x11c:0x6 DW_TAG_enumerator
	.long	.Linfo_string42                 @ DW_AT_name
	.byte	26                              @ DW_AT_const_value
	.byte	5                               @ Abbrev [5] 0x122:0x6 DW_TAG_enumerator
	.long	.Linfo_string43                 @ DW_AT_name
	.byte	27                              @ DW_AT_const_value
	.byte	5                               @ Abbrev [5] 0x128:0x6 DW_TAG_enumerator
	.long	.Linfo_string44                 @ DW_AT_name
	.byte	28                              @ DW_AT_const_value
	.byte	5                               @ Abbrev [5] 0x12e:0x6 DW_TAG_enumerator
	.long	.Linfo_string45                 @ DW_AT_name
	.byte	29                              @ DW_AT_const_value
	.byte	5                               @ Abbrev [5] 0x134:0x6 DW_TAG_enumerator
	.long	.Linfo_string46                 @ DW_AT_name
	.byte	30                              @ DW_AT_const_value
	.byte	5                               @ Abbrev [5] 0x13a:0x6 DW_TAG_enumerator
	.long	.Linfo_string47                 @ DW_AT_name
	.byte	31                              @ DW_AT_const_value
	.byte	5                               @ Abbrev [5] 0x140:0x6 DW_TAG_enumerator
	.long	.Linfo_string48                 @ DW_AT_name
	.byte	32                              @ DW_AT_const_value
	.byte	5                               @ Abbrev [5] 0x146:0x6 DW_TAG_enumerator
	.long	.Linfo_string49                 @ DW_AT_name
	.byte	33                              @ DW_AT_const_value
	.byte	5                               @ Abbrev [5] 0x14c:0x6 DW_TAG_enumerator
	.long	.Linfo_string50                 @ DW_AT_name
	.byte	34                              @ DW_AT_const_value
	.byte	5                               @ Abbrev [5] 0x152:0x6 DW_TAG_enumerator
	.long	.Linfo_string51                 @ DW_AT_name
	.byte	35                              @ DW_AT_const_value
	.byte	5                               @ Abbrev [5] 0x158:0x6 DW_TAG_enumerator
	.long	.Linfo_string52                 @ DW_AT_name
	.byte	36                              @ DW_AT_const_value
	.byte	5                               @ Abbrev [5] 0x15e:0x6 DW_TAG_enumerator
	.long	.Linfo_string53                 @ DW_AT_name
	.byte	37                              @ DW_AT_const_value
	.byte	5                               @ Abbrev [5] 0x164:0x6 DW_TAG_enumerator
	.long	.Linfo_string54                 @ DW_AT_name
	.byte	38                              @ DW_AT_const_value
	.byte	5                               @ Abbrev [5] 0x16a:0x6 DW_TAG_enumerator
	.long	.Linfo_string55                 @ DW_AT_name
	.byte	39                              @ DW_AT_const_value
	.byte	5                               @ Abbrev [5] 0x170:0x6 DW_TAG_enumerator
	.long	.Linfo_string56                 @ DW_AT_name
	.byte	40                              @ DW_AT_const_value
	.byte	5                               @ Abbrev [5] 0x176:0x6 DW_TAG_enumerator
	.long	.Linfo_string57                 @ DW_AT_name
	.byte	41                              @ DW_AT_const_value
	.byte	5                               @ Abbrev [5] 0x17c:0x6 DW_TAG_enumerator
	.long	.Linfo_string58                 @ DW_AT_name
	.byte	43                              @ DW_AT_const_value
	.byte	5                               @ Abbrev [5] 0x182:0x6 DW_TAG_enumerator
	.long	.Linfo_string59                 @ DW_AT_name
	.byte	44                              @ DW_AT_const_value
	.byte	5                               @ Abbrev [5] 0x188:0x6 DW_TAG_enumerator
	.long	.Linfo_string60                 @ DW_AT_name
	.byte	45                              @ DW_AT_const_value
	.byte	5                               @ Abbrev [5] 0x18e:0x6 DW_TAG_enumerator
	.long	.Linfo_string61                 @ DW_AT_name
	.byte	46                              @ DW_AT_const_value
	.byte	5                               @ Abbrev [5] 0x194:0x6 DW_TAG_enumerator
	.long	.Linfo_string62                 @ DW_AT_name
	.byte	47                              @ DW_AT_const_value
	.byte	5                               @ Abbrev [5] 0x19a:0x6 DW_TAG_enumerator
	.long	.Linfo_string63                 @ DW_AT_name
	.byte	48                              @ DW_AT_const_value
	.byte	5                               @ Abbrev [5] 0x1a0:0x6 DW_TAG_enumerator
	.long	.Linfo_string64                 @ DW_AT_name
	.byte	49                              @ DW_AT_const_value
	.byte	5                               @ Abbrev [5] 0x1a6:0x6 DW_TAG_enumerator
	.long	.Linfo_string65                 @ DW_AT_name
	.byte	50                              @ DW_AT_const_value
	.byte	5                               @ Abbrev [5] 0x1ac:0x6 DW_TAG_enumerator
	.long	.Linfo_string66                 @ DW_AT_name
	.byte	51                              @ DW_AT_const_value
	.byte	5                               @ Abbrev [5] 0x1b2:0x6 DW_TAG_enumerator
	.long	.Linfo_string67                 @ DW_AT_name
	.byte	52                              @ DW_AT_const_value
	.byte	5                               @ Abbrev [5] 0x1b8:0x6 DW_TAG_enumerator
	.long	.Linfo_string68                 @ DW_AT_name
	.byte	53                              @ DW_AT_const_value
	.byte	5                               @ Abbrev [5] 0x1be:0x6 DW_TAG_enumerator
	.long	.Linfo_string69                 @ DW_AT_name
	.byte	54                              @ DW_AT_const_value
	.byte	5                               @ Abbrev [5] 0x1c4:0x6 DW_TAG_enumerator
	.long	.Linfo_string70                 @ DW_AT_name
	.byte	55                              @ DW_AT_const_value
	.byte	5                               @ Abbrev [5] 0x1ca:0x6 DW_TAG_enumerator
	.long	.Linfo_string71                 @ DW_AT_name
	.byte	56                              @ DW_AT_const_value
	.byte	5                               @ Abbrev [5] 0x1d0:0x6 DW_TAG_enumerator
	.long	.Linfo_string72                 @ DW_AT_name
	.byte	57                              @ DW_AT_const_value
	.byte	5                               @ Abbrev [5] 0x1d6:0x6 DW_TAG_enumerator
	.long	.Linfo_string73                 @ DW_AT_name
	.byte	58                              @ DW_AT_const_value
	.byte	5                               @ Abbrev [5] 0x1dc:0x6 DW_TAG_enumerator
	.long	.Linfo_string74                 @ DW_AT_name
	.byte	59                              @ DW_AT_const_value
	.byte	5                               @ Abbrev [5] 0x1e2:0x6 DW_TAG_enumerator
	.long	.Linfo_string75                 @ DW_AT_name
	.byte	60                              @ DW_AT_const_value
	.byte	5                               @ Abbrev [5] 0x1e8:0x6 DW_TAG_enumerator
	.long	.Linfo_string76                 @ DW_AT_name
	.byte	61                              @ DW_AT_const_value
	.byte	5                               @ Abbrev [5] 0x1ee:0x6 DW_TAG_enumerator
	.long	.Linfo_string77                 @ DW_AT_name
	.byte	62                              @ DW_AT_const_value
	.byte	5                               @ Abbrev [5] 0x1f4:0x6 DW_TAG_enumerator
	.long	.Linfo_string78                 @ DW_AT_name
	.byte	63                              @ DW_AT_const_value
	.byte	5                               @ Abbrev [5] 0x1fa:0x7 DW_TAG_enumerator
	.long	.Linfo_string79                 @ DW_AT_name
	.asciz	"\304"                          @ DW_AT_const_value
	.byte	5                               @ Abbrev [5] 0x201:0x7 DW_TAG_enumerator
	.long	.Linfo_string80                 @ DW_AT_name
	.asciz	"\305"                          @ DW_AT_const_value
	.byte	5                               @ Abbrev [5] 0x208:0x7 DW_TAG_enumerator
	.long	.Linfo_string81                 @ DW_AT_name
	.asciz	"\306"                          @ DW_AT_const_value
	.byte	5                               @ Abbrev [5] 0x20f:0x7 DW_TAG_enumerator
	.long	.Linfo_string82                 @ DW_AT_name
	.asciz	"\307"                          @ DW_AT_const_value
	.byte	5                               @ Abbrev [5] 0x216:0x7 DW_TAG_enumerator
	.long	.Linfo_string83                 @ DW_AT_name
	.asciz	"\310"                          @ DW_AT_const_value
	.byte	5                               @ Abbrev [5] 0x21d:0x7 DW_TAG_enumerator
	.long	.Linfo_string84                 @ DW_AT_name
	.asciz	"\311"                          @ DW_AT_const_value
	.byte	5                               @ Abbrev [5] 0x224:0x7 DW_TAG_enumerator
	.long	.Linfo_string85                 @ DW_AT_name
	.asciz	"\312"                          @ DW_AT_const_value
	.byte	5                               @ Abbrev [5] 0x22b:0x7 DW_TAG_enumerator
	.long	.Linfo_string86                 @ DW_AT_name
	.asciz	"\313"                          @ DW_AT_const_value
	.byte	5                               @ Abbrev [5] 0x232:0x7 DW_TAG_enumerator
	.long	.Linfo_string87                 @ DW_AT_name
	.asciz	"\314"                          @ DW_AT_const_value
	.byte	5                               @ Abbrev [5] 0x239:0x7 DW_TAG_enumerator
	.long	.Linfo_string88                 @ DW_AT_name
	.asciz	"\315"                          @ DW_AT_const_value
	.byte	5                               @ Abbrev [5] 0x240:0x7 DW_TAG_enumerator
	.long	.Linfo_string89                 @ DW_AT_name
	.asciz	"\316"                          @ DW_AT_const_value
	.byte	5                               @ Abbrev [5] 0x247:0x7 DW_TAG_enumerator
	.long	.Linfo_string90                 @ DW_AT_name
	.asciz	"\320"                          @ DW_AT_const_value
	.byte	5                               @ Abbrev [5] 0x24e:0x7 DW_TAG_enumerator
	.long	.Linfo_string91                 @ DW_AT_name
	.asciz	"\321"                          @ DW_AT_const_value
	.byte	5                               @ Abbrev [5] 0x255:0x7 DW_TAG_enumerator
	.long	.Linfo_string92                 @ DW_AT_name
	.asciz	"\322"                          @ DW_AT_const_value
	.byte	5                               @ Abbrev [5] 0x25c:0x7 DW_TAG_enumerator
	.long	.Linfo_string93                 @ DW_AT_name
	.asciz	"\323"                          @ DW_AT_const_value
	.byte	5                               @ Abbrev [5] 0x263:0x7 DW_TAG_enumerator
	.long	.Linfo_string94                 @ DW_AT_name
	.asciz	"\324"                          @ DW_AT_const_value
	.byte	5                               @ Abbrev [5] 0x26a:0x7 DW_TAG_enumerator
	.long	.Linfo_string95                 @ DW_AT_name
	.asciz	"\325"                          @ DW_AT_const_value
	.byte	5                               @ Abbrev [5] 0x271:0x7 DW_TAG_enumerator
	.long	.Linfo_string96                 @ DW_AT_name
	.asciz	"\326"                          @ DW_AT_const_value
	.byte	5                               @ Abbrev [5] 0x278:0x7 DW_TAG_enumerator
	.long	.Linfo_string97                 @ DW_AT_name
	.asciz	"\327"                          @ DW_AT_const_value
	.byte	5                               @ Abbrev [5] 0x27f:0x7 DW_TAG_enumerator
	.long	.Linfo_string98                 @ DW_AT_name
	.asciz	"\330"                          @ DW_AT_const_value
	.byte	5                               @ Abbrev [5] 0x286:0x7 DW_TAG_enumerator
	.long	.Linfo_string99                 @ DW_AT_name
	.asciz	"\331"                          @ DW_AT_const_value
	.byte	5                               @ Abbrev [5] 0x28d:0x7 DW_TAG_enumerator
	.long	.Linfo_string100                @ DW_AT_name
	.asciz	"\332"                          @ DW_AT_const_value
	.byte	5                               @ Abbrev [5] 0x294:0x7 DW_TAG_enumerator
	.long	.Linfo_string101                @ DW_AT_name
	.asciz	"\334"                          @ DW_AT_const_value
	.byte	5                               @ Abbrev [5] 0x29b:0x7 DW_TAG_enumerator
	.long	.Linfo_string102                @ DW_AT_name
	.asciz	"\335"                          @ DW_AT_const_value
	.byte	5                               @ Abbrev [5] 0x2a2:0x7 DW_TAG_enumerator
	.long	.Linfo_string103                @ DW_AT_name
	.asciz	"\336"                          @ DW_AT_const_value
	.byte	5                               @ Abbrev [5] 0x2a9:0x7 DW_TAG_enumerator
	.long	.Linfo_string104                @ DW_AT_name
	.asciz	"\337"                          @ DW_AT_const_value
	.byte	5                               @ Abbrev [5] 0x2b0:0x7 DW_TAG_enumerator
	.long	.Linfo_string105                @ DW_AT_name
	.asciz	"\340"                          @ DW_AT_const_value
	.byte	5                               @ Abbrev [5] 0x2b7:0x7 DW_TAG_enumerator
	.long	.Linfo_string106                @ DW_AT_name
	.asciz	"\341"                          @ DW_AT_const_value
	.byte	5                               @ Abbrev [5] 0x2be:0x7 DW_TAG_enumerator
	.long	.Linfo_string107                @ DW_AT_name
	.asciz	"\346"                          @ DW_AT_const_value
	.byte	5                               @ Abbrev [5] 0x2c5:0x7 DW_TAG_enumerator
	.long	.Linfo_string108                @ DW_AT_name
	.asciz	"\356"                          @ DW_AT_const_value
	.byte	5                               @ Abbrev [5] 0x2cc:0x7 DW_TAG_enumerator
	.long	.Linfo_string109                @ DW_AT_name
	.asciz	"\357"                          @ DW_AT_const_value
	.byte	5                               @ Abbrev [5] 0x2d3:0x7 DW_TAG_enumerator
	.long	.Linfo_string110                @ DW_AT_name
	.asciz	"\360"                          @ DW_AT_const_value
	.byte	5                               @ Abbrev [5] 0x2da:0x7 DW_TAG_enumerator
	.long	.Linfo_string111                @ DW_AT_name
	.asciz	"\361"                          @ DW_AT_const_value
	.byte	5                               @ Abbrev [5] 0x2e1:0x7 DW_TAG_enumerator
	.long	.Linfo_string112                @ DW_AT_name
	.asciz	"\363"                          @ DW_AT_const_value
	.byte	5                               @ Abbrev [5] 0x2e8:0x7 DW_TAG_enumerator
	.long	.Linfo_string113                @ DW_AT_name
	.asciz	"\364"                          @ DW_AT_const_value
	.byte	5                               @ Abbrev [5] 0x2ef:0x7 DW_TAG_enumerator
	.long	.Linfo_string114                @ DW_AT_name
	.asciz	"\365"                          @ DW_AT_const_value
	.byte	5                               @ Abbrev [5] 0x2f6:0x7 DW_TAG_enumerator
	.long	.Linfo_string115                @ DW_AT_name
	.asciz	"\366"                          @ DW_AT_const_value
	.byte	5                               @ Abbrev [5] 0x2fd:0x7 DW_TAG_enumerator
	.long	.Linfo_string116                @ DW_AT_name
	.asciz	"\367"                          @ DW_AT_const_value
	.byte	5                               @ Abbrev [5] 0x304:0x7 DW_TAG_enumerator
	.long	.Linfo_string117                @ DW_AT_name
	.asciz	"\370"                          @ DW_AT_const_value
	.byte	5                               @ Abbrev [5] 0x30b:0x7 DW_TAG_enumerator
	.long	.Linfo_string118                @ DW_AT_name
	.asciz	"\372"                          @ DW_AT_const_value
	.byte	5                               @ Abbrev [5] 0x312:0x7 DW_TAG_enumerator
	.long	.Linfo_string119                @ DW_AT_name
	.asciz	"\374"                          @ DW_AT_const_value
	.byte	5                               @ Abbrev [5] 0x319:0x7 DW_TAG_enumerator
	.long	.Linfo_string120                @ DW_AT_name
	.asciz	"\375"                          @ DW_AT_const_value
	.byte	5                               @ Abbrev [5] 0x320:0x7 DW_TAG_enumerator
	.long	.Linfo_string121                @ DW_AT_name
	.asciz	"\377"                          @ DW_AT_const_value
	.byte	5                               @ Abbrev [5] 0x327:0x7 DW_TAG_enumerator
	.long	.Linfo_string122                @ DW_AT_name
	.ascii	"\200\001"                      @ DW_AT_const_value
	.byte	5                               @ Abbrev [5] 0x32e:0x7 DW_TAG_enumerator
	.long	.Linfo_string123                @ DW_AT_name
	.ascii	"\201\001"                      @ DW_AT_const_value
	.byte	5                               @ Abbrev [5] 0x335:0x7 DW_TAG_enumerator
	.long	.Linfo_string124                @ DW_AT_name
	.ascii	"\202\001"                      @ DW_AT_const_value
	.byte	5                               @ Abbrev [5] 0x33c:0x7 DW_TAG_enumerator
	.long	.Linfo_string125                @ DW_AT_name
	.ascii	"\203\001"                      @ DW_AT_const_value
	.byte	5                               @ Abbrev [5] 0x343:0x7 DW_TAG_enumerator
	.long	.Linfo_string126                @ DW_AT_name
	.ascii	"\204\001"                      @ DW_AT_const_value
	.byte	5                               @ Abbrev [5] 0x34a:0x7 DW_TAG_enumerator
	.long	.Linfo_string127                @ DW_AT_name
	.ascii	"\205\001"                      @ DW_AT_const_value
	.byte	5                               @ Abbrev [5] 0x351:0x7 DW_TAG_enumerator
	.long	.Linfo_string128                @ DW_AT_name
	.ascii	"\206\001"                      @ DW_AT_const_value
	.byte	5                               @ Abbrev [5] 0x358:0x7 DW_TAG_enumerator
	.long	.Linfo_string129                @ DW_AT_name
	.ascii	"\207\001"                      @ DW_AT_const_value
	.byte	5                               @ Abbrev [5] 0x35f:0x7 DW_TAG_enumerator
	.long	.Linfo_string130                @ DW_AT_name
	.ascii	"\210\001"                      @ DW_AT_const_value
	.byte	5                               @ Abbrev [5] 0x366:0x7 DW_TAG_enumerator
	.long	.Linfo_string131                @ DW_AT_name
	.ascii	"\211\001"                      @ DW_AT_const_value
	.byte	5                               @ Abbrev [5] 0x36d:0x7 DW_TAG_enumerator
	.long	.Linfo_string132                @ DW_AT_name
	.ascii	"\212\001"                      @ DW_AT_const_value
	.byte	5                               @ Abbrev [5] 0x374:0x7 DW_TAG_enumerator
	.long	.Linfo_string133                @ DW_AT_name
	.ascii	"\213\001"                      @ DW_AT_const_value
	.byte	5                               @ Abbrev [5] 0x37b:0x7 DW_TAG_enumerator
	.long	.Linfo_string134                @ DW_AT_name
	.ascii	"\214\001"                      @ DW_AT_const_value
	.byte	5                               @ Abbrev [5] 0x382:0x7 DW_TAG_enumerator
	.long	.Linfo_string135                @ DW_AT_name
	.ascii	"\215\001"                      @ DW_AT_const_value
	.byte	5                               @ Abbrev [5] 0x389:0x7 DW_TAG_enumerator
	.long	.Linfo_string136                @ DW_AT_name
	.ascii	"\216\001"                      @ DW_AT_const_value
	.byte	5                               @ Abbrev [5] 0x390:0x7 DW_TAG_enumerator
	.long	.Linfo_string137                @ DW_AT_name
	.ascii	"\220\001"                      @ DW_AT_const_value
	.byte	5                               @ Abbrev [5] 0x397:0x7 DW_TAG_enumerator
	.long	.Linfo_string138                @ DW_AT_name
	.ascii	"\221\001"                      @ DW_AT_const_value
	.byte	5                               @ Abbrev [5] 0x39e:0x7 DW_TAG_enumerator
	.long	.Linfo_string139                @ DW_AT_name
	.ascii	"\222\001"                      @ DW_AT_const_value
	.byte	5                               @ Abbrev [5] 0x3a5:0x7 DW_TAG_enumerator
	.long	.Linfo_string140                @ DW_AT_name
	.ascii	"\223\001"                      @ DW_AT_const_value
	.byte	5                               @ Abbrev [5] 0x3ac:0x7 DW_TAG_enumerator
	.long	.Linfo_string141                @ DW_AT_name
	.ascii	"\225\001"                      @ DW_AT_const_value
	.byte	5                               @ Abbrev [5] 0x3b3:0x7 DW_TAG_enumerator
	.long	.Linfo_string142                @ DW_AT_name
	.ascii	"\226\001"                      @ DW_AT_const_value
	.byte	5                               @ Abbrev [5] 0x3ba:0x7 DW_TAG_enumerator
	.long	.Linfo_string143                @ DW_AT_name
	.ascii	"\231\001"                      @ DW_AT_const_value
	.byte	5                               @ Abbrev [5] 0x3c1:0x7 DW_TAG_enumerator
	.long	.Linfo_string144                @ DW_AT_name
	.ascii	"\232\001"                      @ DW_AT_const_value
	.byte	5                               @ Abbrev [5] 0x3c8:0x7 DW_TAG_enumerator
	.long	.Linfo_string145                @ DW_AT_name
	.ascii	"\233\001"                      @ DW_AT_const_value
	.byte	5                               @ Abbrev [5] 0x3cf:0x7 DW_TAG_enumerator
	.long	.Linfo_string146                @ DW_AT_name
	.ascii	"\234\001"                      @ DW_AT_const_value
	.byte	5                               @ Abbrev [5] 0x3d6:0x7 DW_TAG_enumerator
	.long	.Linfo_string147                @ DW_AT_name
	.ascii	"\235\001"                      @ DW_AT_const_value
	.byte	5                               @ Abbrev [5] 0x3dd:0x7 DW_TAG_enumerator
	.long	.Linfo_string148                @ DW_AT_name
	.ascii	"\236\001"                      @ DW_AT_const_value
	.byte	5                               @ Abbrev [5] 0x3e4:0x7 DW_TAG_enumerator
	.long	.Linfo_string149                @ DW_AT_name
	.ascii	"\237\001"                      @ DW_AT_const_value
	.byte	5                               @ Abbrev [5] 0x3eb:0x7 DW_TAG_enumerator
	.long	.Linfo_string150                @ DW_AT_name
	.ascii	"\240\001"                      @ DW_AT_const_value
	.byte	5                               @ Abbrev [5] 0x3f2:0x7 DW_TAG_enumerator
	.long	.Linfo_string151                @ DW_AT_name
	.ascii	"\241\001"                      @ DW_AT_const_value
	.byte	5                               @ Abbrev [5] 0x3f9:0x7 DW_TAG_enumerator
	.long	.Linfo_string152                @ DW_AT_name
	.ascii	"\242\001"                      @ DW_AT_const_value
	.byte	0                               @ End Of Children Mark
	.byte	4                               @ Abbrev [4] 0x401:0x7 DW_TAG_base_type
	.long	.Linfo_string6                  @ DW_AT_name
	.byte	5                               @ DW_AT_encoding
	.byte	2                               @ DW_AT_byte_size
	.byte	6                               @ Abbrev [6] 0x408:0x5 DW_TAG_pointer_type
	.long	1037                            @ DW_AT_type
	.byte	7                               @ Abbrev [7] 0x40d:0xc DW_TAG_typedef
	.long	1049                            @ DW_AT_type
	.long	.Linfo_string221                @ DW_AT_name
	.byte	2                               @ DW_AT_decl_file
	.short	1300                            @ DW_AT_decl_line
	.byte	8                               @ Abbrev [8] 0x419:0x35d DW_TAG_structure_type
	.short	304                             @ DW_AT_byte_size
	.byte	2                               @ DW_AT_decl_file
	.short	1232                            @ DW_AT_decl_line
	.byte	9                               @ Abbrev [9] 0x41f:0xd DW_TAG_member
	.long	.Linfo_string153                @ DW_AT_name
	.long	1910                            @ DW_AT_type
	.byte	2                               @ DW_AT_decl_file
	.short	1234                            @ DW_AT_decl_line
	.byte	0                               @ DW_AT_data_member_location
	.byte	9                               @ Abbrev [9] 0x42c:0xd DW_TAG_member
	.long	.Linfo_string156                @ DW_AT_name
	.long	1910                            @ DW_AT_type
	.byte	2                               @ DW_AT_decl_file
	.short	1235                            @ DW_AT_decl_line
	.byte	4                               @ DW_AT_data_member_location
	.byte	9                               @ Abbrev [9] 0x439:0xd DW_TAG_member
	.long	.Linfo_string157                @ DW_AT_name
	.long	1910                            @ DW_AT_type
	.byte	2                               @ DW_AT_decl_file
	.short	1236                            @ DW_AT_decl_line
	.byte	8                               @ DW_AT_data_member_location
	.byte	9                               @ Abbrev [9] 0x446:0xd DW_TAG_member
	.long	.Linfo_string158                @ DW_AT_name
	.long	1910                            @ DW_AT_type
	.byte	2                               @ DW_AT_decl_file
	.short	1237                            @ DW_AT_decl_line
	.byte	12                              @ DW_AT_data_member_location
	.byte	9                               @ Abbrev [9] 0x453:0xd DW_TAG_member
	.long	.Linfo_string159                @ DW_AT_name
	.long	1910                            @ DW_AT_type
	.byte	2                               @ DW_AT_decl_file
	.short	1238                            @ DW_AT_decl_line
	.byte	16                              @ DW_AT_data_member_location
	.byte	9                               @ Abbrev [9] 0x460:0xd DW_TAG_member
	.long	.Linfo_string160                @ DW_AT_name
	.long	1915                            @ DW_AT_type
	.byte	2                               @ DW_AT_decl_file
	.short	1239                            @ DW_AT_decl_line
	.byte	20                              @ DW_AT_data_member_location
	.byte	9                               @ Abbrev [9] 0x46d:0xd DW_TAG_member
	.long	.Linfo_string161                @ DW_AT_name
	.long	1910                            @ DW_AT_type
	.byte	2                               @ DW_AT_decl_file
	.short	1240                            @ DW_AT_decl_line
	.byte	24                              @ DW_AT_data_member_location
	.byte	9                               @ Abbrev [9] 0x47a:0xd DW_TAG_member
	.long	.Linfo_string162                @ DW_AT_name
	.long	1910                            @ DW_AT_type
	.byte	2                               @ DW_AT_decl_file
	.short	1241                            @ DW_AT_decl_line
	.byte	28                              @ DW_AT_data_member_location
	.byte	9                               @ Abbrev [9] 0x487:0xd DW_TAG_member
	.long	.Linfo_string163                @ DW_AT_name
	.long	1910                            @ DW_AT_type
	.byte	2                               @ DW_AT_decl_file
	.short	1242                            @ DW_AT_decl_line
	.byte	32                              @ DW_AT_data_member_location
	.byte	9                               @ Abbrev [9] 0x494:0xd DW_TAG_member
	.long	.Linfo_string164                @ DW_AT_name
	.long	1915                            @ DW_AT_type
	.byte	2                               @ DW_AT_decl_file
	.short	1243                            @ DW_AT_decl_line
	.byte	36                              @ DW_AT_data_member_location
	.byte	9                               @ Abbrev [9] 0x4a1:0xd DW_TAG_member
	.long	.Linfo_string165                @ DW_AT_name
	.long	1910                            @ DW_AT_type
	.byte	2                               @ DW_AT_decl_file
	.short	1244                            @ DW_AT_decl_line
	.byte	40                              @ DW_AT_data_member_location
	.byte	9                               @ Abbrev [9] 0x4ae:0xd DW_TAG_member
	.long	.Linfo_string166                @ DW_AT_name
	.long	1910                            @ DW_AT_type
	.byte	2                               @ DW_AT_decl_file
	.short	1245                            @ DW_AT_decl_line
	.byte	44                              @ DW_AT_data_member_location
	.byte	9                               @ Abbrev [9] 0x4bb:0xd DW_TAG_member
	.long	.Linfo_string167                @ DW_AT_name
	.long	1910                            @ DW_AT_type
	.byte	2                               @ DW_AT_decl_file
	.short	1246                            @ DW_AT_decl_line
	.byte	48                              @ DW_AT_data_member_location
	.byte	9                               @ Abbrev [9] 0x4c8:0xd DW_TAG_member
	.long	.Linfo_string168                @ DW_AT_name
	.long	1910                            @ DW_AT_type
	.byte	2                               @ DW_AT_decl_file
	.short	1247                            @ DW_AT_decl_line
	.byte	52                              @ DW_AT_data_member_location
	.byte	9                               @ Abbrev [9] 0x4d5:0xd DW_TAG_member
	.long	.Linfo_string169                @ DW_AT_name
	.long	1910                            @ DW_AT_type
	.byte	2                               @ DW_AT_decl_file
	.short	1248                            @ DW_AT_decl_line
	.byte	56                              @ DW_AT_data_member_location
	.byte	9                               @ Abbrev [9] 0x4e2:0xd DW_TAG_member
	.long	.Linfo_string170                @ DW_AT_name
	.long	1910                            @ DW_AT_type
	.byte	2                               @ DW_AT_decl_file
	.short	1249                            @ DW_AT_decl_line
	.byte	60                              @ DW_AT_data_member_location
	.byte	9                               @ Abbrev [9] 0x4ef:0xd DW_TAG_member
	.long	.Linfo_string171                @ DW_AT_name
	.long	1910                            @ DW_AT_type
	.byte	2                               @ DW_AT_decl_file
	.short	1250                            @ DW_AT_decl_line
	.byte	64                              @ DW_AT_data_member_location
	.byte	9                               @ Abbrev [9] 0x4fc:0xd DW_TAG_member
	.long	.Linfo_string172                @ DW_AT_name
	.long	1910                            @ DW_AT_type
	.byte	2                               @ DW_AT_decl_file
	.short	1251                            @ DW_AT_decl_line
	.byte	68                              @ DW_AT_data_member_location
	.byte	9                               @ Abbrev [9] 0x509:0xd DW_TAG_member
	.long	.Linfo_string173                @ DW_AT_name
	.long	1915                            @ DW_AT_type
	.byte	2                               @ DW_AT_decl_file
	.short	1252                            @ DW_AT_decl_line
	.byte	72                              @ DW_AT_data_member_location
	.byte	9                               @ Abbrev [9] 0x516:0xd DW_TAG_member
	.long	.Linfo_string174                @ DW_AT_name
	.long	1910                            @ DW_AT_type
	.byte	2                               @ DW_AT_decl_file
	.short	1253                            @ DW_AT_decl_line
	.byte	76                              @ DW_AT_data_member_location
	.byte	9                               @ Abbrev [9] 0x523:0xd DW_TAG_member
	.long	.Linfo_string175                @ DW_AT_name
	.long	1910                            @ DW_AT_type
	.byte	2                               @ DW_AT_decl_file
	.short	1254                            @ DW_AT_decl_line
	.byte	80                              @ DW_AT_data_member_location
	.byte	9                               @ Abbrev [9] 0x530:0xd DW_TAG_member
	.long	.Linfo_string176                @ DW_AT_name
	.long	1910                            @ DW_AT_type
	.byte	2                               @ DW_AT_decl_file
	.short	1255                            @ DW_AT_decl_line
	.byte	84                              @ DW_AT_data_member_location
	.byte	9                               @ Abbrev [9] 0x53d:0xd DW_TAG_member
	.long	.Linfo_string177                @ DW_AT_name
	.long	1910                            @ DW_AT_type
	.byte	2                               @ DW_AT_decl_file
	.short	1256                            @ DW_AT_decl_line
	.byte	88                              @ DW_AT_data_member_location
	.byte	9                               @ Abbrev [9] 0x54a:0xd DW_TAG_member
	.long	.Linfo_string178                @ DW_AT_name
	.long	1915                            @ DW_AT_type
	.byte	2                               @ DW_AT_decl_file
	.short	1257                            @ DW_AT_decl_line
	.byte	92                              @ DW_AT_data_member_location
	.byte	9                               @ Abbrev [9] 0x557:0xd DW_TAG_member
	.long	.Linfo_string179                @ DW_AT_name
	.long	1910                            @ DW_AT_type
	.byte	2                               @ DW_AT_decl_file
	.short	1258                            @ DW_AT_decl_line
	.byte	96                              @ DW_AT_data_member_location
	.byte	9                               @ Abbrev [9] 0x564:0xd DW_TAG_member
	.long	.Linfo_string180                @ DW_AT_name
	.long	1910                            @ DW_AT_type
	.byte	2                               @ DW_AT_decl_file
	.short	1259                            @ DW_AT_decl_line
	.byte	100                             @ DW_AT_data_member_location
	.byte	9                               @ Abbrev [9] 0x571:0xd DW_TAG_member
	.long	.Linfo_string181                @ DW_AT_name
	.long	1910                            @ DW_AT_type
	.byte	2                               @ DW_AT_decl_file
	.short	1260                            @ DW_AT_decl_line
	.byte	104                             @ DW_AT_data_member_location
	.byte	9                               @ Abbrev [9] 0x57e:0xd DW_TAG_member
	.long	.Linfo_string182                @ DW_AT_name
	.long	1915                            @ DW_AT_type
	.byte	2                               @ DW_AT_decl_file
	.short	1261                            @ DW_AT_decl_line
	.byte	108                             @ DW_AT_data_member_location
	.byte	9                               @ Abbrev [9] 0x58b:0xd DW_TAG_member
	.long	.Linfo_string183                @ DW_AT_name
	.long	1910                            @ DW_AT_type
	.byte	2                               @ DW_AT_decl_file
	.short	1262                            @ DW_AT_decl_line
	.byte	112                             @ DW_AT_data_member_location
	.byte	9                               @ Abbrev [9] 0x598:0xd DW_TAG_member
	.long	.Linfo_string184                @ DW_AT_name
	.long	1910                            @ DW_AT_type
	.byte	2                               @ DW_AT_decl_file
	.short	1263                            @ DW_AT_decl_line
	.byte	116                             @ DW_AT_data_member_location
	.byte	9                               @ Abbrev [9] 0x5a5:0xd DW_TAG_member
	.long	.Linfo_string185                @ DW_AT_name
	.long	1915                            @ DW_AT_type
	.byte	2                               @ DW_AT_decl_file
	.short	1264                            @ DW_AT_decl_line
	.byte	120                             @ DW_AT_data_member_location
	.byte	9                               @ Abbrev [9] 0x5b2:0xd DW_TAG_member
	.long	.Linfo_string186                @ DW_AT_name
	.long	1910                            @ DW_AT_type
	.byte	2                               @ DW_AT_decl_file
	.short	1265                            @ DW_AT_decl_line
	.byte	124                             @ DW_AT_data_member_location
	.byte	9                               @ Abbrev [9] 0x5bf:0xd DW_TAG_member
	.long	.Linfo_string187                @ DW_AT_name
	.long	1910                            @ DW_AT_type
	.byte	2                               @ DW_AT_decl_file
	.short	1266                            @ DW_AT_decl_line
	.byte	128                             @ DW_AT_data_member_location
	.byte	9                               @ Abbrev [9] 0x5cc:0xd DW_TAG_member
	.long	.Linfo_string188                @ DW_AT_name
	.long	1910                            @ DW_AT_type
	.byte	2                               @ DW_AT_decl_file
	.short	1267                            @ DW_AT_decl_line
	.byte	132                             @ DW_AT_data_member_location
	.byte	9                               @ Abbrev [9] 0x5d9:0xd DW_TAG_member
	.long	.Linfo_string189                @ DW_AT_name
	.long	1910                            @ DW_AT_type
	.byte	2                               @ DW_AT_decl_file
	.short	1268                            @ DW_AT_decl_line
	.byte	136                             @ DW_AT_data_member_location
	.byte	9                               @ Abbrev [9] 0x5e6:0xd DW_TAG_member
	.long	.Linfo_string190                @ DW_AT_name
	.long	1910                            @ DW_AT_type
	.byte	2                               @ DW_AT_decl_file
	.short	1269                            @ DW_AT_decl_line
	.byte	140                             @ DW_AT_data_member_location
	.byte	9                               @ Abbrev [9] 0x5f3:0xd DW_TAG_member
	.long	.Linfo_string191                @ DW_AT_name
	.long	1910                            @ DW_AT_type
	.byte	2                               @ DW_AT_decl_file
	.short	1270                            @ DW_AT_decl_line
	.byte	144                             @ DW_AT_data_member_location
	.byte	9                               @ Abbrev [9] 0x600:0xd DW_TAG_member
	.long	.Linfo_string192                @ DW_AT_name
	.long	1910                            @ DW_AT_type
	.byte	2                               @ DW_AT_decl_file
	.short	1271                            @ DW_AT_decl_line
	.byte	148                             @ DW_AT_data_member_location
	.byte	9                               @ Abbrev [9] 0x60d:0xd DW_TAG_member
	.long	.Linfo_string193                @ DW_AT_name
	.long	1910                            @ DW_AT_type
	.byte	2                               @ DW_AT_decl_file
	.short	1272                            @ DW_AT_decl_line
	.byte	152                             @ DW_AT_data_member_location
	.byte	9                               @ Abbrev [9] 0x61a:0xd DW_TAG_member
	.long	.Linfo_string194                @ DW_AT_name
	.long	1910                            @ DW_AT_type
	.byte	2                               @ DW_AT_decl_file
	.short	1273                            @ DW_AT_decl_line
	.byte	156                             @ DW_AT_data_member_location
	.byte	9                               @ Abbrev [9] 0x627:0xd DW_TAG_member
	.long	.Linfo_string195                @ DW_AT_name
	.long	1910                            @ DW_AT_type
	.byte	2                               @ DW_AT_decl_file
	.short	1274                            @ DW_AT_decl_line
	.byte	160                             @ DW_AT_data_member_location
	.byte	9                               @ Abbrev [9] 0x634:0xd DW_TAG_member
	.long	.Linfo_string196                @ DW_AT_name
	.long	1915                            @ DW_AT_type
	.byte	2                               @ DW_AT_decl_file
	.short	1275                            @ DW_AT_decl_line
	.byte	164                             @ DW_AT_data_member_location
	.byte	9                               @ Abbrev [9] 0x641:0xd DW_TAG_member
	.long	.Linfo_string197                @ DW_AT_name
	.long	1910                            @ DW_AT_type
	.byte	2                               @ DW_AT_decl_file
	.short	1276                            @ DW_AT_decl_line
	.byte	168                             @ DW_AT_data_member_location
	.byte	9                               @ Abbrev [9] 0x64e:0xd DW_TAG_member
	.long	.Linfo_string198                @ DW_AT_name
	.long	1933                            @ DW_AT_type
	.byte	2                               @ DW_AT_decl_file
	.short	1277                            @ DW_AT_decl_line
	.byte	172                             @ DW_AT_data_member_location
	.byte	9                               @ Abbrev [9] 0x65b:0xd DW_TAG_member
	.long	.Linfo_string200                @ DW_AT_name
	.long	1910                            @ DW_AT_type
	.byte	2                               @ DW_AT_decl_file
	.short	1278                            @ DW_AT_decl_line
	.byte	208                             @ DW_AT_data_member_location
	.byte	9                               @ Abbrev [9] 0x668:0xd DW_TAG_member
	.long	.Linfo_string201                @ DW_AT_name
	.long	1910                            @ DW_AT_type
	.byte	2                               @ DW_AT_decl_file
	.short	1279                            @ DW_AT_decl_line
	.byte	212                             @ DW_AT_data_member_location
	.byte	9                               @ Abbrev [9] 0x675:0xd DW_TAG_member
	.long	.Linfo_string202                @ DW_AT_name
	.long	1910                            @ DW_AT_type
	.byte	2                               @ DW_AT_decl_file
	.short	1280                            @ DW_AT_decl_line
	.byte	216                             @ DW_AT_data_member_location
	.byte	9                               @ Abbrev [9] 0x682:0xd DW_TAG_member
	.long	.Linfo_string203                @ DW_AT_name
	.long	1910                            @ DW_AT_type
	.byte	2                               @ DW_AT_decl_file
	.short	1281                            @ DW_AT_decl_line
	.byte	220                             @ DW_AT_data_member_location
	.byte	9                               @ Abbrev [9] 0x68f:0xd DW_TAG_member
	.long	.Linfo_string204                @ DW_AT_name
	.long	1910                            @ DW_AT_type
	.byte	2                               @ DW_AT_decl_file
	.short	1282                            @ DW_AT_decl_line
	.byte	224                             @ DW_AT_data_member_location
	.byte	9                               @ Abbrev [9] 0x69c:0xd DW_TAG_member
	.long	.Linfo_string205                @ DW_AT_name
	.long	1910                            @ DW_AT_type
	.byte	2                               @ DW_AT_decl_file
	.short	1283                            @ DW_AT_decl_line
	.byte	228                             @ DW_AT_data_member_location
	.byte	9                               @ Abbrev [9] 0x6a9:0xd DW_TAG_member
	.long	.Linfo_string206                @ DW_AT_name
	.long	1910                            @ DW_AT_type
	.byte	2                               @ DW_AT_decl_file
	.short	1284                            @ DW_AT_decl_line
	.byte	232                             @ DW_AT_data_member_location
	.byte	9                               @ Abbrev [9] 0x6b6:0xd DW_TAG_member
	.long	.Linfo_string207                @ DW_AT_name
	.long	1910                            @ DW_AT_type
	.byte	2                               @ DW_AT_decl_file
	.short	1285                            @ DW_AT_decl_line
	.byte	236                             @ DW_AT_data_member_location
	.byte	9                               @ Abbrev [9] 0x6c3:0xd DW_TAG_member
	.long	.Linfo_string208                @ DW_AT_name
	.long	1910                            @ DW_AT_type
	.byte	2                               @ DW_AT_decl_file
	.short	1286                            @ DW_AT_decl_line
	.byte	240                             @ DW_AT_data_member_location
	.byte	9                               @ Abbrev [9] 0x6d0:0xd DW_TAG_member
	.long	.Linfo_string209                @ DW_AT_name
	.long	1910                            @ DW_AT_type
	.byte	2                               @ DW_AT_decl_file
	.short	1287                            @ DW_AT_decl_line
	.byte	244                             @ DW_AT_data_member_location
	.byte	9                               @ Abbrev [9] 0x6dd:0xd DW_TAG_member
	.long	.Linfo_string210                @ DW_AT_name
	.long	1915                            @ DW_AT_type
	.byte	2                               @ DW_AT_decl_file
	.short	1288                            @ DW_AT_decl_line
	.byte	248                             @ DW_AT_data_member_location
	.byte	9                               @ Abbrev [9] 0x6ea:0xd DW_TAG_member
	.long	.Linfo_string211                @ DW_AT_name
	.long	1910                            @ DW_AT_type
	.byte	2                               @ DW_AT_decl_file
	.short	1289                            @ DW_AT_decl_line
	.byte	252                             @ DW_AT_data_member_location
	.byte	10                              @ Abbrev [10] 0x6f7:0xe DW_TAG_member
	.long	.Linfo_string212                @ DW_AT_name
	.long	1910                            @ DW_AT_type
	.byte	2                               @ DW_AT_decl_file
	.short	1290                            @ DW_AT_decl_line
	.short	256                             @ DW_AT_data_member_location
	.byte	10                              @ Abbrev [10] 0x705:0xe DW_TAG_member
	.long	.Linfo_string213                @ DW_AT_name
	.long	1910                            @ DW_AT_type
	.byte	2                               @ DW_AT_decl_file
	.short	1291                            @ DW_AT_decl_line
	.short	260                             @ DW_AT_data_member_location
	.byte	10                              @ Abbrev [10] 0x713:0xe DW_TAG_member
	.long	.Linfo_string214                @ DW_AT_name
	.long	1910                            @ DW_AT_type
	.byte	2                               @ DW_AT_decl_file
	.short	1292                            @ DW_AT_decl_line
	.short	264                             @ DW_AT_data_member_location
	.byte	10                              @ Abbrev [10] 0x721:0xe DW_TAG_member
	.long	.Linfo_string215                @ DW_AT_name
	.long	1910                            @ DW_AT_type
	.byte	2                               @ DW_AT_decl_file
	.short	1293                            @ DW_AT_decl_line
	.short	268                             @ DW_AT_data_member_location
	.byte	10                              @ Abbrev [10] 0x72f:0xe DW_TAG_member
	.long	.Linfo_string216                @ DW_AT_name
	.long	1910                            @ DW_AT_type
	.byte	2                               @ DW_AT_decl_file
	.short	1294                            @ DW_AT_decl_line
	.short	272                             @ DW_AT_data_member_location
	.byte	10                              @ Abbrev [10] 0x73d:0xe DW_TAG_member
	.long	.Linfo_string217                @ DW_AT_name
	.long	1910                            @ DW_AT_type
	.byte	2                               @ DW_AT_decl_file
	.short	1295                            @ DW_AT_decl_line
	.short	276                             @ DW_AT_data_member_location
	.byte	10                              @ Abbrev [10] 0x74b:0xe DW_TAG_member
	.long	.Linfo_string218                @ DW_AT_name
	.long	1910                            @ DW_AT_type
	.byte	2                               @ DW_AT_decl_file
	.short	1296                            @ DW_AT_decl_line
	.short	280                             @ DW_AT_data_member_location
	.byte	10                              @ Abbrev [10] 0x759:0xe DW_TAG_member
	.long	.Linfo_string219                @ DW_AT_name
	.long	1910                            @ DW_AT_type
	.byte	2                               @ DW_AT_decl_file
	.short	1297                            @ DW_AT_decl_line
	.short	284                             @ DW_AT_data_member_location
	.byte	10                              @ Abbrev [10] 0x767:0xe DW_TAG_member
	.long	.Linfo_string220                @ DW_AT_name
	.long	1952                            @ DW_AT_type
	.byte	2                               @ DW_AT_decl_file
	.short	1298                            @ DW_AT_decl_line
	.short	288                             @ DW_AT_data_member_location
	.byte	0                               @ End Of Children Mark
	.byte	11                              @ Abbrev [11] 0x776:0x5 DW_TAG_volatile_type
	.long	1915                            @ DW_AT_type
	.byte	12                              @ Abbrev [12] 0x77b:0xb DW_TAG_typedef
	.long	1926                            @ DW_AT_type
	.long	.Linfo_string155                @ DW_AT_name
	.byte	3                               @ DW_AT_decl_file
	.byte	64                              @ DW_AT_decl_line
	.byte	4                               @ Abbrev [4] 0x786:0x7 DW_TAG_base_type
	.long	.Linfo_string154                @ DW_AT_name
	.byte	7                               @ DW_AT_encoding
	.byte	4                               @ DW_AT_byte_size
	.byte	13                              @ Abbrev [13] 0x78d:0xc DW_TAG_array_type
	.long	1915                            @ DW_AT_type
	.byte	14                              @ Abbrev [14] 0x792:0x6 DW_TAG_subrange_type
	.long	1945                            @ DW_AT_type
	.byte	9                               @ DW_AT_count
	.byte	0                               @ End Of Children Mark
	.byte	15                              @ Abbrev [15] 0x799:0x7 DW_TAG_base_type
	.long	.Linfo_string199                @ DW_AT_name
	.byte	8                               @ DW_AT_byte_size
	.byte	7                               @ DW_AT_encoding
	.byte	13                              @ Abbrev [13] 0x7a0:0xc DW_TAG_array_type
	.long	1915                            @ DW_AT_type
	.byte	14                              @ Abbrev [14] 0x7a5:0x6 DW_TAG_subrange_type
	.long	1945                            @ DW_AT_type
	.byte	4                               @ DW_AT_count
	.byte	0                               @ End Of Children Mark
	.byte	6                               @ Abbrev [6] 0x7ac:0x5 DW_TAG_pointer_type
	.long	1969                            @ DW_AT_type
	.byte	7                               @ Abbrev [7] 0x7b1:0xc DW_TAG_typedef
	.long	1981                            @ DW_AT_type
	.long	.Linfo_string231                @ DW_AT_name
	.byte	2                               @ DW_AT_decl_file
	.short	1076                            @ DW_AT_decl_line
	.byte	16                              @ Abbrev [16] 0x7bd:0x7b DW_TAG_structure_type
	.byte	40                              @ DW_AT_byte_size
	.byte	2                               @ DW_AT_decl_file
	.short	1065                            @ DW_AT_decl_line
	.byte	9                               @ Abbrev [9] 0x7c2:0xd DW_TAG_member
	.long	.Linfo_string222                @ DW_AT_name
	.long	1910                            @ DW_AT_type
	.byte	2                               @ DW_AT_decl_file
	.short	1067                            @ DW_AT_decl_line
	.byte	0                               @ DW_AT_data_member_location
	.byte	9                               @ Abbrev [9] 0x7cf:0xd DW_TAG_member
	.long	.Linfo_string223                @ DW_AT_name
	.long	1910                            @ DW_AT_type
	.byte	2                               @ DW_AT_decl_file
	.short	1068                            @ DW_AT_decl_line
	.byte	4                               @ DW_AT_data_member_location
	.byte	9                               @ Abbrev [9] 0x7dc:0xd DW_TAG_member
	.long	.Linfo_string224                @ DW_AT_name
	.long	1910                            @ DW_AT_type
	.byte	2                               @ DW_AT_decl_file
	.short	1069                            @ DW_AT_decl_line
	.byte	8                               @ DW_AT_data_member_location
	.byte	9                               @ Abbrev [9] 0x7e9:0xd DW_TAG_member
	.long	.Linfo_string225                @ DW_AT_name
	.long	1910                            @ DW_AT_type
	.byte	2                               @ DW_AT_decl_file
	.short	1070                            @ DW_AT_decl_line
	.byte	12                              @ DW_AT_data_member_location
	.byte	9                               @ Abbrev [9] 0x7f6:0xd DW_TAG_member
	.long	.Linfo_string226                @ DW_AT_name
	.long	1910                            @ DW_AT_type
	.byte	2                               @ DW_AT_decl_file
	.short	1071                            @ DW_AT_decl_line
	.byte	16                              @ DW_AT_data_member_location
	.byte	9                               @ Abbrev [9] 0x803:0xd DW_TAG_member
	.long	.Linfo_string227                @ DW_AT_name
	.long	1910                            @ DW_AT_type
	.byte	2                               @ DW_AT_decl_file
	.short	1072                            @ DW_AT_decl_line
	.byte	20                              @ DW_AT_data_member_location
	.byte	9                               @ Abbrev [9] 0x810:0xd DW_TAG_member
	.long	.Linfo_string228                @ DW_AT_name
	.long	1910                            @ DW_AT_type
	.byte	2                               @ DW_AT_decl_file
	.short	1073                            @ DW_AT_decl_line
	.byte	24                              @ DW_AT_data_member_location
	.byte	9                               @ Abbrev [9] 0x81d:0xd DW_TAG_member
	.long	.Linfo_string229                @ DW_AT_name
	.long	1910                            @ DW_AT_type
	.byte	2                               @ DW_AT_decl_file
	.short	1074                            @ DW_AT_decl_line
	.byte	28                              @ DW_AT_data_member_location
	.byte	9                               @ Abbrev [9] 0x82a:0xd DW_TAG_member
	.long	.Linfo_string230                @ DW_AT_name
	.long	2104                            @ DW_AT_type
	.byte	2                               @ DW_AT_decl_file
	.short	1075                            @ DW_AT_decl_line
	.byte	32                              @ DW_AT_data_member_location
	.byte	0                               @ End Of Children Mark
	.byte	13                              @ Abbrev [13] 0x838:0xc DW_TAG_array_type
	.long	1910                            @ DW_AT_type
	.byte	14                              @ Abbrev [14] 0x83d:0x6 DW_TAG_subrange_type
	.long	1945                            @ DW_AT_type
	.byte	2                               @ DW_AT_count
	.byte	0                               @ End Of Children Mark
	.byte	12                              @ Abbrev [12] 0x844:0xb DW_TAG_typedef
	.long	2127                            @ DW_AT_type
	.long	.Linfo_string233                @ DW_AT_name
	.byte	3                               @ DW_AT_decl_file
	.byte	63                              @ DW_AT_decl_line
	.byte	4                               @ Abbrev [4] 0x84f:0x7 DW_TAG_base_type
	.long	.Linfo_string232                @ DW_AT_name
	.byte	7                               @ DW_AT_encoding
	.byte	2                               @ DW_AT_byte_size
	.byte	12                              @ Abbrev [12] 0x856:0xb DW_TAG_typedef
	.long	59                              @ DW_AT_type
	.long	.Linfo_string234                @ DW_AT_name
	.byte	3                               @ DW_AT_decl_file
	.byte	62                              @ DW_AT_decl_line
	.byte	17                              @ Abbrev [17] 0x861:0xb2 DW_TAG_subprogram
	.long	.Lfunc_begin0                   @ DW_AT_low_pc
	.long	.Lfunc_end0-.Lfunc_begin0       @ DW_AT_high_pc
	.byte	1                               @ DW_AT_frame_base
	.byte	93
	.long	.Linfo_string235                @ DW_AT_name
	.byte	4                               @ DW_AT_decl_file
	.byte	45                              @ DW_AT_decl_line
                                        @ DW_AT_prototyped
                                        @ DW_AT_external
	.byte	18                              @ Abbrev [18] 0x872:0xf DW_TAG_variable
	.byte	3                               @ DW_AT_location
	.byte	145
	.asciz	"\304"
	.long	.Linfo_string236                @ DW_AT_name
	.byte	4                               @ DW_AT_decl_file
	.byte	48                              @ DW_AT_decl_line
	.long	2323                            @ DW_AT_type
	.byte	19                              @ Abbrev [19] 0x881:0x19 DW_TAG_lexical_block
	.long	.Ltmp1                          @ DW_AT_low_pc
	.long	.Ltmp2-.Ltmp1                   @ DW_AT_high_pc
	.byte	18                              @ Abbrev [18] 0x88a:0xf DW_TAG_variable
	.byte	3                               @ DW_AT_location
	.byte	145
	.asciz	"\300"
	.long	.Linfo_string243                @ DW_AT_name
	.byte	4                               @ DW_AT_decl_file
	.byte	51                              @ DW_AT_decl_line
	.long	1910                            @ DW_AT_type
	.byte	0                               @ End Of Children Mark
	.byte	19                              @ Abbrev [19] 0x89a:0x18 DW_TAG_lexical_block
	.long	.Ltmp3                          @ DW_AT_low_pc
	.long	.Ltmp4-.Ltmp3                   @ DW_AT_high_pc
	.byte	18                              @ Abbrev [18] 0x8a3:0xe DW_TAG_variable
	.byte	2                               @ DW_AT_location
	.byte	145
	.byte	60
	.long	.Linfo_string243                @ DW_AT_name
	.byte	4                               @ DW_AT_decl_file
	.byte	52                              @ DW_AT_decl_line
	.long	1910                            @ DW_AT_type
	.byte	0                               @ End Of Children Mark
	.byte	19                              @ Abbrev [19] 0x8b2:0x18 DW_TAG_lexical_block
	.long	.Ltmp5                          @ DW_AT_low_pc
	.long	.Ltmp6-.Ltmp5                   @ DW_AT_high_pc
	.byte	18                              @ Abbrev [18] 0x8bb:0xe DW_TAG_variable
	.byte	2                               @ DW_AT_location
	.byte	145
	.byte	56
	.long	.Linfo_string243                @ DW_AT_name
	.byte	4                               @ DW_AT_decl_file
	.byte	53                              @ DW_AT_decl_line
	.long	1910                            @ DW_AT_type
	.byte	0                               @ End Of Children Mark
	.byte	19                              @ Abbrev [19] 0x8ca:0x18 DW_TAG_lexical_block
	.long	.Ltmp7                          @ DW_AT_low_pc
	.long	.Ltmp8-.Ltmp7                   @ DW_AT_high_pc
	.byte	18                              @ Abbrev [18] 0x8d3:0xe DW_TAG_variable
	.byte	2                               @ DW_AT_location
	.byte	145
	.byte	52
	.long	.Linfo_string243                @ DW_AT_name
	.byte	4                               @ DW_AT_decl_file
	.byte	54                              @ DW_AT_decl_line
	.long	1910                            @ DW_AT_type
	.byte	0                               @ End Of Children Mark
	.byte	19                              @ Abbrev [19] 0x8e2:0x18 DW_TAG_lexical_block
	.long	.Ltmp9                          @ DW_AT_low_pc
	.long	.Ltmp10-.Ltmp9                  @ DW_AT_high_pc
	.byte	18                              @ Abbrev [18] 0x8eb:0xe DW_TAG_variable
	.byte	2                               @ DW_AT_location
	.byte	145
	.byte	48
	.long	.Linfo_string243                @ DW_AT_name
	.byte	4                               @ DW_AT_decl_file
	.byte	55                              @ DW_AT_decl_line
	.long	1910                            @ DW_AT_type
	.byte	0                               @ End Of Children Mark
	.byte	19                              @ Abbrev [19] 0x8fa:0x18 DW_TAG_lexical_block
	.long	.Ltmp11                         @ DW_AT_low_pc
	.long	.Ltmp12-.Ltmp11                 @ DW_AT_high_pc
	.byte	18                              @ Abbrev [18] 0x903:0xe DW_TAG_variable
	.byte	2                               @ DW_AT_location
	.byte	145
	.byte	44
	.long	.Linfo_string243                @ DW_AT_name
	.byte	4                               @ DW_AT_decl_file
	.byte	56                              @ DW_AT_decl_line
	.long	1910                            @ DW_AT_type
	.byte	0                               @ End Of Children Mark
	.byte	0                               @ End Of Children Mark
	.byte	12                              @ Abbrev [12] 0x913:0xb DW_TAG_typedef
	.long	2334                            @ DW_AT_type
	.long	.Linfo_string242                @ DW_AT_name
	.byte	1                               @ DW_AT_decl_file
	.byte	62                              @ DW_AT_decl_line
	.byte	20                              @ Abbrev [20] 0x91e:0x41 DW_TAG_structure_type
	.byte	20                              @ DW_AT_byte_size
	.byte	1                               @ DW_AT_decl_file
	.byte	46                              @ DW_AT_decl_line
	.byte	21                              @ Abbrev [21] 0x922:0xc DW_TAG_member
	.long	.Linfo_string237                @ DW_AT_name
	.long	1915                            @ DW_AT_type
	.byte	1                               @ DW_AT_decl_file
	.byte	48                              @ DW_AT_decl_line
	.byte	0                               @ DW_AT_data_member_location
	.byte	21                              @ Abbrev [21] 0x92e:0xc DW_TAG_member
	.long	.Linfo_string238                @ DW_AT_name
	.long	1915                            @ DW_AT_type
	.byte	1                               @ DW_AT_decl_file
	.byte	51                              @ DW_AT_decl_line
	.byte	4                               @ DW_AT_data_member_location
	.byte	21                              @ Abbrev [21] 0x93a:0xc DW_TAG_member
	.long	.Linfo_string239                @ DW_AT_name
	.long	1915                            @ DW_AT_type
	.byte	1                               @ DW_AT_decl_file
	.byte	54                              @ DW_AT_decl_line
	.byte	8                               @ DW_AT_data_member_location
	.byte	21                              @ Abbrev [21] 0x946:0xc DW_TAG_member
	.long	.Linfo_string240                @ DW_AT_name
	.long	1915                            @ DW_AT_type
	.byte	1                               @ DW_AT_decl_file
	.byte	57                              @ DW_AT_decl_line
	.byte	12                              @ DW_AT_data_member_location
	.byte	21                              @ Abbrev [21] 0x952:0xc DW_TAG_member
	.long	.Linfo_string241                @ DW_AT_name
	.long	1915                            @ DW_AT_type
	.byte	1                               @ DW_AT_decl_file
	.byte	60                              @ DW_AT_decl_line
	.byte	16                              @ DW_AT_data_member_location
	.byte	0                               @ End Of Children Mark
	.byte	0                               @ End Of Children Mark
.Ldebug_info_end0:
	.section	.debug_str,"MS",%progbits,1
.Linfo_string0:
	.asciz	"Component: Arm Compiler for Embedded 6.24 Tool: armclang [5f371800]" @ string offset=0
.Linfo_string1:
	.asciz	"../Core/Src\\gpio.c"           @ string offset=68
.Linfo_string2:
	.asciz	"D:\\stm32_project\\daily_work\\new_bubing\\cod_update_2.0\\COD_H7_Template\\MDK-ARM" @ string offset=87
.Linfo_string3:
	.asciz	"unsigned char"                 @ string offset=165
.Linfo_string4:
	.asciz	"GPIO_PIN_RESET"                @ string offset=179
.Linfo_string5:
	.asciz	"GPIO_PIN_SET"                  @ string offset=194
.Linfo_string6:
	.asciz	"short"                         @ string offset=207
.Linfo_string7:
	.asciz	"NonMaskableInt_IRQn"           @ string offset=213
.Linfo_string8:
	.asciz	"HardFault_IRQn"                @ string offset=233
.Linfo_string9:
	.asciz	"MemoryManagement_IRQn"         @ string offset=248
.Linfo_string10:
	.asciz	"BusFault_IRQn"                 @ string offset=270
.Linfo_string11:
	.asciz	"UsageFault_IRQn"               @ string offset=284
.Linfo_string12:
	.asciz	"SVCall_IRQn"                   @ string offset=300
.Linfo_string13:
	.asciz	"DebugMonitor_IRQn"             @ string offset=312
.Linfo_string14:
	.asciz	"PendSV_IRQn"                   @ string offset=330
.Linfo_string15:
	.asciz	"SysTick_IRQn"                  @ string offset=342
.Linfo_string16:
	.asciz	"WWDG_IRQn"                     @ string offset=355
.Linfo_string17:
	.asciz	"PVD_AVD_IRQn"                  @ string offset=365
.Linfo_string18:
	.asciz	"TAMP_STAMP_IRQn"               @ string offset=378
.Linfo_string19:
	.asciz	"RTC_WKUP_IRQn"                 @ string offset=394
.Linfo_string20:
	.asciz	"FLASH_IRQn"                    @ string offset=408
.Linfo_string21:
	.asciz	"RCC_IRQn"                      @ string offset=419
.Linfo_string22:
	.asciz	"EXTI0_IRQn"                    @ string offset=428
.Linfo_string23:
	.asciz	"EXTI1_IRQn"                    @ string offset=439
.Linfo_string24:
	.asciz	"EXTI2_IRQn"                    @ string offset=450
.Linfo_string25:
	.asciz	"EXTI3_IRQn"                    @ string offset=461
.Linfo_string26:
	.asciz	"EXTI4_IRQn"                    @ string offset=472
.Linfo_string27:
	.asciz	"DMA1_Stream0_IRQn"             @ string offset=483
.Linfo_string28:
	.asciz	"DMA1_Stream1_IRQn"             @ string offset=501
.Linfo_string29:
	.asciz	"DMA1_Stream2_IRQn"             @ string offset=519
.Linfo_string30:
	.asciz	"DMA1_Stream3_IRQn"             @ string offset=537
.Linfo_string31:
	.asciz	"DMA1_Stream4_IRQn"             @ string offset=555
.Linfo_string32:
	.asciz	"DMA1_Stream5_IRQn"             @ string offset=573
.Linfo_string33:
	.asciz	"DMA1_Stream6_IRQn"             @ string offset=591
.Linfo_string34:
	.asciz	"ADC_IRQn"                      @ string offset=609
.Linfo_string35:
	.asciz	"FDCAN1_IT0_IRQn"               @ string offset=618
.Linfo_string36:
	.asciz	"FDCAN2_IT0_IRQn"               @ string offset=634
.Linfo_string37:
	.asciz	"FDCAN1_IT1_IRQn"               @ string offset=650
.Linfo_string38:
	.asciz	"FDCAN2_IT1_IRQn"               @ string offset=666
.Linfo_string39:
	.asciz	"EXTI9_5_IRQn"                  @ string offset=682
.Linfo_string40:
	.asciz	"TIM1_BRK_IRQn"                 @ string offset=695
.Linfo_string41:
	.asciz	"TIM1_UP_IRQn"                  @ string offset=709
.Linfo_string42:
	.asciz	"TIM1_TRG_COM_IRQn"             @ string offset=722
.Linfo_string43:
	.asciz	"TIM1_CC_IRQn"                  @ string offset=740
.Linfo_string44:
	.asciz	"TIM2_IRQn"                     @ string offset=753
.Linfo_string45:
	.asciz	"TIM3_IRQn"                     @ string offset=763
.Linfo_string46:
	.asciz	"TIM4_IRQn"                     @ string offset=773
.Linfo_string47:
	.asciz	"I2C1_EV_IRQn"                  @ string offset=783
.Linfo_string48:
	.asciz	"I2C1_ER_IRQn"                  @ string offset=796
.Linfo_string49:
	.asciz	"I2C2_EV_IRQn"                  @ string offset=809
.Linfo_string50:
	.asciz	"I2C2_ER_IRQn"                  @ string offset=822
.Linfo_string51:
	.asciz	"SPI1_IRQn"                     @ string offset=835
.Linfo_string52:
	.asciz	"SPI2_IRQn"                     @ string offset=845
.Linfo_string53:
	.asciz	"USART1_IRQn"                   @ string offset=855
.Linfo_string54:
	.asciz	"USART2_IRQn"                   @ string offset=867
.Linfo_string55:
	.asciz	"USART3_IRQn"                   @ string offset=879
.Linfo_string56:
	.asciz	"EXTI15_10_IRQn"                @ string offset=891
.Linfo_string57:
	.asciz	"RTC_Alarm_IRQn"                @ string offset=906
.Linfo_string58:
	.asciz	"TIM8_BRK_TIM12_IRQn"           @ string offset=921
.Linfo_string59:
	.asciz	"TIM8_UP_TIM13_IRQn"            @ string offset=941
.Linfo_string60:
	.asciz	"TIM8_TRG_COM_TIM14_IRQn"       @ string offset=960
.Linfo_string61:
	.asciz	"TIM8_CC_IRQn"                  @ string offset=984
.Linfo_string62:
	.asciz	"DMA1_Stream7_IRQn"             @ string offset=997
.Linfo_string63:
	.asciz	"FMC_IRQn"                      @ string offset=1015
.Linfo_string64:
	.asciz	"SDMMC1_IRQn"                   @ string offset=1024
.Linfo_string65:
	.asciz	"TIM5_IRQn"                     @ string offset=1036
.Linfo_string66:
	.asciz	"SPI3_IRQn"                     @ string offset=1046
.Linfo_string67:
	.asciz	"UART4_IRQn"                    @ string offset=1056
.Linfo_string68:
	.asciz	"UART5_IRQn"                    @ string offset=1067
.Linfo_string69:
	.asciz	"TIM6_DAC_IRQn"                 @ string offset=1078
.Linfo_string70:
	.asciz	"TIM7_IRQn"                     @ string offset=1092
.Linfo_string71:
	.asciz	"DMA2_Stream0_IRQn"             @ string offset=1102
.Linfo_string72:
	.asciz	"DMA2_Stream1_IRQn"             @ string offset=1120
.Linfo_string73:
	.asciz	"DMA2_Stream2_IRQn"             @ string offset=1138
.Linfo_string74:
	.asciz	"DMA2_Stream3_IRQn"             @ string offset=1156
.Linfo_string75:
	.asciz	"DMA2_Stream4_IRQn"             @ string offset=1174
.Linfo_string76:
	.asciz	"ETH_IRQn"                      @ string offset=1192
.Linfo_string77:
	.asciz	"ETH_WKUP_IRQn"                 @ string offset=1201
.Linfo_string78:
	.asciz	"FDCAN_CAL_IRQn"                @ string offset=1215
.Linfo_string79:
	.asciz	"DMA2_Stream5_IRQn"             @ string offset=1230
.Linfo_string80:
	.asciz	"DMA2_Stream6_IRQn"             @ string offset=1248
.Linfo_string81:
	.asciz	"DMA2_Stream7_IRQn"             @ string offset=1266
.Linfo_string82:
	.asciz	"USART6_IRQn"                   @ string offset=1284
.Linfo_string83:
	.asciz	"I2C3_EV_IRQn"                  @ string offset=1296
.Linfo_string84:
	.asciz	"I2C3_ER_IRQn"                  @ string offset=1309
.Linfo_string85:
	.asciz	"OTG_HS_EP1_OUT_IRQn"           @ string offset=1322
.Linfo_string86:
	.asciz	"OTG_HS_EP1_IN_IRQn"            @ string offset=1342
.Linfo_string87:
	.asciz	"OTG_HS_WKUP_IRQn"              @ string offset=1361
.Linfo_string88:
	.asciz	"OTG_HS_IRQn"                   @ string offset=1378
.Linfo_string89:
	.asciz	"DCMI_PSSI_IRQn"                @ string offset=1390
.Linfo_string90:
	.asciz	"RNG_IRQn"                      @ string offset=1405
.Linfo_string91:
	.asciz	"FPU_IRQn"                      @ string offset=1414
.Linfo_string92:
	.asciz	"UART7_IRQn"                    @ string offset=1423
.Linfo_string93:
	.asciz	"UART8_IRQn"                    @ string offset=1434
.Linfo_string94:
	.asciz	"SPI4_IRQn"                     @ string offset=1445
.Linfo_string95:
	.asciz	"SPI5_IRQn"                     @ string offset=1455
.Linfo_string96:
	.asciz	"SPI6_IRQn"                     @ string offset=1465
.Linfo_string97:
	.asciz	"SAI1_IRQn"                     @ string offset=1475
.Linfo_string98:
	.asciz	"LTDC_IRQn"                     @ string offset=1485
.Linfo_string99:
	.asciz	"LTDC_ER_IRQn"                  @ string offset=1495
.Linfo_string100:
	.asciz	"DMA2D_IRQn"                    @ string offset=1508
.Linfo_string101:
	.asciz	"OCTOSPI1_IRQn"                 @ string offset=1519
.Linfo_string102:
	.asciz	"LPTIM1_IRQn"                   @ string offset=1533
.Linfo_string103:
	.asciz	"CEC_IRQn"                      @ string offset=1545
.Linfo_string104:
	.asciz	"I2C4_EV_IRQn"                  @ string offset=1554
.Linfo_string105:
	.asciz	"I2C4_ER_IRQn"                  @ string offset=1567
.Linfo_string106:
	.asciz	"SPDIF_RX_IRQn"                 @ string offset=1580
.Linfo_string107:
	.asciz	"DMAMUX1_OVR_IRQn"              @ string offset=1594
.Linfo_string108:
	.asciz	"DFSDM1_FLT0_IRQn"              @ string offset=1611
.Linfo_string109:
	.asciz	"DFSDM1_FLT1_IRQn"              @ string offset=1628
.Linfo_string110:
	.asciz	"DFSDM1_FLT2_IRQn"              @ string offset=1645
.Linfo_string111:
	.asciz	"DFSDM1_FLT3_IRQn"              @ string offset=1662
.Linfo_string112:
	.asciz	"SWPMI1_IRQn"                   @ string offset=1679
.Linfo_string113:
	.asciz	"TIM15_IRQn"                    @ string offset=1691
.Linfo_string114:
	.asciz	"TIM16_IRQn"                    @ string offset=1702
.Linfo_string115:
	.asciz	"TIM17_IRQn"                    @ string offset=1713
.Linfo_string116:
	.asciz	"MDIOS_WKUP_IRQn"               @ string offset=1724
.Linfo_string117:
	.asciz	"MDIOS_IRQn"                    @ string offset=1740
.Linfo_string118:
	.asciz	"MDMA_IRQn"                     @ string offset=1751
.Linfo_string119:
	.asciz	"SDMMC2_IRQn"                   @ string offset=1761
.Linfo_string120:
	.asciz	"HSEM1_IRQn"                    @ string offset=1773
.Linfo_string121:
	.asciz	"ADC3_IRQn"                     @ string offset=1784
.Linfo_string122:
	.asciz	"DMAMUX2_OVR_IRQn"              @ string offset=1794
.Linfo_string123:
	.asciz	"BDMA_Channel0_IRQn"            @ string offset=1811
.Linfo_string124:
	.asciz	"BDMA_Channel1_IRQn"            @ string offset=1830
.Linfo_string125:
	.asciz	"BDMA_Channel2_IRQn"            @ string offset=1849
.Linfo_string126:
	.asciz	"BDMA_Channel3_IRQn"            @ string offset=1868
.Linfo_string127:
	.asciz	"BDMA_Channel4_IRQn"            @ string offset=1887
.Linfo_string128:
	.asciz	"BDMA_Channel5_IRQn"            @ string offset=1906
.Linfo_string129:
	.asciz	"BDMA_Channel6_IRQn"            @ string offset=1925
.Linfo_string130:
	.asciz	"BDMA_Channel7_IRQn"            @ string offset=1944
.Linfo_string131:
	.asciz	"COMP_IRQn"                     @ string offset=1963
.Linfo_string132:
	.asciz	"LPTIM2_IRQn"                   @ string offset=1973
.Linfo_string133:
	.asciz	"LPTIM3_IRQn"                   @ string offset=1985
.Linfo_string134:
	.asciz	"LPTIM4_IRQn"                   @ string offset=1997
.Linfo_string135:
	.asciz	"LPTIM5_IRQn"                   @ string offset=2009
.Linfo_string136:
	.asciz	"LPUART1_IRQn"                  @ string offset=2021
.Linfo_string137:
	.asciz	"CRS_IRQn"                      @ string offset=2034
.Linfo_string138:
	.asciz	"ECC_IRQn"                      @ string offset=2043
.Linfo_string139:
	.asciz	"SAI4_IRQn"                     @ string offset=2052
.Linfo_string140:
	.asciz	"DTS_IRQn"                      @ string offset=2062
.Linfo_string141:
	.asciz	"WAKEUP_PIN_IRQn"               @ string offset=2071
.Linfo_string142:
	.asciz	"OCTOSPI2_IRQn"                 @ string offset=2087
.Linfo_string143:
	.asciz	"FMAC_IRQn"                     @ string offset=2101
.Linfo_string144:
	.asciz	"CORDIC_IRQn"                   @ string offset=2111
.Linfo_string145:
	.asciz	"UART9_IRQn"                    @ string offset=2123
.Linfo_string146:
	.asciz	"USART10_IRQn"                  @ string offset=2134
.Linfo_string147:
	.asciz	"I2C5_EV_IRQn"                  @ string offset=2147
.Linfo_string148:
	.asciz	"I2C5_ER_IRQn"                  @ string offset=2160
.Linfo_string149:
	.asciz	"FDCAN3_IT0_IRQn"               @ string offset=2173
.Linfo_string150:
	.asciz	"FDCAN3_IT1_IRQn"               @ string offset=2189
.Linfo_string151:
	.asciz	"TIM23_IRQn"                    @ string offset=2205
.Linfo_string152:
	.asciz	"TIM24_IRQn"                    @ string offset=2216
.Linfo_string153:
	.asciz	"CR"                            @ string offset=2227
.Linfo_string154:
	.asciz	"unsigned int"                  @ string offset=2230
.Linfo_string155:
	.asciz	"uint32_t"                      @ string offset=2243
.Linfo_string156:
	.asciz	"HSICFGR"                       @ string offset=2252
.Linfo_string157:
	.asciz	"CRRCR"                         @ string offset=2260
.Linfo_string158:
	.asciz	"CSICFGR"                       @ string offset=2266
.Linfo_string159:
	.asciz	"CFGR"                          @ string offset=2274
.Linfo_string160:
	.asciz	"RESERVED1"                     @ string offset=2279
.Linfo_string161:
	.asciz	"D1CFGR"                        @ string offset=2289
.Linfo_string162:
	.asciz	"D2CFGR"                        @ string offset=2296
.Linfo_string163:
	.asciz	"D3CFGR"                        @ string offset=2303
.Linfo_string164:
	.asciz	"RESERVED2"                     @ string offset=2310
.Linfo_string165:
	.asciz	"PLLCKSELR"                     @ string offset=2320
.Linfo_string166:
	.asciz	"PLLCFGR"                       @ string offset=2330
.Linfo_string167:
	.asciz	"PLL1DIVR"                      @ string offset=2338
.Linfo_string168:
	.asciz	"PLL1FRACR"                     @ string offset=2347
.Linfo_string169:
	.asciz	"PLL2DIVR"                      @ string offset=2357
.Linfo_string170:
	.asciz	"PLL2FRACR"                     @ string offset=2366
.Linfo_string171:
	.asciz	"PLL3DIVR"                      @ string offset=2376
.Linfo_string172:
	.asciz	"PLL3FRACR"                     @ string offset=2385
.Linfo_string173:
	.asciz	"RESERVED3"                     @ string offset=2395
.Linfo_string174:
	.asciz	"D1CCIPR"                       @ string offset=2405
.Linfo_string175:
	.asciz	"D2CCIP1R"                      @ string offset=2413
.Linfo_string176:
	.asciz	"D2CCIP2R"                      @ string offset=2422
.Linfo_string177:
	.asciz	"D3CCIPR"                       @ string offset=2431
.Linfo_string178:
	.asciz	"RESERVED4"                     @ string offset=2439
.Linfo_string179:
	.asciz	"CIER"                          @ string offset=2449
.Linfo_string180:
	.asciz	"CIFR"                          @ string offset=2454
.Linfo_string181:
	.asciz	"CICR"                          @ string offset=2459
.Linfo_string182:
	.asciz	"RESERVED5"                     @ string offset=2464
.Linfo_string183:
	.asciz	"BDCR"                          @ string offset=2474
.Linfo_string184:
	.asciz	"CSR"                           @ string offset=2479
.Linfo_string185:
	.asciz	"RESERVED6"                     @ string offset=2483
.Linfo_string186:
	.asciz	"AHB3RSTR"                      @ string offset=2493
.Linfo_string187:
	.asciz	"AHB1RSTR"                      @ string offset=2502
.Linfo_string188:
	.asciz	"AHB2RSTR"                      @ string offset=2511
.Linfo_string189:
	.asciz	"AHB4RSTR"                      @ string offset=2520
.Linfo_string190:
	.asciz	"APB3RSTR"                      @ string offset=2529
.Linfo_string191:
	.asciz	"APB1LRSTR"                     @ string offset=2538
.Linfo_string192:
	.asciz	"APB1HRSTR"                     @ string offset=2548
.Linfo_string193:
	.asciz	"APB2RSTR"                      @ string offset=2558
.Linfo_string194:
	.asciz	"APB4RSTR"                      @ string offset=2567
.Linfo_string195:
	.asciz	"GCR"                           @ string offset=2576
.Linfo_string196:
	.asciz	"RESERVED8"                     @ string offset=2580
.Linfo_string197:
	.asciz	"D3AMR"                         @ string offset=2590
.Linfo_string198:
	.asciz	"RESERVED11"                    @ string offset=2596
.Linfo_string199:
	.asciz	"__ARRAY_SIZE_TYPE__"           @ string offset=2607
.Linfo_string200:
	.asciz	"RSR"                           @ string offset=2627
.Linfo_string201:
	.asciz	"AHB3ENR"                       @ string offset=2631
.Linfo_string202:
	.asciz	"AHB1ENR"                       @ string offset=2639
.Linfo_string203:
	.asciz	"AHB2ENR"                       @ string offset=2647
.Linfo_string204:
	.asciz	"AHB4ENR"                       @ string offset=2655
.Linfo_string205:
	.asciz	"APB3ENR"                       @ string offset=2663
.Linfo_string206:
	.asciz	"APB1LENR"                      @ string offset=2671
.Linfo_string207:
	.asciz	"APB1HENR"                      @ string offset=2680
.Linfo_string208:
	.asciz	"APB2ENR"                       @ string offset=2689
.Linfo_string209:
	.asciz	"APB4ENR"                       @ string offset=2697
.Linfo_string210:
	.asciz	"RESERVED12"                    @ string offset=2705
.Linfo_string211:
	.asciz	"AHB3LPENR"                     @ string offset=2716
.Linfo_string212:
	.asciz	"AHB1LPENR"                     @ string offset=2726
.Linfo_string213:
	.asciz	"AHB2LPENR"                     @ string offset=2736
.Linfo_string214:
	.asciz	"AHB4LPENR"                     @ string offset=2746
.Linfo_string215:
	.asciz	"APB3LPENR"                     @ string offset=2756
.Linfo_string216:
	.asciz	"APB1LLPENR"                    @ string offset=2766
.Linfo_string217:
	.asciz	"APB1HLPENR"                    @ string offset=2777
.Linfo_string218:
	.asciz	"APB2LPENR"                     @ string offset=2788
.Linfo_string219:
	.asciz	"APB4LPENR"                     @ string offset=2798
.Linfo_string220:
	.asciz	"RESERVED13"                    @ string offset=2808
.Linfo_string221:
	.asciz	"RCC_TypeDef"                   @ string offset=2819
.Linfo_string222:
	.asciz	"MODER"                         @ string offset=2831
.Linfo_string223:
	.asciz	"OTYPER"                        @ string offset=2837
.Linfo_string224:
	.asciz	"OSPEEDR"                       @ string offset=2844
.Linfo_string225:
	.asciz	"PUPDR"                         @ string offset=2852
.Linfo_string226:
	.asciz	"IDR"                           @ string offset=2858
.Linfo_string227:
	.asciz	"ODR"                           @ string offset=2862
.Linfo_string228:
	.asciz	"BSRR"                          @ string offset=2866
.Linfo_string229:
	.asciz	"LCKR"                          @ string offset=2871
.Linfo_string230:
	.asciz	"AFR"                           @ string offset=2876
.Linfo_string231:
	.asciz	"GPIO_TypeDef"                  @ string offset=2880
.Linfo_string232:
	.asciz	"unsigned short"                @ string offset=2893
.Linfo_string233:
	.asciz	"uint16_t"                      @ string offset=2908
.Linfo_string234:
	.asciz	"uint8_t"                       @ string offset=2917
.Linfo_string235:
	.asciz	"MX_GPIO_Init"                  @ string offset=2925
.Linfo_string236:
	.asciz	"GPIO_InitStruct"               @ string offset=2938
.Linfo_string237:
	.asciz	"Pin"                           @ string offset=2954
.Linfo_string238:
	.asciz	"Mode"                          @ string offset=2958
.Linfo_string239:
	.asciz	"Pull"                          @ string offset=2963
.Linfo_string240:
	.asciz	"Speed"                         @ string offset=2968
.Linfo_string241:
	.asciz	"Alternate"                     @ string offset=2974
.Linfo_string242:
	.asciz	"GPIO_InitTypeDef"              @ string offset=2984
.Linfo_string243:
	.asciz	"tmpreg"                        @ string offset=3001
	.ident	"Component: Arm Compiler for Embedded 6.24 Tool: armclang [5f371800]"
	.section	".note.GNU-stack","",%progbits
	.eabi_attribute	30, 6	@ Tag_ABI_optimization_goals
	.ARM_attribute	16, 1	@ Tag_AV_eba
	.section	.debug_line,"",%progbits
.Lline_table_start0:
