	.text
	.syntax unified
	.eabi_attribute	67, "2.09"	@ Tag_conformance
	.cpu	cortex-m7
	.eabi_attribute	6, 13	@ Tag_CPU_arch
	.eabi_attribute	7, 77	@ Tag_CPU_arch_profile
	.eabi_attribute	8, 0	@ Tag_ARM_ISA_use
	.eabi_attribute	9, 2	@ Tag_THUMB_ISA_use
	.fpu	fpv5-d16
	.eabi_attribute	36, 1	@ Tag_FP_HP_extension
	.eabi_attribute	34, 1	@ Tag_CPU_unaligned_access
	.eabi_attribute	17, 1	@ Tag_ABI_PCS_GOT_use
	.eabi_attribute	20, 2	@ Tag_ABI_FP_denormal
	.eabi_attribute	21, 0	@ Tag_ABI_FP_exceptions
	.eabi_attribute	23, 1	@ Tag_ABI_FP_number_model
	.eabi_attribute	24, 1	@ Tag_ABI_align_needed
	.eabi_attribute	25, 1	@ Tag_ABI_align_preserved
	.eabi_attribute	28, 1	@ Tag_ABI_VFP_args
	.eabi_attribute	38, 1	@ Tag_ABI_FP_16bit_format
	.eabi_attribute	18, 2	@ Tag_ABI_PCS_wchar_t
	.eabi_attribute	26, 1	@ Tag_ABI_enum_size
	.eabi_attribute	14, 0	@ Tag_ABI_PCS_R9_use
	.file	"Kalman_Filter.c"
	.file	1 "D:\\stm32_project\\daily_work\\new_bubing\\cod_update_2.0\\COD_H7_Template\\MDK-ARM" "../Algorithm/Inc\\arm_math.h"
	.section	.text.Kalman_Filter_Init,"ax",%progbits
	.hidden	Kalman_Filter_Init              @ -- Begin function Kalman_Filter_Init
	.globl	Kalman_Filter_Init
	.p2align	3
	.type	Kalman_Filter_Init,%function
	.code	16                              @ @Kalman_Filter_Init
	.thumb_func
Kalman_Filter_Init:
.Lfunc_begin0:
	.file	2 "D:\\stm32_project\\daily_work\\new_bubing\\cod_update_2.0\\COD_H7_Template\\MDK-ARM" "../Algorithm/Src/Kalman_Filter.c"
	.loc	2 4 0                           @ ../Algorithm/Src/Kalman_Filter.c:4:0
	.fnstart
	.cfi_sections .debug_frame
	.cfi_startproc
@ %bb.0:
	.save	{r7, lr}
	push	{r7, lr}
	.cfi_def_cfa_offset 8
	.cfi_offset lr, -4
	.cfi_offset r7, -8
	.pad	#16
	sub	sp, #16
	.cfi_def_cfa_offset 24
                                        @ kill: def $r12 killed $r3
                                        @ kill: def $r12 killed $r2
                                        @ kill: def $r12 killed $r1
	str	r0, [sp, #12]
	strb.w	r1, [sp, #11]
	strb.w	r2, [sp, #10]
	strb.w	r3, [sp, #9]
.Ltmp0:
	.loc	2 6 5 prologue_end              @ ../Algorithm/Src/Kalman_Filter.c:6:5
	ldr	r1, [sp, #12]
	movs	r0, #4
	.loc	2 6 22 is_stmt 0                @ ../Algorithm/Src/Kalman_Filter.c:6:22
	strh	r0, [r1]
	.loc	2 7 5 is_stmt 1                 @ ../Algorithm/Src/Kalman_Filter.c:7:5
	ldr	r1, [sp, #12]
	movs	r0, #8
	.loc	2 7 23 is_stmt 0                @ ../Algorithm/Src/Kalman_Filter.c:7:23
	strh	r0, [r1, #2]
.Ltmp1:
	.loc	2 10 8 is_stmt 1                @ ../Algorithm/Src/Kalman_Filter.c:10:8
	ldrb.w	r0, [sp, #11]
	.loc	2 10 23 is_stmt 0               @ ../Algorithm/Src/Kalman_Filter.c:10:23
	cbz	r0, .LBB0_2
	b	.LBB0_1
.LBB0_1:
	.loc	2 10 26                         @ ../Algorithm/Src/Kalman_Filter.c:10:26
	ldrb.w	r0, [sp, #9]
.Ltmp2:
	.loc	2 10 8                          @ ../Algorithm/Src/Kalman_Filter.c:10:8
	cbnz	r0, .LBB0_3
	b	.LBB0_2
.LBB0_2:
.Ltmp3:
	.loc	2 12 9 is_stmt 1                @ ../Algorithm/Src/Kalman_Filter.c:12:9
	ldr	r1, [sp, #12]
	movs	r0, #254
	.loc	2 12 23 is_stmt 0               @ ../Algorithm/Src/Kalman_Filter.c:12:23
	strb.w	r0, [r1, #196]
	.loc	2 13 5 is_stmt 1                @ ../Algorithm/Src/Kalman_Filter.c:13:5
	b	.LBB0_3
.Ltmp4:
.LBB0_3:
	.loc	2 16 21                         @ ../Algorithm/Src/Kalman_Filter.c:16:21
	ldrb.w	r0, [sp, #11]
	.loc	2 16 5 is_stmt 0                @ ../Algorithm/Src/Kalman_Filter.c:16:5
	ldr	r1, [sp, #12]
	.loc	2 16 19                         @ ../Algorithm/Src/Kalman_Filter.c:16:19
	strb	r0, [r1, #4]
	.loc	2 19 18 is_stmt 1               @ ../Algorithm/Src/Kalman_Filter.c:19:18
	ldrb.w	r0, [sp, #10]
	.loc	2 19 5 is_stmt 0                @ ../Algorithm/Src/Kalman_Filter.c:19:5
	ldr	r1, [sp, #12]
	.loc	2 19 16                         @ ../Algorithm/Src/Kalman_Filter.c:19:16
	strb	r0, [r1, #5]
	.loc	2 22 18 is_stmt 1               @ ../Algorithm/Src/Kalman_Filter.c:22:18
	ldrb.w	r0, [sp, #9]
	.loc	2 22 5 is_stmt 0                @ ../Algorithm/Src/Kalman_Filter.c:22:5
	ldr	r1, [sp, #12]
	.loc	2 22 16                         @ ../Algorithm/Src/Kalman_Filter.c:22:16
	strb	r0, [r1, #6]
	.loc	2 25 12 is_stmt 1               @ ../Algorithm/Src/Kalman_Filter.c:25:12
	ldr	r1, [sp, #12]
	movs	r0, #0
	.loc	2 25 5 is_stmt 0                @ ../Algorithm/Src/Kalman_Filter.c:25:5
	str	r0, [r1, #32]
	.loc	2 26 18 is_stmt 1               @ ../Algorithm/Src/Kalman_Filter.c:26:18
	ldr	r1, [sp, #12]
	.loc	2 26 36 is_stmt 0               @ ../Algorithm/Src/Kalman_Filter.c:26:36
	add.w	r0, r1, #24
	.loc	2 26 87                         @ ../Algorithm/Src/Kalman_Filter.c:26:87
	add.w	r3, r1, #32
	movs	r2, #1
	.loc	2 26 5                          @ ../Algorithm/Src/Kalman_Filter.c:26:5
	str	r2, [sp, #4]                    @ 4-byte Spill
	mov	r1, r2
	bl	arm_mat_init_f32
	.loc	2 29 47 is_stmt 1               @ ../Algorithm/Src/Kalman_Filter.c:29:47
	ldr	r0, [sp, #12]
	.loc	2 29 51 is_stmt 0               @ ../Algorithm/Src/Kalman_Filter.c:29:51
	ldrh	r0, [r0]
	.loc	2 29 66                         @ ../Algorithm/Src/Kalman_Filter.c:29:66
	ldrb.w	r1, [sp, #9]
	.loc	2 29 64                         @ ../Algorithm/Src/Kalman_Filter.c:29:64
	muls	r0, r1, r0
	.loc	2 29 35                         @ ../Algorithm/Src/Kalman_Filter.c:29:35
	bl	malloc
	.loc	2 29 5                          @ ../Algorithm/Src/Kalman_Filter.c:29:5
	ldr	r1, [sp, #12]
	.loc	2 29 24                         @ ../Algorithm/Src/Kalman_Filter.c:29:24
	str	r0, [r1, #12]
	.loc	2 30 12 is_stmt 1               @ ../Algorithm/Src/Kalman_Filter.c:30:12
	ldr	r1, [sp, #12]
	.loc	2 30 16 is_stmt 0               @ ../Algorithm/Src/Kalman_Filter.c:30:16
	ldr	r0, [r1, #12]
	.loc	2 30 39                         @ ../Algorithm/Src/Kalman_Filter.c:30:39
	ldrh	r1, [r1]
	.loc	2 30 54                         @ ../Algorithm/Src/Kalman_Filter.c:30:54
	ldrb.w	r2, [sp, #9]
	.loc	2 30 52                         @ ../Algorithm/Src/Kalman_Filter.c:30:52
	muls	r1, r2, r1
	.loc	2 30 5                          @ ../Algorithm/Src/Kalman_Filter.c:30:5
	bl	__aeabi_memclr4
	.loc	2 33 42 is_stmt 1               @ ../Algorithm/Src/Kalman_Filter.c:33:42
	ldr	r0, [sp, #12]
	.loc	2 33 46 is_stmt 0               @ ../Algorithm/Src/Kalman_Filter.c:33:46
	ldrh	r0, [r0]
	.loc	2 33 61                         @ ../Algorithm/Src/Kalman_Filter.c:33:61
	ldrb.w	r1, [sp, #11]
	.loc	2 33 59                         @ ../Algorithm/Src/Kalman_Filter.c:33:59
	muls	r0, r1, r0
	.loc	2 33 30                         @ ../Algorithm/Src/Kalman_Filter.c:33:30
	bl	malloc
	.loc	2 33 5                          @ ../Algorithm/Src/Kalman_Filter.c:33:5
	ldr	r1, [sp, #12]
	.loc	2 33 19                         @ ../Algorithm/Src/Kalman_Filter.c:33:19
	str.w	r0, [r1, #200]
	.loc	2 34 12 is_stmt 1               @ ../Algorithm/Src/Kalman_Filter.c:34:12
	ldr	r1, [sp, #12]
	.loc	2 34 21 is_stmt 0               @ ../Algorithm/Src/Kalman_Filter.c:34:21
	ldr.w	r0, [r1, #200]
	.loc	2 34 34                         @ ../Algorithm/Src/Kalman_Filter.c:34:34
	ldrh	r1, [r1]
	.loc	2 34 49                         @ ../Algorithm/Src/Kalman_Filter.c:34:49
	ldrb.w	r2, [sp, #11]
	.loc	2 34 47                         @ ../Algorithm/Src/Kalman_Filter.c:34:47
	muls	r1, r2, r1
	.loc	2 34 5                          @ ../Algorithm/Src/Kalman_Filter.c:34:5
	bl	__aeabi_memclr4
	ldr	r2, [sp, #4]                    @ 4-byte Reload
	.loc	2 35 18 is_stmt 1               @ ../Algorithm/Src/Kalman_Filter.c:35:18
	ldr	r3, [sp, #12]
	.loc	2 35 22 is_stmt 0               @ ../Algorithm/Src/Kalman_Filter.c:35:22
	add.w	r0, r3, #44
	.loc	2 35 36                         @ ../Algorithm/Src/Kalman_Filter.c:35:36
	ldrb	r1, [r3, #4]
	.loc	2 35 68                         @ ../Algorithm/Src/Kalman_Filter.c:35:68
	ldr.w	r3, [r3, #200]
	.loc	2 35 5                          @ ../Algorithm/Src/Kalman_Filter.c:35:5
	bl	arm_mat_init_f32
	.loc	2 38 47 is_stmt 1               @ ../Algorithm/Src/Kalman_Filter.c:38:47
	ldr	r0, [sp, #12]
	.loc	2 38 51 is_stmt 0               @ ../Algorithm/Src/Kalman_Filter.c:38:51
	ldrh	r0, [r0]
	.loc	2 38 66                         @ ../Algorithm/Src/Kalman_Filter.c:38:66
	ldrb.w	r1, [sp, #11]
	.loc	2 38 64                         @ ../Algorithm/Src/Kalman_Filter.c:38:64
	muls	r0, r1, r0
	.loc	2 38 35                         @ ../Algorithm/Src/Kalman_Filter.c:38:35
	bl	malloc
	.loc	2 38 5                          @ ../Algorithm/Src/Kalman_Filter.c:38:5
	ldr	r1, [sp, #12]
	.loc	2 38 24                         @ ../Algorithm/Src/Kalman_Filter.c:38:24
	str.w	r0, [r1, #204]
	.loc	2 39 12 is_stmt 1               @ ../Algorithm/Src/Kalman_Filter.c:39:12
	ldr	r1, [sp, #12]
	.loc	2 39 21 is_stmt 0               @ ../Algorithm/Src/Kalman_Filter.c:39:21
	ldr.w	r0, [r1, #204]
	.loc	2 39 39                         @ ../Algorithm/Src/Kalman_Filter.c:39:39
	ldrh	r1, [r1]
	.loc	2 39 54                         @ ../Algorithm/Src/Kalman_Filter.c:39:54
	ldrb.w	r2, [sp, #11]
	.loc	2 39 52                         @ ../Algorithm/Src/Kalman_Filter.c:39:52
	muls	r1, r2, r1
	.loc	2 39 5                          @ ../Algorithm/Src/Kalman_Filter.c:39:5
	bl	__aeabi_memclr4
	ldr	r2, [sp, #4]                    @ 4-byte Reload
	.loc	2 40 18 is_stmt 1               @ ../Algorithm/Src/Kalman_Filter.c:40:18
	ldr	r3, [sp, #12]
	.loc	2 40 26 is_stmt 0               @ ../Algorithm/Src/Kalman_Filter.c:40:26
	add.w	r0, r3, #52
	.loc	2 40 41                         @ ../Algorithm/Src/Kalman_Filter.c:40:41
	ldrb	r1, [r3, #4]
	.loc	2 40 73                         @ ../Algorithm/Src/Kalman_Filter.c:40:73
	ldr.w	r3, [r3, #204]
	.loc	2 40 5                          @ ../Algorithm/Src/Kalman_Filter.c:40:5
	bl	arm_mat_init_f32
	.loc	2 43 39 is_stmt 1               @ ../Algorithm/Src/Kalman_Filter.c:43:39
	ldr	r0, [sp, #12]
	.loc	2 43 43 is_stmt 0               @ ../Algorithm/Src/Kalman_Filter.c:43:43
	ldrh	r0, [r0]
	.loc	2 43 58                         @ ../Algorithm/Src/Kalman_Filter.c:43:58
	ldrb.w	r1, [sp, #9]
	.loc	2 43 56                         @ ../Algorithm/Src/Kalman_Filter.c:43:56
	muls	r0, r1, r0
	.loc	2 43 27                         @ ../Algorithm/Src/Kalman_Filter.c:43:27
	bl	malloc
	.loc	2 43 5                          @ ../Algorithm/Src/Kalman_Filter.c:43:5
	ldr	r1, [sp, #12]
	.loc	2 43 16                         @ ../Algorithm/Src/Kalman_Filter.c:43:16
	str.w	r0, [r1, #212]
	.loc	2 44 12 is_stmt 1               @ ../Algorithm/Src/Kalman_Filter.c:44:12
	ldr	r1, [sp, #12]
	.loc	2 44 21 is_stmt 0               @ ../Algorithm/Src/Kalman_Filter.c:44:21
	ldr.w	r0, [r1, #212]
	.loc	2 44 31                         @ ../Algorithm/Src/Kalman_Filter.c:44:31
	ldrh	r1, [r1]
	.loc	2 44 46                         @ ../Algorithm/Src/Kalman_Filter.c:44:46
	ldrb.w	r2, [sp, #9]
	.loc	2 44 44                         @ ../Algorithm/Src/Kalman_Filter.c:44:44
	muls	r1, r2, r1
	.loc	2 44 5                          @ ../Algorithm/Src/Kalman_Filter.c:44:5
	bl	__aeabi_memclr4
	ldr	r2, [sp, #4]                    @ 4-byte Reload
	.loc	2 45 18 is_stmt 1               @ ../Algorithm/Src/Kalman_Filter.c:45:18
	ldr	r3, [sp, #12]
	.loc	2 45 26 is_stmt 0               @ ../Algorithm/Src/Kalman_Filter.c:45:26
	add.w	r0, r3, #68
	.loc	2 45 33                         @ ../Algorithm/Src/Kalman_Filter.c:45:33
	ldrb	r1, [r3, #6]
	.loc	2 45 62                         @ ../Algorithm/Src/Kalman_Filter.c:45:62
	ldr.w	r3, [r3, #212]
	.loc	2 45 5                          @ ../Algorithm/Src/Kalman_Filter.c:45:5
	bl	arm_mat_init_f32
.Ltmp5:
	.loc	2 47 9 is_stmt 1                @ ../Algorithm/Src/Kalman_Filter.c:47:9
	ldr	r0, [sp, #12]
	.loc	2 47 13 is_stmt 0               @ ../Algorithm/Src/Kalman_Filter.c:47:13
	ldrb	r0, [r0, #5]
.Ltmp6:
	.loc	2 47 9                          @ ../Algorithm/Src/Kalman_Filter.c:47:9
	cmp	r0, #0
	beq	.LBB0_5
	b	.LBB0_4
.LBB0_4:
.Ltmp7:
	.loc	2 50 46 is_stmt 1               @ ../Algorithm/Src/Kalman_Filter.c:50:46
	ldr	r0, [sp, #12]
	.loc	2 50 50 is_stmt 0               @ ../Algorithm/Src/Kalman_Filter.c:50:50
	ldrh	r0, [r0]
	.loc	2 50 65                         @ ../Algorithm/Src/Kalman_Filter.c:50:65
	ldrb.w	r1, [sp, #10]
	.loc	2 50 63                         @ ../Algorithm/Src/Kalman_Filter.c:50:63
	muls	r0, r1, r0
	.loc	2 50 34                         @ ../Algorithm/Src/Kalman_Filter.c:50:34
	bl	malloc
	.loc	2 50 5                          @ ../Algorithm/Src/Kalman_Filter.c:50:5
	ldr	r1, [sp, #12]
	.loc	2 50 23                         @ ../Algorithm/Src/Kalman_Filter.c:50:23
	str	r0, [r1, #16]
	.loc	2 51 12 is_stmt 1               @ ../Algorithm/Src/Kalman_Filter.c:51:12
	ldr	r1, [sp, #12]
	.loc	2 51 16 is_stmt 0               @ ../Algorithm/Src/Kalman_Filter.c:51:16
	ldr	r0, [r1, #16]
	.loc	2 51 38                         @ ../Algorithm/Src/Kalman_Filter.c:51:38
	ldrh	r1, [r1]
	.loc	2 51 53                         @ ../Algorithm/Src/Kalman_Filter.c:51:53
	ldrb.w	r2, [sp, #10]
	.loc	2 51 51                         @ ../Algorithm/Src/Kalman_Filter.c:51:51
	muls	r1, r2, r1
	.loc	2 51 5                          @ ../Algorithm/Src/Kalman_Filter.c:51:5
	bl	__aeabi_memclr4
	.loc	2 54 43 is_stmt 1               @ ../Algorithm/Src/Kalman_Filter.c:54:43
	ldr	r0, [sp, #12]
	.loc	2 54 47 is_stmt 0               @ ../Algorithm/Src/Kalman_Filter.c:54:47
	ldrh	r0, [r0]
	.loc	2 54 62                         @ ../Algorithm/Src/Kalman_Filter.c:54:62
	ldrb.w	r1, [sp, #10]
	.loc	2 54 60                         @ ../Algorithm/Src/Kalman_Filter.c:54:60
	muls	r0, r1, r0
	.loc	2 54 31                         @ ../Algorithm/Src/Kalman_Filter.c:54:31
	bl	malloc
	.loc	2 54 9                          @ ../Algorithm/Src/Kalman_Filter.c:54:9
	ldr	r1, [sp, #12]
	.loc	2 54 20                         @ ../Algorithm/Src/Kalman_Filter.c:54:20
	str.w	r0, [r1, #208]
	.loc	2 55 16 is_stmt 1               @ ../Algorithm/Src/Kalman_Filter.c:55:16
	ldr	r1, [sp, #12]
	.loc	2 55 25 is_stmt 0               @ ../Algorithm/Src/Kalman_Filter.c:55:25
	ldr.w	r0, [r1, #208]
	.loc	2 55 35                         @ ../Algorithm/Src/Kalman_Filter.c:55:35
	ldrh	r1, [r1]
	.loc	2 55 50                         @ ../Algorithm/Src/Kalman_Filter.c:55:50
	ldrb.w	r2, [sp, #10]
	.loc	2 55 48                         @ ../Algorithm/Src/Kalman_Filter.c:55:48
	muls	r1, r2, r1
	.loc	2 55 9                          @ ../Algorithm/Src/Kalman_Filter.c:55:9
	bl	__aeabi_memclr4
	.loc	2 56 22 is_stmt 1               @ ../Algorithm/Src/Kalman_Filter.c:56:22
	ldr	r2, [sp, #12]
	.loc	2 56 30 is_stmt 0               @ ../Algorithm/Src/Kalman_Filter.c:56:30
	add.w	r0, r2, #60
	.loc	2 56 37                         @ ../Algorithm/Src/Kalman_Filter.c:56:37
	ldrb	r1, [r2, #5]
	.loc	2 56 66                         @ ../Algorithm/Src/Kalman_Filter.c:56:66
	ldr.w	r3, [r2, #208]
	movs	r2, #1
	.loc	2 56 9                          @ ../Algorithm/Src/Kalman_Filter.c:56:9
	bl	arm_mat_init_f32
	.loc	2 59 43 is_stmt 1               @ ../Algorithm/Src/Kalman_Filter.c:59:43
	ldr	r0, [sp, #12]
	.loc	2 59 47 is_stmt 0               @ ../Algorithm/Src/Kalman_Filter.c:59:47
	ldrh	r0, [r0]
	.loc	2 59 62                         @ ../Algorithm/Src/Kalman_Filter.c:59:62
	ldrb.w	r1, [sp, #11]
	.loc	2 59 60                         @ ../Algorithm/Src/Kalman_Filter.c:59:60
	muls	r0, r1, r0
	.loc	2 59 74                         @ ../Algorithm/Src/Kalman_Filter.c:59:74
	ldrb.w	r1, [sp, #10]
	.loc	2 59 72                         @ ../Algorithm/Src/Kalman_Filter.c:59:72
	muls	r0, r1, r0
	.loc	2 59 31                         @ ../Algorithm/Src/Kalman_Filter.c:59:31
	bl	malloc
	.loc	2 59 9                          @ ../Algorithm/Src/Kalman_Filter.c:59:9
	ldr	r1, [sp, #12]
	.loc	2 59 20                         @ ../Algorithm/Src/Kalman_Filter.c:59:20
	str.w	r0, [r1, #216]
	.loc	2 60 16 is_stmt 1               @ ../Algorithm/Src/Kalman_Filter.c:60:16
	ldr	r1, [sp, #12]
	.loc	2 60 25 is_stmt 0               @ ../Algorithm/Src/Kalman_Filter.c:60:25
	ldr.w	r0, [r1, #216]
	.loc	2 60 35                         @ ../Algorithm/Src/Kalman_Filter.c:60:35
	ldrh	r1, [r1]
	.loc	2 60 50                         @ ../Algorithm/Src/Kalman_Filter.c:60:50
	ldrb.w	r2, [sp, #11]
	.loc	2 60 48                         @ ../Algorithm/Src/Kalman_Filter.c:60:48
	muls	r1, r2, r1
	.loc	2 60 62                         @ ../Algorithm/Src/Kalman_Filter.c:60:62
	ldrb.w	r2, [sp, #10]
	.loc	2 60 60                         @ ../Algorithm/Src/Kalman_Filter.c:60:60
	muls	r1, r2, r1
	.loc	2 60 9                          @ ../Algorithm/Src/Kalman_Filter.c:60:9
	bl	__aeabi_memclr4
	.loc	2 61 22 is_stmt 1               @ ../Algorithm/Src/Kalman_Filter.c:61:22
	ldr	r3, [sp, #12]
	.loc	2 61 30 is_stmt 0               @ ../Algorithm/Src/Kalman_Filter.c:61:30
	add.w	r0, r3, #76
	.loc	2 61 37                         @ ../Algorithm/Src/Kalman_Filter.c:61:37
	ldrb	r1, [r3, #4]
	.loc	2 61 52                         @ ../Algorithm/Src/Kalman_Filter.c:61:52
	ldrb	r2, [r3, #5]
	.loc	2 61 78                         @ ../Algorithm/Src/Kalman_Filter.c:61:78
	ldr.w	r3, [r3, #216]
	.loc	2 61 9                          @ ../Algorithm/Src/Kalman_Filter.c:61:9
	bl	arm_mat_init_f32
	.loc	2 62 5 is_stmt 1                @ ../Algorithm/Src/Kalman_Filter.c:62:5
	b	.LBB0_5
.Ltmp8:
.LBB0_5:
	.loc	2 65 39                         @ ../Algorithm/Src/Kalman_Filter.c:65:39
	ldr	r0, [sp, #12]
	.loc	2 65 43 is_stmt 0               @ ../Algorithm/Src/Kalman_Filter.c:65:43
	ldrh	r0, [r0]
	.loc	2 65 58                         @ ../Algorithm/Src/Kalman_Filter.c:65:58
	ldrb.w	r1, [sp, #11]
	.loc	2 65 56                         @ ../Algorithm/Src/Kalman_Filter.c:65:56
	muls	r0, r1, r0
	.loc	2 65 68                         @ ../Algorithm/Src/Kalman_Filter.c:65:68
	muls	r0, r1, r0
	.loc	2 65 27                         @ ../Algorithm/Src/Kalman_Filter.c:65:27
	bl	malloc
	.loc	2 65 5                          @ ../Algorithm/Src/Kalman_Filter.c:65:5
	ldr	r1, [sp, #12]
	.loc	2 65 16                         @ ../Algorithm/Src/Kalman_Filter.c:65:16
	str.w	r0, [r1, #220]
	.loc	2 66 12 is_stmt 1               @ ../Algorithm/Src/Kalman_Filter.c:66:12
	ldr	r1, [sp, #12]
	.loc	2 66 21 is_stmt 0               @ ../Algorithm/Src/Kalman_Filter.c:66:21
	ldr.w	r0, [r1, #220]
	.loc	2 66 31                         @ ../Algorithm/Src/Kalman_Filter.c:66:31
	ldrh	r1, [r1]
	.loc	2 66 46                         @ ../Algorithm/Src/Kalman_Filter.c:66:46
	ldrb.w	r2, [sp, #11]
	.loc	2 66 44                         @ ../Algorithm/Src/Kalman_Filter.c:66:44
	muls	r1, r2, r1
	.loc	2 66 56                         @ ../Algorithm/Src/Kalman_Filter.c:66:56
	muls	r1, r2, r1
	.loc	2 66 5                          @ ../Algorithm/Src/Kalman_Filter.c:66:5
	bl	__aeabi_memclr4
	.loc	2 67 18 is_stmt 1               @ ../Algorithm/Src/Kalman_Filter.c:67:18
	ldr	r1, [sp, #12]
	.loc	2 67 26 is_stmt 0               @ ../Algorithm/Src/Kalman_Filter.c:67:26
	add.w	r0, r1, #84
	.loc	2 67 33                         @ ../Algorithm/Src/Kalman_Filter.c:67:33
	ldrb	r2, [r1, #4]
	.loc	2 67 77                         @ ../Algorithm/Src/Kalman_Filter.c:67:77
	ldr.w	r3, [r1, #220]
	.loc	2 67 5                          @ ../Algorithm/Src/Kalman_Filter.c:67:5
	mov	r1, r2
	bl	arm_mat_init_f32
	.loc	2 69 40 is_stmt 1               @ ../Algorithm/Src/Kalman_Filter.c:69:40
	ldr	r0, [sp, #12]
	.loc	2 69 44 is_stmt 0               @ ../Algorithm/Src/Kalman_Filter.c:69:44
	ldrh	r0, [r0]
	.loc	2 69 59                         @ ../Algorithm/Src/Kalman_Filter.c:69:59
	ldrb.w	r1, [sp, #11]
	.loc	2 69 57                         @ ../Algorithm/Src/Kalman_Filter.c:69:57
	muls	r0, r1, r0
	.loc	2 69 69                         @ ../Algorithm/Src/Kalman_Filter.c:69:69
	muls	r0, r1, r0
	.loc	2 69 28                         @ ../Algorithm/Src/Kalman_Filter.c:69:28
	bl	malloc
	.loc	2 69 5                          @ ../Algorithm/Src/Kalman_Filter.c:69:5
	ldr	r1, [sp, #12]
	.loc	2 69 17                         @ ../Algorithm/Src/Kalman_Filter.c:69:17
	str.w	r0, [r1, #224]
	.loc	2 70 12 is_stmt 1               @ ../Algorithm/Src/Kalman_Filter.c:70:12
	ldr	r1, [sp, #12]
	.loc	2 70 21 is_stmt 0               @ ../Algorithm/Src/Kalman_Filter.c:70:21
	ldr.w	r0, [r1, #224]
	.loc	2 70 32                         @ ../Algorithm/Src/Kalman_Filter.c:70:32
	ldrh	r1, [r1]
	.loc	2 70 47                         @ ../Algorithm/Src/Kalman_Filter.c:70:47
	ldrb.w	r2, [sp, #11]
	.loc	2 70 45                         @ ../Algorithm/Src/Kalman_Filter.c:70:45
	muls	r1, r2, r1
	.loc	2 70 57                         @ ../Algorithm/Src/Kalman_Filter.c:70:57
	muls	r1, r2, r1
	.loc	2 70 5                          @ ../Algorithm/Src/Kalman_Filter.c:70:5
	bl	__aeabi_memclr4
	.loc	2 71 18 is_stmt 1               @ ../Algorithm/Src/Kalman_Filter.c:71:18
	ldr	r1, [sp, #12]
	.loc	2 71 26 is_stmt 0               @ ../Algorithm/Src/Kalman_Filter.c:71:26
	add.w	r0, r1, #92
	.loc	2 71 34                         @ ../Algorithm/Src/Kalman_Filter.c:71:34
	ldrb	r2, [r1, #4]
	.loc	2 71 78                         @ ../Algorithm/Src/Kalman_Filter.c:71:78
	ldr.w	r3, [r1, #224]
	.loc	2 71 5                          @ ../Algorithm/Src/Kalman_Filter.c:71:5
	mov	r1, r2
	bl	arm_mat_init_f32
	.loc	2 74 39 is_stmt 1               @ ../Algorithm/Src/Kalman_Filter.c:74:39
	ldr	r0, [sp, #12]
	.loc	2 74 43 is_stmt 0               @ ../Algorithm/Src/Kalman_Filter.c:74:43
	ldrh	r0, [r0]
	.loc	2 74 58                         @ ../Algorithm/Src/Kalman_Filter.c:74:58
	ldrb.w	r1, [sp, #9]
	.loc	2 74 56                         @ ../Algorithm/Src/Kalman_Filter.c:74:56
	muls	r0, r1, r0
	.loc	2 74 67                         @ ../Algorithm/Src/Kalman_Filter.c:74:67
	ldrb.w	r1, [sp, #11]
	.loc	2 74 65                         @ ../Algorithm/Src/Kalman_Filter.c:74:65
	muls	r0, r1, r0
	.loc	2 74 27                         @ ../Algorithm/Src/Kalman_Filter.c:74:27
	bl	malloc
	.loc	2 74 5                          @ ../Algorithm/Src/Kalman_Filter.c:74:5
	ldr	r1, [sp, #12]
	.loc	2 74 16                         @ ../Algorithm/Src/Kalman_Filter.c:74:16
	str.w	r0, [r1, #228]
	.loc	2 75 12 is_stmt 1               @ ../Algorithm/Src/Kalman_Filter.c:75:12
	ldr	r1, [sp, #12]
	.loc	2 75 21 is_stmt 0               @ ../Algorithm/Src/Kalman_Filter.c:75:21
	ldr.w	r0, [r1, #228]
	.loc	2 75 31                         @ ../Algorithm/Src/Kalman_Filter.c:75:31
	ldrh	r1, [r1]
	.loc	2 75 46                         @ ../Algorithm/Src/Kalman_Filter.c:75:46
	ldrb.w	r2, [sp, #9]
	.loc	2 75 44                         @ ../Algorithm/Src/Kalman_Filter.c:75:44
	muls	r1, r2, r1
	.loc	2 75 55                         @ ../Algorithm/Src/Kalman_Filter.c:75:55
	ldrb.w	r2, [sp, #11]
	.loc	2 75 53                         @ ../Algorithm/Src/Kalman_Filter.c:75:53
	muls	r1, r2, r1
	.loc	2 75 5                          @ ../Algorithm/Src/Kalman_Filter.c:75:5
	bl	__aeabi_memclr4
	.loc	2 76 18 is_stmt 1               @ ../Algorithm/Src/Kalman_Filter.c:76:18
	ldr	r3, [sp, #12]
	.loc	2 76 26 is_stmt 0               @ ../Algorithm/Src/Kalman_Filter.c:76:26
	add.w	r0, r3, #100
	.loc	2 76 45                         @ ../Algorithm/Src/Kalman_Filter.c:76:45
	ldrb	r2, [r3, #4]
	.loc	2 76 33                         @ ../Algorithm/Src/Kalman_Filter.c:76:33
	ldrb	r1, [r3, #6]
	.loc	2 76 74                         @ ../Algorithm/Src/Kalman_Filter.c:76:74
	ldr.w	r3, [r3, #228]
	.loc	2 76 5                          @ ../Algorithm/Src/Kalman_Filter.c:76:5
	bl	arm_mat_init_f32
	.loc	2 78 40 is_stmt 1               @ ../Algorithm/Src/Kalman_Filter.c:78:40
	ldr	r0, [sp, #12]
	.loc	2 78 44 is_stmt 0               @ ../Algorithm/Src/Kalman_Filter.c:78:44
	ldrh	r0, [r0]
	.loc	2 78 59                         @ ../Algorithm/Src/Kalman_Filter.c:78:59
	ldrb.w	r1, [sp, #11]
	.loc	2 78 57                         @ ../Algorithm/Src/Kalman_Filter.c:78:57
	muls	r0, r1, r0
	.loc	2 78 71                         @ ../Algorithm/Src/Kalman_Filter.c:78:71
	ldrb.w	r1, [sp, #9]
	.loc	2 78 69                         @ ../Algorithm/Src/Kalman_Filter.c:78:69
	muls	r0, r1, r0
	.loc	2 78 28                         @ ../Algorithm/Src/Kalman_Filter.c:78:28
	bl	malloc
	.loc	2 78 5                          @ ../Algorithm/Src/Kalman_Filter.c:78:5
	ldr	r1, [sp, #12]
	.loc	2 78 17                         @ ../Algorithm/Src/Kalman_Filter.c:78:17
	str.w	r0, [r1, #232]
	.loc	2 79 12 is_stmt 1               @ ../Algorithm/Src/Kalman_Filter.c:79:12
	ldr	r1, [sp, #12]
	.loc	2 79 21 is_stmt 0               @ ../Algorithm/Src/Kalman_Filter.c:79:21
	ldr.w	r0, [r1, #232]
	.loc	2 79 32                         @ ../Algorithm/Src/Kalman_Filter.c:79:32
	ldrh	r1, [r1]
	.loc	2 79 47                         @ ../Algorithm/Src/Kalman_Filter.c:79:47
	ldrb.w	r2, [sp, #11]
	.loc	2 79 45                         @ ../Algorithm/Src/Kalman_Filter.c:79:45
	muls	r1, r2, r1
	.loc	2 79 59                         @ ../Algorithm/Src/Kalman_Filter.c:79:59
	ldrb.w	r2, [sp, #9]
	.loc	2 79 57                         @ ../Algorithm/Src/Kalman_Filter.c:79:57
	muls	r1, r2, r1
	.loc	2 79 5                          @ ../Algorithm/Src/Kalman_Filter.c:79:5
	bl	__aeabi_memclr4
	.loc	2 80 18 is_stmt 1               @ ../Algorithm/Src/Kalman_Filter.c:80:18
	ldr	r3, [sp, #12]
	.loc	2 80 26 is_stmt 0               @ ../Algorithm/Src/Kalman_Filter.c:80:26
	add.w	r0, r3, #108
	.loc	2 80 34                         @ ../Algorithm/Src/Kalman_Filter.c:80:34
	ldrb	r1, [r3, #4]
	.loc	2 80 49                         @ ../Algorithm/Src/Kalman_Filter.c:80:49
	ldrb	r2, [r3, #6]
	.loc	2 80 75                         @ ../Algorithm/Src/Kalman_Filter.c:80:75
	ldr.w	r3, [r3, #232]
	.loc	2 80 5                          @ ../Algorithm/Src/Kalman_Filter.c:80:5
	bl	arm_mat_init_f32
	.loc	2 83 39 is_stmt 1               @ ../Algorithm/Src/Kalman_Filter.c:83:39
	ldr	r0, [sp, #12]
	.loc	2 83 43 is_stmt 0               @ ../Algorithm/Src/Kalman_Filter.c:83:43
	ldrh	r0, [r0]
	.loc	2 83 58                         @ ../Algorithm/Src/Kalman_Filter.c:83:58
	ldrb.w	r1, [sp, #11]
	.loc	2 83 56                         @ ../Algorithm/Src/Kalman_Filter.c:83:56
	muls	r0, r1, r0
	.loc	2 83 68                         @ ../Algorithm/Src/Kalman_Filter.c:83:68
	muls	r0, r1, r0
	.loc	2 83 27                         @ ../Algorithm/Src/Kalman_Filter.c:83:27
	bl	malloc
	.loc	2 83 5                          @ ../Algorithm/Src/Kalman_Filter.c:83:5
	ldr	r1, [sp, #12]
	.loc	2 83 16                         @ ../Algorithm/Src/Kalman_Filter.c:83:16
	str.w	r0, [r1, #236]
	.loc	2 84 12 is_stmt 1               @ ../Algorithm/Src/Kalman_Filter.c:84:12
	ldr	r1, [sp, #12]
	.loc	2 84 21 is_stmt 0               @ ../Algorithm/Src/Kalman_Filter.c:84:21
	ldr.w	r0, [r1, #236]
	.loc	2 84 31                         @ ../Algorithm/Src/Kalman_Filter.c:84:31
	ldrh	r1, [r1]
	.loc	2 84 46                         @ ../Algorithm/Src/Kalman_Filter.c:84:46
	ldrb.w	r2, [sp, #11]
	.loc	2 84 44                         @ ../Algorithm/Src/Kalman_Filter.c:84:44
	muls	r1, r2, r1
	.loc	2 84 56                         @ ../Algorithm/Src/Kalman_Filter.c:84:56
	muls	r1, r2, r1
	.loc	2 84 5                          @ ../Algorithm/Src/Kalman_Filter.c:84:5
	bl	__aeabi_memclr4
	.loc	2 85 18 is_stmt 1               @ ../Algorithm/Src/Kalman_Filter.c:85:18
	ldr	r1, [sp, #12]
	.loc	2 85 26 is_stmt 0               @ ../Algorithm/Src/Kalman_Filter.c:85:26
	add.w	r0, r1, #116
	.loc	2 85 33                         @ ../Algorithm/Src/Kalman_Filter.c:85:33
	ldrb	r2, [r1, #4]
	.loc	2 85 77                         @ ../Algorithm/Src/Kalman_Filter.c:85:77
	ldr.w	r3, [r1, #236]
	.loc	2 85 5                          @ ../Algorithm/Src/Kalman_Filter.c:85:5
	mov	r1, r2
	bl	arm_mat_init_f32
	.loc	2 88 44 is_stmt 1               @ ../Algorithm/Src/Kalman_Filter.c:88:44
	ldr	r0, [sp, #12]
	.loc	2 88 48 is_stmt 0               @ ../Algorithm/Src/Kalman_Filter.c:88:48
	ldrh	r0, [r0]
	.loc	2 88 63                         @ ../Algorithm/Src/Kalman_Filter.c:88:63
	ldrb.w	r1, [sp, #11]
	.loc	2 88 61                         @ ../Algorithm/Src/Kalman_Filter.c:88:61
	muls	r0, r1, r0
	.loc	2 88 73                         @ ../Algorithm/Src/Kalman_Filter.c:88:73
	muls	r0, r1, r0
	.loc	2 88 32                         @ ../Algorithm/Src/Kalman_Filter.c:88:32
	bl	malloc
	.loc	2 88 5                          @ ../Algorithm/Src/Kalman_Filter.c:88:5
	ldr	r1, [sp, #12]
	.loc	2 88 21                         @ ../Algorithm/Src/Kalman_Filter.c:88:21
	str.w	r0, [r1, #240]
	.loc	2 89 12 is_stmt 1               @ ../Algorithm/Src/Kalman_Filter.c:89:12
	ldr	r1, [sp, #12]
	.loc	2 89 21 is_stmt 0               @ ../Algorithm/Src/Kalman_Filter.c:89:21
	ldr.w	r0, [r1, #240]
	.loc	2 89 36                         @ ../Algorithm/Src/Kalman_Filter.c:89:36
	ldrh	r1, [r1]
	.loc	2 89 51                         @ ../Algorithm/Src/Kalman_Filter.c:89:51
	ldrb.w	r2, [sp, #11]
	.loc	2 89 49                         @ ../Algorithm/Src/Kalman_Filter.c:89:49
	muls	r1, r2, r1
	.loc	2 89 61                         @ ../Algorithm/Src/Kalman_Filter.c:89:61
	muls	r1, r2, r1
	.loc	2 89 5                          @ ../Algorithm/Src/Kalman_Filter.c:89:5
	bl	__aeabi_memclr4
	.loc	2 90 18 is_stmt 1               @ ../Algorithm/Src/Kalman_Filter.c:90:18
	ldr	r1, [sp, #12]
	.loc	2 90 26 is_stmt 0               @ ../Algorithm/Src/Kalman_Filter.c:90:26
	add.w	r0, r1, #124
	.loc	2 90 38                         @ ../Algorithm/Src/Kalman_Filter.c:90:38
	ldrb	r2, [r1, #4]
	.loc	2 90 82                         @ ../Algorithm/Src/Kalman_Filter.c:90:82
	ldr.w	r3, [r1, #240]
	.loc	2 90 5                          @ ../Algorithm/Src/Kalman_Filter.c:90:5
	mov	r1, r2
	bl	arm_mat_init_f32
	.loc	2 93 39 is_stmt 1               @ ../Algorithm/Src/Kalman_Filter.c:93:39
	ldr	r0, [sp, #12]
	.loc	2 93 43 is_stmt 0               @ ../Algorithm/Src/Kalman_Filter.c:93:43
	ldrh	r0, [r0]
	.loc	2 93 58                         @ ../Algorithm/Src/Kalman_Filter.c:93:58
	ldrb.w	r1, [sp, #11]
	.loc	2 93 56                         @ ../Algorithm/Src/Kalman_Filter.c:93:56
	muls	r0, r1, r0
	.loc	2 93 68                         @ ../Algorithm/Src/Kalman_Filter.c:93:68
	muls	r0, r1, r0
	.loc	2 93 27                         @ ../Algorithm/Src/Kalman_Filter.c:93:27
	bl	malloc
	.loc	2 93 5                          @ ../Algorithm/Src/Kalman_Filter.c:93:5
	ldr	r1, [sp, #12]
	.loc	2 93 16                         @ ../Algorithm/Src/Kalman_Filter.c:93:16
	str.w	r0, [r1, #244]
	.loc	2 94 12 is_stmt 1               @ ../Algorithm/Src/Kalman_Filter.c:94:12
	ldr	r1, [sp, #12]
	.loc	2 94 21 is_stmt 0               @ ../Algorithm/Src/Kalman_Filter.c:94:21
	ldr.w	r0, [r1, #244]
	.loc	2 94 31                         @ ../Algorithm/Src/Kalman_Filter.c:94:31
	ldrh	r1, [r1]
	.loc	2 94 46                         @ ../Algorithm/Src/Kalman_Filter.c:94:46
	ldrb.w	r2, [sp, #11]
	.loc	2 94 44                         @ ../Algorithm/Src/Kalman_Filter.c:94:44
	muls	r1, r2, r1
	.loc	2 94 56                         @ ../Algorithm/Src/Kalman_Filter.c:94:56
	muls	r1, r2, r1
	.loc	2 94 5                          @ ../Algorithm/Src/Kalman_Filter.c:94:5
	bl	__aeabi_memclr4
	.loc	2 95 18 is_stmt 1               @ ../Algorithm/Src/Kalman_Filter.c:95:18
	ldr	r1, [sp, #12]
	.loc	2 95 26 is_stmt 0               @ ../Algorithm/Src/Kalman_Filter.c:95:26
	add.w	r0, r1, #132
	.loc	2 95 33                         @ ../Algorithm/Src/Kalman_Filter.c:95:33
	ldrb	r2, [r1, #4]
	.loc	2 95 77                         @ ../Algorithm/Src/Kalman_Filter.c:95:77
	ldr.w	r3, [r1, #244]
	.loc	2 95 5                          @ ../Algorithm/Src/Kalman_Filter.c:95:5
	mov	r1, r2
	bl	arm_mat_init_f32
	.loc	2 98 39 is_stmt 1               @ ../Algorithm/Src/Kalman_Filter.c:98:39
	ldr	r0, [sp, #12]
	.loc	2 98 43 is_stmt 0               @ ../Algorithm/Src/Kalman_Filter.c:98:43
	ldrh	r0, [r0]
	.loc	2 98 58                         @ ../Algorithm/Src/Kalman_Filter.c:98:58
	ldrb.w	r1, [sp, #9]
	.loc	2 98 56                         @ ../Algorithm/Src/Kalman_Filter.c:98:56
	muls	r0, r1, r0
	.loc	2 98 65                         @ ../Algorithm/Src/Kalman_Filter.c:98:65
	muls	r0, r1, r0
	.loc	2 98 27                         @ ../Algorithm/Src/Kalman_Filter.c:98:27
	bl	malloc
	.loc	2 98 5                          @ ../Algorithm/Src/Kalman_Filter.c:98:5
	ldr	r1, [sp, #12]
	.loc	2 98 16                         @ ../Algorithm/Src/Kalman_Filter.c:98:16
	str.w	r0, [r1, #248]
	.loc	2 99 12 is_stmt 1               @ ../Algorithm/Src/Kalman_Filter.c:99:12
	ldr	r1, [sp, #12]
	.loc	2 99 21 is_stmt 0               @ ../Algorithm/Src/Kalman_Filter.c:99:21
	ldr.w	r0, [r1, #248]
	.loc	2 99 31                         @ ../Algorithm/Src/Kalman_Filter.c:99:31
	ldrh	r1, [r1]
	.loc	2 99 46                         @ ../Algorithm/Src/Kalman_Filter.c:99:46
	ldrb.w	r2, [sp, #9]
	.loc	2 99 44                         @ ../Algorithm/Src/Kalman_Filter.c:99:44
	muls	r1, r2, r1
	.loc	2 99 53                         @ ../Algorithm/Src/Kalman_Filter.c:99:53
	muls	r1, r2, r1
	.loc	2 99 5                          @ ../Algorithm/Src/Kalman_Filter.c:99:5
	bl	__aeabi_memclr4
	.loc	2 100 18 is_stmt 1              @ ../Algorithm/Src/Kalman_Filter.c:100:18
	ldr	r1, [sp, #12]
	.loc	2 100 26 is_stmt 0              @ ../Algorithm/Src/Kalman_Filter.c:100:26
	add.w	r0, r1, #140
	.loc	2 100 33                        @ ../Algorithm/Src/Kalman_Filter.c:100:33
	ldrb	r2, [r1, #6]
	.loc	2 100 71                        @ ../Algorithm/Src/Kalman_Filter.c:100:71
	ldr.w	r3, [r1, #248]
	.loc	2 100 5                         @ ../Algorithm/Src/Kalman_Filter.c:100:5
	mov	r1, r2
	bl	arm_mat_init_f32
	.loc	2 103 39 is_stmt 1              @ ../Algorithm/Src/Kalman_Filter.c:103:39
	ldr	r0, [sp, #12]
	.loc	2 103 43 is_stmt 0              @ ../Algorithm/Src/Kalman_Filter.c:103:43
	ldrh	r0, [r0]
	.loc	2 103 58                        @ ../Algorithm/Src/Kalman_Filter.c:103:58
	ldrb.w	r1, [sp, #11]
	.loc	2 103 56                        @ ../Algorithm/Src/Kalman_Filter.c:103:56
	muls	r0, r1, r0
	.loc	2 103 70                        @ ../Algorithm/Src/Kalman_Filter.c:103:70
	ldrb.w	r1, [sp, #9]
	.loc	2 103 68                        @ ../Algorithm/Src/Kalman_Filter.c:103:68
	muls	r0, r1, r0
	.loc	2 103 27                        @ ../Algorithm/Src/Kalman_Filter.c:103:27
	bl	malloc
	.loc	2 103 5                         @ ../Algorithm/Src/Kalman_Filter.c:103:5
	ldr	r1, [sp, #12]
	.loc	2 103 16                        @ ../Algorithm/Src/Kalman_Filter.c:103:16
	str.w	r0, [r1, #252]
	.loc	2 104 12 is_stmt 1              @ ../Algorithm/Src/Kalman_Filter.c:104:12
	ldr	r1, [sp, #12]
	.loc	2 104 21 is_stmt 0              @ ../Algorithm/Src/Kalman_Filter.c:104:21
	ldr.w	r0, [r1, #252]
	.loc	2 104 31                        @ ../Algorithm/Src/Kalman_Filter.c:104:31
	ldrh	r1, [r1]
	.loc	2 104 46                        @ ../Algorithm/Src/Kalman_Filter.c:104:46
	ldrb.w	r2, [sp, #11]
	.loc	2 104 44                        @ ../Algorithm/Src/Kalman_Filter.c:104:44
	muls	r1, r2, r1
	.loc	2 104 58                        @ ../Algorithm/Src/Kalman_Filter.c:104:58
	ldrb.w	r2, [sp, #9]
	.loc	2 104 56                        @ ../Algorithm/Src/Kalman_Filter.c:104:56
	muls	r1, r2, r1
	.loc	2 104 5                         @ ../Algorithm/Src/Kalman_Filter.c:104:5
	bl	__aeabi_memclr4
	.loc	2 105 18 is_stmt 1              @ ../Algorithm/Src/Kalman_Filter.c:105:18
	ldr	r3, [sp, #12]
	.loc	2 105 26 is_stmt 0              @ ../Algorithm/Src/Kalman_Filter.c:105:26
	add.w	r0, r3, #148
	.loc	2 105 33                        @ ../Algorithm/Src/Kalman_Filter.c:105:33
	ldrb	r1, [r3, #4]
	.loc	2 105 48                        @ ../Algorithm/Src/Kalman_Filter.c:105:48
	ldrb	r2, [r3, #6]
	.loc	2 105 74                        @ ../Algorithm/Src/Kalman_Filter.c:105:74
	ldr.w	r3, [r3, #252]
	.loc	2 105 5                         @ ../Algorithm/Src/Kalman_Filter.c:105:5
	bl	arm_mat_init_f32
	.loc	2 108 51 is_stmt 1              @ ../Algorithm/Src/Kalman_Filter.c:108:51
	ldr	r1, [sp, #12]
	.loc	2 108 55 is_stmt 0              @ ../Algorithm/Src/Kalman_Filter.c:108:55
	ldrh	r0, [r1]
	.loc	2 108 74                        @ ../Algorithm/Src/Kalman_Filter.c:108:74
	ldrb	r1, [r1, #4]
	.loc	2 108 68                        @ ../Algorithm/Src/Kalman_Filter.c:108:68
	muls	r0, r1, r0
	.loc	2 108 84                        @ ../Algorithm/Src/Kalman_Filter.c:108:84
	muls	r0, r1, r0
	.loc	2 108 39                        @ ../Algorithm/Src/Kalman_Filter.c:108:39
	bl	malloc
	.loc	2 108 5                         @ ../Algorithm/Src/Kalman_Filter.c:108:5
	ldr	r1, [sp, #12]
	.loc	2 108 28                        @ ../Algorithm/Src/Kalman_Filter.c:108:28
	str.w	r0, [r1, #256]
	.loc	2 109 12 is_stmt 1              @ ../Algorithm/Src/Kalman_Filter.c:109:12
	ldr	r2, [sp, #12]
	.loc	2 109 21 is_stmt 0              @ ../Algorithm/Src/Kalman_Filter.c:109:21
	ldr.w	r0, [r2, #256]
	.loc	2 109 43                        @ ../Algorithm/Src/Kalman_Filter.c:109:43
	ldrh	r1, [r2]
	.loc	2 109 62                        @ ../Algorithm/Src/Kalman_Filter.c:109:62
	ldrb	r2, [r2, #4]
	.loc	2 109 56                        @ ../Algorithm/Src/Kalman_Filter.c:109:56
	muls	r1, r2, r1
	.loc	2 109 72                        @ ../Algorithm/Src/Kalman_Filter.c:109:72
	muls	r1, r2, r1
	.loc	2 109 5                         @ ../Algorithm/Src/Kalman_Filter.c:109:5
	bl	__aeabi_memclr4
	.loc	2 110 18 is_stmt 1              @ ../Algorithm/Src/Kalman_Filter.c:110:18
	ldr	r1, [sp, #12]
	.loc	2 110 26 is_stmt 0              @ ../Algorithm/Src/Kalman_Filter.c:110:26
	add.w	r0, r1, #156
	.loc	2 110 45                        @ ../Algorithm/Src/Kalman_Filter.c:110:45
	ldrb	r2, [r1, #4]
	.loc	2 110 89                        @ ../Algorithm/Src/Kalman_Filter.c:110:89
	ldr.w	r3, [r1, #256]
	.loc	2 110 5                         @ ../Algorithm/Src/Kalman_Filter.c:110:5
	mov	r1, r2
	bl	arm_mat_init_f32
	.loc	2 113 53 is_stmt 1              @ ../Algorithm/Src/Kalman_Filter.c:113:53
	ldr	r1, [sp, #12]
	.loc	2 113 57 is_stmt 0              @ ../Algorithm/Src/Kalman_Filter.c:113:57
	ldrh	r0, [r1]
	.loc	2 113 76                        @ ../Algorithm/Src/Kalman_Filter.c:113:76
	ldrb	r1, [r1, #4]
	.loc	2 113 70                        @ ../Algorithm/Src/Kalman_Filter.c:113:70
	muls	r0, r1, r0
	.loc	2 113 86                        @ ../Algorithm/Src/Kalman_Filter.c:113:86
	muls	r0, r1, r0
	.loc	2 113 41                        @ ../Algorithm/Src/Kalman_Filter.c:113:41
	bl	malloc
	.loc	2 113 5                         @ ../Algorithm/Src/Kalman_Filter.c:113:5
	ldr	r1, [sp, #12]
	.loc	2 113 30                        @ ../Algorithm/Src/Kalman_Filter.c:113:30
	str.w	r0, [r1, #260]
	.loc	2 114 12 is_stmt 1              @ ../Algorithm/Src/Kalman_Filter.c:114:12
	ldr	r2, [sp, #12]
	ldr.w	r0, [r2, #260]
	.loc	2 114 43 is_stmt 0              @ ../Algorithm/Src/Kalman_Filter.c:114:43
	ldrh	r1, [r2]
	.loc	2 114 62                        @ ../Algorithm/Src/Kalman_Filter.c:114:62
	ldrb	r2, [r2, #4]
	.loc	2 114 56                        @ ../Algorithm/Src/Kalman_Filter.c:114:56
	muls	r1, r2, r1
	.loc	2 114 72                        @ ../Algorithm/Src/Kalman_Filter.c:114:72
	muls	r1, r2, r1
	.loc	2 114 5                         @ ../Algorithm/Src/Kalman_Filter.c:114:5
	bl	__aeabi_memclr4
	.loc	2 115 18 is_stmt 1              @ ../Algorithm/Src/Kalman_Filter.c:115:18
	ldr	r1, [sp, #12]
	.loc	2 115 26 is_stmt 0              @ ../Algorithm/Src/Kalman_Filter.c:115:26
	add.w	r0, r1, #164
	.loc	2 115 47                        @ ../Algorithm/Src/Kalman_Filter.c:115:47
	ldrb	r2, [r1, #4]
	.loc	2 115 82                        @ ../Algorithm/Src/Kalman_Filter.c:115:82
	ldr.w	r3, [r1, #260]
	.loc	2 115 5                         @ ../Algorithm/Src/Kalman_Filter.c:115:5
	mov	r1, r2
	bl	arm_mat_init_f32
	.loc	2 117 53 is_stmt 1              @ ../Algorithm/Src/Kalman_Filter.c:117:53
	ldr	r1, [sp, #12]
	.loc	2 117 57 is_stmt 0              @ ../Algorithm/Src/Kalman_Filter.c:117:57
	ldrh	r0, [r1]
	.loc	2 117 76                        @ ../Algorithm/Src/Kalman_Filter.c:117:76
	ldrb	r1, [r1, #4]
	.loc	2 117 70                        @ ../Algorithm/Src/Kalman_Filter.c:117:70
	muls	r0, r1, r0
	.loc	2 117 86                        @ ../Algorithm/Src/Kalman_Filter.c:117:86
	muls	r0, r1, r0
	.loc	2 117 41                        @ ../Algorithm/Src/Kalman_Filter.c:117:41
	bl	malloc
	.loc	2 117 5                         @ ../Algorithm/Src/Kalman_Filter.c:117:5
	ldr	r1, [sp, #12]
	.loc	2 117 30                        @ ../Algorithm/Src/Kalman_Filter.c:117:30
	str.w	r0, [r1, #264]
	.loc	2 118 12 is_stmt 1              @ ../Algorithm/Src/Kalman_Filter.c:118:12
	ldr	r2, [sp, #12]
	ldr.w	r0, [r2, #264]
	.loc	2 118 43 is_stmt 0              @ ../Algorithm/Src/Kalman_Filter.c:118:43
	ldrh	r1, [r2]
	.loc	2 118 62                        @ ../Algorithm/Src/Kalman_Filter.c:118:62
	ldrb	r2, [r2, #4]
	.loc	2 118 56                        @ ../Algorithm/Src/Kalman_Filter.c:118:56
	muls	r1, r2, r1
	.loc	2 118 72                        @ ../Algorithm/Src/Kalman_Filter.c:118:72
	muls	r1, r2, r1
	.loc	2 118 5                         @ ../Algorithm/Src/Kalman_Filter.c:118:5
	bl	__aeabi_memclr4
	.loc	2 119 18 is_stmt 1              @ ../Algorithm/Src/Kalman_Filter.c:119:18
	ldr	r1, [sp, #12]
	add.w	r0, r1, #172
	.loc	2 119 47 is_stmt 0              @ ../Algorithm/Src/Kalman_Filter.c:119:47
	ldrb	r2, [r1, #4]
	.loc	2 119 82                        @ ../Algorithm/Src/Kalman_Filter.c:119:82
	ldr.w	r3, [r1, #264]
	.loc	2 119 5                         @ ../Algorithm/Src/Kalman_Filter.c:119:5
	mov	r1, r2
	bl	arm_mat_init_f32
	.loc	2 122 53 is_stmt 1              @ ../Algorithm/Src/Kalman_Filter.c:122:53
	ldr	r1, [sp, #12]
	.loc	2 122 57 is_stmt 0              @ ../Algorithm/Src/Kalman_Filter.c:122:57
	ldrh	r0, [r1]
	.loc	2 122 76                        @ ../Algorithm/Src/Kalman_Filter.c:122:76
	ldrb	r1, [r1, #4]
	.loc	2 122 70                        @ ../Algorithm/Src/Kalman_Filter.c:122:70
	muls	r0, r1, r0
	.loc	2 122 41                        @ ../Algorithm/Src/Kalman_Filter.c:122:41
	bl	malloc
	.loc	2 122 5                         @ ../Algorithm/Src/Kalman_Filter.c:122:5
	ldr	r1, [sp, #12]
	.loc	2 122 30                        @ ../Algorithm/Src/Kalman_Filter.c:122:30
	str.w	r0, [r1, #268]
	.loc	2 123 12 is_stmt 1              @ ../Algorithm/Src/Kalman_Filter.c:123:12
	ldr	r2, [sp, #12]
	ldr.w	r0, [r2, #268]
	.loc	2 123 43 is_stmt 0              @ ../Algorithm/Src/Kalman_Filter.c:123:43
	ldrh	r1, [r2]
	.loc	2 123 62                        @ ../Algorithm/Src/Kalman_Filter.c:123:62
	ldrb	r2, [r2, #4]
	.loc	2 123 56                        @ ../Algorithm/Src/Kalman_Filter.c:123:56
	muls	r1, r2, r1
	.loc	2 123 5                         @ ../Algorithm/Src/Kalman_Filter.c:123:5
	bl	__aeabi_memclr4
	.loc	2 124 18 is_stmt 1              @ ../Algorithm/Src/Kalman_Filter.c:124:18
	ldr	r2, [sp, #12]
	.loc	2 124 26 is_stmt 0              @ ../Algorithm/Src/Kalman_Filter.c:124:26
	add.w	r0, r2, #180
	.loc	2 124 47                        @ ../Algorithm/Src/Kalman_Filter.c:124:47
	ldrb	r1, [r2, #4]
	.loc	2 124 70                        @ ../Algorithm/Src/Kalman_Filter.c:124:70
	ldr.w	r3, [r2, #268]
	movs	r2, #1
	.loc	2 124 5                         @ ../Algorithm/Src/Kalman_Filter.c:124:5
	str	r2, [sp]                        @ 4-byte Spill
	bl	arm_mat_init_f32
	.loc	2 126 53 is_stmt 1              @ ../Algorithm/Src/Kalman_Filter.c:126:53
	ldr	r1, [sp, #12]
	.loc	2 126 57 is_stmt 0              @ ../Algorithm/Src/Kalman_Filter.c:126:57
	ldrh	r0, [r1]
	.loc	2 126 76                        @ ../Algorithm/Src/Kalman_Filter.c:126:76
	ldrb	r1, [r1, #4]
	.loc	2 126 70                        @ ../Algorithm/Src/Kalman_Filter.c:126:70
	muls	r0, r1, r0
	.loc	2 126 41                        @ ../Algorithm/Src/Kalman_Filter.c:126:41
	bl	malloc
	.loc	2 126 5                         @ ../Algorithm/Src/Kalman_Filter.c:126:5
	ldr	r1, [sp, #12]
	.loc	2 126 30                        @ ../Algorithm/Src/Kalman_Filter.c:126:30
	str.w	r0, [r1, #272]
	.loc	2 127 12 is_stmt 1              @ ../Algorithm/Src/Kalman_Filter.c:127:12
	ldr	r2, [sp, #12]
	ldr.w	r0, [r2, #272]
	.loc	2 127 43 is_stmt 0              @ ../Algorithm/Src/Kalman_Filter.c:127:43
	ldrh	r1, [r2]
	.loc	2 127 62                        @ ../Algorithm/Src/Kalman_Filter.c:127:62
	ldrb	r2, [r2, #4]
	.loc	2 127 56                        @ ../Algorithm/Src/Kalman_Filter.c:127:56
	muls	r1, r2, r1
	.loc	2 127 5                         @ ../Algorithm/Src/Kalman_Filter.c:127:5
	bl	__aeabi_memclr4
	ldr	r2, [sp]                        @ 4-byte Reload
	.loc	2 128 18 is_stmt 1              @ ../Algorithm/Src/Kalman_Filter.c:128:18
	ldr	r3, [sp, #12]
	add.w	r0, r3, #188
	.loc	2 128 47 is_stmt 0              @ ../Algorithm/Src/Kalman_Filter.c:128:47
	ldrb	r1, [r3, #4]
	.loc	2 128 70                        @ ../Algorithm/Src/Kalman_Filter.c:128:70
	ldr.w	r3, [r3, #272]
	.loc	2 128 5                         @ ../Algorithm/Src/Kalman_Filter.c:128:5
	bl	arm_mat_init_f32
	.loc	2 131 39 is_stmt 1              @ ../Algorithm/Src/Kalman_Filter.c:131:39
	ldr	r0, [sp, #12]
	.loc	2 131 43 is_stmt 0              @ ../Algorithm/Src/Kalman_Filter.c:131:43
	ldrh	r0, [r0]
	.loc	2 131 58                        @ ../Algorithm/Src/Kalman_Filter.c:131:58
	ldrb.w	r1, [sp, #11]
	.loc	2 131 56                        @ ../Algorithm/Src/Kalman_Filter.c:131:56
	muls	r0, r1, r0
	.loc	2 131 27                        @ ../Algorithm/Src/Kalman_Filter.c:131:27
	bl	malloc
	.loc	2 131 5                         @ ../Algorithm/Src/Kalman_Filter.c:131:5
	ldr	r1, [sp, #12]
	.loc	2 131 16                        @ ../Algorithm/Src/Kalman_Filter.c:131:16
	str.w	r0, [r1, #308]
	.loc	2 132 12 is_stmt 1              @ ../Algorithm/Src/Kalman_Filter.c:132:12
	ldr	r1, [sp, #12]
	.loc	2 132 16 is_stmt 0              @ ../Algorithm/Src/Kalman_Filter.c:132:16
	ldr.w	r0, [r1, #308]
	.loc	2 132 31                        @ ../Algorithm/Src/Kalman_Filter.c:132:31
	ldrh	r1, [r1]
	.loc	2 132 46                        @ ../Algorithm/Src/Kalman_Filter.c:132:46
	ldrb.w	r2, [sp, #11]
	.loc	2 132 44                        @ ../Algorithm/Src/Kalman_Filter.c:132:44
	muls	r1, r2, r1
	.loc	2 132 5                         @ ../Algorithm/Src/Kalman_Filter.c:132:5
	bl	__aeabi_memclr4
	.loc	2 133 1 epilogue_begin is_stmt 1 @ ../Algorithm/Src/Kalman_Filter.c:133:1
	add	sp, #16
	pop	{r7, pc}
.Ltmp9:
.Lfunc_end0:
	.size	Kalman_Filter_Init, .Lfunc_end0-Kalman_Filter_Init
	.cfi_endproc
	.cantunwind
	.fnend
                                        @ -- End function
	.section	.text.Kalman_Filter_Update,"ax",%progbits
	.hidden	Kalman_Filter_Update            @ -- Begin function Kalman_Filter_Update
	.globl	Kalman_Filter_Update
	.p2align	3
	.type	Kalman_Filter_Update,%function
	.code	16                              @ @Kalman_Filter_Update
	.thumb_func
Kalman_Filter_Update:
.Lfunc_begin1:
	.loc	2 297 0                         @ ../Algorithm/Src/Kalman_Filter.c:297:0
	.fnstart
	.cfi_startproc
@ %bb.0:
	.save	{r7, lr}
	push	{r7, lr}
	.cfi_def_cfa_offset 8
	.cfi_offset lr, -4
	.cfi_offset r7, -8
	.pad	#8
	sub	sp, #8
	.cfi_def_cfa_offset 16
	str	r0, [sp, #4]
.Ltmp10:
	.loc	2 299 38 prologue_end           @ ../Algorithm/Src/Kalman_Filter.c:299:38
	ldr	r0, [sp, #4]
	.loc	2 299 5 is_stmt 0               @ ../Algorithm/Src/Kalman_Filter.c:299:5
	bl	Kalman_Filter_Measurement_Update
.Ltmp11:
	.loc	2 301 8 is_stmt 1               @ ../Algorithm/Src/Kalman_Filter.c:301:8
	ldr	r0, [sp, #4]
	.loc	2 301 12 is_stmt 0              @ ../Algorithm/Src/Kalman_Filter.c:301:12
	ldr.w	r0, [r0, #280]
.Ltmp12:
	.loc	2 301 8                         @ ../Algorithm/Src/Kalman_Filter.c:301:8
	cbz	r0, .LBB1_2
	b	.LBB1_1
.LBB1_1:
.Ltmp13:
	.loc	2 303 7 is_stmt 1               @ ../Algorithm/Src/Kalman_Filter.c:303:7
	ldr	r0, [sp, #4]
	.loc	2 303 11 is_stmt 0              @ ../Algorithm/Src/Kalman_Filter.c:303:11
	ldr.w	r1, [r0, #280]
	.loc	2 303 7                         @ ../Algorithm/Src/Kalman_Filter.c:303:7
	blx	r1
	.loc	2 304 5 is_stmt 1               @ ../Algorithm/Src/Kalman_Filter.c:304:5
	b	.LBB1_2
.Ltmp14:
.LBB1_2:
	.loc	2 307 36                        @ ../Algorithm/Src/Kalman_Filter.c:307:36
	ldr	r0, [sp, #4]
	.loc	2 307 5 is_stmt 0               @ ../Algorithm/Src/Kalman_Filter.c:307:5
	bl	Kalman_Filter_Xhatminus_Update
.Ltmp15:
	.loc	2 309 8 is_stmt 1               @ ../Algorithm/Src/Kalman_Filter.c:309:8
	ldr	r0, [sp, #4]
	.loc	2 309 12 is_stmt 0              @ ../Algorithm/Src/Kalman_Filter.c:309:12
	ldr.w	r0, [r0, #284]
.Ltmp16:
	.loc	2 309 8                         @ ../Algorithm/Src/Kalman_Filter.c:309:8
	cbz	r0, .LBB1_4
	b	.LBB1_3
.LBB1_3:
.Ltmp17:
	.loc	2 311 7 is_stmt 1               @ ../Algorithm/Src/Kalman_Filter.c:311:7
	ldr	r0, [sp, #4]
	.loc	2 311 11 is_stmt 0              @ ../Algorithm/Src/Kalman_Filter.c:311:11
	ldr.w	r1, [r0, #284]
	.loc	2 311 7                         @ ../Algorithm/Src/Kalman_Filter.c:311:7
	blx	r1
	.loc	2 312 5 is_stmt 1               @ ../Algorithm/Src/Kalman_Filter.c:312:5
	b	.LBB1_4
.Ltmp18:
.LBB1_4:
	.loc	2 315 33                        @ ../Algorithm/Src/Kalman_Filter.c:315:33
	ldr	r0, [sp, #4]
	.loc	2 315 5 is_stmt 0               @ ../Algorithm/Src/Kalman_Filter.c:315:5
	bl	Kalman_Filter_Pminus_Update
.Ltmp19:
	.loc	2 317 8 is_stmt 1               @ ../Algorithm/Src/Kalman_Filter.c:317:8
	ldr	r0, [sp, #4]
	.loc	2 317 12 is_stmt 0              @ ../Algorithm/Src/Kalman_Filter.c:317:12
	ldr.w	r0, [r0, #288]
.Ltmp20:
	.loc	2 317 8                         @ ../Algorithm/Src/Kalman_Filter.c:317:8
	cbz	r0, .LBB1_6
	b	.LBB1_5
.LBB1_5:
.Ltmp21:
	.loc	2 319 7 is_stmt 1               @ ../Algorithm/Src/Kalman_Filter.c:319:7
	ldr	r0, [sp, #4]
	.loc	2 319 11 is_stmt 0              @ ../Algorithm/Src/Kalman_Filter.c:319:11
	ldr.w	r1, [r0, #288]
	.loc	2 319 7                         @ ../Algorithm/Src/Kalman_Filter.c:319:7
	blx	r1
	.loc	2 320 5 is_stmt 1               @ ../Algorithm/Src/Kalman_Filter.c:320:5
	b	.LBB1_6
.Ltmp22:
.LBB1_6:
	.loc	2 322 28                        @ ../Algorithm/Src/Kalman_Filter.c:322:28
	ldr	r0, [sp, #4]
	.loc	2 322 5 is_stmt 0               @ ../Algorithm/Src/Kalman_Filter.c:322:5
	bl	Kalman_Filter_K_Update
.Ltmp23:
	.loc	2 324 8 is_stmt 1               @ ../Algorithm/Src/Kalman_Filter.c:324:8
	ldr	r0, [sp, #4]
	.loc	2 324 12 is_stmt 0              @ ../Algorithm/Src/Kalman_Filter.c:324:12
	ldr.w	r0, [r0, #292]
.Ltmp24:
	.loc	2 324 8                         @ ../Algorithm/Src/Kalman_Filter.c:324:8
	cbz	r0, .LBB1_8
	b	.LBB1_7
.LBB1_7:
.Ltmp25:
	.loc	2 326 7 is_stmt 1               @ ../Algorithm/Src/Kalman_Filter.c:326:7
	ldr	r0, [sp, #4]
	.loc	2 326 11 is_stmt 0              @ ../Algorithm/Src/Kalman_Filter.c:326:11
	ldr.w	r1, [r0, #292]
	.loc	2 326 7                         @ ../Algorithm/Src/Kalman_Filter.c:326:7
	blx	r1
	.loc	2 327 5 is_stmt 1               @ ../Algorithm/Src/Kalman_Filter.c:327:5
	b	.LBB1_8
.Ltmp26:
.LBB1_8:
	.loc	2 330 31                        @ ../Algorithm/Src/Kalman_Filter.c:330:31
	ldr	r0, [sp, #4]
	.loc	2 330 5 is_stmt 0               @ ../Algorithm/Src/Kalman_Filter.c:330:5
	bl	Kalman_Filter_Xhat_Update
.Ltmp27:
	.loc	2 332 8 is_stmt 1               @ ../Algorithm/Src/Kalman_Filter.c:332:8
	ldr	r0, [sp, #4]
	.loc	2 332 12 is_stmt 0              @ ../Algorithm/Src/Kalman_Filter.c:332:12
	ldr.w	r0, [r0, #296]
.Ltmp28:
	.loc	2 332 8                         @ ../Algorithm/Src/Kalman_Filter.c:332:8
	cbz	r0, .LBB1_10
	b	.LBB1_9
.LBB1_9:
.Ltmp29:
	.loc	2 334 7 is_stmt 1               @ ../Algorithm/Src/Kalman_Filter.c:334:7
	ldr	r0, [sp, #4]
	.loc	2 334 11 is_stmt 0              @ ../Algorithm/Src/Kalman_Filter.c:334:11
	ldr.w	r1, [r0, #296]
	.loc	2 334 7                         @ ../Algorithm/Src/Kalman_Filter.c:334:7
	blx	r1
	.loc	2 335 5 is_stmt 1               @ ../Algorithm/Src/Kalman_Filter.c:335:5
	b	.LBB1_10
.Ltmp30:
.LBB1_10:
	.loc	2 338 28                        @ ../Algorithm/Src/Kalman_Filter.c:338:28
	ldr	r0, [sp, #4]
	.loc	2 338 5 is_stmt 0               @ ../Algorithm/Src/Kalman_Filter.c:338:5
	bl	Kalman_Filter_P_Update
.Ltmp31:
	.loc	2 340 8 is_stmt 1               @ ../Algorithm/Src/Kalman_Filter.c:340:8
	ldr	r0, [sp, #4]
	.loc	2 340 12 is_stmt 0              @ ../Algorithm/Src/Kalman_Filter.c:340:12
	ldr.w	r0, [r0, #300]
.Ltmp32:
	.loc	2 340 8                         @ ../Algorithm/Src/Kalman_Filter.c:340:8
	cbz	r0, .LBB1_12
	b	.LBB1_11
.LBB1_11:
.Ltmp33:
	.loc	2 342 7 is_stmt 1               @ ../Algorithm/Src/Kalman_Filter.c:342:7
	ldr	r0, [sp, #4]
	.loc	2 342 11 is_stmt 0              @ ../Algorithm/Src/Kalman_Filter.c:342:11
	ldr.w	r1, [r0, #300]
	.loc	2 342 7                         @ ../Algorithm/Src/Kalman_Filter.c:342:7
	blx	r1
	.loc	2 343 5 is_stmt 1               @ ../Algorithm/Src/Kalman_Filter.c:343:5
	b	.LBB1_12
.Ltmp34:
.LBB1_12:
	.loc	2 346 8                         @ ../Algorithm/Src/Kalman_Filter.c:346:8
	ldr	r0, [sp, #4]
	.loc	2 346 12 is_stmt 0              @ ../Algorithm/Src/Kalman_Filter.c:346:12
	ldr.w	r0, [r0, #304]
.Ltmp35:
	.loc	2 346 8                         @ ../Algorithm/Src/Kalman_Filter.c:346:8
	cbz	r0, .LBB1_14
	b	.LBB1_13
.LBB1_13:
.Ltmp36:
	.loc	2 348 7 is_stmt 1               @ ../Algorithm/Src/Kalman_Filter.c:348:7
	ldr	r0, [sp, #4]
	.loc	2 348 11 is_stmt 0              @ ../Algorithm/Src/Kalman_Filter.c:348:11
	ldr.w	r1, [r0, #304]
	.loc	2 348 7                         @ ../Algorithm/Src/Kalman_Filter.c:348:7
	blx	r1
	.loc	2 349 5 is_stmt 1               @ ../Algorithm/Src/Kalman_Filter.c:349:5
	b	.LBB1_14
.Ltmp37:
.LBB1_14:
	.loc	2 352 12                        @ ../Algorithm/Src/Kalman_Filter.c:352:12
	ldr	r3, [sp, #4]
	.loc	2 352 16 is_stmt 0              @ ../Algorithm/Src/Kalman_Filter.c:352:16
	ldr.w	r0, [r3, #308]
	.loc	2 352 33                        @ ../Algorithm/Src/Kalman_Filter.c:352:33
	ldr.w	r1, [r3, #200]
	.loc	2 352 43                        @ ../Algorithm/Src/Kalman_Filter.c:352:43
	ldrh	r2, [r3]
	.loc	2 352 62                        @ ../Algorithm/Src/Kalman_Filter.c:352:62
	ldrb	r3, [r3, #4]
	.loc	2 352 56                        @ ../Algorithm/Src/Kalman_Filter.c:352:56
	muls	r2, r3, r2
	.loc	2 352 5                         @ ../Algorithm/Src/Kalman_Filter.c:352:5
	bl	__aeabi_memcpy4
	.loc	2 354 12 is_stmt 1              @ ../Algorithm/Src/Kalman_Filter.c:354:12
	ldr	r0, [sp, #4]
	.loc	2 354 16 is_stmt 0              @ ../Algorithm/Src/Kalman_Filter.c:354:16
	ldr.w	r0, [r0, #308]
	.loc	2 354 5 epilogue_begin          @ ../Algorithm/Src/Kalman_Filter.c:354:5
	add	sp, #8
	pop	{r7, pc}
.Ltmp38:
.Lfunc_end1:
	.size	Kalman_Filter_Update, .Lfunc_end1-Kalman_Filter_Update
	.cfi_endproc
	.cantunwind
	.fnend
                                        @ -- End function
	.section	.text.Kalman_Filter_Measurement_Update,"ax",%progbits
	.p2align	3                               @ -- Begin function Kalman_Filter_Measurement_Update
	.type	Kalman_Filter_Measurement_Update,%function
	.code	16                              @ @Kalman_Filter_Measurement_Update
	.thumb_func
Kalman_Filter_Measurement_Update:
.Lfunc_begin2:
	.loc	2 136 0 is_stmt 1               @ ../Algorithm/Src/Kalman_Filter.c:136:0
	.fnstart
	.cfi_startproc
@ %bb.0:
	.save	{r7, lr}
	push	{r7, lr}
	.cfi_def_cfa_offset 8
	.cfi_offset lr, -4
	.cfi_offset r7, -8
	.pad	#8
	sub	sp, #8
	.cfi_def_cfa_offset 16
	str	r0, [sp, #4]
.Ltmp39:
	.loc	2 138 12 prologue_end           @ ../Algorithm/Src/Kalman_Filter.c:138:12
	ldr	r3, [sp, #4]
	.loc	2 138 21 is_stmt 0              @ ../Algorithm/Src/Kalman_Filter.c:138:21
	ldr.w	r0, [r3, #212]
	.loc	2 138 28                        @ ../Algorithm/Src/Kalman_Filter.c:138:28
	ldr	r1, [r3, #12]
	.loc	2 138 48                        @ ../Algorithm/Src/Kalman_Filter.c:138:48
	ldrh	r2, [r3]
	.loc	2 138 67                        @ ../Algorithm/Src/Kalman_Filter.c:138:67
	ldrb	r3, [r3, #6]
	.loc	2 138 61                        @ ../Algorithm/Src/Kalman_Filter.c:138:61
	muls	r2, r3, r2
	.loc	2 138 5                         @ ../Algorithm/Src/Kalman_Filter.c:138:5
	bl	__aeabi_memcpy4
	.loc	2 141 12 is_stmt 1              @ ../Algorithm/Src/Kalman_Filter.c:141:12
	ldr	r2, [sp, #4]
	.loc	2 141 16 is_stmt 0              @ ../Algorithm/Src/Kalman_Filter.c:141:16
	ldr	r0, [r2, #12]
	.loc	2 141 39                        @ ../Algorithm/Src/Kalman_Filter.c:141:39
	ldrh	r1, [r2]
	.loc	2 141 58                        @ ../Algorithm/Src/Kalman_Filter.c:141:58
	ldrb	r2, [r2, #6]
	.loc	2 141 52                        @ ../Algorithm/Src/Kalman_Filter.c:141:52
	muls	r1, r2, r1
	.loc	2 141 5                         @ ../Algorithm/Src/Kalman_Filter.c:141:5
	bl	__aeabi_memclr4
.Ltmp40:
	.loc	2 143 8 is_stmt 1               @ ../Algorithm/Src/Kalman_Filter.c:143:8
	ldr	r0, [sp, #4]
	.loc	2 143 12 is_stmt 0              @ ../Algorithm/Src/Kalman_Filter.c:143:12
	ldrb	r0, [r0, #5]
.Ltmp41:
	.loc	2 143 8                         @ ../Algorithm/Src/Kalman_Filter.c:143:8
	cmp	r0, #1
	blt	.LBB2_2
	b	.LBB2_1
.LBB2_1:
.Ltmp42:
	.loc	2 146 14 is_stmt 1              @ ../Algorithm/Src/Kalman_Filter.c:146:14
	ldr	r3, [sp, #4]
	.loc	2 146 23 is_stmt 0              @ ../Algorithm/Src/Kalman_Filter.c:146:23
	ldr.w	r0, [r3, #208]
	.loc	2 146 30                        @ ../Algorithm/Src/Kalman_Filter.c:146:30
	ldr	r1, [r3, #16]
	.loc	2 146 49                        @ ../Algorithm/Src/Kalman_Filter.c:146:49
	ldrh	r2, [r3]
	.loc	2 146 68                        @ ../Algorithm/Src/Kalman_Filter.c:146:68
	ldrb	r3, [r3, #5]
	.loc	2 146 62                        @ ../Algorithm/Src/Kalman_Filter.c:146:62
	muls	r2, r3, r2
	.loc	2 146 7                         @ ../Algorithm/Src/Kalman_Filter.c:146:7
	bl	__aeabi_memcpy4
	.loc	2 147 5 is_stmt 1               @ ../Algorithm/Src/Kalman_Filter.c:147:5
	b	.LBB2_2
.Ltmp43:
.LBB2_2:
	.loc	2 148 1 epilogue_begin          @ ../Algorithm/Src/Kalman_Filter.c:148:1
	add	sp, #8
	pop	{r7, pc}
.Ltmp44:
.Lfunc_end2:
	.size	Kalman_Filter_Measurement_Update, .Lfunc_end2-Kalman_Filter_Measurement_Update
	.cfi_endproc
	.cantunwind
	.fnend
                                        @ -- End function
	.section	.text.Kalman_Filter_Xhatminus_Update,"ax",%progbits
	.p2align	3                               @ -- Begin function Kalman_Filter_Xhatminus_Update
	.type	Kalman_Filter_Xhatminus_Update,%function
	.code	16                              @ @Kalman_Filter_Xhatminus_Update
	.thumb_func
Kalman_Filter_Xhatminus_Update:
.Lfunc_begin3:
	.loc	2 151 0                         @ ../Algorithm/Src/Kalman_Filter.c:151:0
	.fnstart
	.cfi_startproc
@ %bb.0:
	.save	{r7, lr}
	push	{r7, lr}
	.cfi_def_cfa_offset 8
	.cfi_offset lr, -4
	.cfi_offset r7, -8
	.pad	#8
	sub	sp, #8
	.cfi_def_cfa_offset 16
	str	r0, [sp, #4]
.Ltmp45:
	.loc	2 153 8 prologue_end            @ ../Algorithm/Src/Kalman_Filter.c:153:8
	ldr	r0, [sp, #4]
.Ltmp46:
	.loc	2 153 8 is_stmt 0               @ ../Algorithm/Src/Kalman_Filter.c:153:8
	ldrb.w	r0, [r0, #276]
	lsls	r0, r0, #31
	cbz	r0, .LBB3_2
	b	.LBB3_1
.LBB3_1:
.Ltmp47:
	.loc	2 155 7 is_stmt 1               @ ../Algorithm/Src/Kalman_Filter.c:155:7
	b	.LBB3_5
.Ltmp48:
.LBB3_2:
	.loc	2 158 8                         @ ../Algorithm/Src/Kalman_Filter.c:158:8
	ldr	r0, [sp, #4]
	.loc	2 158 12 is_stmt 0              @ ../Algorithm/Src/Kalman_Filter.c:158:12
	ldrb	r0, [r0, #5]
.Ltmp49:
	.loc	2 158 8                         @ ../Algorithm/Src/Kalman_Filter.c:158:8
	cmp	r0, #1
	blt	.LBB3_4
	b	.LBB3_3
.LBB3_3:
.Ltmp50:
	.loc	2 161 43 is_stmt 1              @ ../Algorithm/Src/Kalman_Filter.c:161:43
	ldr	r1, [sp, #4]
	.loc	2 161 47 is_stmt 0              @ ../Algorithm/Src/Kalman_Filter.c:161:47
	ldrb	r0, [r1, #4]
	.loc	2 161 41                        @ ../Algorithm/Src/Kalman_Filter.c:161:41
	strh.w	r0, [r1, #180]
	.loc	2 162 9 is_stmt 1               @ ../Algorithm/Src/Kalman_Filter.c:162:9
	ldr	r1, [sp, #4]
	movs	r0, #1
	.loc	2 162 41 is_stmt 0              @ ../Algorithm/Src/Kalman_Filter.c:162:41
	str	r0, [sp]                        @ 4-byte Spill
	strh.w	r0, [r1, #182]
	.loc	2 163 42 is_stmt 1              @ ../Algorithm/Src/Kalman_Filter.c:163:42
	ldr	r2, [sp, #4]
	.loc	2 163 46 is_stmt 0              @ ../Algorithm/Src/Kalman_Filter.c:163:46
	add.w	r1, r2, #44
	.loc	2 163 50                        @ ../Algorithm/Src/Kalman_Filter.c:163:50
	add.w	r0, r2, #84
	.loc	2 163 77                        @ ../Algorithm/Src/Kalman_Filter.c:163:77
	adds	r2, #180
	.loc	2 163 25                        @ ../Algorithm/Src/Kalman_Filter.c:163:25
	bl	arm_mat_mult_f32
	mov	r1, r0
	.loc	2 163 9                         @ ../Algorithm/Src/Kalman_Filter.c:163:9
	ldr	r0, [sp]                        @ 4-byte Reload
	ldr	r2, [sp, #4]
	.loc	2 163 23                        @ ../Algorithm/Src/Kalman_Filter.c:163:23
	strb.w	r1, [r2, #196]
	.loc	2 166 43 is_stmt 1              @ ../Algorithm/Src/Kalman_Filter.c:166:43
	ldr	r2, [sp, #4]
	.loc	2 166 47 is_stmt 0              @ ../Algorithm/Src/Kalman_Filter.c:166:47
	ldrb	r1, [r2, #4]
	.loc	2 166 41                        @ ../Algorithm/Src/Kalman_Filter.c:166:41
	strh.w	r1, [r2, #180]
	.loc	2 167 9 is_stmt 1               @ ../Algorithm/Src/Kalman_Filter.c:167:9
	ldr	r1, [sp, #4]
	.loc	2 167 41 is_stmt 0              @ ../Algorithm/Src/Kalman_Filter.c:167:41
	strh.w	r0, [r1, #182]
	.loc	2 168 42 is_stmt 1              @ ../Algorithm/Src/Kalman_Filter.c:168:42
	ldr	r2, [sp, #4]
	.loc	2 168 50 is_stmt 0              @ ../Algorithm/Src/Kalman_Filter.c:168:50
	add.w	r0, r2, #76
	.loc	2 168 62                        @ ../Algorithm/Src/Kalman_Filter.c:168:62
	add.w	r1, r2, #60
	.loc	2 168 66                        @ ../Algorithm/Src/Kalman_Filter.c:168:66
	adds	r2, #188
	.loc	2 168 25                        @ ../Algorithm/Src/Kalman_Filter.c:168:25
	bl	arm_mat_mult_f32
	.loc	2 168 9                         @ ../Algorithm/Src/Kalman_Filter.c:168:9
	ldr	r1, [sp, #4]
	.loc	2 168 23                        @ ../Algorithm/Src/Kalman_Filter.c:168:23
	strb.w	r0, [r1, #196]
	.loc	2 171 37 is_stmt 1              @ ../Algorithm/Src/Kalman_Filter.c:171:37
	ldr	r2, [sp, #4]
	.loc	2 171 45 is_stmt 0              @ ../Algorithm/Src/Kalman_Filter.c:171:45
	add.w	r0, r2, #180
	.loc	2 171 63                        @ ../Algorithm/Src/Kalman_Filter.c:171:63
	add.w	r1, r2, #188
	.loc	2 171 97                        @ ../Algorithm/Src/Kalman_Filter.c:171:97
	adds	r2, #52
	.loc	2 171 25                        @ ../Algorithm/Src/Kalman_Filter.c:171:25
	bl	arm_mat_add_f32
	.loc	2 171 9                         @ ../Algorithm/Src/Kalman_Filter.c:171:9
	ldr	r1, [sp, #4]
	.loc	2 171 23                        @ ../Algorithm/Src/Kalman_Filter.c:171:23
	strb.w	r0, [r1, #196]
	.loc	2 172 5 is_stmt 1               @ ../Algorithm/Src/Kalman_Filter.c:172:5
	b	.LBB3_5
.Ltmp51:
.LBB3_4:
	.loc	2 177 42                        @ ../Algorithm/Src/Kalman_Filter.c:177:42
	ldr	r2, [sp, #4]
	.loc	2 177 46 is_stmt 0              @ ../Algorithm/Src/Kalman_Filter.c:177:46
	add.w	r1, r2, #44
	.loc	2 177 50                        @ ../Algorithm/Src/Kalman_Filter.c:177:50
	add.w	r0, r2, #84
	.loc	2 177 77                        @ ../Algorithm/Src/Kalman_Filter.c:177:77
	adds	r2, #52
	.loc	2 177 25                        @ ../Algorithm/Src/Kalman_Filter.c:177:25
	bl	arm_mat_mult_f32
	.loc	2 177 9                         @ ../Algorithm/Src/Kalman_Filter.c:177:9
	ldr	r1, [sp, #4]
	.loc	2 177 23                        @ ../Algorithm/Src/Kalman_Filter.c:177:23
	strb.w	r0, [r1, #196]
	b	.LBB3_5
.Ltmp52:
.LBB3_5:
	.loc	2 179 1 epilogue_begin is_stmt 1 @ ../Algorithm/Src/Kalman_Filter.c:179:1
	add	sp, #8
	pop	{r7, pc}
.Ltmp53:
.Lfunc_end3:
	.size	Kalman_Filter_Xhatminus_Update, .Lfunc_end3-Kalman_Filter_Xhatminus_Update
	.cfi_endproc
	.cantunwind
	.fnend
                                        @ -- End function
	.section	.text.Kalman_Filter_Pminus_Update,"ax",%progbits
	.p2align	3                               @ -- Begin function Kalman_Filter_Pminus_Update
	.type	Kalman_Filter_Pminus_Update,%function
	.code	16                              @ @Kalman_Filter_Pminus_Update
	.thumb_func
Kalman_Filter_Pminus_Update:
.Lfunc_begin4:
	.loc	2 183 0                         @ ../Algorithm/Src/Kalman_Filter.c:183:0
	.fnstart
	.cfi_startproc
@ %bb.0:
	.save	{r7, lr}
	push	{r7, lr}
	.cfi_def_cfa_offset 8
	.cfi_offset lr, -4
	.cfi_offset r7, -8
	.pad	#8
	sub	sp, #8
	.cfi_def_cfa_offset 16
	str	r0, [sp, #4]
.Ltmp54:
	.loc	2 185 8 prologue_end            @ ../Algorithm/Src/Kalman_Filter.c:185:8
	ldr	r0, [sp, #4]
	.loc	2 185 12 is_stmt 0              @ ../Algorithm/Src/Kalman_Filter.c:185:12
	ldrb.w	r0, [r0, #276]
	lsrs	r0, r0, #1
.Ltmp55:
	.loc	2 185 8                         @ ../Algorithm/Src/Kalman_Filter.c:185:8
	lsls	r0, r0, #31
	cbz	r0, .LBB4_2
	b	.LBB4_1
.LBB4_1:
.Ltmp56:
	.loc	2 187 7 is_stmt 1               @ ../Algorithm/Src/Kalman_Filter.c:187:7
	b	.LBB4_3
.Ltmp57:
.LBB4_2:
	.loc	2 191 39                        @ ../Algorithm/Src/Kalman_Filter.c:191:39
	ldr	r1, [sp, #4]
	.loc	2 191 47 is_stmt 0              @ ../Algorithm/Src/Kalman_Filter.c:191:47
	add.w	r0, r1, #84
	.loc	2 191 59                        @ ../Algorithm/Src/Kalman_Filter.c:191:59
	adds	r1, #92
	.loc	2 191 21                        @ ../Algorithm/Src/Kalman_Filter.c:191:21
	bl	arm_mat_trans_f32
	.loc	2 191 5                         @ ../Algorithm/Src/Kalman_Filter.c:191:5
	ldr	r1, [sp, #4]
	.loc	2 191 19                        @ ../Algorithm/Src/Kalman_Filter.c:191:19
	strb.w	r0, [r1, #196]
	.loc	2 194 38 is_stmt 1              @ ../Algorithm/Src/Kalman_Filter.c:194:38
	ldr	r2, [sp, #4]
	.loc	2 194 46 is_stmt 0              @ ../Algorithm/Src/Kalman_Filter.c:194:46
	add.w	r0, r2, #84
	.loc	2 194 58                        @ ../Algorithm/Src/Kalman_Filter.c:194:58
	add.w	r1, r2, #116
	.loc	2 194 70                        @ ../Algorithm/Src/Kalman_Filter.c:194:70
	adds	r2, #124
	.loc	2 194 21                        @ ../Algorithm/Src/Kalman_Filter.c:194:21
	bl	arm_mat_mult_f32
	.loc	2 194 5                         @ ../Algorithm/Src/Kalman_Filter.c:194:5
	ldr	r1, [sp, #4]
	.loc	2 194 19                        @ ../Algorithm/Src/Kalman_Filter.c:194:19
	strb.w	r0, [r1, #196]
	.loc	2 197 39 is_stmt 1              @ ../Algorithm/Src/Kalman_Filter.c:197:39
	ldr	r1, [sp, #4]
	.loc	2 197 54 is_stmt 0              @ ../Algorithm/Src/Kalman_Filter.c:197:54
	ldrh.w	r0, [r1, #124]
	.loc	2 197 37                        @ ../Algorithm/Src/Kalman_Filter.c:197:37
	strh.w	r0, [r1, #164]
	.loc	2 198 39 is_stmt 1              @ ../Algorithm/Src/Kalman_Filter.c:198:39
	ldr	r1, [sp, #4]
	.loc	2 198 50 is_stmt 0              @ ../Algorithm/Src/Kalman_Filter.c:198:50
	ldrh.w	r0, [r1, #94]
	.loc	2 198 37                        @ ../Algorithm/Src/Kalman_Filter.c:198:37
	strh.w	r0, [r1, #166]
	.loc	2 199 38 is_stmt 1              @ ../Algorithm/Src/Kalman_Filter.c:199:38
	ldr	r2, [sp, #4]
	.loc	2 199 46 is_stmt 0              @ ../Algorithm/Src/Kalman_Filter.c:199:46
	add.w	r0, r2, #124
	.loc	2 199 63                        @ ../Algorithm/Src/Kalman_Filter.c:199:63
	add.w	r1, r2, #92
	.loc	2 199 76                        @ ../Algorithm/Src/Kalman_Filter.c:199:76
	adds	r2, #164
	.loc	2 199 21                        @ ../Algorithm/Src/Kalman_Filter.c:199:21
	bl	arm_mat_mult_f32
	.loc	2 199 5                         @ ../Algorithm/Src/Kalman_Filter.c:199:5
	ldr	r1, [sp, #4]
	.loc	2 199 19                        @ ../Algorithm/Src/Kalman_Filter.c:199:19
	strb.w	r0, [r1, #196]
	.loc	2 202 33 is_stmt 1              @ ../Algorithm/Src/Kalman_Filter.c:202:33
	ldr	r2, [sp, #4]
	.loc	2 202 41 is_stmt 0              @ ../Algorithm/Src/Kalman_Filter.c:202:41
	add.w	r0, r2, #164
	.loc	2 202 67                        @ ../Algorithm/Src/Kalman_Filter.c:202:67
	add.w	r1, r2, #132
	.loc	2 202 79                        @ ../Algorithm/Src/Kalman_Filter.c:202:79
	adds	r2, #124
	.loc	2 202 21                        @ ../Algorithm/Src/Kalman_Filter.c:202:21
	bl	arm_mat_add_f32
	.loc	2 202 5                         @ ../Algorithm/Src/Kalman_Filter.c:202:5
	ldr	r1, [sp, #4]
	.loc	2 202 19                        @ ../Algorithm/Src/Kalman_Filter.c:202:19
	strb.w	r0, [r1, #196]
	.loc	2 203 1 is_stmt 1               @ ../Algorithm/Src/Kalman_Filter.c:203:1
	b	.LBB4_3
.LBB4_3:
	.loc	2 203 1 epilogue_begin is_stmt 0 @ ../Algorithm/Src/Kalman_Filter.c:203:1
	add	sp, #8
	pop	{r7, pc}
.Ltmp58:
.Lfunc_end4:
	.size	Kalman_Filter_Pminus_Update, .Lfunc_end4-Kalman_Filter_Pminus_Update
	.cfi_endproc
	.cantunwind
	.fnend
                                        @ -- End function
	.section	.text.Kalman_Filter_K_Update,"ax",%progbits
	.p2align	3                               @ -- Begin function Kalman_Filter_K_Update
	.type	Kalman_Filter_K_Update,%function
	.code	16                              @ @Kalman_Filter_K_Update
	.thumb_func
Kalman_Filter_K_Update:
.Lfunc_begin5:
	.loc	2 207 0 is_stmt 1               @ ../Algorithm/Src/Kalman_Filter.c:207:0
	.fnstart
	.cfi_startproc
@ %bb.0:
	.save	{r7, lr}
	push	{r7, lr}
	.cfi_def_cfa_offset 8
	.cfi_offset lr, -4
	.cfi_offset r7, -8
	.pad	#8
	sub	sp, #8
	.cfi_def_cfa_offset 16
	str	r0, [sp, #4]
.Ltmp59:
	.loc	2 209 8 prologue_end            @ ../Algorithm/Src/Kalman_Filter.c:209:8
	ldr	r0, [sp, #4]
	.loc	2 209 12 is_stmt 0              @ ../Algorithm/Src/Kalman_Filter.c:209:12
	ldrb.w	r0, [r0, #276]
	lsrs	r0, r0, #2
.Ltmp60:
	.loc	2 209 8                         @ ../Algorithm/Src/Kalman_Filter.c:209:8
	lsls	r0, r0, #31
	cbz	r0, .LBB5_2
	b	.LBB5_1
.LBB5_1:
.Ltmp61:
	.loc	2 211 7 is_stmt 1               @ ../Algorithm/Src/Kalman_Filter.c:211:7
	b	.LBB5_3
.Ltmp62:
.LBB5_2:
	.loc	2 215 39                        @ ../Algorithm/Src/Kalman_Filter.c:215:39
	ldr	r1, [sp, #4]
	.loc	2 215 47 is_stmt 0              @ ../Algorithm/Src/Kalman_Filter.c:215:47
	add.w	r0, r1, #100
	.loc	2 215 59                        @ ../Algorithm/Src/Kalman_Filter.c:215:59
	adds	r1, #108
	.loc	2 215 21                        @ ../Algorithm/Src/Kalman_Filter.c:215:21
	bl	arm_mat_trans_f32
	.loc	2 215 5                         @ ../Algorithm/Src/Kalman_Filter.c:215:5
	ldr	r1, [sp, #4]
	.loc	2 215 19                        @ ../Algorithm/Src/Kalman_Filter.c:215:19
	strb.w	r0, [r1, #196]
	.loc	2 218 39 is_stmt 1              @ ../Algorithm/Src/Kalman_Filter.c:218:39
	ldr	r1, [sp, #4]
	.loc	2 218 49 is_stmt 0              @ ../Algorithm/Src/Kalman_Filter.c:218:49
	ldrh.w	r0, [r1, #100]
	.loc	2 218 37                        @ ../Algorithm/Src/Kalman_Filter.c:218:37
	strh.w	r0, [r1, #164]
	.loc	2 219 39 is_stmt 1              @ ../Algorithm/Src/Kalman_Filter.c:219:39
	ldr	r1, [sp, #4]
	.loc	2 219 54 is_stmt 0              @ ../Algorithm/Src/Kalman_Filter.c:219:54
	ldrh.w	r0, [r1, #126]
	.loc	2 219 37                        @ ../Algorithm/Src/Kalman_Filter.c:219:37
	strh.w	r0, [r1, #166]
	.loc	2 220 38 is_stmt 1              @ ../Algorithm/Src/Kalman_Filter.c:220:38
	ldr	r2, [sp, #4]
	.loc	2 220 46 is_stmt 0              @ ../Algorithm/Src/Kalman_Filter.c:220:46
	add.w	r0, r2, #100
	.loc	2 220 58                        @ ../Algorithm/Src/Kalman_Filter.c:220:58
	add.w	r1, r2, #124
	.loc	2 220 75                        @ ../Algorithm/Src/Kalman_Filter.c:220:75
	adds	r2, #164
	.loc	2 220 21                        @ ../Algorithm/Src/Kalman_Filter.c:220:21
	bl	arm_mat_mult_f32
	.loc	2 220 5                         @ ../Algorithm/Src/Kalman_Filter.c:220:5
	ldr	r1, [sp, #4]
	.loc	2 220 19                        @ ../Algorithm/Src/Kalman_Filter.c:220:19
	strb.w	r0, [r1, #196]
	.loc	2 223 39 is_stmt 1              @ ../Algorithm/Src/Kalman_Filter.c:223:39
	ldr	r1, [sp, #4]
	.loc	2 223 63 is_stmt 0              @ ../Algorithm/Src/Kalman_Filter.c:223:63
	ldrh.w	r0, [r1, #164]
	.loc	2 223 37                        @ ../Algorithm/Src/Kalman_Filter.c:223:37
	strh.w	r0, [r1, #172]
	.loc	2 224 39 is_stmt 1              @ ../Algorithm/Src/Kalman_Filter.c:224:39
	ldr	r1, [sp, #4]
	.loc	2 224 50 is_stmt 0              @ ../Algorithm/Src/Kalman_Filter.c:224:50
	ldrh.w	r0, [r1, #110]
	.loc	2 224 37                        @ ../Algorithm/Src/Kalman_Filter.c:224:37
	strh.w	r0, [r1, #174]
	.loc	2 225 38 is_stmt 1              @ ../Algorithm/Src/Kalman_Filter.c:225:38
	ldr	r2, [sp, #4]
	.loc	2 225 46 is_stmt 0              @ ../Algorithm/Src/Kalman_Filter.c:225:46
	add.w	r0, r2, #164
	.loc	2 225 72                        @ ../Algorithm/Src/Kalman_Filter.c:225:72
	add.w	r1, r2, #108
	.loc	2 225 77                        @ ../Algorithm/Src/Kalman_Filter.c:225:77
	adds	r2, #172
	.loc	2 225 21                        @ ../Algorithm/Src/Kalman_Filter.c:225:21
	bl	arm_mat_mult_f32
	.loc	2 225 5                         @ ../Algorithm/Src/Kalman_Filter.c:225:5
	ldr	r1, [sp, #4]
	.loc	2 225 19                        @ ../Algorithm/Src/Kalman_Filter.c:225:19
	strb.w	r0, [r1, #196]
	.loc	2 228 37 is_stmt 1              @ ../Algorithm/Src/Kalman_Filter.c:228:37
	ldr	r1, [sp, #4]
	.loc	2 228 47 is_stmt 0              @ ../Algorithm/Src/Kalman_Filter.c:228:47
	ldrh.w	r0, [r1, #140]
	.loc	2 228 35                        @ ../Algorithm/Src/Kalman_Filter.c:228:35
	strh.w	r0, [r1, #156]
	.loc	2 229 37 is_stmt 1              @ ../Algorithm/Src/Kalman_Filter.c:229:37
	ldr	r1, [sp, #4]
	.loc	2 229 47 is_stmt 0              @ ../Algorithm/Src/Kalman_Filter.c:229:47
	ldrh.w	r0, [r1, #142]
	.loc	2 229 35                        @ ../Algorithm/Src/Kalman_Filter.c:229:35
	strh.w	r0, [r1, #158]
	.loc	2 230 33 is_stmt 1              @ ../Algorithm/Src/Kalman_Filter.c:230:33
	ldr	r2, [sp, #4]
	add.w	r0, r2, #172
	.loc	2 230 67 is_stmt 0              @ ../Algorithm/Src/Kalman_Filter.c:230:67
	add.w	r1, r2, #140
	.loc	2 230 79                        @ ../Algorithm/Src/Kalman_Filter.c:230:79
	adds	r2, #156
	.loc	2 230 21                        @ ../Algorithm/Src/Kalman_Filter.c:230:21
	bl	arm_mat_add_f32
	.loc	2 230 5                         @ ../Algorithm/Src/Kalman_Filter.c:230:5
	ldr	r1, [sp, #4]
	.loc	2 230 19                        @ ../Algorithm/Src/Kalman_Filter.c:230:19
	strb.w	r0, [r1, #196]
	.loc	2 233 37 is_stmt 1              @ ../Algorithm/Src/Kalman_Filter.c:233:37
	ldr	r1, [sp, #4]
	.loc	2 233 45 is_stmt 0              @ ../Algorithm/Src/Kalman_Filter.c:233:45
	add.w	r0, r1, #156
	.loc	2 233 61                        @ ../Algorithm/Src/Kalman_Filter.c:233:61
	adds	r1, #172
	.loc	2 233 21                        @ ../Algorithm/Src/Kalman_Filter.c:233:21
	bl	arm_mat_inverse_f32
	.loc	2 233 5                         @ ../Algorithm/Src/Kalman_Filter.c:233:5
	ldr	r1, [sp, #4]
	.loc	2 233 19                        @ ../Algorithm/Src/Kalman_Filter.c:233:19
	strb.w	r0, [r1, #196]
	.loc	2 236 39 is_stmt 1              @ ../Algorithm/Src/Kalman_Filter.c:236:39
	ldr	r1, [sp, #4]
	.loc	2 236 54 is_stmt 0              @ ../Algorithm/Src/Kalman_Filter.c:236:54
	ldrh.w	r0, [r1, #124]
	.loc	2 236 37                        @ ../Algorithm/Src/Kalman_Filter.c:236:37
	strh.w	r0, [r1, #164]
	.loc	2 237 39 is_stmt 1              @ ../Algorithm/Src/Kalman_Filter.c:237:39
	ldr	r1, [sp, #4]
	.loc	2 237 50 is_stmt 0              @ ../Algorithm/Src/Kalman_Filter.c:237:50
	ldrh.w	r0, [r1, #110]
	.loc	2 237 37                        @ ../Algorithm/Src/Kalman_Filter.c:237:37
	strh.w	r0, [r1, #166]
	.loc	2 238 38 is_stmt 1              @ ../Algorithm/Src/Kalman_Filter.c:238:38
	ldr	r2, [sp, #4]
	.loc	2 238 46 is_stmt 0              @ ../Algorithm/Src/Kalman_Filter.c:238:46
	add.w	r0, r2, #124
	.loc	2 238 63                        @ ../Algorithm/Src/Kalman_Filter.c:238:63
	add.w	r1, r2, #108
	.loc	2 238 76                        @ ../Algorithm/Src/Kalman_Filter.c:238:76
	adds	r2, #164
	.loc	2 238 21                        @ ../Algorithm/Src/Kalman_Filter.c:238:21
	bl	arm_mat_mult_f32
	.loc	2 238 5                         @ ../Algorithm/Src/Kalman_Filter.c:238:5
	ldr	r1, [sp, #4]
	.loc	2 238 19                        @ ../Algorithm/Src/Kalman_Filter.c:238:19
	strb.w	r0, [r1, #196]
	.loc	2 241 38 is_stmt 1              @ ../Algorithm/Src/Kalman_Filter.c:241:38
	ldr	r2, [sp, #4]
	.loc	2 241 46 is_stmt 0              @ ../Algorithm/Src/Kalman_Filter.c:241:46
	add.w	r0, r2, #164
	.loc	2 241 64                        @ ../Algorithm/Src/Kalman_Filter.c:241:64
	add.w	r1, r2, #172
	.loc	2 241 98                        @ ../Algorithm/Src/Kalman_Filter.c:241:98
	adds	r2, #148
	.loc	2 241 21                        @ ../Algorithm/Src/Kalman_Filter.c:241:21
	bl	arm_mat_mult_f32
	.loc	2 241 5                         @ ../Algorithm/Src/Kalman_Filter.c:241:5
	ldr	r1, [sp, #4]
	.loc	2 241 19                        @ ../Algorithm/Src/Kalman_Filter.c:241:19
	strb.w	r0, [r1, #196]
	.loc	2 242 1 is_stmt 1               @ ../Algorithm/Src/Kalman_Filter.c:242:1
	b	.LBB5_3
.LBB5_3:
	.loc	2 242 1 epilogue_begin is_stmt 0 @ ../Algorithm/Src/Kalman_Filter.c:242:1
	add	sp, #8
	pop	{r7, pc}
.Ltmp63:
.Lfunc_end5:
	.size	Kalman_Filter_K_Update, .Lfunc_end5-Kalman_Filter_K_Update
	.cfi_endproc
	.cantunwind
	.fnend
                                        @ -- End function
	.section	.text.Kalman_Filter_Xhat_Update,"ax",%progbits
	.p2align	3                               @ -- Begin function Kalman_Filter_Xhat_Update
	.type	Kalman_Filter_Xhat_Update,%function
	.code	16                              @ @Kalman_Filter_Xhat_Update
	.thumb_func
Kalman_Filter_Xhat_Update:
.Lfunc_begin6:
	.loc	2 246 0 is_stmt 1               @ ../Algorithm/Src/Kalman_Filter.c:246:0
	.fnstart
	.cfi_startproc
@ %bb.0:
	.save	{r7, lr}
	push	{r7, lr}
	.cfi_def_cfa_offset 8
	.cfi_offset lr, -4
	.cfi_offset r7, -8
	.pad	#8
	sub	sp, #8
	.cfi_def_cfa_offset 16
	str	r0, [sp, #4]
.Ltmp64:
	.loc	2 248 8 prologue_end            @ ../Algorithm/Src/Kalman_Filter.c:248:8
	ldr	r0, [sp, #4]
	.loc	2 248 12 is_stmt 0              @ ../Algorithm/Src/Kalman_Filter.c:248:12
	ldrb.w	r0, [r0, #276]
	lsrs	r0, r0, #3
.Ltmp65:
	.loc	2 248 8                         @ ../Algorithm/Src/Kalman_Filter.c:248:8
	lsls	r0, r0, #31
	cbz	r0, .LBB6_2
	b	.LBB6_1
.LBB6_1:
.Ltmp66:
	.loc	2 250 7 is_stmt 1               @ ../Algorithm/Src/Kalman_Filter.c:250:7
	b	.LBB6_3
.Ltmp67:
.LBB6_2:
	.loc	2 254 39                        @ ../Algorithm/Src/Kalman_Filter.c:254:39
	ldr	r1, [sp, #4]
	.loc	2 254 49 is_stmt 0              @ ../Algorithm/Src/Kalman_Filter.c:254:49
	ldrh.w	r0, [r1, #100]
	.loc	2 254 37                        @ ../Algorithm/Src/Kalman_Filter.c:254:37
	strh.w	r0, [r1, #180]
	.loc	2 255 5 is_stmt 1               @ ../Algorithm/Src/Kalman_Filter.c:255:5
	ldr	r1, [sp, #4]
	movs	r0, #1
	.loc	2 255 37 is_stmt 0              @ ../Algorithm/Src/Kalman_Filter.c:255:37
	str	r0, [sp]                        @ 4-byte Spill
	strh.w	r0, [r1, #182]
	.loc	2 256 38 is_stmt 1              @ ../Algorithm/Src/Kalman_Filter.c:256:38
	ldr	r2, [sp, #4]
	.loc	2 256 46 is_stmt 0              @ ../Algorithm/Src/Kalman_Filter.c:256:46
	add.w	r0, r2, #100
	.loc	2 256 58                        @ ../Algorithm/Src/Kalman_Filter.c:256:58
	add.w	r1, r2, #52
	.loc	2 256 78                        @ ../Algorithm/Src/Kalman_Filter.c:256:78
	adds	r2, #180
	.loc	2 256 21                        @ ../Algorithm/Src/Kalman_Filter.c:256:21
	bl	arm_mat_mult_f32
	mov	r1, r0
	.loc	2 256 5                         @ ../Algorithm/Src/Kalman_Filter.c:256:5
	ldr	r0, [sp]                        @ 4-byte Reload
	ldr	r2, [sp, #4]
	.loc	2 256 19                        @ ../Algorithm/Src/Kalman_Filter.c:256:19
	strb.w	r1, [r2, #196]
	.loc	2 259 39 is_stmt 1              @ ../Algorithm/Src/Kalman_Filter.c:259:39
	ldr	r2, [sp, #4]
	.loc	2 259 49 is_stmt 0              @ ../Algorithm/Src/Kalman_Filter.c:259:49
	ldrh.w	r1, [r2, #68]
	.loc	2 259 37                        @ ../Algorithm/Src/Kalman_Filter.c:259:37
	strh.w	r1, [r2, #188]
	.loc	2 260 5 is_stmt 1               @ ../Algorithm/Src/Kalman_Filter.c:260:5
	ldr	r1, [sp, #4]
	.loc	2 260 37 is_stmt 0              @ ../Algorithm/Src/Kalman_Filter.c:260:37
	strh.w	r0, [r1, #190]
	.loc	2 261 38 is_stmt 1              @ ../Algorithm/Src/Kalman_Filter.c:261:38
	ldr	r2, [sp, #4]
	.loc	2 261 46 is_stmt 0              @ ../Algorithm/Src/Kalman_Filter.c:261:46
	add.w	r0, r2, #68
	.loc	2 261 58                        @ ../Algorithm/Src/Kalman_Filter.c:261:58
	add.w	r1, r2, #180
	.loc	2 261 76                        @ ../Algorithm/Src/Kalman_Filter.c:261:76
	adds	r2, #188
	.loc	2 261 21                        @ ../Algorithm/Src/Kalman_Filter.c:261:21
	bl	arm_mat_sub_f32
	mov	r1, r0
	.loc	2 261 5                         @ ../Algorithm/Src/Kalman_Filter.c:261:5
	ldr	r0, [sp]                        @ 4-byte Reload
	ldr	r2, [sp, #4]
	.loc	2 261 19                        @ ../Algorithm/Src/Kalman_Filter.c:261:19
	strb.w	r1, [r2, #196]
	.loc	2 264 39 is_stmt 1              @ ../Algorithm/Src/Kalman_Filter.c:264:39
	ldr	r2, [sp, #4]
	.loc	2 264 49 is_stmt 0              @ ../Algorithm/Src/Kalman_Filter.c:264:49
	ldrh.w	r1, [r2, #148]
	.loc	2 264 37                        @ ../Algorithm/Src/Kalman_Filter.c:264:37
	strh.w	r1, [r2, #180]
	.loc	2 265 5 is_stmt 1               @ ../Algorithm/Src/Kalman_Filter.c:265:5
	ldr	r1, [sp, #4]
	.loc	2 265 37 is_stmt 0              @ ../Algorithm/Src/Kalman_Filter.c:265:37
	strh.w	r0, [r1, #182]
	.loc	2 266 38 is_stmt 1              @ ../Algorithm/Src/Kalman_Filter.c:266:38
	ldr	r1, [sp, #4]
	.loc	2 266 46 is_stmt 0              @ ../Algorithm/Src/Kalman_Filter.c:266:46
	add.w	r0, r1, #148
	.loc	2 266 58                        @ ../Algorithm/Src/Kalman_Filter.c:266:58
	add.w	r2, r1, #180
	.loc	2 266 50                        @ ../Algorithm/Src/Kalman_Filter.c:266:50
	adds	r1, #188
	.loc	2 266 21                        @ ../Algorithm/Src/Kalman_Filter.c:266:21
	bl	arm_mat_mult_f32
	.loc	2 266 5                         @ ../Algorithm/Src/Kalman_Filter.c:266:5
	ldr	r1, [sp, #4]
	.loc	2 266 19                        @ ../Algorithm/Src/Kalman_Filter.c:266:19
	strb.w	r0, [r1, #196]
	.loc	2 269 33 is_stmt 1              @ ../Algorithm/Src/Kalman_Filter.c:269:33
	ldr	r1, [sp, #4]
	.loc	2 269 37 is_stmt 0              @ ../Algorithm/Src/Kalman_Filter.c:269:37
	add.w	r2, r1, #44
	.loc	2 269 41                        @ ../Algorithm/Src/Kalman_Filter.c:269:41
	add.w	r0, r1, #52
	.loc	2 269 61                        @ ../Algorithm/Src/Kalman_Filter.c:269:61
	adds	r1, #180
	.loc	2 269 21                        @ ../Algorithm/Src/Kalman_Filter.c:269:21
	bl	arm_mat_add_f32
	.loc	2 269 5                         @ ../Algorithm/Src/Kalman_Filter.c:269:5
	ldr	r1, [sp, #4]
	.loc	2 269 19                        @ ../Algorithm/Src/Kalman_Filter.c:269:19
	strb.w	r0, [r1, #196]
	.loc	2 270 1 is_stmt 1               @ ../Algorithm/Src/Kalman_Filter.c:270:1
	b	.LBB6_3
.LBB6_3:
	.loc	2 270 1 epilogue_begin is_stmt 0 @ ../Algorithm/Src/Kalman_Filter.c:270:1
	add	sp, #8
	pop	{r7, pc}
.Ltmp68:
.Lfunc_end6:
	.size	Kalman_Filter_Xhat_Update, .Lfunc_end6-Kalman_Filter_Xhat_Update
	.cfi_endproc
	.cantunwind
	.fnend
                                        @ -- End function
	.section	.text.Kalman_Filter_P_Update,"ax",%progbits
	.p2align	3                               @ -- Begin function Kalman_Filter_P_Update
	.type	Kalman_Filter_P_Update,%function
	.code	16                              @ @Kalman_Filter_P_Update
	.thumb_func
Kalman_Filter_P_Update:
.Lfunc_begin7:
	.loc	2 274 0 is_stmt 1               @ ../Algorithm/Src/Kalman_Filter.c:274:0
	.fnstart
	.cfi_startproc
@ %bb.0:
	.save	{r7, lr}
	push	{r7, lr}
	.cfi_def_cfa_offset 8
	.cfi_offset lr, -4
	.cfi_offset r7, -8
	.pad	#8
	sub	sp, #8
	.cfi_def_cfa_offset 16
	str	r0, [sp, #4]
.Ltmp69:
	.loc	2 276 8 prologue_end            @ ../Algorithm/Src/Kalman_Filter.c:276:8
	ldr	r0, [sp, #4]
	.loc	2 276 12 is_stmt 0              @ ../Algorithm/Src/Kalman_Filter.c:276:12
	ldrb.w	r0, [r0, #276]
	lsrs	r0, r0, #4
.Ltmp70:
	.loc	2 276 8                         @ ../Algorithm/Src/Kalman_Filter.c:276:8
	lsls	r0, r0, #31
	cbz	r0, .LBB7_2
	b	.LBB7_1
.LBB7_1:
.Ltmp71:
	.loc	2 278 7 is_stmt 1               @ ../Algorithm/Src/Kalman_Filter.c:278:7
	b	.LBB7_3
.Ltmp72:
.LBB7_2:
	.loc	2 282 39                        @ ../Algorithm/Src/Kalman_Filter.c:282:39
	ldr	r1, [sp, #4]
	.loc	2 282 49 is_stmt 0              @ ../Algorithm/Src/Kalman_Filter.c:282:49
	ldrh.w	r0, [r1, #148]
	.loc	2 282 37                        @ ../Algorithm/Src/Kalman_Filter.c:282:37
	strh.w	r0, [r1, #164]
	.loc	2 283 39 is_stmt 1              @ ../Algorithm/Src/Kalman_Filter.c:283:39
	ldr	r1, [sp, #4]
	.loc	2 283 49 is_stmt 0              @ ../Algorithm/Src/Kalman_Filter.c:283:49
	ldrh.w	r0, [r1, #102]
	.loc	2 283 37                        @ ../Algorithm/Src/Kalman_Filter.c:283:37
	strh.w	r0, [r1, #166]
	.loc	2 284 38 is_stmt 1              @ ../Algorithm/Src/Kalman_Filter.c:284:38
	ldr	r2, [sp, #4]
	.loc	2 284 46 is_stmt 0              @ ../Algorithm/Src/Kalman_Filter.c:284:46
	add.w	r0, r2, #148
	.loc	2 284 58                        @ ../Algorithm/Src/Kalman_Filter.c:284:58
	add.w	r1, r2, #100
	.loc	2 284 70                        @ ../Algorithm/Src/Kalman_Filter.c:284:70
	adds	r2, #164
	.loc	2 284 21                        @ ../Algorithm/Src/Kalman_Filter.c:284:21
	bl	arm_mat_mult_f32
	.loc	2 284 5                         @ ../Algorithm/Src/Kalman_Filter.c:284:5
	ldr	r1, [sp, #4]
	.loc	2 284 19                        @ ../Algorithm/Src/Kalman_Filter.c:284:19
	strb.w	r0, [r1, #196]
	.loc	2 287 39 is_stmt 1              @ ../Algorithm/Src/Kalman_Filter.c:287:39
	ldr	r1, [sp, #4]
	.loc	2 287 63 is_stmt 0              @ ../Algorithm/Src/Kalman_Filter.c:287:63
	ldrh.w	r0, [r1, #164]
	.loc	2 287 37                        @ ../Algorithm/Src/Kalman_Filter.c:287:37
	strh.w	r0, [r1, #172]
	.loc	2 288 39 is_stmt 1              @ ../Algorithm/Src/Kalman_Filter.c:288:39
	ldr	r1, [sp, #4]
	.loc	2 288 54 is_stmt 0              @ ../Algorithm/Src/Kalman_Filter.c:288:54
	ldrh.w	r0, [r1, #126]
	.loc	2 288 37                        @ ../Algorithm/Src/Kalman_Filter.c:288:37
	strh.w	r0, [r1, #174]
	.loc	2 289 38 is_stmt 1              @ ../Algorithm/Src/Kalman_Filter.c:289:38
	ldr	r2, [sp, #4]
	.loc	2 289 46 is_stmt 0              @ ../Algorithm/Src/Kalman_Filter.c:289:46
	add.w	r0, r2, #164
	.loc	2 289 72                        @ ../Algorithm/Src/Kalman_Filter.c:289:72
	add.w	r1, r2, #124
	.loc	2 289 81                        @ ../Algorithm/Src/Kalman_Filter.c:289:81
	adds	r2, #172
	.loc	2 289 21                        @ ../Algorithm/Src/Kalman_Filter.c:289:21
	bl	arm_mat_mult_f32
	.loc	2 289 5                         @ ../Algorithm/Src/Kalman_Filter.c:289:5
	ldr	r1, [sp, #4]
	.loc	2 289 19                        @ ../Algorithm/Src/Kalman_Filter.c:289:19
	strb.w	r0, [r1, #196]
	.loc	2 292 38 is_stmt 1              @ ../Algorithm/Src/Kalman_Filter.c:292:38
	ldr	r2, [sp, #4]
	.loc	2 292 46 is_stmt 0              @ ../Algorithm/Src/Kalman_Filter.c:292:46
	add.w	r0, r2, #124
	.loc	2 292 55                        @ ../Algorithm/Src/Kalman_Filter.c:292:55
	add.w	r1, r2, #172
	.loc	2 292 89                        @ ../Algorithm/Src/Kalman_Filter.c:292:89
	adds	r2, #116
	.loc	2 292 21                        @ ../Algorithm/Src/Kalman_Filter.c:292:21
	bl	arm_mat_sub_f32
	.loc	2 292 5                         @ ../Algorithm/Src/Kalman_Filter.c:292:5
	ldr	r1, [sp, #4]
	.loc	2 292 19                        @ ../Algorithm/Src/Kalman_Filter.c:292:19
	strb.w	r0, [r1, #196]
	.loc	2 293 1 is_stmt 1               @ ../Algorithm/Src/Kalman_Filter.c:293:1
	b	.LBB7_3
.LBB7_3:
	.loc	2 293 1 epilogue_begin is_stmt 0 @ ../Algorithm/Src/Kalman_Filter.c:293:1
	add	sp, #8
	pop	{r7, pc}
.Ltmp73:
.Lfunc_end7:
	.size	Kalman_Filter_P_Update, .Lfunc_end7-Kalman_Filter_P_Update
	.cfi_endproc
	.cantunwind
	.fnend
                                        @ -- End function
	.section	.text.KalmanFilter,"ax",%progbits
	.hidden	KalmanFilter                    @ -- Begin function KalmanFilter
	.globl	KalmanFilter
	.p2align	3
	.type	KalmanFilter,%function
	.code	16                              @ @KalmanFilter
	.thumb_func
KalmanFilter:
.Lfunc_begin8:
	.loc	2 365 0 is_stmt 1               @ ../Algorithm/Src/Kalman_Filter.c:365:0
	.fnstart
	.cfi_startproc
@ %bb.0:
	.pad	#8
	sub	sp, #8
	.cfi_def_cfa_offset 8
	str	r0, [sp, #4]
	vstr	s0, [sp]
.Ltmp74:
	.loc	2 368 14 prologue_end           @ ../Algorithm/Src/Kalman_Filter.c:368:14
	ldr	r0, [sp, #4]
	.loc	2 368 19 is_stmt 0              @ ../Algorithm/Src/Kalman_Filter.c:368:19
	vldr	s0, [r0]
	.loc	2 368 28                        @ ../Algorithm/Src/Kalman_Filter.c:368:28
	vldr	s2, [r0, #8]
	.loc	2 368 21                        @ ../Algorithm/Src/Kalman_Filter.c:368:21
	vadd.f32	s0, s0, s2
	.loc	2 368 12                        @ ../Algorithm/Src/Kalman_Filter.c:368:12
	vstr	s0, [r0]
	.loc	2 372 14 is_stmt 1              @ ../Algorithm/Src/Kalman_Filter.c:372:14
	ldr	r0, [sp, #4]
	.loc	2 372 19 is_stmt 0              @ ../Algorithm/Src/Kalman_Filter.c:372:19
	vldr	s0, [r0]
	.loc	2 372 38                        @ ../Algorithm/Src/Kalman_Filter.c:372:38
	vldr	s2, [r0, #12]
	.loc	2 372 31                        @ ../Algorithm/Src/Kalman_Filter.c:372:31
	vadd.f32	s2, s0, s2
	.loc	2 372 21                        @ ../Algorithm/Src/Kalman_Filter.c:372:21
	vdiv.f32	s0, s0, s2
	.loc	2 372 12                        @ ../Algorithm/Src/Kalman_Filter.c:372:12
	vstr	s0, [r0, #4]
	.loc	2 376 19 is_stmt 1              @ ../Algorithm/Src/Kalman_Filter.c:376:19
	ldr	r0, [sp, #4]
	.loc	2 376 38 is_stmt 0              @ ../Algorithm/Src/Kalman_Filter.c:376:38
	vldr	s2, [r0, #4]
	.loc	2 376 24                        @ ../Algorithm/Src/Kalman_Filter.c:376:24
	vldr	s0, [r0, #16]
	.loc	2 376 43                        @ ../Algorithm/Src/Kalman_Filter.c:376:43
	vldr	s4, [sp]
	.loc	2 376 49                        @ ../Algorithm/Src/Kalman_Filter.c:376:49
	vsub.f32	s4, s4, s0
	.loc	2 376 31                        @ ../Algorithm/Src/Kalman_Filter.c:376:31
	vfma.f32	s0, s2, s4
	.loc	2 376 17                        @ ../Algorithm/Src/Kalman_Filter.c:376:17
	vstr	s0, [r0, #16]
	.loc	2 380 19 is_stmt 1              @ ../Algorithm/Src/Kalman_Filter.c:380:19
	ldr	r0, [sp, #4]
	.loc	2 380 34 is_stmt 0              @ ../Algorithm/Src/Kalman_Filter.c:380:34
	vldr	s2, [r0]
	.loc	2 380 24                        @ ../Algorithm/Src/Kalman_Filter.c:380:24
	vldr	s4, [r0, #4]
	vmov.f32	s0, #1.000000e+00
	.loc	2 380 17                        @ ../Algorithm/Src/Kalman_Filter.c:380:17
	vsub.f32	s0, s0, s4
	.loc	2 380 27                        @ ../Algorithm/Src/Kalman_Filter.c:380:27
	vmul.f32	s0, s0, s2
	.loc	2 380 12                        @ ../Algorithm/Src/Kalman_Filter.c:380:12
	vstr	s0, [r0]
	.loc	2 382 12 is_stmt 1              @ ../Algorithm/Src/Kalman_Filter.c:382:12
	ldr	r0, [sp, #4]
	.loc	2 382 17 is_stmt 0              @ ../Algorithm/Src/Kalman_Filter.c:382:17
	vldr	s0, [r0, #16]
	.loc	2 382 5 epilogue_begin          @ ../Algorithm/Src/Kalman_Filter.c:382:5
	add	sp, #8
	bx	lr
.Ltmp75:
.Lfunc_end8:
	.size	KalmanFilter, .Lfunc_end8-KalmanFilter
	.cfi_endproc
	.cantunwind
	.fnend
                                        @ -- End function
	.file	3 "D:\\keil5_app\\Keil_v5\\ARM\\ARMCLANG\\bin\\..\\include" "stdint.h"
	.file	4 "D:\\stm32_project\\daily_work\\new_bubing\\cod_update_2.0\\COD_H7_Template\\MDK-ARM" "../Algorithm/Inc\\Kalman_Filter.h"
	.section	.debug_abbrev,"",%progbits
	.byte	1                               @ Abbreviation Code
	.byte	17                              @ DW_TAG_compile_unit
	.byte	1                               @ DW_CHILDREN_yes
	.byte	37                              @ DW_AT_producer
	.byte	14                              @ DW_FORM_strp
	.byte	19                              @ DW_AT_language
	.byte	5                               @ DW_FORM_data2
	.byte	3                               @ DW_AT_name
	.byte	14                              @ DW_FORM_strp
	.byte	16                              @ DW_AT_stmt_list
	.byte	23                              @ DW_FORM_sec_offset
	.byte	27                              @ DW_AT_comp_dir
	.byte	14                              @ DW_FORM_strp
	.byte	17                              @ DW_AT_low_pc
	.byte	1                               @ DW_FORM_addr
	.byte	85                              @ DW_AT_ranges
	.byte	23                              @ DW_FORM_sec_offset
	.byte	0                               @ EOM(1)
	.byte	0                               @ EOM(2)
	.byte	2                               @ Abbreviation Code
	.byte	4                               @ DW_TAG_enumeration_type
	.byte	1                               @ DW_CHILDREN_yes
	.byte	73                              @ DW_AT_type
	.byte	19                              @ DW_FORM_ref4
	.byte	11                              @ DW_AT_byte_size
	.byte	11                              @ DW_FORM_data1
	.byte	58                              @ DW_AT_decl_file
	.byte	11                              @ DW_FORM_data1
	.byte	59                              @ DW_AT_decl_line
	.byte	5                               @ DW_FORM_data2
	.byte	0                               @ EOM(1)
	.byte	0                               @ EOM(2)
	.byte	3                               @ Abbreviation Code
	.byte	40                              @ DW_TAG_enumerator
	.byte	0                               @ DW_CHILDREN_no
	.byte	3                               @ DW_AT_name
	.byte	14                              @ DW_FORM_strp
	.byte	28                              @ DW_AT_const_value
	.byte	13                              @ DW_FORM_sdata
	.byte	0                               @ EOM(1)
	.byte	0                               @ EOM(2)
	.byte	4                               @ Abbreviation Code
	.byte	36                              @ DW_TAG_base_type
	.byte	0                               @ DW_CHILDREN_no
	.byte	3                               @ DW_AT_name
	.byte	14                              @ DW_FORM_strp
	.byte	62                              @ DW_AT_encoding
	.byte	11                              @ DW_FORM_data1
	.byte	11                              @ DW_AT_byte_size
	.byte	11                              @ DW_FORM_data1
	.byte	0                               @ EOM(1)
	.byte	0                               @ EOM(2)
	.byte	5                               @ Abbreviation Code
	.byte	15                              @ DW_TAG_pointer_type
	.byte	0                               @ DW_CHILDREN_no
	.byte	73                              @ DW_AT_type
	.byte	19                              @ DW_FORM_ref4
	.byte	0                               @ EOM(1)
	.byte	0                               @ EOM(2)
	.byte	6                               @ Abbreviation Code
	.byte	46                              @ DW_TAG_subprogram
	.byte	1                               @ DW_CHILDREN_yes
	.byte	17                              @ DW_AT_low_pc
	.byte	1                               @ DW_FORM_addr
	.byte	18                              @ DW_AT_high_pc
	.byte	6                               @ DW_FORM_data4
	.byte	64                              @ DW_AT_frame_base
	.byte	24                              @ DW_FORM_exprloc
	.byte	3                               @ DW_AT_name
	.byte	14                              @ DW_FORM_strp
	.byte	58                              @ DW_AT_decl_file
	.byte	11                              @ DW_FORM_data1
	.byte	59                              @ DW_AT_decl_line
	.byte	11                              @ DW_FORM_data1
	.byte	39                              @ DW_AT_prototyped
	.byte	25                              @ DW_FORM_flag_present
	.byte	63                              @ DW_AT_external
	.byte	25                              @ DW_FORM_flag_present
	.byte	0                               @ EOM(1)
	.byte	0                               @ EOM(2)
	.byte	7                               @ Abbreviation Code
	.byte	5                               @ DW_TAG_formal_parameter
	.byte	0                               @ DW_CHILDREN_no
	.byte	2                               @ DW_AT_location
	.byte	24                              @ DW_FORM_exprloc
	.byte	3                               @ DW_AT_name
	.byte	14                              @ DW_FORM_strp
	.byte	58                              @ DW_AT_decl_file
	.byte	11                              @ DW_FORM_data1
	.byte	59                              @ DW_AT_decl_line
	.byte	11                              @ DW_FORM_data1
	.byte	73                              @ DW_AT_type
	.byte	19                              @ DW_FORM_ref4
	.byte	0                               @ EOM(1)
	.byte	0                               @ EOM(2)
	.byte	8                               @ Abbreviation Code
	.byte	46                              @ DW_TAG_subprogram
	.byte	1                               @ DW_CHILDREN_yes
	.byte	17                              @ DW_AT_low_pc
	.byte	1                               @ DW_FORM_addr
	.byte	18                              @ DW_AT_high_pc
	.byte	6                               @ DW_FORM_data4
	.byte	64                              @ DW_AT_frame_base
	.byte	24                              @ DW_FORM_exprloc
	.byte	3                               @ DW_AT_name
	.byte	14                              @ DW_FORM_strp
	.byte	58                              @ DW_AT_decl_file
	.byte	11                              @ DW_FORM_data1
	.byte	59                              @ DW_AT_decl_line
	.byte	5                               @ DW_FORM_data2
	.byte	39                              @ DW_AT_prototyped
	.byte	25                              @ DW_FORM_flag_present
	.byte	73                              @ DW_AT_type
	.byte	19                              @ DW_FORM_ref4
	.byte	63                              @ DW_AT_external
	.byte	25                              @ DW_FORM_flag_present
	.byte	0                               @ EOM(1)
	.byte	0                               @ EOM(2)
	.byte	9                               @ Abbreviation Code
	.byte	5                               @ DW_TAG_formal_parameter
	.byte	0                               @ DW_CHILDREN_no
	.byte	2                               @ DW_AT_location
	.byte	24                              @ DW_FORM_exprloc
	.byte	3                               @ DW_AT_name
	.byte	14                              @ DW_FORM_strp
	.byte	58                              @ DW_AT_decl_file
	.byte	11                              @ DW_FORM_data1
	.byte	59                              @ DW_AT_decl_line
	.byte	5                               @ DW_FORM_data2
	.byte	73                              @ DW_AT_type
	.byte	19                              @ DW_FORM_ref4
	.byte	0                               @ EOM(1)
	.byte	0                               @ EOM(2)
	.byte	10                              @ Abbreviation Code
	.byte	46                              @ DW_TAG_subprogram
	.byte	1                               @ DW_CHILDREN_yes
	.byte	17                              @ DW_AT_low_pc
	.byte	1                               @ DW_FORM_addr
	.byte	18                              @ DW_AT_high_pc
	.byte	6                               @ DW_FORM_data4
	.byte	64                              @ DW_AT_frame_base
	.byte	24                              @ DW_FORM_exprloc
	.byte	3                               @ DW_AT_name
	.byte	14                              @ DW_FORM_strp
	.byte	58                              @ DW_AT_decl_file
	.byte	11                              @ DW_FORM_data1
	.byte	59                              @ DW_AT_decl_line
	.byte	11                              @ DW_FORM_data1
	.byte	39                              @ DW_AT_prototyped
	.byte	25                              @ DW_FORM_flag_present
	.byte	0                               @ EOM(1)
	.byte	0                               @ EOM(2)
	.byte	11                              @ Abbreviation Code
	.byte	46                              @ DW_TAG_subprogram
	.byte	1                               @ DW_CHILDREN_yes
	.byte	17                              @ DW_AT_low_pc
	.byte	1                               @ DW_FORM_addr
	.byte	18                              @ DW_AT_high_pc
	.byte	6                               @ DW_FORM_data4
	.byte	64                              @ DW_AT_frame_base
	.byte	24                              @ DW_FORM_exprloc
	.byte	3                               @ DW_AT_name
	.byte	14                              @ DW_FORM_strp
	.byte	58                              @ DW_AT_decl_file
	.byte	11                              @ DW_FORM_data1
	.byte	59                              @ DW_AT_decl_line
	.byte	5                               @ DW_FORM_data2
	.byte	39                              @ DW_AT_prototyped
	.byte	25                              @ DW_FORM_flag_present
	.byte	0                               @ EOM(1)
	.byte	0                               @ EOM(2)
	.byte	12                              @ Abbreviation Code
	.byte	22                              @ DW_TAG_typedef
	.byte	0                               @ DW_CHILDREN_no
	.byte	73                              @ DW_AT_type
	.byte	19                              @ DW_FORM_ref4
	.byte	3                               @ DW_AT_name
	.byte	14                              @ DW_FORM_strp
	.byte	58                              @ DW_AT_decl_file
	.byte	11                              @ DW_FORM_data1
	.byte	59                              @ DW_AT_decl_line
	.byte	11                              @ DW_FORM_data1
	.byte	0                               @ EOM(1)
	.byte	0                               @ EOM(2)
	.byte	13                              @ Abbreviation Code
	.byte	19                              @ DW_TAG_structure_type
	.byte	1                               @ DW_CHILDREN_yes
	.byte	3                               @ DW_AT_name
	.byte	14                              @ DW_FORM_strp
	.byte	11                              @ DW_AT_byte_size
	.byte	5                               @ DW_FORM_data2
	.byte	58                              @ DW_AT_decl_file
	.byte	11                              @ DW_FORM_data1
	.byte	59                              @ DW_AT_decl_line
	.byte	11                              @ DW_FORM_data1
	.byte	0                               @ EOM(1)
	.byte	0                               @ EOM(2)
	.byte	14                              @ Abbreviation Code
	.byte	13                              @ DW_TAG_member
	.byte	0                               @ DW_CHILDREN_no
	.byte	3                               @ DW_AT_name
	.byte	14                              @ DW_FORM_strp
	.byte	73                              @ DW_AT_type
	.byte	19                              @ DW_FORM_ref4
	.byte	58                              @ DW_AT_decl_file
	.byte	11                              @ DW_FORM_data1
	.byte	59                              @ DW_AT_decl_line
	.byte	11                              @ DW_FORM_data1
	.byte	56                              @ DW_AT_data_member_location
	.byte	11                              @ DW_FORM_data1
	.byte	0                               @ EOM(1)
	.byte	0                               @ EOM(2)
	.byte	15                              @ Abbreviation Code
	.byte	19                              @ DW_TAG_structure_type
	.byte	1                               @ DW_CHILDREN_yes
	.byte	11                              @ DW_AT_byte_size
	.byte	11                              @ DW_FORM_data1
	.byte	58                              @ DW_AT_decl_file
	.byte	11                              @ DW_FORM_data1
	.byte	59                              @ DW_AT_decl_line
	.byte	11                              @ DW_FORM_data1
	.byte	0                               @ EOM(1)
	.byte	0                               @ EOM(2)
	.byte	16                              @ Abbreviation Code
	.byte	13                              @ DW_TAG_member
	.byte	0                               @ DW_CHILDREN_no
	.byte	3                               @ DW_AT_name
	.byte	14                              @ DW_FORM_strp
	.byte	73                              @ DW_AT_type
	.byte	19                              @ DW_FORM_ref4
	.byte	58                              @ DW_AT_decl_file
	.byte	11                              @ DW_FORM_data1
	.byte	59                              @ DW_AT_decl_line
	.byte	11                              @ DW_FORM_data1
	.byte	13                              @ DW_AT_bit_size
	.byte	11                              @ DW_FORM_data1
	.byte	107                             @ DW_AT_data_bit_offset
	.byte	5                               @ DW_FORM_data2
	.byte	0                               @ EOM(1)
	.byte	0                               @ EOM(2)
	.byte	17                              @ Abbreviation Code
	.byte	13                              @ DW_TAG_member
	.byte	0                               @ DW_CHILDREN_no
	.byte	3                               @ DW_AT_name
	.byte	14                              @ DW_FORM_strp
	.byte	73                              @ DW_AT_type
	.byte	19                              @ DW_FORM_ref4
	.byte	58                              @ DW_AT_decl_file
	.byte	11                              @ DW_FORM_data1
	.byte	59                              @ DW_AT_decl_line
	.byte	11                              @ DW_FORM_data1
	.byte	56                              @ DW_AT_data_member_location
	.byte	5                               @ DW_FORM_data2
	.byte	0                               @ EOM(1)
	.byte	0                               @ EOM(2)
	.byte	18                              @ Abbreviation Code
	.byte	22                              @ DW_TAG_typedef
	.byte	0                               @ DW_CHILDREN_no
	.byte	73                              @ DW_AT_type
	.byte	19                              @ DW_FORM_ref4
	.byte	3                               @ DW_AT_name
	.byte	14                              @ DW_FORM_strp
	.byte	58                              @ DW_AT_decl_file
	.byte	11                              @ DW_FORM_data1
	.byte	59                              @ DW_AT_decl_line
	.byte	5                               @ DW_FORM_data2
	.byte	0                               @ EOM(1)
	.byte	0                               @ EOM(2)
	.byte	19                              @ Abbreviation Code
	.byte	19                              @ DW_TAG_structure_type
	.byte	1                               @ DW_CHILDREN_yes
	.byte	11                              @ DW_AT_byte_size
	.byte	11                              @ DW_FORM_data1
	.byte	58                              @ DW_AT_decl_file
	.byte	11                              @ DW_FORM_data1
	.byte	59                              @ DW_AT_decl_line
	.byte	5                               @ DW_FORM_data2
	.byte	0                               @ EOM(1)
	.byte	0                               @ EOM(2)
	.byte	20                              @ Abbreviation Code
	.byte	13                              @ DW_TAG_member
	.byte	0                               @ DW_CHILDREN_no
	.byte	3                               @ DW_AT_name
	.byte	14                              @ DW_FORM_strp
	.byte	73                              @ DW_AT_type
	.byte	19                              @ DW_FORM_ref4
	.byte	58                              @ DW_AT_decl_file
	.byte	11                              @ DW_FORM_data1
	.byte	59                              @ DW_AT_decl_line
	.byte	5                               @ DW_FORM_data2
	.byte	56                              @ DW_AT_data_member_location
	.byte	11                              @ DW_FORM_data1
	.byte	0                               @ EOM(1)
	.byte	0                               @ EOM(2)
	.byte	21                              @ Abbreviation Code
	.byte	1                               @ DW_TAG_array_type
	.byte	1                               @ DW_CHILDREN_yes
	.byte	73                              @ DW_AT_type
	.byte	19                              @ DW_FORM_ref4
	.byte	0                               @ EOM(1)
	.byte	0                               @ EOM(2)
	.byte	22                              @ Abbreviation Code
	.byte	33                              @ DW_TAG_subrange_type
	.byte	0                               @ DW_CHILDREN_no
	.byte	73                              @ DW_AT_type
	.byte	19                              @ DW_FORM_ref4
	.byte	55                              @ DW_AT_count
	.byte	11                              @ DW_FORM_data1
	.byte	0                               @ EOM(1)
	.byte	0                               @ EOM(2)
	.byte	23                              @ Abbreviation Code
	.byte	36                              @ DW_TAG_base_type
	.byte	0                               @ DW_CHILDREN_no
	.byte	3                               @ DW_AT_name
	.byte	14                              @ DW_FORM_strp
	.byte	11                              @ DW_AT_byte_size
	.byte	11                              @ DW_FORM_data1
	.byte	62                              @ DW_AT_encoding
	.byte	11                              @ DW_FORM_data1
	.byte	0                               @ EOM(1)
	.byte	0                               @ EOM(2)
	.byte	24                              @ Abbreviation Code
	.byte	21                              @ DW_TAG_subroutine_type
	.byte	1                               @ DW_CHILDREN_yes
	.byte	39                              @ DW_AT_prototyped
	.byte	25                              @ DW_FORM_flag_present
	.byte	0                               @ EOM(1)
	.byte	0                               @ EOM(2)
	.byte	25                              @ Abbreviation Code
	.byte	5                               @ DW_TAG_formal_parameter
	.byte	0                               @ DW_CHILDREN_no
	.byte	73                              @ DW_AT_type
	.byte	19                              @ DW_FORM_ref4
	.byte	0                               @ EOM(1)
	.byte	0                               @ EOM(2)
	.byte	0                               @ EOM(3)
	.section	.debug_info,"",%progbits
.Lcu_begin0:
	.long	.Ldebug_info_end0-.Ldebug_info_start0 @ Length of Unit
.Ldebug_info_start0:
	.short	4                               @ DWARF version number
	.long	.debug_abbrev                   @ Offset Into Abbrev. Section
	.byte	4                               @ Address Size (in bytes)
	.byte	1                               @ Abbrev [1] 0xb:0x638 DW_TAG_compile_unit
	.long	.Linfo_string0                  @ DW_AT_producer
	.short	12                              @ DW_AT_language
	.long	.Linfo_string1                  @ DW_AT_name
	.long	.Lline_table_start0             @ DW_AT_stmt_list
	.long	.Linfo_string2                  @ DW_AT_comp_dir
	.long	0                               @ DW_AT_low_pc
	.long	.Ldebug_ranges0                 @ DW_AT_ranges
	.byte	2                               @ Abbrev [2] 0x26:0x34 DW_TAG_enumeration_type
	.long	90                              @ DW_AT_type
	.byte	1                               @ DW_AT_byte_size
	.byte	1                               @ DW_AT_decl_file
	.short	507                             @ DW_AT_decl_line
	.byte	3                               @ Abbrev [3] 0x2f:0x6 DW_TAG_enumerator
	.long	.Linfo_string4                  @ DW_AT_name
	.byte	0                               @ DW_AT_const_value
	.byte	3                               @ Abbrev [3] 0x35:0x6 DW_TAG_enumerator
	.long	.Linfo_string5                  @ DW_AT_name
	.byte	127                             @ DW_AT_const_value
	.byte	3                               @ Abbrev [3] 0x3b:0x6 DW_TAG_enumerator
	.long	.Linfo_string6                  @ DW_AT_name
	.byte	126                             @ DW_AT_const_value
	.byte	3                               @ Abbrev [3] 0x41:0x6 DW_TAG_enumerator
	.long	.Linfo_string7                  @ DW_AT_name
	.byte	125                             @ DW_AT_const_value
	.byte	3                               @ Abbrev [3] 0x47:0x6 DW_TAG_enumerator
	.long	.Linfo_string8                  @ DW_AT_name
	.byte	124                             @ DW_AT_const_value
	.byte	3                               @ Abbrev [3] 0x4d:0x6 DW_TAG_enumerator
	.long	.Linfo_string9                  @ DW_AT_name
	.byte	123                             @ DW_AT_const_value
	.byte	3                               @ Abbrev [3] 0x53:0x6 DW_TAG_enumerator
	.long	.Linfo_string10                 @ DW_AT_name
	.byte	122                             @ DW_AT_const_value
	.byte	0                               @ End Of Children Mark
	.byte	4                               @ Abbrev [4] 0x5a:0x7 DW_TAG_base_type
	.long	.Linfo_string3                  @ DW_AT_name
	.byte	6                               @ DW_AT_encoding
	.byte	1                               @ DW_AT_byte_size
	.byte	5                               @ Abbrev [5] 0x61:0x5 DW_TAG_pointer_type
	.long	102                             @ DW_AT_type
	.byte	4                               @ Abbrev [4] 0x66:0x7 DW_TAG_base_type
	.long	.Linfo_string11                 @ DW_AT_name
	.byte	4                               @ DW_AT_encoding
	.byte	4                               @ DW_AT_byte_size
	.byte	6                               @ Abbrev [6] 0x6d:0x4a DW_TAG_subprogram
	.long	.Lfunc_begin0                   @ DW_AT_low_pc
	.long	.Lfunc_end0-.Lfunc_begin0       @ DW_AT_high_pc
	.byte	1                               @ DW_AT_frame_base
	.byte	93
	.long	.Linfo_string12                 @ DW_AT_name
	.byte	2                               @ DW_AT_decl_file
	.byte	3                               @ DW_AT_decl_line
                                        @ DW_AT_prototyped
                                        @ DW_AT_external
	.byte	7                               @ Abbrev [7] 0x7e:0xe DW_TAG_formal_parameter
	.byte	2                               @ DW_AT_location
	.byte	145
	.byte	12
	.long	.Linfo_string21                 @ DW_AT_name
	.byte	2                               @ DW_AT_decl_file
	.byte	3                               @ DW_AT_decl_line
	.long	468                             @ DW_AT_type
	.byte	7                               @ Abbrev [7] 0x8c:0xe DW_TAG_formal_parameter
	.byte	2                               @ DW_AT_location
	.byte	145
	.byte	11
	.long	.Linfo_string26                 @ DW_AT_name
	.byte	2                               @ DW_AT_decl_file
	.byte	3                               @ DW_AT_decl_line
	.long	1262                            @ DW_AT_type
	.byte	7                               @ Abbrev [7] 0x9a:0xe DW_TAG_formal_parameter
	.byte	2                               @ DW_AT_location
	.byte	145
	.byte	10
	.long	.Linfo_string29                 @ DW_AT_name
	.byte	2                               @ DW_AT_decl_file
	.byte	3                               @ DW_AT_decl_line
	.long	1262                            @ DW_AT_type
	.byte	7                               @ Abbrev [7] 0xa8:0xe DW_TAG_formal_parameter
	.byte	2                               @ DW_AT_location
	.byte	145
	.byte	9
	.long	.Linfo_string30                 @ DW_AT_name
	.byte	2                               @ DW_AT_decl_file
	.byte	3                               @ DW_AT_decl_line
	.long	1262                            @ DW_AT_type
	.byte	0                               @ End Of Children Mark
	.byte	8                               @ Abbrev [8] 0xb7:0x26 DW_TAG_subprogram
	.long	.Lfunc_begin1                   @ DW_AT_low_pc
	.long	.Lfunc_end1-.Lfunc_begin1       @ DW_AT_high_pc
	.byte	1                               @ DW_AT_frame_base
	.byte	93
	.long	.Linfo_string13                 @ DW_AT_name
	.byte	2                               @ DW_AT_decl_file
	.short	296                             @ DW_AT_decl_line
                                        @ DW_AT_prototyped
	.long	97                              @ DW_AT_type
                                        @ DW_AT_external
	.byte	9                               @ Abbrev [9] 0xcd:0xf DW_TAG_formal_parameter
	.byte	2                               @ DW_AT_location
	.byte	145
	.byte	4
	.long	.Linfo_string21                 @ DW_AT_name
	.byte	2                               @ DW_AT_decl_file
	.short	296                             @ DW_AT_decl_line
	.long	468                             @ DW_AT_type
	.byte	0                               @ End Of Children Mark
	.byte	10                              @ Abbrev [10] 0xdd:0x20 DW_TAG_subprogram
	.long	.Lfunc_begin2                   @ DW_AT_low_pc
	.long	.Lfunc_end2-.Lfunc_begin2       @ DW_AT_high_pc
	.byte	1                               @ DW_AT_frame_base
	.byte	93
	.long	.Linfo_string14                 @ DW_AT_name
	.byte	2                               @ DW_AT_decl_file
	.byte	135                             @ DW_AT_decl_line
                                        @ DW_AT_prototyped
	.byte	7                               @ Abbrev [7] 0xee:0xe DW_TAG_formal_parameter
	.byte	2                               @ DW_AT_location
	.byte	145
	.byte	4
	.long	.Linfo_string21                 @ DW_AT_name
	.byte	2                               @ DW_AT_decl_file
	.byte	135                             @ DW_AT_decl_line
	.long	468                             @ DW_AT_type
	.byte	0                               @ End Of Children Mark
	.byte	10                              @ Abbrev [10] 0xfd:0x20 DW_TAG_subprogram
	.long	.Lfunc_begin3                   @ DW_AT_low_pc
	.long	.Lfunc_end3-.Lfunc_begin3       @ DW_AT_high_pc
	.byte	1                               @ DW_AT_frame_base
	.byte	93
	.long	.Linfo_string15                 @ DW_AT_name
	.byte	2                               @ DW_AT_decl_file
	.byte	150                             @ DW_AT_decl_line
                                        @ DW_AT_prototyped
	.byte	7                               @ Abbrev [7] 0x10e:0xe DW_TAG_formal_parameter
	.byte	2                               @ DW_AT_location
	.byte	145
	.byte	4
	.long	.Linfo_string21                 @ DW_AT_name
	.byte	2                               @ DW_AT_decl_file
	.byte	150                             @ DW_AT_decl_line
	.long	468                             @ DW_AT_type
	.byte	0                               @ End Of Children Mark
	.byte	10                              @ Abbrev [10] 0x11d:0x20 DW_TAG_subprogram
	.long	.Lfunc_begin4                   @ DW_AT_low_pc
	.long	.Lfunc_end4-.Lfunc_begin4       @ DW_AT_high_pc
	.byte	1                               @ DW_AT_frame_base
	.byte	93
	.long	.Linfo_string16                 @ DW_AT_name
	.byte	2                               @ DW_AT_decl_file
	.byte	182                             @ DW_AT_decl_line
                                        @ DW_AT_prototyped
	.byte	7                               @ Abbrev [7] 0x12e:0xe DW_TAG_formal_parameter
	.byte	2                               @ DW_AT_location
	.byte	145
	.byte	4
	.long	.Linfo_string21                 @ DW_AT_name
	.byte	2                               @ DW_AT_decl_file
	.byte	182                             @ DW_AT_decl_line
	.long	468                             @ DW_AT_type
	.byte	0                               @ End Of Children Mark
	.byte	10                              @ Abbrev [10] 0x13d:0x20 DW_TAG_subprogram
	.long	.Lfunc_begin5                   @ DW_AT_low_pc
	.long	.Lfunc_end5-.Lfunc_begin5       @ DW_AT_high_pc
	.byte	1                               @ DW_AT_frame_base
	.byte	93
	.long	.Linfo_string17                 @ DW_AT_name
	.byte	2                               @ DW_AT_decl_file
	.byte	206                             @ DW_AT_decl_line
                                        @ DW_AT_prototyped
	.byte	7                               @ Abbrev [7] 0x14e:0xe DW_TAG_formal_parameter
	.byte	2                               @ DW_AT_location
	.byte	145
	.byte	4
	.long	.Linfo_string21                 @ DW_AT_name
	.byte	2                               @ DW_AT_decl_file
	.byte	206                             @ DW_AT_decl_line
	.long	468                             @ DW_AT_type
	.byte	0                               @ End Of Children Mark
	.byte	10                              @ Abbrev [10] 0x15d:0x20 DW_TAG_subprogram
	.long	.Lfunc_begin6                   @ DW_AT_low_pc
	.long	.Lfunc_end6-.Lfunc_begin6       @ DW_AT_high_pc
	.byte	1                               @ DW_AT_frame_base
	.byte	93
	.long	.Linfo_string18                 @ DW_AT_name
	.byte	2                               @ DW_AT_decl_file
	.byte	245                             @ DW_AT_decl_line
                                        @ DW_AT_prototyped
	.byte	7                               @ Abbrev [7] 0x16e:0xe DW_TAG_formal_parameter
	.byte	2                               @ DW_AT_location
	.byte	145
	.byte	4
	.long	.Linfo_string21                 @ DW_AT_name
	.byte	2                               @ DW_AT_decl_file
	.byte	245                             @ DW_AT_decl_line
	.long	468                             @ DW_AT_type
	.byte	0                               @ End Of Children Mark
	.byte	11                              @ Abbrev [11] 0x17d:0x22 DW_TAG_subprogram
	.long	.Lfunc_begin7                   @ DW_AT_low_pc
	.long	.Lfunc_end7-.Lfunc_begin7       @ DW_AT_high_pc
	.byte	1                               @ DW_AT_frame_base
	.byte	93
	.long	.Linfo_string19                 @ DW_AT_name
	.byte	2                               @ DW_AT_decl_file
	.short	273                             @ DW_AT_decl_line
                                        @ DW_AT_prototyped
	.byte	9                               @ Abbrev [9] 0x18f:0xf DW_TAG_formal_parameter
	.byte	2                               @ DW_AT_location
	.byte	145
	.byte	4
	.long	.Linfo_string21                 @ DW_AT_name
	.byte	2                               @ DW_AT_decl_file
	.short	273                             @ DW_AT_decl_line
	.long	468                             @ DW_AT_type
	.byte	0                               @ End Of Children Mark
	.byte	8                               @ Abbrev [8] 0x19f:0x35 DW_TAG_subprogram
	.long	.Lfunc_begin8                   @ DW_AT_low_pc
	.long	.Lfunc_end8-.Lfunc_begin8       @ DW_AT_high_pc
	.byte	1                               @ DW_AT_frame_base
	.byte	93
	.long	.Linfo_string20                 @ DW_AT_name
	.byte	2                               @ DW_AT_decl_file
	.short	364                             @ DW_AT_decl_line
                                        @ DW_AT_prototyped
	.long	102                             @ DW_AT_type
                                        @ DW_AT_external
	.byte	9                               @ Abbrev [9] 0x1b5:0xf DW_TAG_formal_parameter
	.byte	2                               @ DW_AT_location
	.byte	145
	.byte	4
	.long	.Linfo_string86                 @ DW_AT_name
	.byte	2                               @ DW_AT_decl_file
	.short	364                             @ DW_AT_decl_line
	.long	1521                            @ DW_AT_type
	.byte	9                               @ Abbrev [9] 0x1c4:0xf DW_TAG_formal_parameter
	.byte	2                               @ DW_AT_location
	.byte	145
	.byte	0
	.long	.Linfo_string89                 @ DW_AT_name
	.byte	2                               @ DW_AT_decl_file
	.short	364                             @ DW_AT_decl_line
	.long	102                             @ DW_AT_type
	.byte	0                               @ End Of Children Mark
	.byte	5                               @ Abbrev [5] 0x1d4:0x5 DW_TAG_pointer_type
	.long	473                             @ DW_AT_type
	.byte	12                              @ Abbrev [12] 0x1d9:0xb DW_TAG_typedef
	.long	484                             @ DW_AT_type
	.long	.Linfo_string85                 @ DW_AT_name
	.byte	4                               @ DW_AT_decl_file
	.byte	126                             @ DW_AT_decl_line
	.byte	13                              @ Abbrev [13] 0x1e4:0x2f8 DW_TAG_structure_type
	.long	.Linfo_string84                 @ DW_AT_name
	.short	312                             @ DW_AT_byte_size
	.byte	4                               @ DW_AT_decl_file
	.byte	47                              @ DW_AT_decl_line
	.byte	14                              @ Abbrev [14] 0x1ed:0xc DW_TAG_member
	.long	.Linfo_string22                 @ DW_AT_name
	.long	1244                            @ DW_AT_type
	.byte	4                               @ DW_AT_decl_file
	.byte	49                              @ DW_AT_decl_line
	.byte	0                               @ DW_AT_data_member_location
	.byte	14                              @ Abbrev [14] 0x1f9:0xc DW_TAG_member
	.long	.Linfo_string25                 @ DW_AT_name
	.long	1244                            @ DW_AT_type
	.byte	4                               @ DW_AT_decl_file
	.byte	49                              @ DW_AT_decl_line
	.byte	2                               @ DW_AT_data_member_location
	.byte	14                              @ Abbrev [14] 0x205:0xc DW_TAG_member
	.long	.Linfo_string26                 @ DW_AT_name
	.long	1262                            @ DW_AT_type
	.byte	4                               @ DW_AT_decl_file
	.byte	51                              @ DW_AT_decl_line
	.byte	4                               @ DW_AT_data_member_location
	.byte	14                              @ Abbrev [14] 0x211:0xc DW_TAG_member
	.long	.Linfo_string29                 @ DW_AT_name
	.long	1262                            @ DW_AT_type
	.byte	4                               @ DW_AT_decl_file
	.byte	52                              @ DW_AT_decl_line
	.byte	5                               @ DW_AT_data_member_location
	.byte	14                              @ Abbrev [14] 0x21d:0xc DW_TAG_member
	.long	.Linfo_string30                 @ DW_AT_name
	.long	1262                            @ DW_AT_type
	.byte	4                               @ DW_AT_decl_file
	.byte	53                              @ DW_AT_decl_line
	.byte	6                               @ DW_AT_data_member_location
	.byte	14                              @ Abbrev [14] 0x229:0xc DW_TAG_member
	.long	.Linfo_string31                 @ DW_AT_name
	.long	102                             @ DW_AT_type
	.byte	4                               @ DW_AT_decl_file
	.byte	55                              @ DW_AT_decl_line
	.byte	8                               @ DW_AT_data_member_location
	.byte	14                              @ Abbrev [14] 0x235:0xc DW_TAG_member
	.long	.Linfo_string32                 @ DW_AT_name
	.long	97                              @ DW_AT_type
	.byte	4                               @ DW_AT_decl_file
	.byte	56                              @ DW_AT_decl_line
	.byte	12                              @ DW_AT_data_member_location
	.byte	14                              @ Abbrev [14] 0x241:0xc DW_TAG_member
	.long	.Linfo_string33                 @ DW_AT_name
	.long	97                              @ DW_AT_type
	.byte	4                               @ DW_AT_decl_file
	.byte	57                              @ DW_AT_decl_line
	.byte	16                              @ DW_AT_data_member_location
	.byte	14                              @ Abbrev [14] 0x24d:0xc DW_TAG_member
	.long	.Linfo_string34                 @ DW_AT_name
	.long	1280                            @ DW_AT_type
	.byte	4                               @ DW_AT_decl_file
	.byte	59                              @ DW_AT_decl_line
	.byte	20                              @ DW_AT_data_member_location
	.byte	14                              @ Abbrev [14] 0x259:0xc DW_TAG_member
	.long	.Linfo_string49                 @ DW_AT_name
	.long	613                             @ DW_AT_type
	.byte	4                               @ DW_AT_decl_file
	.byte	81                              @ DW_AT_decl_line
	.byte	44                              @ DW_AT_data_member_location
	.byte	15                              @ Abbrev [15] 0x265:0xd1 DW_TAG_structure_type
	.byte	152                             @ DW_AT_byte_size
	.byte	4                               @ DW_AT_decl_file
	.byte	64                              @ DW_AT_decl_line
	.byte	14                              @ Abbrev [14] 0x269:0xc DW_TAG_member
	.long	.Linfo_string50                 @ DW_AT_name
	.long	1375                            @ DW_AT_type
	.byte	4                               @ DW_AT_decl_file
	.byte	66                              @ DW_AT_decl_line
	.byte	0                               @ DW_AT_data_member_location
	.byte	14                              @ Abbrev [14] 0x275:0xc DW_TAG_member
	.long	.Linfo_string51                 @ DW_AT_name
	.long	1375                            @ DW_AT_type
	.byte	4                               @ DW_AT_decl_file
	.byte	67                              @ DW_AT_decl_line
	.byte	8                               @ DW_AT_data_member_location
	.byte	14                              @ Abbrev [14] 0x281:0xc DW_TAG_member
	.long	.Linfo_string52                 @ DW_AT_name
	.long	1375                            @ DW_AT_type
	.byte	4                               @ DW_AT_decl_file
	.byte	68                              @ DW_AT_decl_line
	.byte	16                              @ DW_AT_data_member_location
	.byte	14                              @ Abbrev [14] 0x28d:0xc DW_TAG_member
	.long	.Linfo_string53                 @ DW_AT_name
	.long	1375                            @ DW_AT_type
	.byte	4                               @ DW_AT_decl_file
	.byte	69                              @ DW_AT_decl_line
	.byte	24                              @ DW_AT_data_member_location
	.byte	14                              @ Abbrev [14] 0x299:0xc DW_TAG_member
	.long	.Linfo_string54                 @ DW_AT_name
	.long	1375                            @ DW_AT_type
	.byte	4                               @ DW_AT_decl_file
	.byte	70                              @ DW_AT_decl_line
	.byte	32                              @ DW_AT_data_member_location
	.byte	14                              @ Abbrev [14] 0x2a5:0xc DW_TAG_member
	.long	.Linfo_string55                 @ DW_AT_name
	.long	1375                            @ DW_AT_type
	.byte	4                               @ DW_AT_decl_file
	.byte	71                              @ DW_AT_decl_line
	.byte	40                              @ DW_AT_data_member_location
	.byte	14                              @ Abbrev [14] 0x2b1:0xc DW_TAG_member
	.long	.Linfo_string56                 @ DW_AT_name
	.long	1375                            @ DW_AT_type
	.byte	4                               @ DW_AT_decl_file
	.byte	71                              @ DW_AT_decl_line
	.byte	48                              @ DW_AT_data_member_location
	.byte	14                              @ Abbrev [14] 0x2bd:0xc DW_TAG_member
	.long	.Linfo_string57                 @ DW_AT_name
	.long	1375                            @ DW_AT_type
	.byte	4                               @ DW_AT_decl_file
	.byte	72                              @ DW_AT_decl_line
	.byte	56                              @ DW_AT_data_member_location
	.byte	14                              @ Abbrev [14] 0x2c9:0xc DW_TAG_member
	.long	.Linfo_string58                 @ DW_AT_name
	.long	1375                            @ DW_AT_type
	.byte	4                               @ DW_AT_decl_file
	.byte	72                              @ DW_AT_decl_line
	.byte	64                              @ DW_AT_data_member_location
	.byte	14                              @ Abbrev [14] 0x2d5:0xc DW_TAG_member
	.long	.Linfo_string59                 @ DW_AT_name
	.long	1375                            @ DW_AT_type
	.byte	4                               @ DW_AT_decl_file
	.byte	73                              @ DW_AT_decl_line
	.byte	72                              @ DW_AT_data_member_location
	.byte	14                              @ Abbrev [14] 0x2e1:0xc DW_TAG_member
	.long	.Linfo_string60                 @ DW_AT_name
	.long	1375                            @ DW_AT_type
	.byte	4                               @ DW_AT_decl_file
	.byte	74                              @ DW_AT_decl_line
	.byte	80                              @ DW_AT_data_member_location
	.byte	14                              @ Abbrev [14] 0x2ed:0xc DW_TAG_member
	.long	.Linfo_string61                 @ DW_AT_name
	.long	1375                            @ DW_AT_type
	.byte	4                               @ DW_AT_decl_file
	.byte	75                              @ DW_AT_decl_line
	.byte	88                              @ DW_AT_data_member_location
	.byte	14                              @ Abbrev [14] 0x2f9:0xc DW_TAG_member
	.long	.Linfo_string62                 @ DW_AT_name
	.long	1375                            @ DW_AT_type
	.byte	4                               @ DW_AT_decl_file
	.byte	76                              @ DW_AT_decl_line
	.byte	96                              @ DW_AT_data_member_location
	.byte	14                              @ Abbrev [14] 0x305:0xc DW_TAG_member
	.long	.Linfo_string63                 @ DW_AT_name
	.long	1375                            @ DW_AT_type
	.byte	4                               @ DW_AT_decl_file
	.byte	77                              @ DW_AT_decl_line
	.byte	104                             @ DW_AT_data_member_location
	.byte	14                              @ Abbrev [14] 0x311:0xc DW_TAG_member
	.long	.Linfo_string64                 @ DW_AT_name
	.long	1375                            @ DW_AT_type
	.byte	4                               @ DW_AT_decl_file
	.byte	78                              @ DW_AT_decl_line
	.byte	112                             @ DW_AT_data_member_location
	.byte	14                              @ Abbrev [14] 0x31d:0xc DW_TAG_member
	.long	.Linfo_string65                 @ DW_AT_name
	.long	1468                            @ DW_AT_type
	.byte	4                               @ DW_AT_decl_file
	.byte	79                              @ DW_AT_decl_line
	.byte	120                             @ DW_AT_data_member_location
	.byte	14                              @ Abbrev [14] 0x329:0xc DW_TAG_member
	.long	.Linfo_string66                 @ DW_AT_name
	.long	1468                            @ DW_AT_type
	.byte	4                               @ DW_AT_decl_file
	.byte	80                              @ DW_AT_decl_line
	.byte	136                             @ DW_AT_data_member_location
	.byte	0                               @ End Of Children Mark
	.byte	14                              @ Abbrev [14] 0x336:0xc DW_TAG_member
	.long	.Linfo_string67                 @ DW_AT_name
	.long	1480                            @ DW_AT_type
	.byte	4                               @ DW_AT_decl_file
	.byte	83                              @ DW_AT_decl_line
	.byte	196                             @ DW_AT_data_member_location
	.byte	14                              @ Abbrev [14] 0x342:0xc DW_TAG_member
	.long	.Linfo_string69                 @ DW_AT_name
	.long	846                             @ DW_AT_type
	.byte	4                               @ DW_AT_decl_file
	.byte	104                             @ DW_AT_decl_line
	.byte	200                             @ DW_AT_data_member_location
	.byte	15                              @ Abbrev [15] 0x34e:0xd1 DW_TAG_structure_type
	.byte	76                              @ DW_AT_byte_size
	.byte	4                               @ DW_AT_decl_file
	.byte	88                              @ DW_AT_decl_line
	.byte	14                              @ Abbrev [14] 0x352:0xc DW_TAG_member
	.long	.Linfo_string50                 @ DW_AT_name
	.long	97                              @ DW_AT_type
	.byte	4                               @ DW_AT_decl_file
	.byte	90                              @ DW_AT_decl_line
	.byte	0                               @ DW_AT_data_member_location
	.byte	14                              @ Abbrev [14] 0x35e:0xc DW_TAG_member
	.long	.Linfo_string51                 @ DW_AT_name
	.long	97                              @ DW_AT_type
	.byte	4                               @ DW_AT_decl_file
	.byte	90                              @ DW_AT_decl_line
	.byte	4                               @ DW_AT_data_member_location
	.byte	14                              @ Abbrev [14] 0x36a:0xc DW_TAG_member
	.long	.Linfo_string52                 @ DW_AT_name
	.long	97                              @ DW_AT_type
	.byte	4                               @ DW_AT_decl_file
	.byte	91                              @ DW_AT_decl_line
	.byte	8                               @ DW_AT_data_member_location
	.byte	14                              @ Abbrev [14] 0x376:0xc DW_TAG_member
	.long	.Linfo_string53                 @ DW_AT_name
	.long	97                              @ DW_AT_type
	.byte	4                               @ DW_AT_decl_file
	.byte	92                              @ DW_AT_decl_line
	.byte	12                              @ DW_AT_data_member_location
	.byte	14                              @ Abbrev [14] 0x382:0xc DW_TAG_member
	.long	.Linfo_string54                 @ DW_AT_name
	.long	97                              @ DW_AT_type
	.byte	4                               @ DW_AT_decl_file
	.byte	93                              @ DW_AT_decl_line
	.byte	16                              @ DW_AT_data_member_location
	.byte	14                              @ Abbrev [14] 0x38e:0xc DW_TAG_member
	.long	.Linfo_string55                 @ DW_AT_name
	.long	97                              @ DW_AT_type
	.byte	4                               @ DW_AT_decl_file
	.byte	94                              @ DW_AT_decl_line
	.byte	20                              @ DW_AT_data_member_location
	.byte	14                              @ Abbrev [14] 0x39a:0xc DW_TAG_member
	.long	.Linfo_string56                 @ DW_AT_name
	.long	97                              @ DW_AT_type
	.byte	4                               @ DW_AT_decl_file
	.byte	94                              @ DW_AT_decl_line
	.byte	24                              @ DW_AT_data_member_location
	.byte	14                              @ Abbrev [14] 0x3a6:0xc DW_TAG_member
	.long	.Linfo_string57                 @ DW_AT_name
	.long	97                              @ DW_AT_type
	.byte	4                               @ DW_AT_decl_file
	.byte	95                              @ DW_AT_decl_line
	.byte	28                              @ DW_AT_data_member_location
	.byte	14                              @ Abbrev [14] 0x3b2:0xc DW_TAG_member
	.long	.Linfo_string58                 @ DW_AT_name
	.long	97                              @ DW_AT_type
	.byte	4                               @ DW_AT_decl_file
	.byte	95                              @ DW_AT_decl_line
	.byte	32                              @ DW_AT_data_member_location
	.byte	14                              @ Abbrev [14] 0x3be:0xc DW_TAG_member
	.long	.Linfo_string59                 @ DW_AT_name
	.long	97                              @ DW_AT_type
	.byte	4                               @ DW_AT_decl_file
	.byte	96                              @ DW_AT_decl_line
	.byte	36                              @ DW_AT_data_member_location
	.byte	14                              @ Abbrev [14] 0x3ca:0xc DW_TAG_member
	.long	.Linfo_string60                 @ DW_AT_name
	.long	97                              @ DW_AT_type
	.byte	4                               @ DW_AT_decl_file
	.byte	97                              @ DW_AT_decl_line
	.byte	40                              @ DW_AT_data_member_location
	.byte	14                              @ Abbrev [14] 0x3d6:0xc DW_TAG_member
	.long	.Linfo_string61                 @ DW_AT_name
	.long	97                              @ DW_AT_type
	.byte	4                               @ DW_AT_decl_file
	.byte	98                              @ DW_AT_decl_line
	.byte	44                              @ DW_AT_data_member_location
	.byte	14                              @ Abbrev [14] 0x3e2:0xc DW_TAG_member
	.long	.Linfo_string62                 @ DW_AT_name
	.long	97                              @ DW_AT_type
	.byte	4                               @ DW_AT_decl_file
	.byte	99                              @ DW_AT_decl_line
	.byte	48                              @ DW_AT_data_member_location
	.byte	14                              @ Abbrev [14] 0x3ee:0xc DW_TAG_member
	.long	.Linfo_string63                 @ DW_AT_name
	.long	97                              @ DW_AT_type
	.byte	4                               @ DW_AT_decl_file
	.byte	100                             @ DW_AT_decl_line
	.byte	52                              @ DW_AT_data_member_location
	.byte	14                              @ Abbrev [14] 0x3fa:0xc DW_TAG_member
	.long	.Linfo_string64                 @ DW_AT_name
	.long	97                              @ DW_AT_type
	.byte	4                               @ DW_AT_decl_file
	.byte	101                             @ DW_AT_decl_line
	.byte	56                              @ DW_AT_data_member_location
	.byte	14                              @ Abbrev [14] 0x406:0xc DW_TAG_member
	.long	.Linfo_string65                 @ DW_AT_name
	.long	1492                            @ DW_AT_type
	.byte	4                               @ DW_AT_decl_file
	.byte	102                             @ DW_AT_decl_line
	.byte	60                              @ DW_AT_data_member_location
	.byte	14                              @ Abbrev [14] 0x412:0xc DW_TAG_member
	.long	.Linfo_string66                 @ DW_AT_name
	.long	1492                            @ DW_AT_type
	.byte	4                               @ DW_AT_decl_file
	.byte	103                             @ DW_AT_decl_line
	.byte	68                              @ DW_AT_data_member_location
	.byte	0                               @ End Of Children Mark
	.byte	16                              @ Abbrev [16] 0x41f:0xe DW_TAG_member
	.long	.Linfo_string70                 @ DW_AT_name
	.long	1262                            @ DW_AT_type
	.byte	4                               @ DW_AT_decl_file
	.byte	106                             @ DW_AT_decl_line
	.byte	1                               @ DW_AT_bit_size
	.short	2208                            @ DW_AT_data_bit_offset
	.byte	16                              @ Abbrev [16] 0x42d:0xe DW_TAG_member
	.long	.Linfo_string71                 @ DW_AT_name
	.long	1262                            @ DW_AT_type
	.byte	4                               @ DW_AT_decl_file
	.byte	107                             @ DW_AT_decl_line
	.byte	1                               @ DW_AT_bit_size
	.short	2209                            @ DW_AT_data_bit_offset
	.byte	16                              @ Abbrev [16] 0x43b:0xe DW_TAG_member
	.long	.Linfo_string72                 @ DW_AT_name
	.long	1262                            @ DW_AT_type
	.byte	4                               @ DW_AT_decl_file
	.byte	108                             @ DW_AT_decl_line
	.byte	1                               @ DW_AT_bit_size
	.short	2210                            @ DW_AT_data_bit_offset
	.byte	16                              @ Abbrev [16] 0x449:0xe DW_TAG_member
	.long	.Linfo_string73                 @ DW_AT_name
	.long	1262                            @ DW_AT_type
	.byte	4                               @ DW_AT_decl_file
	.byte	109                             @ DW_AT_decl_line
	.byte	1                               @ DW_AT_bit_size
	.short	2211                            @ DW_AT_data_bit_offset
	.byte	16                              @ Abbrev [16] 0x457:0xe DW_TAG_member
	.long	.Linfo_string74                 @ DW_AT_name
	.long	1262                            @ DW_AT_type
	.byte	4                               @ DW_AT_decl_file
	.byte	110                             @ DW_AT_decl_line
	.byte	1                               @ DW_AT_bit_size
	.short	2212                            @ DW_AT_data_bit_offset
	.byte	16                              @ Abbrev [16] 0x465:0xe DW_TAG_member
	.long	.Linfo_string75                 @ DW_AT_name
	.long	1262                            @ DW_AT_type
	.byte	4                               @ DW_AT_decl_file
	.byte	111                             @ DW_AT_decl_line
	.byte	3                               @ DW_AT_bit_size
	.short	2213                            @ DW_AT_data_bit_offset
	.byte	17                              @ Abbrev [17] 0x473:0xd DW_TAG_member
	.long	.Linfo_string76                 @ DW_AT_name
	.long	1504                            @ DW_AT_type
	.byte	4                               @ DW_AT_decl_file
	.byte	116                             @ DW_AT_decl_line
	.short	280                             @ DW_AT_data_member_location
	.byte	17                              @ Abbrev [17] 0x480:0xd DW_TAG_member
	.long	.Linfo_string77                 @ DW_AT_name
	.long	1504                            @ DW_AT_type
	.byte	4                               @ DW_AT_decl_file
	.byte	117                             @ DW_AT_decl_line
	.short	284                             @ DW_AT_data_member_location
	.byte	17                              @ Abbrev [17] 0x48d:0xd DW_TAG_member
	.long	.Linfo_string78                 @ DW_AT_name
	.long	1504                            @ DW_AT_type
	.byte	4                               @ DW_AT_decl_file
	.byte	118                             @ DW_AT_decl_line
	.short	288                             @ DW_AT_data_member_location
	.byte	17                              @ Abbrev [17] 0x49a:0xd DW_TAG_member
	.long	.Linfo_string79                 @ DW_AT_name
	.long	1504                            @ DW_AT_type
	.byte	4                               @ DW_AT_decl_file
	.byte	119                             @ DW_AT_decl_line
	.short	292                             @ DW_AT_data_member_location
	.byte	17                              @ Abbrev [17] 0x4a7:0xd DW_TAG_member
	.long	.Linfo_string80                 @ DW_AT_name
	.long	1504                            @ DW_AT_type
	.byte	4                               @ DW_AT_decl_file
	.byte	120                             @ DW_AT_decl_line
	.short	296                             @ DW_AT_data_member_location
	.byte	17                              @ Abbrev [17] 0x4b4:0xd DW_TAG_member
	.long	.Linfo_string81                 @ DW_AT_name
	.long	1504                            @ DW_AT_type
	.byte	4                               @ DW_AT_decl_file
	.byte	121                             @ DW_AT_decl_line
	.short	300                             @ DW_AT_data_member_location
	.byte	17                              @ Abbrev [17] 0x4c1:0xd DW_TAG_member
	.long	.Linfo_string82                 @ DW_AT_name
	.long	1504                            @ DW_AT_type
	.byte	4                               @ DW_AT_decl_file
	.byte	122                             @ DW_AT_decl_line
	.short	304                             @ DW_AT_data_member_location
	.byte	17                              @ Abbrev [17] 0x4ce:0xd DW_TAG_member
	.long	.Linfo_string83                 @ DW_AT_name
	.long	97                              @ DW_AT_type
	.byte	4                               @ DW_AT_decl_file
	.byte	124                             @ DW_AT_decl_line
	.short	308                             @ DW_AT_data_member_location
	.byte	0                               @ End Of Children Mark
	.byte	12                              @ Abbrev [12] 0x4dc:0xb DW_TAG_typedef
	.long	1255                            @ DW_AT_type
	.long	.Linfo_string24                 @ DW_AT_name
	.byte	3                               @ DW_AT_decl_file
	.byte	63                              @ DW_AT_decl_line
	.byte	4                               @ Abbrev [4] 0x4e7:0x7 DW_TAG_base_type
	.long	.Linfo_string23                 @ DW_AT_name
	.byte	7                               @ DW_AT_encoding
	.byte	2                               @ DW_AT_byte_size
	.byte	12                              @ Abbrev [12] 0x4ee:0xb DW_TAG_typedef
	.long	1273                            @ DW_AT_type
	.long	.Linfo_string28                 @ DW_AT_name
	.byte	3                               @ DW_AT_decl_file
	.byte	62                              @ DW_AT_decl_line
	.byte	4                               @ Abbrev [4] 0x4f9:0x7 DW_TAG_base_type
	.long	.Linfo_string27                 @ DW_AT_name
	.byte	8                               @ DW_AT_encoding
	.byte	1                               @ DW_AT_byte_size
	.byte	12                              @ Abbrev [12] 0x500:0xb DW_TAG_typedef
	.long	1291                            @ DW_AT_type
	.long	.Linfo_string48                 @ DW_AT_name
	.byte	4                               @ DW_AT_decl_file
	.byte	45                              @ DW_AT_decl_line
	.byte	15                              @ Abbrev [15] 0x50b:0x4d DW_TAG_structure_type
	.byte	24                              @ DW_AT_byte_size
	.byte	4                               @ DW_AT_decl_file
	.byte	37                              @ DW_AT_decl_line
	.byte	14                              @ Abbrev [14] 0x50f:0xc DW_TAG_member
	.long	.Linfo_string35                 @ DW_AT_name
	.long	1368                            @ DW_AT_type
	.byte	4                               @ DW_AT_decl_file
	.byte	39                              @ DW_AT_decl_line
	.byte	0                               @ DW_AT_data_member_location
	.byte	14                              @ Abbrev [14] 0x51b:0xc DW_TAG_member
	.long	.Linfo_string37                 @ DW_AT_name
	.long	1375                            @ DW_AT_type
	.byte	4                               @ DW_AT_decl_file
	.byte	40                              @ DW_AT_decl_line
	.byte	4                               @ DW_AT_data_member_location
	.byte	14                              @ Abbrev [14] 0x527:0xc DW_TAG_member
	.long	.Linfo_string43                 @ DW_AT_name
	.long	1449                            @ DW_AT_type
	.byte	4                               @ DW_AT_decl_file
	.byte	41                              @ DW_AT_decl_line
	.byte	12                              @ DW_AT_data_member_location
	.byte	14                              @ Abbrev [14] 0x533:0xc DW_TAG_member
	.long	.Linfo_string45                 @ DW_AT_name
	.long	102                             @ DW_AT_type
	.byte	4                               @ DW_AT_decl_file
	.byte	42                              @ DW_AT_decl_line
	.byte	16                              @ DW_AT_data_member_location
	.byte	14                              @ Abbrev [14] 0x53f:0xc DW_TAG_member
	.long	.Linfo_string46                 @ DW_AT_name
	.long	1262                            @ DW_AT_type
	.byte	4                               @ DW_AT_decl_file
	.byte	43                              @ DW_AT_decl_line
	.byte	20                              @ DW_AT_data_member_location
	.byte	14                              @ Abbrev [14] 0x54b:0xc DW_TAG_member
	.long	.Linfo_string47                 @ DW_AT_name
	.long	1368                            @ DW_AT_type
	.byte	4                               @ DW_AT_decl_file
	.byte	44                              @ DW_AT_decl_line
	.byte	21                              @ DW_AT_data_member_location
	.byte	0                               @ End Of Children Mark
	.byte	4                               @ Abbrev [4] 0x558:0x7 DW_TAG_base_type
	.long	.Linfo_string36                 @ DW_AT_name
	.byte	2                               @ DW_AT_encoding
	.byte	1                               @ DW_AT_byte_size
	.byte	18                              @ Abbrev [18] 0x55f:0xc DW_TAG_typedef
	.long	1387                            @ DW_AT_type
	.long	.Linfo_string42                 @ DW_AT_name
	.byte	1                               @ DW_AT_decl_file
	.short	2403                            @ DW_AT_decl_line
	.byte	19                              @ Abbrev [19] 0x56b:0x2d DW_TAG_structure_type
	.byte	8                               @ DW_AT_byte_size
	.byte	1                               @ DW_AT_decl_file
	.short	2398                            @ DW_AT_decl_line
	.byte	20                              @ Abbrev [20] 0x570:0xd DW_TAG_member
	.long	.Linfo_string38                 @ DW_AT_name
	.long	1244                            @ DW_AT_type
	.byte	1                               @ DW_AT_decl_file
	.short	2400                            @ DW_AT_decl_line
	.byte	0                               @ DW_AT_data_member_location
	.byte	20                              @ Abbrev [20] 0x57d:0xd DW_TAG_member
	.long	.Linfo_string39                 @ DW_AT_name
	.long	1244                            @ DW_AT_type
	.byte	1                               @ DW_AT_decl_file
	.short	2401                            @ DW_AT_decl_line
	.byte	2                               @ DW_AT_data_member_location
	.byte	20                              @ Abbrev [20] 0x58a:0xd DW_TAG_member
	.long	.Linfo_string40                 @ DW_AT_name
	.long	1432                            @ DW_AT_type
	.byte	1                               @ DW_AT_decl_file
	.short	2402                            @ DW_AT_decl_line
	.byte	4                               @ DW_AT_data_member_location
	.byte	0                               @ End Of Children Mark
	.byte	5                               @ Abbrev [5] 0x598:0x5 DW_TAG_pointer_type
	.long	1437                            @ DW_AT_type
	.byte	18                              @ Abbrev [18] 0x59d:0xc DW_TAG_typedef
	.long	102                             @ DW_AT_type
	.long	.Linfo_string41                 @ DW_AT_name
	.byte	1                               @ DW_AT_decl_file
	.short	541                             @ DW_AT_decl_line
	.byte	21                              @ Abbrev [21] 0x5a9:0xc DW_TAG_array_type
	.long	102                             @ DW_AT_type
	.byte	22                              @ Abbrev [22] 0x5ae:0x6 DW_TAG_subrange_type
	.long	1461                            @ DW_AT_type
	.byte	1                               @ DW_AT_count
	.byte	0                               @ End Of Children Mark
	.byte	23                              @ Abbrev [23] 0x5b5:0x7 DW_TAG_base_type
	.long	.Linfo_string44                 @ DW_AT_name
	.byte	8                               @ DW_AT_byte_size
	.byte	7                               @ DW_AT_encoding
	.byte	21                              @ Abbrev [21] 0x5bc:0xc DW_TAG_array_type
	.long	1375                            @ DW_AT_type
	.byte	22                              @ Abbrev [22] 0x5c1:0x6 DW_TAG_subrange_type
	.long	1461                            @ DW_AT_type
	.byte	2                               @ DW_AT_count
	.byte	0                               @ End Of Children Mark
	.byte	18                              @ Abbrev [18] 0x5c8:0xc DW_TAG_typedef
	.long	38                              @ DW_AT_type
	.long	.Linfo_string68                 @ DW_AT_name
	.byte	1                               @ DW_AT_decl_file
	.short	516                             @ DW_AT_decl_line
	.byte	21                              @ Abbrev [21] 0x5d4:0xc DW_TAG_array_type
	.long	97                              @ DW_AT_type
	.byte	22                              @ Abbrev [22] 0x5d9:0x6 DW_TAG_subrange_type
	.long	1461                            @ DW_AT_type
	.byte	2                               @ DW_AT_count
	.byte	0                               @ End Of Children Mark
	.byte	5                               @ Abbrev [5] 0x5e0:0x5 DW_TAG_pointer_type
	.long	1509                            @ DW_AT_type
	.byte	24                              @ Abbrev [24] 0x5e5:0x7 DW_TAG_subroutine_type
                                        @ DW_AT_prototyped
	.byte	25                              @ Abbrev [25] 0x5e6:0x5 DW_TAG_formal_parameter
	.long	1516                            @ DW_AT_type
	.byte	0                               @ End Of Children Mark
	.byte	5                               @ Abbrev [5] 0x5ec:0x5 DW_TAG_pointer_type
	.long	484                             @ DW_AT_type
	.byte	5                               @ Abbrev [5] 0x5f1:0x5 DW_TAG_pointer_type
	.long	1526                            @ DW_AT_type
	.byte	12                              @ Abbrev [12] 0x5f6:0xb DW_TAG_typedef
	.long	1537                            @ DW_AT_type
	.long	.Linfo_string88                 @ DW_AT_name
	.byte	4                               @ DW_AT_decl_file
	.byte	136                             @ DW_AT_decl_line
	.byte	15                              @ Abbrev [15] 0x601:0x41 DW_TAG_structure_type
	.byte	20                              @ DW_AT_byte_size
	.byte	4                               @ DW_AT_decl_file
	.byte	129                             @ DW_AT_decl_line
	.byte	14                              @ Abbrev [14] 0x605:0xc DW_TAG_member
	.long	.Linfo_string59                 @ DW_AT_name
	.long	102                             @ DW_AT_type
	.byte	4                               @ DW_AT_decl_file
	.byte	131                             @ DW_AT_decl_line
	.byte	0                               @ DW_AT_data_member_location
	.byte	14                              @ Abbrev [14] 0x611:0xc DW_TAG_member
	.long	.Linfo_string87                 @ DW_AT_name
	.long	102                             @ DW_AT_type
	.byte	4                               @ DW_AT_decl_file
	.byte	132                             @ DW_AT_decl_line
	.byte	4                               @ DW_AT_data_member_location
	.byte	14                              @ Abbrev [14] 0x61d:0xc DW_TAG_member
	.long	.Linfo_string61                 @ DW_AT_name
	.long	102                             @ DW_AT_type
	.byte	4                               @ DW_AT_decl_file
	.byte	133                             @ DW_AT_decl_line
	.byte	8                               @ DW_AT_data_member_location
	.byte	14                              @ Abbrev [14] 0x629:0xc DW_TAG_member
	.long	.Linfo_string62                 @ DW_AT_name
	.long	102                             @ DW_AT_type
	.byte	4                               @ DW_AT_decl_file
	.byte	134                             @ DW_AT_decl_line
	.byte	12                              @ DW_AT_data_member_location
	.byte	14                              @ Abbrev [14] 0x635:0xc DW_TAG_member
	.long	.Linfo_string83                 @ DW_AT_name
	.long	102                             @ DW_AT_type
	.byte	4                               @ DW_AT_decl_file
	.byte	135                             @ DW_AT_decl_line
	.byte	16                              @ DW_AT_data_member_location
	.byte	0                               @ End Of Children Mark
	.byte	0                               @ End Of Children Mark
.Ldebug_info_end0:
	.section	.debug_ranges,"",%progbits
.Ldebug_ranges0:
	.long	.Lfunc_begin0
	.long	.Lfunc_end0
	.long	.Lfunc_begin1
	.long	.Lfunc_end1
	.long	.Lfunc_begin2
	.long	.Lfunc_end2
	.long	.Lfunc_begin3
	.long	.Lfunc_end3
	.long	.Lfunc_begin4
	.long	.Lfunc_end4
	.long	.Lfunc_begin5
	.long	.Lfunc_end5
	.long	.Lfunc_begin6
	.long	.Lfunc_end6
	.long	.Lfunc_begin7
	.long	.Lfunc_end7
	.long	.Lfunc_begin8
	.long	.Lfunc_end8
	.long	0
	.long	0
	.section	.debug_str,"MS",%progbits,1
.Linfo_string0:
	.asciz	"Component: Arm Compiler for Embedded 6.24 Tool: armclang [5f371800]" @ string offset=0
.Linfo_string1:
	.asciz	"../Algorithm/Src\\Kalman_Filter.c" @ string offset=68
.Linfo_string2:
	.asciz	"D:\\stm32_project\\daily_work\\new_bubing\\cod_update_2.0\\COD_H7_Template\\MDK-ARM" @ string offset=101
.Linfo_string3:
	.asciz	"signed char"                   @ string offset=179
.Linfo_string4:
	.asciz	"ARM_MATH_SUCCESS"              @ string offset=191
.Linfo_string5:
	.asciz	"ARM_MATH_ARGUMENT_ERROR"       @ string offset=208
.Linfo_string6:
	.asciz	"ARM_MATH_LENGTH_ERROR"         @ string offset=232
.Linfo_string7:
	.asciz	"ARM_MATH_SIZE_MISMATCH"        @ string offset=254
.Linfo_string8:
	.asciz	"ARM_MATH_NANINF"               @ string offset=277
.Linfo_string9:
	.asciz	"ARM_MATH_SINGULAR"             @ string offset=293
.Linfo_string10:
	.asciz	"ARM_MATH_TEST_FAILURE"         @ string offset=311
.Linfo_string11:
	.asciz	"float"                         @ string offset=333
.Linfo_string12:
	.asciz	"Kalman_Filter_Init"            @ string offset=339
.Linfo_string13:
	.asciz	"Kalman_Filter_Update"          @ string offset=358
.Linfo_string14:
	.asciz	"Kalman_Filter_Measurement_Update" @ string offset=379
.Linfo_string15:
	.asciz	"Kalman_Filter_Xhatminus_Update" @ string offset=412
.Linfo_string16:
	.asciz	"Kalman_Filter_Pminus_Update"   @ string offset=443
.Linfo_string17:
	.asciz	"Kalman_Filter_K_Update"        @ string offset=471
.Linfo_string18:
	.asciz	"Kalman_Filter_Xhat_Update"     @ string offset=494
.Linfo_string19:
	.asciz	"Kalman_Filter_P_Update"        @ string offset=520
.Linfo_string20:
	.asciz	"KalmanFilter"                  @ string offset=543
.Linfo_string21:
	.asciz	"KF"                            @ string offset=556
.Linfo_string22:
	.asciz	"sizeof_float"                  @ string offset=559
.Linfo_string23:
	.asciz	"unsigned short"                @ string offset=572
.Linfo_string24:
	.asciz	"uint16_t"                      @ string offset=587
.Linfo_string25:
	.asciz	"sizeof_double"                 @ string offset=596
.Linfo_string26:
	.asciz	"Xhat_Size"                     @ string offset=610
.Linfo_string27:
	.asciz	"unsigned char"                 @ string offset=620
.Linfo_string28:
	.asciz	"uint8_t"                       @ string offset=634
.Linfo_string29:
	.asciz	"U_Size"                        @ string offset=642
.Linfo_string30:
	.asciz	"Z_Size"                        @ string offset=649
.Linfo_string31:
	.asciz	"dt"                            @ string offset=656
.Linfo_string32:
	.asciz	"MeasuredVector"                @ string offset=659
.Linfo_string33:
	.asciz	"ControlVector"                 @ string offset=674
.Linfo_string34:
	.asciz	"ChiSquareTest"                 @ string offset=688
.Linfo_string35:
	.asciz	"TestFlag"                      @ string offset=702
.Linfo_string36:
	.asciz	"_Bool"                         @ string offset=711
.Linfo_string37:
	.asciz	"ChiSquare_Matrix"              @ string offset=717
.Linfo_string38:
	.asciz	"numRows"                       @ string offset=734
.Linfo_string39:
	.asciz	"numCols"                       @ string offset=742
.Linfo_string40:
	.asciz	"pData"                         @ string offset=750
.Linfo_string41:
	.asciz	"float32_t"                     @ string offset=756
.Linfo_string42:
	.asciz	"arm_matrix_instance_f32"       @ string offset=766
.Linfo_string43:
	.asciz	"ChiSquare_Data"                @ string offset=790
.Linfo_string44:
	.asciz	"__ARRAY_SIZE_TYPE__"           @ string offset=805
.Linfo_string45:
	.asciz	"ChiSquareTestThresholds"       @ string offset=825
.Linfo_string46:
	.asciz	"ChiSquareCnt"                  @ string offset=849
.Linfo_string47:
	.asciz	"Result"                        @ string offset=862
.Linfo_string48:
	.asciz	"ChiSquareTest_Typedef"         @ string offset=869
.Linfo_string49:
	.asciz	"Mat"                           @ string offset=891
.Linfo_string50:
	.asciz	"Xhat"                          @ string offset=895
.Linfo_string51:
	.asciz	"Xhatminus"                     @ string offset=900
.Linfo_string52:
	.asciz	"U"                             @ string offset=910
.Linfo_string53:
	.asciz	"Z"                             @ string offset=912
.Linfo_string54:
	.asciz	"B"                             @ string offset=914
.Linfo_string55:
	.asciz	"A"                             @ string offset=916
.Linfo_string56:
	.asciz	"AT"                            @ string offset=918
.Linfo_string57:
	.asciz	"H"                             @ string offset=921
.Linfo_string58:
	.asciz	"HT"                            @ string offset=923
.Linfo_string59:
	.asciz	"P"                             @ string offset=926
.Linfo_string60:
	.asciz	"Pminus"                        @ string offset=928
.Linfo_string61:
	.asciz	"Q"                             @ string offset=935
.Linfo_string62:
	.asciz	"R"                             @ string offset=937
.Linfo_string63:
	.asciz	"K"                             @ string offset=939
.Linfo_string64:
	.asciz	"K_denominator"                 @ string offset=941
.Linfo_string65:
	.asciz	"Cache_Matrix"                  @ string offset=955
.Linfo_string66:
	.asciz	"Cache_Vector"                  @ string offset=968
.Linfo_string67:
	.asciz	"MatStatus"                     @ string offset=981
.Linfo_string68:
	.asciz	"arm_status"                    @ string offset=991
.Linfo_string69:
	.asciz	"Data"                          @ string offset=1002
.Linfo_string70:
	.asciz	"SkipStep1"                     @ string offset=1007
.Linfo_string71:
	.asciz	"SkipStep2"                     @ string offset=1017
.Linfo_string72:
	.asciz	"SkipStep3"                     @ string offset=1027
.Linfo_string73:
	.asciz	"SkipStep4"                     @ string offset=1037
.Linfo_string74:
	.asciz	"SkipStep5"                     @ string offset=1047
.Linfo_string75:
	.asciz	"reserve"                       @ string offset=1057
.Linfo_string76:
	.asciz	"User_Function0"                @ string offset=1065
.Linfo_string77:
	.asciz	"User_Function1"                @ string offset=1080
.Linfo_string78:
	.asciz	"User_Function2"                @ string offset=1095
.Linfo_string79:
	.asciz	"User_Function3"                @ string offset=1110
.Linfo_string80:
	.asciz	"User_Function4"                @ string offset=1125
.Linfo_string81:
	.asciz	"User_Function5"                @ string offset=1140
.Linfo_string82:
	.asciz	"User_Function6"                @ string offset=1155
.Linfo_string83:
	.asciz	"Output"                        @ string offset=1170
.Linfo_string84:
	.asciz	"KF_Info_TypeDef"               @ string offset=1177
.Linfo_string85:
	.asciz	"KalmanFilter_Info_TypeDef"     @ string offset=1193
.Linfo_string86:
	.asciz	"kfp"                           @ string offset=1219
.Linfo_string87:
	.asciz	"G"                             @ string offset=1223
.Linfo_string88:
	.asciz	"KFPTypeS"                      @ string offset=1225
.Linfo_string89:
	.asciz	"input"                         @ string offset=1234
	.ident	"Component: Arm Compiler for Embedded 6.24 Tool: armclang [5f371800]"
	.section	".note.GNU-stack","",%progbits
	.eabi_attribute	30, 6	@ Tag_ABI_optimization_goals
	.ARM_attribute	16, 1	@ Tag_AV_eba
	.section	.debug_line,"",%progbits
.Lline_table_start0:
