	.text
	.syntax unified
	.eabi_attribute	67, "2.09"	@ Tag_conformance
	.cpu	cortex-m7
	.eabi_attribute	6, 13	@ Tag_CPU_arch
	.eabi_attribute	7, 77	@ Tag_CPU_arch_profile
	.eabi_attribute	8, 0	@ Tag_ARM_ISA_use
	.eabi_attribute	9, 2	@ Tag_THUMB_ISA_use
	.fpu	fpv5-d16
	.eabi_attribute	36, 1	@ Tag_FP_HP_extension
	.eabi_attribute	34, 1	@ Tag_CPU_unaligned_access
	.eabi_attribute	17, 1	@ Tag_ABI_PCS_GOT_use
	.eabi_attribute	20, 2	@ Tag_ABI_FP_denormal
	.eabi_attribute	21, 0	@ Tag_ABI_FP_exceptions
	.eabi_attribute	23, 1	@ Tag_ABI_FP_number_model
	.eabi_attribute	24, 1	@ Tag_ABI_align_needed
	.eabi_attribute	25, 1	@ Tag_ABI_align_preserved
	.eabi_attribute	28, 1	@ Tag_ABI_VFP_args
	.eabi_attribute	38, 1	@ Tag_ABI_FP_16bit_format
	.eabi_attribute	18, 2	@ Tag_ABI_PCS_wchar_t
	.eabi_attribute	26, 1	@ Tag_ABI_enum_size
	.eabi_attribute	14, 0	@ Tag_ABI_PCS_R9_use
	.file	"matrix.c"
	.file	1 "D:\\stm32_project\\daily_work\\new_bubing\\cod_update_2.0\\COD_H7_Template\\MDK-ARM" "../Algorithm/Inc\\arm_math.h"
	.section	.text.Matrixf_init,"ax",%progbits
	.hidden	Matrixf_init                    @ -- Begin function Matrixf_init
	.globl	Matrixf_init
	.p2align	3
	.type	Matrixf_init,%function
	.code	16                              @ @Matrixf_init
	.thumb_func
Matrixf_init:
.Lfunc_begin0:
	.file	2 "D:\\stm32_project\\daily_work\\new_bubing\\cod_update_2.0\\COD_H7_Template\\MDK-ARM" "../Algorithm/Src/matrix.c"
	.loc	2 32 0                          @ ../Algorithm/Src/matrix.c:32:0
	.fnstart
	.cfi_sections .debug_frame
	.cfi_startproc
@ %bb.0:
	.save	{r7, lr}
	push	{r7, lr}
	.cfi_def_cfa_offset 8
	.cfi_offset lr, -4
	.cfi_offset r7, -8
	.pad	#16
	sub	sp, #16
	.cfi_def_cfa_offset 24
	str	r0, [sp, #12]
	str	r1, [sp, #8]
	str	r2, [sp, #4]
	str	r3, [sp]
.Ltmp0:
	.loc	2 33 9 prologue_end             @ ../Algorithm/Src/matrix.c:33:9
	ldr	r0, [sp, #12]
	.loc	2 33 21 is_stmt 0               @ ../Algorithm/Src/matrix.c:33:21
	cbz	r0, .LBB0_2
	b	.LBB0_1
.LBB0_1:
	.loc	2 33 24                         @ ../Algorithm/Src/matrix.c:33:24
	ldr	r0, [sp, #8]
	.loc	2 33 31                         @ ../Algorithm/Src/matrix.c:33:31
	ldr	r1, [sp, #4]
	.loc	2 33 29                         @ ../Algorithm/Src/matrix.c:33:29
	muls	r0, r1, r0
.Ltmp1:
	.loc	2 33 9                          @ ../Algorithm/Src/matrix.c:33:9
	cmp	r0, #101
	blo	.LBB0_3
	b	.LBB0_2
.LBB0_2:
.Ltmp2:
	.loc	2 34 9 is_stmt 1                @ ../Algorithm/Src/matrix.c:34:9
	b	.LBB0_7
.Ltmp3:
.LBB0_3:
	.loc	2 37 17                         @ ../Algorithm/Src/matrix.c:37:17
	ldr	r0, [sp, #8]
	.loc	2 37 5 is_stmt 0                @ ../Algorithm/Src/matrix.c:37:5
	ldr	r1, [sp, #12]
	.loc	2 37 15                         @ ../Algorithm/Src/matrix.c:37:15
	str	r0, [r1]
	.loc	2 38 17 is_stmt 1               @ ../Algorithm/Src/matrix.c:38:17
	ldr	r0, [sp, #4]
	.loc	2 38 5 is_stmt 0                @ ../Algorithm/Src/matrix.c:38:5
	ldr	r1, [sp, #12]
	.loc	2 38 15                         @ ../Algorithm/Src/matrix.c:38:15
	str	r0, [r1, #4]
.Ltmp4:
	.loc	2 40 9 is_stmt 1                @ ../Algorithm/Src/matrix.c:40:9
	ldr	r0, [sp]
.Ltmp5:
	.loc	2 40 9 is_stmt 0                @ ../Algorithm/Src/matrix.c:40:9
	cbz	r0, .LBB0_5
	b	.LBB0_4
.LBB0_4:
.Ltmp6:
	.loc	2 41 16 is_stmt 1               @ ../Algorithm/Src/matrix.c:41:16
	ldr	r0, [sp, #12]
	.loc	2 41 21 is_stmt 0               @ ../Algorithm/Src/matrix.c:41:21
	adds	r0, #8
	.loc	2 41 27                         @ ../Algorithm/Src/matrix.c:41:27
	ldr	r1, [sp]
	.loc	2 41 33                         @ ../Algorithm/Src/matrix.c:41:33
	ldr	r2, [sp, #8]
	.loc	2 41 40                         @ ../Algorithm/Src/matrix.c:41:40
	ldr	r3, [sp, #4]
	.loc	2 41 38                         @ ../Algorithm/Src/matrix.c:41:38
	muls	r2, r3, r2
	.loc	2 41 45                         @ ../Algorithm/Src/matrix.c:41:45
	lsls	r2, r2, #2
	.loc	2 41 9                          @ ../Algorithm/Src/matrix.c:41:9
	bl	__aeabi_memcpy4
	.loc	2 42 5 is_stmt 1                @ ../Algorithm/Src/matrix.c:42:5
	b	.LBB0_6
.Ltmp7:
.LBB0_5:
	.loc	2 43 16                         @ ../Algorithm/Src/matrix.c:43:16
	ldr	r0, [sp, #12]
	.loc	2 43 21 is_stmt 0               @ ../Algorithm/Src/matrix.c:43:21
	adds	r0, #8
	.loc	2 43 30                         @ ../Algorithm/Src/matrix.c:43:30
	ldr	r1, [sp, #8]
	.loc	2 43 37                         @ ../Algorithm/Src/matrix.c:43:37
	ldr	r2, [sp, #4]
	.loc	2 43 35                         @ ../Algorithm/Src/matrix.c:43:35
	muls	r1, r2, r1
	.loc	2 43 42                         @ ../Algorithm/Src/matrix.c:43:42
	lsls	r1, r1, #2
	.loc	2 43 9                          @ ../Algorithm/Src/matrix.c:43:9
	bl	__aeabi_memclr4
	b	.LBB0_6
.Ltmp8:
.LBB0_6:
	.loc	2 49 23 is_stmt 1               @ ../Algorithm/Src/matrix.c:49:23
	ldr	r3, [sp, #12]
	.loc	2 49 28 is_stmt 0               @ ../Algorithm/Src/matrix.c:49:28
	add.w	r0, r3, #408
	.loc	2 49 37                         @ ../Algorithm/Src/matrix.c:49:37
	ldrh.w	r1, [sp, #8]
	.loc	2 49 43                         @ ../Algorithm/Src/matrix.c:49:43
	ldrh.w	r2, [sp, #4]
	.loc	2 49 54                         @ ../Algorithm/Src/matrix.c:49:54
	adds	r3, #8
	.loc	2 49 5                          @ ../Algorithm/Src/matrix.c:49:5
	bl	arm_mat_init_f32
	.loc	2 50 1 is_stmt 1                @ ../Algorithm/Src/matrix.c:50:1
	b	.LBB0_7
.LBB0_7:
	.loc	2 50 1 epilogue_begin is_stmt 0 @ ../Algorithm/Src/matrix.c:50:1
	add	sp, #16
	pop	{r7, pc}
.Ltmp9:
.Lfunc_end0:
	.size	Matrixf_init, .Lfunc_end0-Matrixf_init
	.cfi_endproc
	.cantunwind
	.fnend
                                        @ -- End function
	.section	.text.Matrixf_copy,"ax",%progbits
	.hidden	Matrixf_copy                    @ -- Begin function Matrixf_copy
	.globl	Matrixf_copy
	.p2align	3
	.type	Matrixf_copy,%function
	.code	16                              @ @Matrixf_copy
	.thumb_func
Matrixf_copy:
.Lfunc_begin1:
	.loc	2 61 0 is_stmt 1                @ ../Algorithm/Src/matrix.c:61:0
	.fnstart
	.cfi_startproc
@ %bb.0:
	.save	{r7, lr}
	push	{r7, lr}
	.cfi_def_cfa_offset 8
	.cfi_offset lr, -4
	.cfi_offset r7, -8
	.pad	#8
	sub	sp, #8
	.cfi_def_cfa_offset 16
	str	r0, [sp, #4]
	str	r1, [sp]
.Ltmp10:
	.loc	2 62 9 prologue_end             @ ../Algorithm/Src/matrix.c:62:9
	ldr	r0, [sp, #4]
	.loc	2 62 22 is_stmt 0               @ ../Algorithm/Src/matrix.c:62:22
	cbz	r0, .LBB1_2
	b	.LBB1_1
.LBB1_1:
	.loc	2 62 25                         @ ../Algorithm/Src/matrix.c:62:25
	ldr	r0, [sp]
.Ltmp11:
	.loc	2 62 9                          @ ../Algorithm/Src/matrix.c:62:9
	cbnz	r0, .LBB1_3
	b	.LBB1_2
.LBB1_2:
.Ltmp12:
	.loc	2 63 9 is_stmt 1                @ ../Algorithm/Src/matrix.c:63:9
	b	.LBB1_4
.Ltmp13:
.LBB1_3:
	.loc	2 66 18                         @ ../Algorithm/Src/matrix.c:66:18
	ldr	r0, [sp, #4]
	.loc	2 66 24 is_stmt 0               @ ../Algorithm/Src/matrix.c:66:24
	ldr	r3, [sp]
	.loc	2 66 29                         @ ../Algorithm/Src/matrix.c:66:29
	ldr	r1, [r3]
	.loc	2 66 40                         @ ../Algorithm/Src/matrix.c:66:40
	ldr	r2, [r3, #4]
	.loc	2 66 51                         @ ../Algorithm/Src/matrix.c:66:51
	adds	r3, #8
	.loc	2 66 5                          @ ../Algorithm/Src/matrix.c:66:5
	bl	Matrixf_init
	.loc	2 67 1 is_stmt 1                @ ../Algorithm/Src/matrix.c:67:1
	b	.LBB1_4
.LBB1_4:
	.loc	2 67 1 epilogue_begin is_stmt 0 @ ../Algorithm/Src/matrix.c:67:1
	add	sp, #8
	pop	{r7, pc}
.Ltmp14:
.Lfunc_end1:
	.size	Matrixf_copy, .Lfunc_end1-Matrixf_copy
	.cfi_endproc
	.cantunwind
	.fnend
                                        @ -- End function
	.section	.text.Matrixf_get,"ax",%progbits
	.hidden	Matrixf_get                     @ -- Begin function Matrixf_get
	.globl	Matrixf_get
	.p2align	3
	.type	Matrixf_get,%function
	.code	16                              @ @Matrixf_get
	.thumb_func
Matrixf_get:
.Lfunc_begin2:
	.loc	2 80 0 is_stmt 1                @ ../Algorithm/Src/matrix.c:80:0
	.fnstart
	.cfi_startproc
@ %bb.0:
	.pad	#16
	sub	sp, #16
	.cfi_def_cfa_offset 16
	str	r0, [sp, #8]
	str	r1, [sp, #4]
	str	r2, [sp]
.Ltmp15:
	.loc	2 81 9 prologue_end             @ ../Algorithm/Src/matrix.c:81:9
	ldr	r0, [sp, #8]
	.loc	2 81 21 is_stmt 0               @ ../Algorithm/Src/matrix.c:81:21
	cbz	r0, .LBB2_3
	b	.LBB2_1
.LBB2_1:
	.loc	2 81 24                         @ ../Algorithm/Src/matrix.c:81:24
	ldr	r0, [sp, #4]
	.loc	2 81 31                         @ ../Algorithm/Src/matrix.c:81:31
	ldr	r1, [sp, #8]
	.loc	2 81 36                         @ ../Algorithm/Src/matrix.c:81:36
	ldr	r1, [r1]
	.loc	2 81 41                         @ ../Algorithm/Src/matrix.c:81:41
	cmp	r0, r1
	bhs	.LBB2_3
	b	.LBB2_2
.LBB2_2:
	.loc	2 81 44                         @ ../Algorithm/Src/matrix.c:81:44
	ldr	r0, [sp]
	.loc	2 81 51                         @ ../Algorithm/Src/matrix.c:81:51
	ldr	r1, [sp, #8]
	.loc	2 81 56                         @ ../Algorithm/Src/matrix.c:81:56
	ldr	r1, [r1, #4]
.Ltmp16:
	.loc	2 81 9                          @ ../Algorithm/Src/matrix.c:81:9
	cmp	r0, r1
	blo	.LBB2_4
	b	.LBB2_3
.LBB2_3:
	.loc	2 0 9                           @ ../Algorithm/Src/matrix.c:0:9
	movs	r0, #0
.Ltmp17:
	.loc	2 82 9 is_stmt 1                @ ../Algorithm/Src/matrix.c:82:9
	str	r0, [sp, #12]
	b	.LBB2_5
.Ltmp18:
.LBB2_4:
	.loc	2 85 12                         @ ../Algorithm/Src/matrix.c:85:12
	ldr	r0, [sp, #8]
	.loc	2 85 22 is_stmt 0               @ ../Algorithm/Src/matrix.c:85:22
	ldr	r1, [sp, #4]
	.loc	2 85 33                         @ ../Algorithm/Src/matrix.c:85:33
	ldr	r2, [r0, #4]
	.loc	2 85 40                         @ ../Algorithm/Src/matrix.c:85:40
	ldr	r3, [sp]
	.loc	2 85 38                         @ ../Algorithm/Src/matrix.c:85:38
	mla	r1, r1, r2, r3
	.loc	2 85 17                         @ ../Algorithm/Src/matrix.c:85:17
	add.w	r0, r0, r1, lsl #2
	.loc	2 85 12                         @ ../Algorithm/Src/matrix.c:85:12
	ldr	r0, [r0, #8]
	.loc	2 85 5                          @ ../Algorithm/Src/matrix.c:85:5
	str	r0, [sp, #12]
	b	.LBB2_5
.LBB2_5:
	.loc	2 86 1 is_stmt 1                @ ../Algorithm/Src/matrix.c:86:1
	vldr	s0, [sp, #12]
	.loc	2 86 1 epilogue_begin is_stmt 0 @ ../Algorithm/Src/matrix.c:86:1
	add	sp, #16
	bx	lr
.Ltmp19:
.Lfunc_end2:
	.size	Matrixf_get, .Lfunc_end2-Matrixf_get
	.cfi_endproc
	.cantunwind
	.fnend
                                        @ -- End function
	.section	.text.Matrixf_set,"ax",%progbits
	.hidden	Matrixf_set                     @ -- Begin function Matrixf_set
	.globl	Matrixf_set
	.p2align	3
	.type	Matrixf_set,%function
	.code	16                              @ @Matrixf_set
	.thumb_func
Matrixf_set:
.Lfunc_begin3:
	.loc	2 99 0 is_stmt 1                @ ../Algorithm/Src/matrix.c:99:0
	.fnstart
	.cfi_startproc
@ %bb.0:
	.pad	#16
	sub	sp, #16
	.cfi_def_cfa_offset 16
	str	r0, [sp, #12]
	str	r1, [sp, #8]
	str	r2, [sp, #4]
	vstr	s0, [sp]
.Ltmp20:
	.loc	2 100 9 prologue_end            @ ../Algorithm/Src/matrix.c:100:9
	ldr	r0, [sp, #12]
	.loc	2 100 21 is_stmt 0              @ ../Algorithm/Src/matrix.c:100:21
	cbz	r0, .LBB3_3
	b	.LBB3_1
.LBB3_1:
	.loc	2 100 24                        @ ../Algorithm/Src/matrix.c:100:24
	ldr	r0, [sp, #8]
	.loc	2 100 31                        @ ../Algorithm/Src/matrix.c:100:31
	ldr	r1, [sp, #12]
	.loc	2 100 36                        @ ../Algorithm/Src/matrix.c:100:36
	ldr	r1, [r1]
	.loc	2 100 41                        @ ../Algorithm/Src/matrix.c:100:41
	cmp	r0, r1
	bhs	.LBB3_3
	b	.LBB3_2
.LBB3_2:
	.loc	2 100 44                        @ ../Algorithm/Src/matrix.c:100:44
	ldr	r0, [sp, #4]
	.loc	2 100 51                        @ ../Algorithm/Src/matrix.c:100:51
	ldr	r1, [sp, #12]
	.loc	2 100 56                        @ ../Algorithm/Src/matrix.c:100:56
	ldr	r1, [r1, #4]
.Ltmp21:
	.loc	2 100 9                         @ ../Algorithm/Src/matrix.c:100:9
	cmp	r0, r1
	blo	.LBB3_4
	b	.LBB3_3
.LBB3_3:
.Ltmp22:
	.loc	2 101 9 is_stmt 1               @ ../Algorithm/Src/matrix.c:101:9
	b	.LBB3_5
.Ltmp23:
.LBB3_4:
	.loc	2 104 40                        @ ../Algorithm/Src/matrix.c:104:40
	ldr	r0, [sp]
	.loc	2 104 5 is_stmt 0               @ ../Algorithm/Src/matrix.c:104:5
	ldr	r1, [sp, #12]
	.loc	2 104 15                        @ ../Algorithm/Src/matrix.c:104:15
	ldr	r2, [sp, #8]
	.loc	2 104 26                        @ ../Algorithm/Src/matrix.c:104:26
	ldr	r3, [r1, #4]
	.loc	2 104 33                        @ ../Algorithm/Src/matrix.c:104:33
	ldr.w	r12, [sp, #4]
	.loc	2 104 31                        @ ../Algorithm/Src/matrix.c:104:31
	mla	r2, r2, r3, r12
	.loc	2 104 10                        @ ../Algorithm/Src/matrix.c:104:10
	add.w	r1, r1, r2, lsl #2
	.loc	2 104 38                        @ ../Algorithm/Src/matrix.c:104:38
	str	r0, [r1, #8]
	.loc	2 105 1 is_stmt 1               @ ../Algorithm/Src/matrix.c:105:1
	b	.LBB3_5
.LBB3_5:
	.loc	2 105 1 epilogue_begin is_stmt 0 @ ../Algorithm/Src/matrix.c:105:1
	add	sp, #16
	bx	lr
.Ltmp24:
.Lfunc_end3:
	.size	Matrixf_set, .Lfunc_end3-Matrixf_set
	.cfi_endproc
	.cantunwind
	.fnend
                                        @ -- End function
	.section	.text.Matrixf_add,"ax",%progbits
	.hidden	Matrixf_add                     @ -- Begin function Matrixf_add
	.globl	Matrixf_add
	.p2align	3
	.type	Matrixf_add,%function
	.code	16                              @ @Matrixf_add
	.thumb_func
Matrixf_add:
.Lfunc_begin4:
	.loc	2 119 0 is_stmt 1               @ ../Algorithm/Src/matrix.c:119:0
	.fnstart
	.cfi_startproc
@ %bb.0:
	.save	{r7, lr}
	push	{r7, lr}
	.cfi_def_cfa_offset 8
	.cfi_offset lr, -4
	.cfi_offset r7, -8
	.pad	#16
	sub	sp, #16
	.cfi_def_cfa_offset 24
	str	r0, [sp, #8]
	str	r1, [sp, #4]
	str	r2, [sp]
.Ltmp25:
	.loc	2 120 9 prologue_end            @ ../Algorithm/Src/matrix.c:120:9
	ldr	r0, [sp, #8]
	.loc	2 120 24 is_stmt 0              @ ../Algorithm/Src/matrix.c:120:24
	cbz	r0, .LBB4_3
	b	.LBB4_1
.LBB4_1:
	.loc	2 120 27                        @ ../Algorithm/Src/matrix.c:120:27
	ldr	r0, [sp, #4]
	.loc	2 120 40                        @ ../Algorithm/Src/matrix.c:120:40
	cbz	r0, .LBB4_3
	b	.LBB4_2
.LBB4_2:
	.loc	2 120 43                        @ ../Algorithm/Src/matrix.c:120:43
	ldr	r0, [sp]
.Ltmp26:
	.loc	2 120 9                         @ ../Algorithm/Src/matrix.c:120:9
	cbnz	r0, .LBB4_4
	b	.LBB4_3
.LBB4_3:
	.loc	2 0 9                           @ ../Algorithm/Src/matrix.c:0:9
	movs	r0, #255
.Ltmp27:
	.loc	2 121 9 is_stmt 1               @ ../Algorithm/Src/matrix.c:121:9
	strb.w	r0, [sp, #15]
	b	.LBB4_8
.Ltmp28:
.LBB4_4:
	.loc	2 124 9                         @ ../Algorithm/Src/matrix.c:124:9
	ldr	r0, [sp, #4]
	.loc	2 124 15 is_stmt 0              @ ../Algorithm/Src/matrix.c:124:15
	ldr	r0, [r0]
	.loc	2 124 23                        @ ../Algorithm/Src/matrix.c:124:23
	ldr	r1, [sp]
	.loc	2 124 29                        @ ../Algorithm/Src/matrix.c:124:29
	ldr	r1, [r1]
	.loc	2 124 34                        @ ../Algorithm/Src/matrix.c:124:34
	cmp	r0, r1
	bne	.LBB4_6
	b	.LBB4_5
.LBB4_5:
	.loc	2 124 37                        @ ../Algorithm/Src/matrix.c:124:37
	ldr	r0, [sp, #4]
	.loc	2 124 43                        @ ../Algorithm/Src/matrix.c:124:43
	ldr	r0, [r0, #4]
	.loc	2 124 51                        @ ../Algorithm/Src/matrix.c:124:51
	ldr	r1, [sp]
	.loc	2 124 57                        @ ../Algorithm/Src/matrix.c:124:57
	ldr	r1, [r1, #4]
.Ltmp29:
	.loc	2 124 9                         @ ../Algorithm/Src/matrix.c:124:9
	cmp	r0, r1
	beq	.LBB4_7
	b	.LBB4_6
.LBB4_6:
	.loc	2 0 9                           @ ../Algorithm/Src/matrix.c:0:9
	movs	r0, #253
.Ltmp30:
	.loc	2 125 9 is_stmt 1               @ ../Algorithm/Src/matrix.c:125:9
	strb.w	r0, [sp, #15]
	b	.LBB4_8
.Ltmp31:
.LBB4_7:
	.loc	2 128 18                        @ ../Algorithm/Src/matrix.c:128:18
	ldr	r0, [sp, #8]
	.loc	2 128 26 is_stmt 0              @ ../Algorithm/Src/matrix.c:128:26
	ldr	r2, [sp, #4]
	.loc	2 128 32                        @ ../Algorithm/Src/matrix.c:128:32
	ldr	r1, [r2]
	.loc	2 128 44                        @ ../Algorithm/Src/matrix.c:128:44
	ldr	r2, [r2, #4]
	movs	r3, #0
	.loc	2 128 5                         @ ../Algorithm/Src/matrix.c:128:5
	bl	Matrixf_init
	.loc	2 129 29 is_stmt 1              @ ../Algorithm/Src/matrix.c:129:29
	ldr	r0, [sp, #4]
	.loc	2 129 35 is_stmt 0              @ ../Algorithm/Src/matrix.c:129:35
	add.w	r0, r0, #408
	.loc	2 129 45                        @ ../Algorithm/Src/matrix.c:129:45
	ldr	r1, [sp]
	.loc	2 129 51                        @ ../Algorithm/Src/matrix.c:129:51
	add.w	r1, r1, #408
	.loc	2 129 61                        @ ../Algorithm/Src/matrix.c:129:61
	ldr	r2, [sp, #8]
	.loc	2 129 69                        @ ../Algorithm/Src/matrix.c:129:69
	add.w	r2, r2, #408
	.loc	2 129 12                        @ ../Algorithm/Src/matrix.c:129:12
	bl	arm_mat_add_f32
	.loc	2 129 5                         @ ../Algorithm/Src/matrix.c:129:5
	strb.w	r0, [sp, #15]
	b	.LBB4_8
.LBB4_8:
	.loc	2 130 1 is_stmt 1               @ ../Algorithm/Src/matrix.c:130:1
	ldrsb.w	r0, [sp, #15]
	.loc	2 130 1 epilogue_begin is_stmt 0 @ ../Algorithm/Src/matrix.c:130:1
	add	sp, #16
	pop	{r7, pc}
.Ltmp32:
.Lfunc_end4:
	.size	Matrixf_add, .Lfunc_end4-Matrixf_add
	.cfi_endproc
	.cantunwind
	.fnend
                                        @ -- End function
	.section	.text.Matrixf_sub,"ax",%progbits
	.hidden	Matrixf_sub                     @ -- Begin function Matrixf_sub
	.globl	Matrixf_sub
	.p2align	3
	.type	Matrixf_sub,%function
	.code	16                              @ @Matrixf_sub
	.thumb_func
Matrixf_sub:
.Lfunc_begin5:
	.loc	2 144 0 is_stmt 1               @ ../Algorithm/Src/matrix.c:144:0
	.fnstart
	.cfi_startproc
@ %bb.0:
	.save	{r7, lr}
	push	{r7, lr}
	.cfi_def_cfa_offset 8
	.cfi_offset lr, -4
	.cfi_offset r7, -8
	.pad	#16
	sub	sp, #16
	.cfi_def_cfa_offset 24
	str	r0, [sp, #8]
	str	r1, [sp, #4]
	str	r2, [sp]
.Ltmp33:
	.loc	2 145 9 prologue_end            @ ../Algorithm/Src/matrix.c:145:9
	ldr	r0, [sp, #8]
	.loc	2 145 24 is_stmt 0              @ ../Algorithm/Src/matrix.c:145:24
	cbz	r0, .LBB5_3
	b	.LBB5_1
.LBB5_1:
	.loc	2 145 27                        @ ../Algorithm/Src/matrix.c:145:27
	ldr	r0, [sp, #4]
	.loc	2 145 40                        @ ../Algorithm/Src/matrix.c:145:40
	cbz	r0, .LBB5_3
	b	.LBB5_2
.LBB5_2:
	.loc	2 145 43                        @ ../Algorithm/Src/matrix.c:145:43
	ldr	r0, [sp]
.Ltmp34:
	.loc	2 145 9                         @ ../Algorithm/Src/matrix.c:145:9
	cbnz	r0, .LBB5_4
	b	.LBB5_3
.LBB5_3:
	.loc	2 0 9                           @ ../Algorithm/Src/matrix.c:0:9
	movs	r0, #255
.Ltmp35:
	.loc	2 146 9 is_stmt 1               @ ../Algorithm/Src/matrix.c:146:9
	strb.w	r0, [sp, #15]
	b	.LBB5_8
.Ltmp36:
.LBB5_4:
	.loc	2 149 9                         @ ../Algorithm/Src/matrix.c:149:9
	ldr	r0, [sp, #4]
	.loc	2 149 15 is_stmt 0              @ ../Algorithm/Src/matrix.c:149:15
	ldr	r0, [r0]
	.loc	2 149 23                        @ ../Algorithm/Src/matrix.c:149:23
	ldr	r1, [sp]
	.loc	2 149 29                        @ ../Algorithm/Src/matrix.c:149:29
	ldr	r1, [r1]
	.loc	2 149 34                        @ ../Algorithm/Src/matrix.c:149:34
	cmp	r0, r1
	bne	.LBB5_6
	b	.LBB5_5
.LBB5_5:
	.loc	2 149 37                        @ ../Algorithm/Src/matrix.c:149:37
	ldr	r0, [sp, #4]
	.loc	2 149 43                        @ ../Algorithm/Src/matrix.c:149:43
	ldr	r0, [r0, #4]
	.loc	2 149 51                        @ ../Algorithm/Src/matrix.c:149:51
	ldr	r1, [sp]
	.loc	2 149 57                        @ ../Algorithm/Src/matrix.c:149:57
	ldr	r1, [r1, #4]
.Ltmp37:
	.loc	2 149 9                         @ ../Algorithm/Src/matrix.c:149:9
	cmp	r0, r1
	beq	.LBB5_7
	b	.LBB5_6
.LBB5_6:
	.loc	2 0 9                           @ ../Algorithm/Src/matrix.c:0:9
	movs	r0, #253
.Ltmp38:
	.loc	2 150 9 is_stmt 1               @ ../Algorithm/Src/matrix.c:150:9
	strb.w	r0, [sp, #15]
	b	.LBB5_8
.Ltmp39:
.LBB5_7:
	.loc	2 153 18                        @ ../Algorithm/Src/matrix.c:153:18
	ldr	r0, [sp, #8]
	.loc	2 153 26 is_stmt 0              @ ../Algorithm/Src/matrix.c:153:26
	ldr	r2, [sp, #4]
	.loc	2 153 32                        @ ../Algorithm/Src/matrix.c:153:32
	ldr	r1, [r2]
	.loc	2 153 44                        @ ../Algorithm/Src/matrix.c:153:44
	ldr	r2, [r2, #4]
	movs	r3, #0
	.loc	2 153 5                         @ ../Algorithm/Src/matrix.c:153:5
	bl	Matrixf_init
	.loc	2 154 29 is_stmt 1              @ ../Algorithm/Src/matrix.c:154:29
	ldr	r0, [sp, #4]
	.loc	2 154 35 is_stmt 0              @ ../Algorithm/Src/matrix.c:154:35
	add.w	r0, r0, #408
	.loc	2 154 45                        @ ../Algorithm/Src/matrix.c:154:45
	ldr	r1, [sp]
	.loc	2 154 51                        @ ../Algorithm/Src/matrix.c:154:51
	add.w	r1, r1, #408
	.loc	2 154 61                        @ ../Algorithm/Src/matrix.c:154:61
	ldr	r2, [sp, #8]
	.loc	2 154 69                        @ ../Algorithm/Src/matrix.c:154:69
	add.w	r2, r2, #408
	.loc	2 154 12                        @ ../Algorithm/Src/matrix.c:154:12
	bl	arm_mat_sub_f32
	.loc	2 154 5                         @ ../Algorithm/Src/matrix.c:154:5
	strb.w	r0, [sp, #15]
	b	.LBB5_8
.LBB5_8:
	.loc	2 155 1 is_stmt 1               @ ../Algorithm/Src/matrix.c:155:1
	ldrsb.w	r0, [sp, #15]
	.loc	2 155 1 epilogue_begin is_stmt 0 @ ../Algorithm/Src/matrix.c:155:1
	add	sp, #16
	pop	{r7, pc}
.Ltmp40:
.Lfunc_end5:
	.size	Matrixf_sub, .Lfunc_end5-Matrixf_sub
	.cfi_endproc
	.cantunwind
	.fnend
                                        @ -- End function
	.section	.text.Matrixf_mult,"ax",%progbits
	.hidden	Matrixf_mult                    @ -- Begin function Matrixf_mult
	.globl	Matrixf_mult
	.p2align	3
	.type	Matrixf_mult,%function
	.code	16                              @ @Matrixf_mult
	.thumb_func
Matrixf_mult:
.Lfunc_begin6:
	.loc	2 170 0 is_stmt 1               @ ../Algorithm/Src/matrix.c:170:0
	.fnstart
	.cfi_startproc
@ %bb.0:
	.save	{r7, lr}
	push	{r7, lr}
	.cfi_def_cfa_offset 8
	.cfi_offset lr, -4
	.cfi_offset r7, -8
	.pad	#16
	sub	sp, #16
	.cfi_def_cfa_offset 24
	str	r0, [sp, #8]
	str	r1, [sp, #4]
	str	r2, [sp]
.Ltmp41:
	.loc	2 171 9 prologue_end            @ ../Algorithm/Src/matrix.c:171:9
	ldr	r0, [sp, #8]
	.loc	2 171 24 is_stmt 0              @ ../Algorithm/Src/matrix.c:171:24
	cbz	r0, .LBB6_3
	b	.LBB6_1
.LBB6_1:
	.loc	2 171 27                        @ ../Algorithm/Src/matrix.c:171:27
	ldr	r0, [sp, #4]
	.loc	2 171 40                        @ ../Algorithm/Src/matrix.c:171:40
	cbz	r0, .LBB6_3
	b	.LBB6_2
.LBB6_2:
	.loc	2 171 43                        @ ../Algorithm/Src/matrix.c:171:43
	ldr	r0, [sp]
.Ltmp42:
	.loc	2 171 9                         @ ../Algorithm/Src/matrix.c:171:9
	cbnz	r0, .LBB6_4
	b	.LBB6_3
.LBB6_3:
	.loc	2 0 9                           @ ../Algorithm/Src/matrix.c:0:9
	movs	r0, #255
.Ltmp43:
	.loc	2 172 9 is_stmt 1               @ ../Algorithm/Src/matrix.c:172:9
	strb.w	r0, [sp, #15]
	b	.LBB6_7
.Ltmp44:
.LBB6_4:
	.loc	2 175 9                         @ ../Algorithm/Src/matrix.c:175:9
	ldr	r0, [sp, #4]
	.loc	2 175 15 is_stmt 0              @ ../Algorithm/Src/matrix.c:175:15
	ldr	r0, [r0, #4]
	.loc	2 175 23                        @ ../Algorithm/Src/matrix.c:175:23
	ldr	r1, [sp]
	.loc	2 175 29                        @ ../Algorithm/Src/matrix.c:175:29
	ldr	r1, [r1]
.Ltmp45:
	.loc	2 175 9                         @ ../Algorithm/Src/matrix.c:175:9
	cmp	r0, r1
	beq	.LBB6_6
	b	.LBB6_5
.LBB6_5:
	.loc	2 0 9                           @ ../Algorithm/Src/matrix.c:0:9
	movs	r0, #253
.Ltmp46:
	.loc	2 176 9 is_stmt 1               @ ../Algorithm/Src/matrix.c:176:9
	strb.w	r0, [sp, #15]
	b	.LBB6_7
.Ltmp47:
.LBB6_6:
	.loc	2 179 18                        @ ../Algorithm/Src/matrix.c:179:18
	ldr	r0, [sp, #8]
	.loc	2 179 26 is_stmt 0              @ ../Algorithm/Src/matrix.c:179:26
	ldr	r1, [sp, #4]
	.loc	2 179 32                        @ ../Algorithm/Src/matrix.c:179:32
	ldr	r1, [r1]
	.loc	2 179 38                        @ ../Algorithm/Src/matrix.c:179:38
	ldr	r2, [sp]
	.loc	2 179 44                        @ ../Algorithm/Src/matrix.c:179:44
	ldr	r2, [r2, #4]
	movs	r3, #0
	.loc	2 179 5                         @ ../Algorithm/Src/matrix.c:179:5
	bl	Matrixf_init
	.loc	2 180 30 is_stmt 1              @ ../Algorithm/Src/matrix.c:180:30
	ldr	r0, [sp, #4]
	.loc	2 180 36 is_stmt 0              @ ../Algorithm/Src/matrix.c:180:36
	add.w	r0, r0, #408
	.loc	2 180 46                        @ ../Algorithm/Src/matrix.c:180:46
	ldr	r1, [sp]
	.loc	2 180 52                        @ ../Algorithm/Src/matrix.c:180:52
	add.w	r1, r1, #408
	.loc	2 180 62                        @ ../Algorithm/Src/matrix.c:180:62
	ldr	r2, [sp, #8]
	.loc	2 180 70                        @ ../Algorithm/Src/matrix.c:180:70
	add.w	r2, r2, #408
	.loc	2 180 12                        @ ../Algorithm/Src/matrix.c:180:12
	bl	arm_mat_mult_f32
	.loc	2 180 5                         @ ../Algorithm/Src/matrix.c:180:5
	strb.w	r0, [sp, #15]
	b	.LBB6_7
.LBB6_7:
	.loc	2 181 1 is_stmt 1               @ ../Algorithm/Src/matrix.c:181:1
	ldrsb.w	r0, [sp, #15]
	.loc	2 181 1 epilogue_begin is_stmt 0 @ ../Algorithm/Src/matrix.c:181:1
	add	sp, #16
	pop	{r7, pc}
.Ltmp48:
.Lfunc_end6:
	.size	Matrixf_mult, .Lfunc_end6-Matrixf_mult
	.cfi_endproc
	.cantunwind
	.fnend
                                        @ -- End function
	.section	.text.Matrixf_scale,"ax",%progbits
	.hidden	Matrixf_scale                   @ -- Begin function Matrixf_scale
	.globl	Matrixf_scale
	.p2align	3
	.type	Matrixf_scale,%function
	.code	16                              @ @Matrixf_scale
	.thumb_func
Matrixf_scale:
.Lfunc_begin7:
	.loc	2 194 0 is_stmt 1               @ ../Algorithm/Src/matrix.c:194:0
	.fnstart
	.cfi_startproc
@ %bb.0:
	.save	{r7, lr}
	push	{r7, lr}
	.cfi_def_cfa_offset 8
	.cfi_offset lr, -4
	.cfi_offset r7, -8
	.pad	#24
	sub	sp, #24
	.cfi_def_cfa_offset 32
	str	r0, [sp, #16]
	str	r1, [sp, #12]
	vstr	s0, [sp, #8]
.Ltmp49:
	.loc	2 195 9 prologue_end            @ ../Algorithm/Src/matrix.c:195:9
	ldr	r0, [sp, #16]
	.loc	2 195 24 is_stmt 0              @ ../Algorithm/Src/matrix.c:195:24
	cbz	r0, .LBB7_2
	b	.LBB7_1
.LBB7_1:
	.loc	2 195 27                        @ ../Algorithm/Src/matrix.c:195:27
	ldr	r0, [sp, #12]
.Ltmp50:
	.loc	2 195 9                         @ ../Algorithm/Src/matrix.c:195:9
	cbnz	r0, .LBB7_3
	b	.LBB7_2
.LBB7_2:
	.loc	2 0 9                           @ ../Algorithm/Src/matrix.c:0:9
	movs	r0, #255
.Ltmp51:
	.loc	2 196 9 is_stmt 1               @ ../Algorithm/Src/matrix.c:196:9
	strb.w	r0, [sp, #23]
	b	.LBB7_8
.Ltmp52:
.LBB7_3:
	.loc	2 199 18                        @ ../Algorithm/Src/matrix.c:199:18
	ldr	r0, [sp, #16]
	.loc	2 199 26 is_stmt 0              @ ../Algorithm/Src/matrix.c:199:26
	ldr	r2, [sp, #12]
	.loc	2 199 31                        @ ../Algorithm/Src/matrix.c:199:31
	ldr	r1, [r2]
	.loc	2 199 42                        @ ../Algorithm/Src/matrix.c:199:42
	ldr	r2, [r2, #4]
	movs	r3, #0
	.loc	2 199 5                         @ ../Algorithm/Src/matrix.c:199:5
	str	r3, [sp]                        @ 4-byte Spill
	bl	Matrixf_init
	ldr	r0, [sp]                        @ 4-byte Reload
.Ltmp53:
	.loc	2 200 17 is_stmt 1              @ ../Algorithm/Src/matrix.c:200:17
	str	r0, [sp, #4]
	.loc	2 200 8 is_stmt 0               @ ../Algorithm/Src/matrix.c:200:8
	b	.LBB7_4
.LBB7_4:                                @ =>This Inner Loop Header: Depth=1
.Ltmp54:
	.loc	2 200 24                        @ ../Algorithm/Src/matrix.c:200:24
	ldr	r0, [sp, #4]
	.loc	2 200 28                        @ ../Algorithm/Src/matrix.c:200:28
	ldr	r2, [sp, #12]
	.loc	2 200 33                        @ ../Algorithm/Src/matrix.c:200:33
	ldr	r1, [r2]
	.loc	2 200 45                        @ ../Algorithm/Src/matrix.c:200:45
	ldr	r2, [r2, #4]
	.loc	2 200 38                        @ ../Algorithm/Src/matrix.c:200:38
	muls	r1, r2, r1
.Ltmp55:
	.loc	2 200 3                         @ ../Algorithm/Src/matrix.c:200:3
	cmp	r0, r1
	bhs	.LBB7_7
	b	.LBB7_5
.LBB7_5:                                @   in Loop: Header=BB7_4 Depth=1
.Ltmp56:
	.loc	2 201 27 is_stmt 1              @ ../Algorithm/Src/matrix.c:201:27
	ldr	r0, [sp, #12]
	.loc	2 201 37 is_stmt 0              @ ../Algorithm/Src/matrix.c:201:37
	ldr	r1, [sp, #4]
	.loc	2 201 32                        @ ../Algorithm/Src/matrix.c:201:32
	add.w	r0, r0, r1, lsl #2
	.loc	2 201 27                        @ ../Algorithm/Src/matrix.c:201:27
	vldr	s0, [r0, #8]
	.loc	2 201 40                        @ ../Algorithm/Src/matrix.c:201:40
	vldr	s2, [sp, #8]
	.loc	2 201 39                        @ ../Algorithm/Src/matrix.c:201:39
	vmul.f32	s0, s0, s2
	.loc	2 201 9                         @ ../Algorithm/Src/matrix.c:201:9
	ldr	r0, [sp, #16]
	.loc	2 201 17                        @ ../Algorithm/Src/matrix.c:201:17
	add.w	r0, r0, r1, lsl #2
	.loc	2 201 25                        @ ../Algorithm/Src/matrix.c:201:25
	vstr	s0, [r0, #8]
	.loc	2 202 5 is_stmt 1               @ ../Algorithm/Src/matrix.c:202:5
	b	.LBB7_6
.Ltmp57:
.LBB7_6:                                @   in Loop: Header=BB7_4 Depth=1
	.loc	2 200 52                        @ ../Algorithm/Src/matrix.c:200:52
	ldr	r0, [sp, #4]
	adds	r0, #1
	str	r0, [sp, #4]
	.loc	2 200 3 is_stmt 0               @ ../Algorithm/Src/matrix.c:200:3
	b	.LBB7_4
.Ltmp58:
.LBB7_7:
	.loc	2 203 31 is_stmt 1              @ ../Algorithm/Src/matrix.c:203:31
	ldr	r0, [sp, #12]
	.loc	2 203 36 is_stmt 0              @ ../Algorithm/Src/matrix.c:203:36
	add.w	r0, r0, #408
	.loc	2 203 45                        @ ../Algorithm/Src/matrix.c:203:45
	vldr	s0, [sp, #8]
	.loc	2 203 54                        @ ../Algorithm/Src/matrix.c:203:54
	ldr	r1, [sp, #16]
	.loc	2 203 62                        @ ../Algorithm/Src/matrix.c:203:62
	add.w	r1, r1, #408
	.loc	2 203 12                        @ ../Algorithm/Src/matrix.c:203:12
	bl	arm_mat_scale_f32
	.loc	2 203 5                         @ ../Algorithm/Src/matrix.c:203:5
	strb.w	r0, [sp, #23]
	b	.LBB7_8
.LBB7_8:
	.loc	2 204 1 is_stmt 1               @ ../Algorithm/Src/matrix.c:204:1
	ldrsb.w	r0, [sp, #23]
	.loc	2 204 1 epilogue_begin is_stmt 0 @ ../Algorithm/Src/matrix.c:204:1
	add	sp, #24
	pop	{r7, pc}
.Ltmp59:
.Lfunc_end7:
	.size	Matrixf_scale, .Lfunc_end7-Matrixf_scale
	.cfi_endproc
	.cantunwind
	.fnend
                                        @ -- End function
	.section	.text.Matrixf_trans,"ax",%progbits
	.hidden	Matrixf_trans                   @ -- Begin function Matrixf_trans
	.globl	Matrixf_trans
	.p2align	3
	.type	Matrixf_trans,%function
	.code	16                              @ @Matrixf_trans
	.thumb_func
Matrixf_trans:
.Lfunc_begin8:
	.loc	2 217 0 is_stmt 1               @ ../Algorithm/Src/matrix.c:217:0
	.fnstart
	.cfi_startproc
@ %bb.0:
	.save	{r7, lr}
	push	{r7, lr}
	.cfi_def_cfa_offset 8
	.cfi_offset lr, -4
	.cfi_offset r7, -8
	.pad	#16
	sub	sp, #16
	.cfi_def_cfa_offset 24
	str	r0, [sp, #8]
	str	r1, [sp, #4]
.Ltmp60:
	.loc	2 218 9 prologue_end            @ ../Algorithm/Src/matrix.c:218:9
	ldr	r0, [sp, #8]
	.loc	2 218 24 is_stmt 0              @ ../Algorithm/Src/matrix.c:218:24
	cbz	r0, .LBB8_2
	b	.LBB8_1
.LBB8_1:
	.loc	2 218 27                        @ ../Algorithm/Src/matrix.c:218:27
	ldr	r0, [sp, #4]
.Ltmp61:
	.loc	2 218 9                         @ ../Algorithm/Src/matrix.c:218:9
	cbnz	r0, .LBB8_3
	b	.LBB8_2
.LBB8_2:
	.loc	2 0 9                           @ ../Algorithm/Src/matrix.c:0:9
	movs	r0, #255
.Ltmp62:
	.loc	2 219 9 is_stmt 1               @ ../Algorithm/Src/matrix.c:219:9
	strb.w	r0, [sp, #15]
	b	.LBB8_4
.Ltmp63:
.LBB8_3:
	.loc	2 222 18                        @ ../Algorithm/Src/matrix.c:222:18
	ldr	r0, [sp, #8]
	.loc	2 222 26 is_stmt 0              @ ../Algorithm/Src/matrix.c:222:26
	ldr	r1, [sp, #4]
	.loc	2 222 42                        @ ../Algorithm/Src/matrix.c:222:42
	ldr	r2, [r1]
	.loc	2 222 31                        @ ../Algorithm/Src/matrix.c:222:31
	ldr	r1, [r1, #4]
	movs	r3, #0
	.loc	2 222 5                         @ ../Algorithm/Src/matrix.c:222:5
	bl	Matrixf_init
	.loc	2 223 31 is_stmt 1              @ ../Algorithm/Src/matrix.c:223:31
	ldr	r0, [sp, #4]
	.loc	2 223 36 is_stmt 0              @ ../Algorithm/Src/matrix.c:223:36
	add.w	r0, r0, #408
	.loc	2 223 46                        @ ../Algorithm/Src/matrix.c:223:46
	ldr	r1, [sp, #8]
	.loc	2 223 54                        @ ../Algorithm/Src/matrix.c:223:54
	add.w	r1, r1, #408
	.loc	2 223 12                        @ ../Algorithm/Src/matrix.c:223:12
	bl	arm_mat_trans_f32
	.loc	2 223 5                         @ ../Algorithm/Src/matrix.c:223:5
	strb.w	r0, [sp, #15]
	b	.LBB8_4
.LBB8_4:
	.loc	2 224 1 is_stmt 1               @ ../Algorithm/Src/matrix.c:224:1
	ldrsb.w	r0, [sp, #15]
	.loc	2 224 1 epilogue_begin is_stmt 0 @ ../Algorithm/Src/matrix.c:224:1
	add	sp, #16
	pop	{r7, pc}
.Ltmp64:
.Lfunc_end8:
	.size	Matrixf_trans, .Lfunc_end8-Matrixf_trans
	.cfi_endproc
	.cantunwind
	.fnend
                                        @ -- End function
	.section	.text.Matrixf_inv,"ax",%progbits
	.hidden	Matrixf_inv                     @ -- Begin function Matrixf_inv
	.globl	Matrixf_inv
	.p2align	3
	.type	Matrixf_inv,%function
	.code	16                              @ @Matrixf_inv
	.thumb_func
Matrixf_inv:
.Lfunc_begin9:
	.loc	2 238 0 is_stmt 1               @ ../Algorithm/Src/matrix.c:238:0
	.fnstart
	.cfi_startproc
@ %bb.0:
	.save	{r7, lr}
	push	{r7, lr}
	.cfi_def_cfa_offset 8
	.cfi_offset lr, -4
	.cfi_offset r7, -8
	.pad	#16
	sub	sp, #16
	.cfi_def_cfa_offset 24
	str	r0, [sp, #8]
	str	r1, [sp, #4]
.Ltmp65:
	.loc	2 239 9 prologue_end            @ ../Algorithm/Src/matrix.c:239:9
	ldr	r0, [sp, #8]
	.loc	2 239 24 is_stmt 0              @ ../Algorithm/Src/matrix.c:239:24
	cbz	r0, .LBB9_2
	b	.LBB9_1
.LBB9_1:
	.loc	2 239 27                        @ ../Algorithm/Src/matrix.c:239:27
	ldr	r0, [sp, #4]
.Ltmp66:
	.loc	2 239 9                         @ ../Algorithm/Src/matrix.c:239:9
	cbnz	r0, .LBB9_3
	b	.LBB9_2
.LBB9_2:
	.loc	2 0 9                           @ ../Algorithm/Src/matrix.c:0:9
	movs	r0, #255
.Ltmp67:
	.loc	2 240 9 is_stmt 1               @ ../Algorithm/Src/matrix.c:240:9
	strb.w	r0, [sp, #15]
	b	.LBB9_6
.Ltmp68:
.LBB9_3:
	.loc	2 243 9                         @ ../Algorithm/Src/matrix.c:243:9
	ldr	r1, [sp, #4]
	.loc	2 243 14 is_stmt 0              @ ../Algorithm/Src/matrix.c:243:14
	ldr	r0, [r1]
	.loc	2 243 27                        @ ../Algorithm/Src/matrix.c:243:27
	ldr	r1, [r1, #4]
.Ltmp69:
	.loc	2 243 9                         @ ../Algorithm/Src/matrix.c:243:9
	cmp	r0, r1
	beq	.LBB9_5
	b	.LBB9_4
.LBB9_4:
	.loc	2 0 9                           @ ../Algorithm/Src/matrix.c:0:9
	movs	r0, #253
.Ltmp70:
	.loc	2 244 9 is_stmt 1               @ ../Algorithm/Src/matrix.c:244:9
	strb.w	r0, [sp, #15]
	b	.LBB9_6
.Ltmp71:
.LBB9_5:
	.loc	2 247 18                        @ ../Algorithm/Src/matrix.c:247:18
	ldr	r0, [sp, #8]
	.loc	2 247 26 is_stmt 0              @ ../Algorithm/Src/matrix.c:247:26
	ldr	r2, [sp, #4]
	.loc	2 247 31                        @ ../Algorithm/Src/matrix.c:247:31
	ldr	r1, [r2]
	.loc	2 247 42                        @ ../Algorithm/Src/matrix.c:247:42
	ldr	r2, [r2, #4]
	movs	r3, #0
	.loc	2 247 5                         @ ../Algorithm/Src/matrix.c:247:5
	bl	Matrixf_init
	.loc	2 248 33 is_stmt 1              @ ../Algorithm/Src/matrix.c:248:33
	ldr	r0, [sp, #4]
	.loc	2 248 38 is_stmt 0              @ ../Algorithm/Src/matrix.c:248:38
	add.w	r0, r0, #408
	.loc	2 248 48                        @ ../Algorithm/Src/matrix.c:248:48
	ldr	r1, [sp, #8]
	.loc	2 248 56                        @ ../Algorithm/Src/matrix.c:248:56
	add.w	r1, r1, #408
	.loc	2 248 12                        @ ../Algorithm/Src/matrix.c:248:12
	bl	arm_mat_inverse_f32
	.loc	2 248 5                         @ ../Algorithm/Src/matrix.c:248:5
	strb.w	r0, [sp, #15]
	b	.LBB9_6
.LBB9_6:
	.loc	2 249 1 is_stmt 1               @ ../Algorithm/Src/matrix.c:249:1
	ldrsb.w	r0, [sp, #15]
	.loc	2 249 1 epilogue_begin is_stmt 0 @ ../Algorithm/Src/matrix.c:249:1
	add	sp, #16
	pop	{r7, pc}
.Ltmp72:
.Lfunc_end9:
	.size	Matrixf_inv, .Lfunc_end9-Matrixf_inv
	.cfi_endproc
	.cantunwind
	.fnend
                                        @ -- End function
	.section	.text.Matrixf_zeros,"ax",%progbits
	.hidden	Matrixf_zeros                   @ -- Begin function Matrixf_zeros
	.globl	Matrixf_zeros
	.p2align	3
	.type	Matrixf_zeros,%function
	.code	16                              @ @Matrixf_zeros
	.thumb_func
Matrixf_zeros:
.Lfunc_begin10:
	.loc	2 260 0 is_stmt 1               @ ../Algorithm/Src/matrix.c:260:0
	.fnstart
	.cfi_startproc
@ %bb.0:
	.save	{r7, lr}
	push	{r7, lr}
	.cfi_def_cfa_offset 8
	.cfi_offset lr, -4
	.cfi_offset r7, -8
	.pad	#16
	sub	sp, #16
	.cfi_def_cfa_offset 24
	str	r0, [sp, #12]
	str	r1, [sp, #8]
	str	r2, [sp, #4]
.Ltmp73:
	.loc	2 261 18 prologue_end           @ ../Algorithm/Src/matrix.c:261:18
	ldr	r0, [sp, #12]
	.loc	2 261 23 is_stmt 0              @ ../Algorithm/Src/matrix.c:261:23
	ldr	r1, [sp, #8]
	.loc	2 261 29                        @ ../Algorithm/Src/matrix.c:261:29
	ldr	r2, [sp, #4]
	movs	r3, #0
	.loc	2 261 5                         @ ../Algorithm/Src/matrix.c:261:5
	bl	Matrixf_init
	.loc	2 262 1 epilogue_begin is_stmt 1 @ ../Algorithm/Src/matrix.c:262:1
	add	sp, #16
	pop	{r7, pc}
.Ltmp74:
.Lfunc_end10:
	.size	Matrixf_zeros, .Lfunc_end10-Matrixf_zeros
	.cfi_endproc
	.cantunwind
	.fnend
                                        @ -- End function
	.section	.text.Matrixf_ones,"ax",%progbits
	.hidden	Matrixf_ones                    @ -- Begin function Matrixf_ones
	.globl	Matrixf_ones
	.p2align	3
	.type	Matrixf_ones,%function
	.code	16                              @ @Matrixf_ones
	.thumb_func
Matrixf_ones:
.Lfunc_begin11:
	.loc	2 275 0                         @ ../Algorithm/Src/matrix.c:275:0
	.fnstart
	.cfi_startproc
@ %bb.0:
	.save	{r7, lr}
	push	{r7, lr}
	.cfi_def_cfa_offset 8
	.cfi_offset lr, -4
	.cfi_offset r7, -8
	.pad	#24
	sub	sp, #24
	.cfi_def_cfa_offset 32
	str	r0, [sp, #20]
	str	r1, [sp, #16]
	str	r2, [sp, #12]
.Ltmp75:
	.loc	2 276 9 prologue_end            @ ../Algorithm/Src/matrix.c:276:9
	ldr	r0, [sp, #20]
	.loc	2 276 21 is_stmt 0              @ ../Algorithm/Src/matrix.c:276:21
	cbz	r0, .LBB11_2
	b	.LBB11_1
.LBB11_1:
	.loc	2 276 24                        @ ../Algorithm/Src/matrix.c:276:24
	ldr	r0, [sp, #16]
	.loc	2 276 31                        @ ../Algorithm/Src/matrix.c:276:31
	ldr	r1, [sp, #12]
	.loc	2 276 29                        @ ../Algorithm/Src/matrix.c:276:29
	muls	r0, r1, r0
.Ltmp76:
	.loc	2 276 9                         @ ../Algorithm/Src/matrix.c:276:9
	cmp	r0, #101
	blo	.LBB11_3
	b	.LBB11_2
.LBB11_2:
.Ltmp77:
	.loc	2 277 9 is_stmt 1               @ ../Algorithm/Src/matrix.c:277:9
	b	.LBB11_7
.Ltmp78:
.LBB11_3:
	.loc	2 280 18                        @ ../Algorithm/Src/matrix.c:280:18
	ldr	r0, [sp, #20]
	.loc	2 280 23 is_stmt 0              @ ../Algorithm/Src/matrix.c:280:23
	ldr	r1, [sp, #16]
	.loc	2 280 29                        @ ../Algorithm/Src/matrix.c:280:29
	ldr	r2, [sp, #12]
	movs	r3, #0
	.loc	2 280 5                         @ ../Algorithm/Src/matrix.c:280:5
	str	r3, [sp, #4]                    @ 4-byte Spill
	bl	Matrixf_init
	ldr	r0, [sp, #4]                    @ 4-byte Reload
.Ltmp79:
	.loc	2 281 19 is_stmt 1              @ ../Algorithm/Src/matrix.c:281:19
	str	r0, [sp, #8]
	.loc	2 281 10 is_stmt 0              @ ../Algorithm/Src/matrix.c:281:10
	b	.LBB11_4
.LBB11_4:                               @ =>This Inner Loop Header: Depth=1
.Ltmp80:
	.loc	2 281 26                        @ ../Algorithm/Src/matrix.c:281:26
	ldr	r0, [sp, #8]
	.loc	2 281 30                        @ ../Algorithm/Src/matrix.c:281:30
	ldr	r1, [sp, #16]
	.loc	2 281 37                        @ ../Algorithm/Src/matrix.c:281:37
	ldr	r2, [sp, #12]
	.loc	2 281 35                        @ ../Algorithm/Src/matrix.c:281:35
	muls	r1, r2, r1
.Ltmp81:
	.loc	2 281 5                         @ ../Algorithm/Src/matrix.c:281:5
	cmp	r0, r1
	bhs	.LBB11_7
	b	.LBB11_5
.LBB11_5:                               @   in Loop: Header=BB11_4 Depth=1
.Ltmp82:
	.loc	2 282 9 is_stmt 1               @ ../Algorithm/Src/matrix.c:282:9
	ldr	r0, [sp, #20]
	.loc	2 282 19 is_stmt 0              @ ../Algorithm/Src/matrix.c:282:19
	ldr	r1, [sp, #8]
	.loc	2 282 14                        @ ../Algorithm/Src/matrix.c:282:14
	add.w	r1, r0, r1, lsl #2
	mov.w	r0, #1065353216
	.loc	2 282 22                        @ ../Algorithm/Src/matrix.c:282:22
	str	r0, [r1, #8]
	.loc	2 283 5 is_stmt 1               @ ../Algorithm/Src/matrix.c:283:5
	b	.LBB11_6
.Ltmp83:
.LBB11_6:                               @   in Loop: Header=BB11_4 Depth=1
	.loc	2 281 44                        @ ../Algorithm/Src/matrix.c:281:44
	ldr	r0, [sp, #8]
	adds	r0, #1
	str	r0, [sp, #8]
	.loc	2 281 5 is_stmt 0               @ ../Algorithm/Src/matrix.c:281:5
	b	.LBB11_4
.Ltmp84:
.LBB11_7:
	.loc	2 284 1 epilogue_begin is_stmt 1 @ ../Algorithm/Src/matrix.c:284:1
	add	sp, #24
	pop	{r7, pc}
.Ltmp85:
.Lfunc_end11:
	.size	Matrixf_ones, .Lfunc_end11-Matrixf_ones
	.cfi_endproc
	.cantunwind
	.fnend
                                        @ -- End function
	.section	.text.Matrixf_eye,"ax",%progbits
	.hidden	Matrixf_eye                     @ -- Begin function Matrixf_eye
	.globl	Matrixf_eye
	.p2align	3
	.type	Matrixf_eye,%function
	.code	16                              @ @Matrixf_eye
	.thumb_func
Matrixf_eye:
.Lfunc_begin12:
	.loc	2 297 0                         @ ../Algorithm/Src/matrix.c:297:0
	.fnstart
	.cfi_startproc
@ %bb.0:
	.save	{r7, lr}
	push	{r7, lr}
	.cfi_def_cfa_offset 8
	.cfi_offset lr, -4
	.cfi_offset r7, -8
	.pad	#16
	sub	sp, #16
	.cfi_def_cfa_offset 24
	str	r0, [sp, #12]
	str	r1, [sp, #8]
.Ltmp86:
	.loc	2 298 9 prologue_end            @ ../Algorithm/Src/matrix.c:298:9
	ldr	r0, [sp, #12]
	.loc	2 298 21 is_stmt 0              @ ../Algorithm/Src/matrix.c:298:21
	cbz	r0, .LBB12_2
	b	.LBB12_1
.LBB12_1:
	.loc	2 298 24                        @ ../Algorithm/Src/matrix.c:298:24
	ldr	r0, [sp, #8]
	.loc	2 298 29                        @ ../Algorithm/Src/matrix.c:298:29
	muls	r0, r0, r0
.Ltmp87:
	.loc	2 298 9                         @ ../Algorithm/Src/matrix.c:298:9
	cmp	r0, #101
	blo	.LBB12_3
	b	.LBB12_2
.LBB12_2:
.Ltmp88:
	.loc	2 299 9 is_stmt 1               @ ../Algorithm/Src/matrix.c:299:9
	b	.LBB12_7
.Ltmp89:
.LBB12_3:
	.loc	2 302 18                        @ ../Algorithm/Src/matrix.c:302:18
	ldr	r0, [sp, #12]
	.loc	2 302 23 is_stmt 0              @ ../Algorithm/Src/matrix.c:302:23
	ldr	r2, [sp, #8]
	movs	r3, #0
	.loc	2 302 5                         @ ../Algorithm/Src/matrix.c:302:5
	str	r3, [sp]                        @ 4-byte Spill
	mov	r1, r2
	bl	Matrixf_init
	ldr	r0, [sp]                        @ 4-byte Reload
.Ltmp90:
	.loc	2 303 19 is_stmt 1              @ ../Algorithm/Src/matrix.c:303:19
	str	r0, [sp, #4]
	.loc	2 303 10 is_stmt 0              @ ../Algorithm/Src/matrix.c:303:10
	b	.LBB12_4
.LBB12_4:                               @ =>This Inner Loop Header: Depth=1
.Ltmp91:
	.loc	2 303 26                        @ ../Algorithm/Src/matrix.c:303:26
	ldr	r0, [sp, #4]
	.loc	2 303 30                        @ ../Algorithm/Src/matrix.c:303:30
	ldr	r1, [sp, #8]
.Ltmp92:
	.loc	2 303 5                         @ ../Algorithm/Src/matrix.c:303:5
	cmp	r0, r1
	bhs	.LBB12_7
	b	.LBB12_5
.LBB12_5:                               @   in Loop: Header=BB12_4 Depth=1
.Ltmp93:
	.loc	2 304 9 is_stmt 1               @ ../Algorithm/Src/matrix.c:304:9
	ldr	r0, [sp, #12]
	.loc	2 304 19 is_stmt 0              @ ../Algorithm/Src/matrix.c:304:19
	ldr	r1, [sp, #4]
	.loc	2 304 23                        @ ../Algorithm/Src/matrix.c:304:23
	ldr	r2, [sp, #8]
	.loc	2 304 28                        @ ../Algorithm/Src/matrix.c:304:28
	mla	r1, r1, r2, r1
	.loc	2 304 14                        @ ../Algorithm/Src/matrix.c:304:14
	add.w	r1, r0, r1, lsl #2
	mov.w	r0, #1065353216
	.loc	2 304 33                        @ ../Algorithm/Src/matrix.c:304:33
	str	r0, [r1, #8]
	.loc	2 305 5 is_stmt 1               @ ../Algorithm/Src/matrix.c:305:5
	b	.LBB12_6
.Ltmp94:
.LBB12_6:                               @   in Loop: Header=BB12_4 Depth=1
	.loc	2 303 37                        @ ../Algorithm/Src/matrix.c:303:37
	ldr	r0, [sp, #4]
	adds	r0, #1
	str	r0, [sp, #4]
	.loc	2 303 5 is_stmt 0               @ ../Algorithm/Src/matrix.c:303:5
	b	.LBB12_4
.Ltmp95:
.LBB12_7:
	.loc	2 307 1 epilogue_begin is_stmt 1 @ ../Algorithm/Src/matrix.c:307:1
	add	sp, #16
	pop	{r7, pc}
.Ltmp96:
.Lfunc_end12:
	.size	Matrixf_eye, .Lfunc_end12-Matrixf_eye
	.cfi_endproc
	.cantunwind
	.fnend
                                        @ -- End function
	.section	.text.Matrixf_diag,"ax",%progbits
	.hidden	Matrixf_diag                    @ -- Begin function Matrixf_diag
	.globl	Matrixf_diag
	.p2align	3
	.type	Matrixf_diag,%function
	.code	16                              @ @Matrixf_diag
	.thumb_func
Matrixf_diag:
.Lfunc_begin13:
	.loc	2 321 0                         @ ../Algorithm/Src/matrix.c:321:0
	.fnstart
	.cfi_startproc
@ %bb.0:
	.save	{r7, lr}
	push	{r7, lr}
	.cfi_def_cfa_offset 8
	.cfi_offset lr, -4
	.cfi_offset r7, -8
	.pad	#24
	sub	sp, #24
	.cfi_def_cfa_offset 32
	str	r0, [sp, #20]
	str	r1, [sp, #16]
	str	r2, [sp, #12]
.Ltmp97:
	.loc	2 322 9 prologue_end            @ ../Algorithm/Src/matrix.c:322:9
	ldr	r0, [sp, #20]
	.loc	2 322 21 is_stmt 0              @ ../Algorithm/Src/matrix.c:322:21
	cbz	r0, .LBB13_3
	b	.LBB13_1
.LBB13_1:
	.loc	2 322 24                        @ ../Algorithm/Src/matrix.c:322:24
	ldr	r0, [sp, #16]
	.loc	2 322 36                        @ ../Algorithm/Src/matrix.c:322:36
	cbz	r0, .LBB13_3
	b	.LBB13_2
.LBB13_2:
	.loc	2 322 39                        @ ../Algorithm/Src/matrix.c:322:39
	ldr	r0, [sp, #12]
	.loc	2 322 44                        @ ../Algorithm/Src/matrix.c:322:44
	muls	r0, r0, r0
.Ltmp98:
	.loc	2 322 9                         @ ../Algorithm/Src/matrix.c:322:9
	cmp	r0, #101
	blo	.LBB13_4
	b	.LBB13_3
.LBB13_3:
.Ltmp99:
	.loc	2 323 9 is_stmt 1               @ ../Algorithm/Src/matrix.c:323:9
	b	.LBB13_8
.Ltmp100:
.LBB13_4:
	.loc	2 326 18                        @ ../Algorithm/Src/matrix.c:326:18
	ldr	r0, [sp, #20]
	.loc	2 326 23 is_stmt 0              @ ../Algorithm/Src/matrix.c:326:23
	ldr	r2, [sp, #12]
	movs	r3, #0
	.loc	2 326 5                         @ ../Algorithm/Src/matrix.c:326:5
	str	r3, [sp, #4]                    @ 4-byte Spill
	mov	r1, r2
	bl	Matrixf_init
	ldr	r0, [sp, #4]                    @ 4-byte Reload
.Ltmp101:
	.loc	2 327 19 is_stmt 1              @ ../Algorithm/Src/matrix.c:327:19
	str	r0, [sp, #8]
	.loc	2 327 10 is_stmt 0              @ ../Algorithm/Src/matrix.c:327:10
	b	.LBB13_5
.LBB13_5:                               @ =>This Inner Loop Header: Depth=1
.Ltmp102:
	.loc	2 327 26                        @ ../Algorithm/Src/matrix.c:327:26
	ldr	r0, [sp, #8]
	.loc	2 327 30                        @ ../Algorithm/Src/matrix.c:327:30
	ldr	r1, [sp, #12]
.Ltmp103:
	.loc	2 327 5                         @ ../Algorithm/Src/matrix.c:327:5
	cmp	r0, r1
	bhs	.LBB13_8
	b	.LBB13_6
.LBB13_6:                               @   in Loop: Header=BB13_5 Depth=1
.Ltmp104:
	.loc	2 328 35 is_stmt 1              @ ../Algorithm/Src/matrix.c:328:35
	ldr	r0, [sp, #16]
	.loc	2 328 39 is_stmt 0              @ ../Algorithm/Src/matrix.c:328:39
	ldr	r2, [sp, #8]
	.loc	2 328 35                        @ ../Algorithm/Src/matrix.c:328:35
	ldr.w	r0, [r0, r2, lsl #2]
	.loc	2 328 9                         @ ../Algorithm/Src/matrix.c:328:9
	ldr	r1, [sp, #20]
	.loc	2 328 23                        @ ../Algorithm/Src/matrix.c:328:23
	ldr	r3, [sp, #12]
	.loc	2 328 28                        @ ../Algorithm/Src/matrix.c:328:28
	mla	r2, r2, r3, r2
	.loc	2 328 14                        @ ../Algorithm/Src/matrix.c:328:14
	add.w	r1, r1, r2, lsl #2
	.loc	2 328 33                        @ ../Algorithm/Src/matrix.c:328:33
	str	r0, [r1, #8]
	.loc	2 329 5 is_stmt 1               @ ../Algorithm/Src/matrix.c:329:5
	b	.LBB13_7
.Ltmp105:
.LBB13_7:                               @   in Loop: Header=BB13_5 Depth=1
	.loc	2 327 37                        @ ../Algorithm/Src/matrix.c:327:37
	ldr	r0, [sp, #8]
	adds	r0, #1
	str	r0, [sp, #8]
	.loc	2 327 5 is_stmt 0               @ ../Algorithm/Src/matrix.c:327:5
	b	.LBB13_5
.Ltmp106:
.LBB13_8:
	.loc	2 330 1 epilogue_begin is_stmt 1 @ ../Algorithm/Src/matrix.c:330:1
	add	sp, #24
	pop	{r7, pc}
.Ltmp107:
.Lfunc_end13:
	.size	Matrixf_diag, .Lfunc_end13-Matrixf_diag
	.cfi_endproc
	.cantunwind
	.fnend
                                        @ -- End function
	.section	.text.Matrixf_trace,"ax",%progbits
	.hidden	Matrixf_trace                   @ -- Begin function Matrixf_trace
	.globl	Matrixf_trace
	.p2align	3
	.type	Matrixf_trace,%function
	.code	16                              @ @Matrixf_trace
	.thumb_func
Matrixf_trace:
.Lfunc_begin14:
	.loc	2 341 0                         @ ../Algorithm/Src/matrix.c:341:0
	.fnstart
	.cfi_startproc
@ %bb.0:
	.pad	#24
	sub	sp, #24
	.cfi_def_cfa_offset 24
	str	r0, [sp, #16]
.Ltmp108:
	.loc	2 342 9 prologue_end            @ ../Algorithm/Src/matrix.c:342:9
	ldr	r0, [sp, #16]
.Ltmp109:
	.loc	2 342 9 is_stmt 0               @ ../Algorithm/Src/matrix.c:342:9
	cbnz	r0, .LBB14_2
	b	.LBB14_1
.LBB14_1:
	.loc	2 0 9                           @ ../Algorithm/Src/matrix.c:0:9
	movs	r0, #0
.Ltmp110:
	.loc	2 343 9 is_stmt 1               @ ../Algorithm/Src/matrix.c:343:9
	str	r0, [sp, #20]
	b	.LBB14_10
.Ltmp111:
.LBB14_2:
	.loc	2 0 9 is_stmt 0                 @ ../Algorithm/Src/matrix.c:0:9
	movs	r0, #0
	.loc	2 346 11 is_stmt 1              @ ../Algorithm/Src/matrix.c:346:11
	str	r0, [sp, #12]
	.loc	2 347 25                        @ ../Algorithm/Src/matrix.c:347:25
	ldr	r1, [sp, #16]
	.loc	2 347 30 is_stmt 0              @ ../Algorithm/Src/matrix.c:347:30
	ldr	r0, [r1]
	.loc	2 347 42                        @ ../Algorithm/Src/matrix.c:347:42
	ldr	r1, [r1, #4]
	.loc	2 347 24                        @ ../Algorithm/Src/matrix.c:347:24
	cmp	r0, r1
	bhs	.LBB14_4
	b	.LBB14_3
.LBB14_3:
	.loc	2 347 50                        @ ../Algorithm/Src/matrix.c:347:50
	ldr	r0, [sp, #16]
	.loc	2 347 55                        @ ../Algorithm/Src/matrix.c:347:55
	ldr	r0, [r0]
	.loc	2 347 24                        @ ../Algorithm/Src/matrix.c:347:24
	str	r0, [sp]                        @ 4-byte Spill
	b	.LBB14_5
.LBB14_4:
	.loc	2 347 62                        @ ../Algorithm/Src/matrix.c:347:62
	ldr	r0, [sp, #16]
	.loc	2 347 67                        @ ../Algorithm/Src/matrix.c:347:67
	ldr	r0, [r0, #4]
	.loc	2 347 24                        @ ../Algorithm/Src/matrix.c:347:24
	str	r0, [sp]                        @ 4-byte Spill
	b	.LBB14_5
.LBB14_5:
	ldr	r0, [sp]                        @ 4-byte Reload
	.loc	2 347 14                        @ ../Algorithm/Src/matrix.c:347:14
	str	r0, [sp, #8]
	movs	r0, #0
.Ltmp112:
	.loc	2 349 19 is_stmt 1              @ ../Algorithm/Src/matrix.c:349:19
	str	r0, [sp, #4]
	.loc	2 349 10 is_stmt 0              @ ../Algorithm/Src/matrix.c:349:10
	b	.LBB14_6
.LBB14_6:                               @ =>This Inner Loop Header: Depth=1
.Ltmp113:
	.loc	2 349 26                        @ ../Algorithm/Src/matrix.c:349:26
	ldr	r0, [sp, #4]
	.loc	2 349 30                        @ ../Algorithm/Src/matrix.c:349:30
	ldr	r1, [sp, #8]
.Ltmp114:
	.loc	2 349 5                         @ ../Algorithm/Src/matrix.c:349:5
	cmp	r0, r1
	bhs	.LBB14_9
	b	.LBB14_7
.LBB14_7:                               @   in Loop: Header=BB14_6 Depth=1
.Ltmp115:
	.loc	2 350 18 is_stmt 1              @ ../Algorithm/Src/matrix.c:350:18
	ldr	r0, [sp, #16]
	.loc	2 350 28 is_stmt 0              @ ../Algorithm/Src/matrix.c:350:28
	ldr	r1, [sp, #4]
	.loc	2 350 37                        @ ../Algorithm/Src/matrix.c:350:37
	ldr	r2, [r0, #4]
	.loc	2 350 42                        @ ../Algorithm/Src/matrix.c:350:42
	mla	r1, r1, r2, r1
	.loc	2 350 23                        @ ../Algorithm/Src/matrix.c:350:23
	add.w	r0, r0, r1, lsl #2
	.loc	2 350 18                        @ ../Algorithm/Src/matrix.c:350:18
	vldr	s2, [r0, #8]
	.loc	2 350 15                        @ ../Algorithm/Src/matrix.c:350:15
	vldr	s0, [sp, #12]
	vadd.f32	s0, s0, s2
	vstr	s0, [sp, #12]
	.loc	2 351 5 is_stmt 1               @ ../Algorithm/Src/matrix.c:351:5
	b	.LBB14_8
.Ltmp116:
.LBB14_8:                               @   in Loop: Header=BB14_6 Depth=1
	.loc	2 349 40                        @ ../Algorithm/Src/matrix.c:349:40
	ldr	r0, [sp, #4]
	adds	r0, #1
	str	r0, [sp, #4]
	.loc	2 349 5 is_stmt 0               @ ../Algorithm/Src/matrix.c:349:5
	b	.LBB14_6
.Ltmp117:
.LBB14_9:
	.loc	2 353 12 is_stmt 1              @ ../Algorithm/Src/matrix.c:353:12
	ldr	r0, [sp, #12]
	.loc	2 353 5 is_stmt 0               @ ../Algorithm/Src/matrix.c:353:5
	str	r0, [sp, #20]
	b	.LBB14_10
.LBB14_10:
	.loc	2 354 1 is_stmt 1               @ ../Algorithm/Src/matrix.c:354:1
	vldr	s0, [sp, #20]
	.loc	2 354 1 epilogue_begin is_stmt 0 @ ../Algorithm/Src/matrix.c:354:1
	add	sp, #24
	bx	lr
.Ltmp118:
.Lfunc_end14:
	.size	Matrixf_trace, .Lfunc_end14-Matrixf_trace
	.cfi_endproc
	.cantunwind
	.fnend
                                        @ -- End function
	.section	.text.Matrixf_norm,"ax",%progbits
	.hidden	Matrixf_norm                    @ -- Begin function Matrixf_norm
	.globl	Matrixf_norm
	.p2align	3
	.type	Matrixf_norm,%function
	.code	16                              @ @Matrixf_norm
	.thumb_func
Matrixf_norm:
.Lfunc_begin15:
	.loc	2 366 0 is_stmt 1               @ ../Algorithm/Src/matrix.c:366:0
	.fnstart
	.cfi_startproc
@ %bb.0:
	.save	{r7, lr}
	push	{r7, lr}
	.cfi_def_cfa_offset 8
	.cfi_offset lr, -4
	.cfi_offset r7, -8
	.pad	#848
	sub.w	sp, sp, #848
	.cfi_def_cfa_offset 856
	str	r0, [sp, #840]
.Ltmp119:
	.loc	2 367 9 prologue_end            @ ../Algorithm/Src/matrix.c:367:9
	ldr	r0, [sp, #840]
.Ltmp120:
	.loc	2 367 9 is_stmt 0               @ ../Algorithm/Src/matrix.c:367:9
	cbnz	r0, .LBB15_2
	b	.LBB15_1
.LBB15_1:
	.loc	2 0 9                           @ ../Algorithm/Src/matrix.c:0:9
	movs	r0, #0
.Ltmp121:
	.loc	2 368 9 is_stmt 1               @ ../Algorithm/Src/matrix.c:368:9
	str	r0, [sp, #844]
	b	.LBB15_6
.Ltmp122:
.LBB15_2:
	.loc	2 373 27                        @ ../Algorithm/Src/matrix.c:373:27
	ldr	r1, [sp, #840]
	add	r0, sp, #424
	.loc	2 373 5 is_stmt 0               @ ../Algorithm/Src/matrix.c:373:5
	str	r0, [sp, #4]                    @ 4-byte Spill
	bl	Matrixf_trans
	ldr	r1, [sp, #4]                    @ 4-byte Reload
	.loc	2 374 36 is_stmt 1              @ ../Algorithm/Src/matrix.c:374:36
	ldr	r2, [sp, #840]
	add	r0, sp, #8
	.loc	2 374 5 is_stmt 0               @ ../Algorithm/Src/matrix.c:374:5
	bl	Matrixf_mult
.Ltmp123:
	.loc	2 376 17 is_stmt 1              @ ../Algorithm/Src/matrix.c:376:17
	ldr	r0, [sp, #8]
	.loc	2 376 26 is_stmt 0              @ ../Algorithm/Src/matrix.c:376:26
	cbz	r0, .LBB15_5
	b	.LBB15_3
.LBB15_3:
	.loc	2 376 37                        @ ../Algorithm/Src/matrix.c:376:37
	ldr	r0, [sp, #12]
.Ltmp124:
	.loc	2 376 9                         @ ../Algorithm/Src/matrix.c:376:9
	cbz	r0, .LBB15_5
	b	.LBB15_4
.LBB15_4:
.Ltmp125:
	.loc	2 377 28 is_stmt 1              @ ../Algorithm/Src/matrix.c:377:28
	vldr	s0, [sp, #16]
	.loc	2 377 22 is_stmt 0              @ ../Algorithm/Src/matrix.c:377:22
	vabs.f32	s0, s0
	.loc	2 377 16                        @ ../Algorithm/Src/matrix.c:377:16
	bl	__hardfp_sqrtf
	.loc	2 377 9                         @ ../Algorithm/Src/matrix.c:377:9
	vstr	s0, [sp, #844]
	b	.LBB15_6
.Ltmp126:
.LBB15_5:
	.loc	2 0 9                           @ ../Algorithm/Src/matrix.c:0:9
	movs	r0, #0
	.loc	2 380 5 is_stmt 1               @ ../Algorithm/Src/matrix.c:380:5
	str	r0, [sp, #844]
	b	.LBB15_6
.LBB15_6:
	.loc	2 381 1                         @ ../Algorithm/Src/matrix.c:381:1
	vldr	s0, [sp, #844]
	.loc	2 381 1 epilogue_begin is_stmt 0 @ ../Algorithm/Src/matrix.c:381:1
	add.w	sp, sp, #848
	pop	{r7, pc}
.Ltmp127:
.Lfunc_end15:
	.size	Matrixf_norm, .Lfunc_end15-Matrixf_norm
	.cfi_endproc
	.cantunwind
	.fnend
                                        @ -- End function
	.section	.text.Matrixf_equal,"ax",%progbits
	.hidden	Matrixf_equal                   @ -- Begin function Matrixf_equal
	.globl	Matrixf_equal
	.p2align	3
	.type	Matrixf_equal,%function
	.code	16                              @ @Matrixf_equal
	.thumb_func
Matrixf_equal:
.Lfunc_begin16:
	.loc	2 394 0 is_stmt 1               @ ../Algorithm/Src/matrix.c:394:0
	.fnstart
	.cfi_startproc
@ %bb.0:
	.pad	#16
	sub	sp, #16
	.cfi_def_cfa_offset 16
	str	r0, [sp, #8]
	str	r1, [sp, #4]
.Ltmp128:
	.loc	2 395 9 prologue_end            @ ../Algorithm/Src/matrix.c:395:9
	ldr	r0, [sp, #8]
	.loc	2 395 22 is_stmt 0              @ ../Algorithm/Src/matrix.c:395:22
	cbz	r0, .LBB16_2
	b	.LBB16_1
.LBB16_1:
	.loc	2 395 25                        @ ../Algorithm/Src/matrix.c:395:25
	ldr	r0, [sp, #4]
.Ltmp129:
	.loc	2 395 9                         @ ../Algorithm/Src/matrix.c:395:9
	cbnz	r0, .LBB16_3
	b	.LBB16_2
.LBB16_2:
	.loc	2 0 9                           @ ../Algorithm/Src/matrix.c:0:9
	movs	r0, #0
.Ltmp130:
	.loc	2 396 9 is_stmt 1               @ ../Algorithm/Src/matrix.c:396:9
	strb.w	r0, [sp, #15]
	b	.LBB16_13
.Ltmp131:
.LBB16_3:
	.loc	2 399 9                         @ ../Algorithm/Src/matrix.c:399:9
	ldr	r0, [sp, #8]
	.loc	2 399 15 is_stmt 0              @ ../Algorithm/Src/matrix.c:399:15
	ldr	r0, [r0]
	.loc	2 399 23                        @ ../Algorithm/Src/matrix.c:399:23
	ldr	r1, [sp, #4]
	.loc	2 399 29                        @ ../Algorithm/Src/matrix.c:399:29
	ldr	r1, [r1]
	.loc	2 399 34                        @ ../Algorithm/Src/matrix.c:399:34
	cmp	r0, r1
	bne	.LBB16_5
	b	.LBB16_4
.LBB16_4:
	.loc	2 399 37                        @ ../Algorithm/Src/matrix.c:399:37
	ldr	r0, [sp, #8]
	.loc	2 399 43                        @ ../Algorithm/Src/matrix.c:399:43
	ldr	r0, [r0, #4]
	.loc	2 399 51                        @ ../Algorithm/Src/matrix.c:399:51
	ldr	r1, [sp, #4]
	.loc	2 399 57                        @ ../Algorithm/Src/matrix.c:399:57
	ldr	r1, [r1, #4]
.Ltmp132:
	.loc	2 399 9                         @ ../Algorithm/Src/matrix.c:399:9
	cmp	r0, r1
	beq	.LBB16_6
	b	.LBB16_5
.LBB16_5:
	.loc	2 0 9                           @ ../Algorithm/Src/matrix.c:0:9
	movs	r0, #0
.Ltmp133:
	.loc	2 400 9 is_stmt 1               @ ../Algorithm/Src/matrix.c:400:9
	strb.w	r0, [sp, #15]
	b	.LBB16_13
.Ltmp134:
.LBB16_6:
	.loc	2 0 9 is_stmt 0                 @ ../Algorithm/Src/matrix.c:0:9
	movs	r0, #0
.Ltmp135:
	.loc	2 403 19 is_stmt 1              @ ../Algorithm/Src/matrix.c:403:19
	str	r0, [sp]
	.loc	2 403 10 is_stmt 0              @ ../Algorithm/Src/matrix.c:403:10
	b	.LBB16_7
.LBB16_7:                               @ =>This Inner Loop Header: Depth=1
.Ltmp136:
	.loc	2 403 26                        @ ../Algorithm/Src/matrix.c:403:26
	ldr	r0, [sp]
	.loc	2 403 30                        @ ../Algorithm/Src/matrix.c:403:30
	ldr	r2, [sp, #8]
	.loc	2 403 36                        @ ../Algorithm/Src/matrix.c:403:36
	ldr	r1, [r2]
	.loc	2 403 49                        @ ../Algorithm/Src/matrix.c:403:49
	ldr	r2, [r2, #4]
	.loc	2 403 41                        @ ../Algorithm/Src/matrix.c:403:41
	muls	r1, r2, r1
.Ltmp137:
	.loc	2 403 5                         @ ../Algorithm/Src/matrix.c:403:5
	cmp	r0, r1
	bhs	.LBB16_12
	b	.LBB16_8
.LBB16_8:                               @   in Loop: Header=BB16_7 Depth=1
.Ltmp138:
	.loc	2 404 13 is_stmt 1              @ ../Algorithm/Src/matrix.c:404:13
	ldr	r0, [sp, #8]
	.loc	2 404 24 is_stmt 0              @ ../Algorithm/Src/matrix.c:404:24
	ldr	r1, [sp]
	.loc	2 404 19                        @ ../Algorithm/Src/matrix.c:404:19
	add.w	r0, r0, r1, lsl #2
	.loc	2 404 13                        @ ../Algorithm/Src/matrix.c:404:13
	vldr	s0, [r0, #8]
	.loc	2 404 30                        @ ../Algorithm/Src/matrix.c:404:30
	ldr	r0, [sp, #4]
	.loc	2 404 36                        @ ../Algorithm/Src/matrix.c:404:36
	add.w	r0, r0, r1, lsl #2
	.loc	2 404 30                        @ ../Algorithm/Src/matrix.c:404:30
	vldr	s2, [r0, #8]
.Ltmp139:
	.loc	2 404 13                        @ ../Algorithm/Src/matrix.c:404:13
	vcmp.f32	s0, s2
	vmrs	APSR_nzcv, fpscr
	beq	.LBB16_10
	b	.LBB16_9
.LBB16_9:
	.loc	2 0 13                          @ ../Algorithm/Src/matrix.c:0:13
	movs	r0, #0
.Ltmp140:
	.loc	2 405 13 is_stmt 1              @ ../Algorithm/Src/matrix.c:405:13
	strb.w	r0, [sp, #15]
	b	.LBB16_13
.Ltmp141:
.LBB16_10:                              @   in Loop: Header=BB16_7 Depth=1
	.loc	2 407 5                         @ ../Algorithm/Src/matrix.c:407:5
	b	.LBB16_11
.Ltmp142:
.LBB16_11:                              @   in Loop: Header=BB16_7 Depth=1
	.loc	2 403 56                        @ ../Algorithm/Src/matrix.c:403:56
	ldr	r0, [sp]
	adds	r0, #1
	str	r0, [sp]
	.loc	2 403 5 is_stmt 0               @ ../Algorithm/Src/matrix.c:403:5
	b	.LBB16_7
.Ltmp143:
.LBB16_12:
	.loc	2 0 5                           @ ../Algorithm/Src/matrix.c:0:5
	movs	r0, #1
	.loc	2 409 5 is_stmt 1               @ ../Algorithm/Src/matrix.c:409:5
	strb.w	r0, [sp, #15]
	b	.LBB16_13
.LBB16_13:
	.loc	2 410 1                         @ ../Algorithm/Src/matrix.c:410:1
	ldrb.w	r0, [sp, #15]
	.loc	2 410 1 epilogue_begin is_stmt 0 @ ../Algorithm/Src/matrix.c:410:1
	add	sp, #16
	bx	lr
.Ltmp144:
.Lfunc_end16:
	.size	Matrixf_equal, .Lfunc_end16-Matrixf_equal
	.cfi_endproc
	.cantunwind
	.fnend
                                        @ -- End function
	.section	.text.Matrixf_block,"ax",%progbits
	.hidden	Matrixf_block                   @ -- Begin function Matrixf_block
	.globl	Matrixf_block
	.p2align	3
	.type	Matrixf_block,%function
	.code	16                              @ @Matrixf_block
	.thumb_func
Matrixf_block:
.Lfunc_begin17:
	.loc	2 426 0 is_stmt 1               @ ../Algorithm/Src/matrix.c:426:0
	.fnstart
	.cfi_startproc
@ %bb.0:
	.save	{r7, lr}
	push	{r7, lr}
	.cfi_def_cfa_offset 8
	.cfi_offset lr, -4
	.cfi_offset r7, -8
	.pad	#32
	sub	sp, #32
	.cfi_def_cfa_offset 40
	ldr.w	r12, [sp, #44]
	ldr.w	r12, [sp, #40]
	str	r0, [sp, #28]
	str	r1, [sp, #24]
	str	r2, [sp, #20]
	str	r3, [sp, #16]
.Ltmp145:
	.loc	2 427 9 prologue_end            @ ../Algorithm/Src/matrix.c:427:9
	ldr	r0, [sp, #28]
	.loc	2 427 24 is_stmt 0              @ ../Algorithm/Src/matrix.c:427:24
	cbz	r0, .LBB17_2
	b	.LBB17_1
.LBB17_1:
	.loc	2 427 27                        @ ../Algorithm/Src/matrix.c:427:27
	ldr	r0, [sp, #24]
.Ltmp146:
	.loc	2 427 9                         @ ../Algorithm/Src/matrix.c:427:9
	cbnz	r0, .LBB17_3
	b	.LBB17_2
.LBB17_2:
.Ltmp147:
	.loc	2 428 9 is_stmt 1               @ ../Algorithm/Src/matrix.c:428:9
	b	.LBB17_14
.Ltmp148:
.LBB17_3:
	.loc	2 432 9                         @ ../Algorithm/Src/matrix.c:432:9
	ldr	r0, [sp, #20]
	.loc	2 432 21 is_stmt 0              @ ../Algorithm/Src/matrix.c:432:21
	ldr	r1, [sp, #40]
	.loc	2 432 19                        @ ../Algorithm/Src/matrix.c:432:19
	add	r0, r1
	.loc	2 432 28                        @ ../Algorithm/Src/matrix.c:432:28
	ldr	r1, [sp, #24]
	.loc	2 432 33                        @ ../Algorithm/Src/matrix.c:432:33
	ldr	r1, [r1]
	.loc	2 432 38                        @ ../Algorithm/Src/matrix.c:432:38
	cmp	r0, r1
	bhi	.LBB17_5
	b	.LBB17_4
.LBB17_4:
	.loc	2 432 41                        @ ../Algorithm/Src/matrix.c:432:41
	ldr	r0, [sp, #16]
	.loc	2 432 53                        @ ../Algorithm/Src/matrix.c:432:53
	ldr	r1, [sp, #44]
	.loc	2 432 51                        @ ../Algorithm/Src/matrix.c:432:51
	add	r0, r1
	.loc	2 432 60                        @ ../Algorithm/Src/matrix.c:432:60
	ldr	r1, [sp, #24]
	.loc	2 432 65                        @ ../Algorithm/Src/matrix.c:432:65
	ldr	r1, [r1, #4]
.Ltmp149:
	.loc	2 432 9                         @ ../Algorithm/Src/matrix.c:432:9
	cmp	r0, r1
	bls	.LBB17_6
	b	.LBB17_5
.LBB17_5:
.Ltmp150:
	.loc	2 433 9 is_stmt 1               @ ../Algorithm/Src/matrix.c:433:9
	b	.LBB17_14
.Ltmp151:
.LBB17_6:
	.loc	2 436 18                        @ ../Algorithm/Src/matrix.c:436:18
	ldr	r0, [sp, #28]
	.loc	2 436 26 is_stmt 0              @ ../Algorithm/Src/matrix.c:436:26
	ldr	r1, [sp, #40]
	.loc	2 436 32                        @ ../Algorithm/Src/matrix.c:436:32
	ldr	r2, [sp, #44]
	movs	r3, #0
	.loc	2 436 5                         @ ../Algorithm/Src/matrix.c:436:5
	str	r3, [sp, #4]                    @ 4-byte Spill
	bl	Matrixf_init
	ldr	r0, [sp, #4]                    @ 4-byte Reload
.Ltmp152:
	.loc	2 439 19 is_stmt 1              @ ../Algorithm/Src/matrix.c:439:19
	str	r0, [sp, #12]
	.loc	2 439 10 is_stmt 0              @ ../Algorithm/Src/matrix.c:439:10
	b	.LBB17_7
.LBB17_7:                               @ =>This Loop Header: Depth=1
                                        @     Child Loop BB17_9 Depth 2
.Ltmp153:
	.loc	2 439 26                        @ ../Algorithm/Src/matrix.c:439:26
	ldr	r0, [sp, #12]
	.loc	2 439 30                        @ ../Algorithm/Src/matrix.c:439:30
	ldr	r1, [sp, #40]
.Ltmp154:
	.loc	2 439 5                         @ ../Algorithm/Src/matrix.c:439:5
	cmp	r0, r1
	bhs	.LBB17_14
	b	.LBB17_8
.LBB17_8:                               @   in Loop: Header=BB17_7 Depth=1
	.loc	2 0 5                           @ ../Algorithm/Src/matrix.c:0:5
	movs	r0, #0
.Ltmp155:
	.loc	2 440 23 is_stmt 1              @ ../Algorithm/Src/matrix.c:440:23
	str	r0, [sp, #8]
	.loc	2 440 14 is_stmt 0              @ ../Algorithm/Src/matrix.c:440:14
	b	.LBB17_9
.LBB17_9:                               @   Parent Loop BB17_7 Depth=1
                                        @ =>  This Inner Loop Header: Depth=2
.Ltmp156:
	.loc	2 440 30                        @ ../Algorithm/Src/matrix.c:440:30
	ldr	r0, [sp, #8]
	.loc	2 440 34                        @ ../Algorithm/Src/matrix.c:440:34
	ldr	r1, [sp, #44]
.Ltmp157:
	.loc	2 440 9                         @ ../Algorithm/Src/matrix.c:440:9
	cmp	r0, r1
	bhs	.LBB17_12
	b	.LBB17_10
.LBB17_10:                              @   in Loop: Header=BB17_9 Depth=2
.Ltmp158:
	.loc	2 441 42 is_stmt 1              @ ../Algorithm/Src/matrix.c:441:42
	ldr	r0, [sp, #24]
	.loc	2 441 53 is_stmt 0              @ ../Algorithm/Src/matrix.c:441:53
	ldr	r1, [sp, #20]
	.loc	2 441 65                        @ ../Algorithm/Src/matrix.c:441:65
	ldr	r2, [sp, #12]
	.loc	2 441 63                        @ ../Algorithm/Src/matrix.c:441:63
	add	r1, r2
	.loc	2 441 75                        @ ../Algorithm/Src/matrix.c:441:75
	ldr	r3, [r0, #4]
	.loc	2 441 83                        @ ../Algorithm/Src/matrix.c:441:83
	ldr.w	lr, [sp, #16]
	.loc	2 441 95                        @ ../Algorithm/Src/matrix.c:441:95
	ldr.w	r12, [sp, #8]
	.loc	2 441 93                        @ ../Algorithm/Src/matrix.c:441:93
	add	lr, r12
	.loc	2 441 80                        @ ../Algorithm/Src/matrix.c:441:80
	mla	r1, r1, r3, lr
	.loc	2 441 47                        @ ../Algorithm/Src/matrix.c:441:47
	add.w	r0, r0, r1, lsl #2
	.loc	2 441 42                        @ ../Algorithm/Src/matrix.c:441:42
	ldr	r0, [r0, #8]
	.loc	2 441 13                        @ ../Algorithm/Src/matrix.c:441:13
	ldr	r1, [sp, #28]
	.loc	2 441 30                        @ ../Algorithm/Src/matrix.c:441:30
	ldr	r3, [sp, #44]
	.loc	2 441 35                        @ ../Algorithm/Src/matrix.c:441:35
	mla	r2, r2, r3, r12
	.loc	2 441 21                        @ ../Algorithm/Src/matrix.c:441:21
	add.w	r1, r1, r2, lsl #2
	.loc	2 441 40                        @ ../Algorithm/Src/matrix.c:441:40
	str	r0, [r1, #8]
	.loc	2 442 9 is_stmt 1               @ ../Algorithm/Src/matrix.c:442:9
	b	.LBB17_11
.Ltmp159:
.LBB17_11:                              @   in Loop: Header=BB17_9 Depth=2
	.loc	2 440 41                        @ ../Algorithm/Src/matrix.c:440:41
	ldr	r0, [sp, #8]
	adds	r0, #1
	str	r0, [sp, #8]
	.loc	2 440 9 is_stmt 0               @ ../Algorithm/Src/matrix.c:440:9
	b	.LBB17_9
.Ltmp160:
.LBB17_12:                              @   in Loop: Header=BB17_7 Depth=1
	.loc	2 443 5 is_stmt 1               @ ../Algorithm/Src/matrix.c:443:5
	b	.LBB17_13
.Ltmp161:
.LBB17_13:                              @   in Loop: Header=BB17_7 Depth=1
	.loc	2 439 37                        @ ../Algorithm/Src/matrix.c:439:37
	ldr	r0, [sp, #12]
	adds	r0, #1
	str	r0, [sp, #12]
	.loc	2 439 5 is_stmt 0               @ ../Algorithm/Src/matrix.c:439:5
	b	.LBB17_7
.Ltmp162:
.LBB17_14:
	.loc	2 444 1 epilogue_begin is_stmt 1 @ ../Algorithm/Src/matrix.c:444:1
	add	sp, #32
	pop	{r7, pc}
.Ltmp163:
.Lfunc_end17:
	.size	Matrixf_block, .Lfunc_end17-Matrixf_block
	.cfi_endproc
	.cantunwind
	.fnend
                                        @ -- End function
	.section	.text.Matrixf_row,"ax",%progbits
	.hidden	Matrixf_row                     @ -- Begin function Matrixf_row
	.globl	Matrixf_row
	.p2align	3
	.type	Matrixf_row,%function
	.code	16                              @ @Matrixf_row
	.thumb_func
Matrixf_row:
.Lfunc_begin18:
	.loc	2 455 0                         @ ../Algorithm/Src/matrix.c:455:0
	.fnstart
	.cfi_startproc
@ %bb.0:
	.save	{r7, lr}
	push	{r7, lr}
	.cfi_def_cfa_offset 8
	.cfi_offset lr, -4
	.cfi_offset r7, -8
	.pad	#24
	sub	sp, #24
	.cfi_def_cfa_offset 32
	str	r0, [sp, #20]
	str	r1, [sp, #16]
	str	r2, [sp, #12]
.Ltmp164:
	.loc	2 456 9 prologue_end            @ ../Algorithm/Src/matrix.c:456:9
	ldr	r0, [sp, #20]
	.loc	2 456 24 is_stmt 0              @ ../Algorithm/Src/matrix.c:456:24
	cbz	r0, .LBB18_3
	b	.LBB18_1
.LBB18_1:
	.loc	2 456 27                        @ ../Algorithm/Src/matrix.c:456:27
	ldr	r0, [sp, #16]
	.loc	2 456 39                        @ ../Algorithm/Src/matrix.c:456:39
	cbz	r0, .LBB18_3
	b	.LBB18_2
.LBB18_2:
	.loc	2 456 42                        @ ../Algorithm/Src/matrix.c:456:42
	ldr	r0, [sp, #12]
	.loc	2 456 49                        @ ../Algorithm/Src/matrix.c:456:49
	ldr	r1, [sp, #16]
	.loc	2 456 54                        @ ../Algorithm/Src/matrix.c:456:54
	ldr	r1, [r1]
.Ltmp165:
	.loc	2 456 9                         @ ../Algorithm/Src/matrix.c:456:9
	cmp	r0, r1
	blo	.LBB18_4
	b	.LBB18_3
.LBB18_3:
.Ltmp166:
	.loc	2 457 9 is_stmt 1               @ ../Algorithm/Src/matrix.c:457:9
	b	.LBB18_5
.Ltmp167:
.LBB18_4:
	.loc	2 460 19                        @ ../Algorithm/Src/matrix.c:460:19
	ldr	r0, [sp, #20]
	.loc	2 460 27 is_stmt 0              @ ../Algorithm/Src/matrix.c:460:27
	ldr	r1, [sp, #16]
	.loc	2 460 32                        @ ../Algorithm/Src/matrix.c:460:32
	ldr	r2, [sp, #12]
	.loc	2 460 48                        @ ../Algorithm/Src/matrix.c:460:48
	ldr	r3, [r1, #4]
	.loc	2 460 5                         @ ../Algorithm/Src/matrix.c:460:5
	mov	r12, sp
	str.w	r3, [r12, #4]
	movs	r3, #1
	str.w	r3, [r12]
	movs	r3, #0
	bl	Matrixf_block
	.loc	2 461 1 is_stmt 1               @ ../Algorithm/Src/matrix.c:461:1
	b	.LBB18_5
.LBB18_5:
	.loc	2 461 1 epilogue_begin is_stmt 0 @ ../Algorithm/Src/matrix.c:461:1
	add	sp, #24
	pop	{r7, pc}
.Ltmp168:
.Lfunc_end18:
	.size	Matrixf_row, .Lfunc_end18-Matrixf_row
	.cfi_endproc
	.cantunwind
	.fnend
                                        @ -- End function
	.section	.text.Matrixf_col,"ax",%progbits
	.hidden	Matrixf_col                     @ -- Begin function Matrixf_col
	.globl	Matrixf_col
	.p2align	3
	.type	Matrixf_col,%function
	.code	16                              @ @Matrixf_col
	.thumb_func
Matrixf_col:
.Lfunc_begin19:
	.loc	2 472 0 is_stmt 1               @ ../Algorithm/Src/matrix.c:472:0
	.fnstart
	.cfi_startproc
@ %bb.0:
	.save	{r7, lr}
	push	{r7, lr}
	.cfi_def_cfa_offset 8
	.cfi_offset lr, -4
	.cfi_offset r7, -8
	.pad	#24
	sub	sp, #24
	.cfi_def_cfa_offset 32
	str	r0, [sp, #20]
	str	r1, [sp, #16]
	str	r2, [sp, #12]
.Ltmp169:
	.loc	2 473 9 prologue_end            @ ../Algorithm/Src/matrix.c:473:9
	ldr	r0, [sp, #20]
	.loc	2 473 24 is_stmt 0              @ ../Algorithm/Src/matrix.c:473:24
	cbz	r0, .LBB19_3
	b	.LBB19_1
.LBB19_1:
	.loc	2 473 27                        @ ../Algorithm/Src/matrix.c:473:27
	ldr	r0, [sp, #16]
	.loc	2 473 39                        @ ../Algorithm/Src/matrix.c:473:39
	cbz	r0, .LBB19_3
	b	.LBB19_2
.LBB19_2:
	.loc	2 473 42                        @ ../Algorithm/Src/matrix.c:473:42
	ldr	r0, [sp, #12]
	.loc	2 473 49                        @ ../Algorithm/Src/matrix.c:473:49
	ldr	r1, [sp, #16]
	.loc	2 473 54                        @ ../Algorithm/Src/matrix.c:473:54
	ldr	r1, [r1, #4]
.Ltmp170:
	.loc	2 473 9                         @ ../Algorithm/Src/matrix.c:473:9
	cmp	r0, r1
	blo	.LBB19_4
	b	.LBB19_3
.LBB19_3:
.Ltmp171:
	.loc	2 474 9 is_stmt 1               @ ../Algorithm/Src/matrix.c:474:9
	b	.LBB19_5
.Ltmp172:
.LBB19_4:
	.loc	2 477 19                        @ ../Algorithm/Src/matrix.c:477:19
	ldr	r0, [sp, #20]
	.loc	2 477 27 is_stmt 0              @ ../Algorithm/Src/matrix.c:477:27
	ldr	r1, [sp, #16]
	.loc	2 477 35                        @ ../Algorithm/Src/matrix.c:477:35
	ldr	r3, [sp, #12]
	.loc	2 477 45                        @ ../Algorithm/Src/matrix.c:477:45
	ldr	r2, [r1]
	.loc	2 477 5                         @ ../Algorithm/Src/matrix.c:477:5
	mov	r12, sp
	mov.w	lr, #1
	str.w	lr, [r12, #4]
	str.w	r2, [r12]
	movs	r2, #0
	bl	Matrixf_block
	.loc	2 478 1 is_stmt 1               @ ../Algorithm/Src/matrix.c:478:1
	b	.LBB19_5
.LBB19_5:
	.loc	2 478 1 epilogue_begin is_stmt 0 @ ../Algorithm/Src/matrix.c:478:1
	add	sp, #24
	pop	{r7, pc}
.Ltmp173:
.Lfunc_end19:
	.size	Matrixf_col, .Lfunc_end19-Matrixf_col
	.cfi_endproc
	.cantunwind
	.fnend
                                        @ -- End function
	.file	3 "D:\\keil5_app\\Keil_v5\\ARM\\ARMCLANG\\bin\\..\\include" "stdint.h"
	.file	4 "D:\\stm32_project\\daily_work\\new_bubing\\cod_update_2.0\\COD_H7_Template\\MDK-ARM" "../Algorithm/Inc\\Matrix.h"
	.section	.debug_abbrev,"",%progbits
	.byte	1                               @ Abbreviation Code
	.byte	17                              @ DW_TAG_compile_unit
	.byte	1                               @ DW_CHILDREN_yes
	.byte	37                              @ DW_AT_producer
	.byte	14                              @ DW_FORM_strp
	.byte	19                              @ DW_AT_language
	.byte	5                               @ DW_FORM_data2
	.byte	3                               @ DW_AT_name
	.byte	14                              @ DW_FORM_strp
	.byte	16                              @ DW_AT_stmt_list
	.byte	23                              @ DW_FORM_sec_offset
	.byte	27                              @ DW_AT_comp_dir
	.byte	14                              @ DW_FORM_strp
	.byte	17                              @ DW_AT_low_pc
	.byte	1                               @ DW_FORM_addr
	.byte	85                              @ DW_AT_ranges
	.byte	23                              @ DW_FORM_sec_offset
	.byte	0                               @ EOM(1)
	.byte	0                               @ EOM(2)
	.byte	2                               @ Abbreviation Code
	.byte	4                               @ DW_TAG_enumeration_type
	.byte	1                               @ DW_CHILDREN_yes
	.byte	73                              @ DW_AT_type
	.byte	19                              @ DW_FORM_ref4
	.byte	11                              @ DW_AT_byte_size
	.byte	11                              @ DW_FORM_data1
	.byte	58                              @ DW_AT_decl_file
	.byte	11                              @ DW_FORM_data1
	.byte	59                              @ DW_AT_decl_line
	.byte	5                               @ DW_FORM_data2
	.byte	0                               @ EOM(1)
	.byte	0                               @ EOM(2)
	.byte	3                               @ Abbreviation Code
	.byte	40                              @ DW_TAG_enumerator
	.byte	0                               @ DW_CHILDREN_no
	.byte	3                               @ DW_AT_name
	.byte	14                              @ DW_FORM_strp
	.byte	28                              @ DW_AT_const_value
	.byte	13                              @ DW_FORM_sdata
	.byte	0                               @ EOM(1)
	.byte	0                               @ EOM(2)
	.byte	4                               @ Abbreviation Code
	.byte	36                              @ DW_TAG_base_type
	.byte	0                               @ DW_CHILDREN_no
	.byte	3                               @ DW_AT_name
	.byte	14                              @ DW_FORM_strp
	.byte	62                              @ DW_AT_encoding
	.byte	11                              @ DW_FORM_data1
	.byte	11                              @ DW_AT_byte_size
	.byte	11                              @ DW_FORM_data1
	.byte	0                               @ EOM(1)
	.byte	0                               @ EOM(2)
	.byte	5                               @ Abbreviation Code
	.byte	46                              @ DW_TAG_subprogram
	.byte	1                               @ DW_CHILDREN_yes
	.byte	17                              @ DW_AT_low_pc
	.byte	1                               @ DW_FORM_addr
	.byte	18                              @ DW_AT_high_pc
	.byte	6                               @ DW_FORM_data4
	.byte	64                              @ DW_AT_frame_base
	.byte	24                              @ DW_FORM_exprloc
	.byte	3                               @ DW_AT_name
	.byte	14                              @ DW_FORM_strp
	.byte	58                              @ DW_AT_decl_file
	.byte	11                              @ DW_FORM_data1
	.byte	59                              @ DW_AT_decl_line
	.byte	11                              @ DW_FORM_data1
	.byte	39                              @ DW_AT_prototyped
	.byte	25                              @ DW_FORM_flag_present
	.byte	63                              @ DW_AT_external
	.byte	25                              @ DW_FORM_flag_present
	.byte	0                               @ EOM(1)
	.byte	0                               @ EOM(2)
	.byte	6                               @ Abbreviation Code
	.byte	5                               @ DW_TAG_formal_parameter
	.byte	0                               @ DW_CHILDREN_no
	.byte	2                               @ DW_AT_location
	.byte	24                              @ DW_FORM_exprloc
	.byte	3                               @ DW_AT_name
	.byte	14                              @ DW_FORM_strp
	.byte	58                              @ DW_AT_decl_file
	.byte	11                              @ DW_FORM_data1
	.byte	59                              @ DW_AT_decl_line
	.byte	11                              @ DW_FORM_data1
	.byte	73                              @ DW_AT_type
	.byte	19                              @ DW_FORM_ref4
	.byte	0                               @ EOM(1)
	.byte	0                               @ EOM(2)
	.byte	7                               @ Abbreviation Code
	.byte	46                              @ DW_TAG_subprogram
	.byte	1                               @ DW_CHILDREN_yes
	.byte	17                              @ DW_AT_low_pc
	.byte	1                               @ DW_FORM_addr
	.byte	18                              @ DW_AT_high_pc
	.byte	6                               @ DW_FORM_data4
	.byte	64                              @ DW_AT_frame_base
	.byte	24                              @ DW_FORM_exprloc
	.byte	3                               @ DW_AT_name
	.byte	14                              @ DW_FORM_strp
	.byte	58                              @ DW_AT_decl_file
	.byte	11                              @ DW_FORM_data1
	.byte	59                              @ DW_AT_decl_line
	.byte	11                              @ DW_FORM_data1
	.byte	39                              @ DW_AT_prototyped
	.byte	25                              @ DW_FORM_flag_present
	.byte	73                              @ DW_AT_type
	.byte	19                              @ DW_FORM_ref4
	.byte	63                              @ DW_AT_external
	.byte	25                              @ DW_FORM_flag_present
	.byte	0                               @ EOM(1)
	.byte	0                               @ EOM(2)
	.byte	8                               @ Abbreviation Code
	.byte	11                              @ DW_TAG_lexical_block
	.byte	1                               @ DW_CHILDREN_yes
	.byte	17                              @ DW_AT_low_pc
	.byte	1                               @ DW_FORM_addr
	.byte	18                              @ DW_AT_high_pc
	.byte	6                               @ DW_FORM_data4
	.byte	0                               @ EOM(1)
	.byte	0                               @ EOM(2)
	.byte	9                               @ Abbreviation Code
	.byte	52                              @ DW_TAG_variable
	.byte	0                               @ DW_CHILDREN_no
	.byte	2                               @ DW_AT_location
	.byte	24                              @ DW_FORM_exprloc
	.byte	3                               @ DW_AT_name
	.byte	14                              @ DW_FORM_strp
	.byte	58                              @ DW_AT_decl_file
	.byte	11                              @ DW_FORM_data1
	.byte	59                              @ DW_AT_decl_line
	.byte	11                              @ DW_FORM_data1
	.byte	73                              @ DW_AT_type
	.byte	19                              @ DW_FORM_ref4
	.byte	0                               @ EOM(1)
	.byte	0                               @ EOM(2)
	.byte	10                              @ Abbreviation Code
	.byte	46                              @ DW_TAG_subprogram
	.byte	1                               @ DW_CHILDREN_yes
	.byte	17                              @ DW_AT_low_pc
	.byte	1                               @ DW_FORM_addr
	.byte	18                              @ DW_AT_high_pc
	.byte	6                               @ DW_FORM_data4
	.byte	64                              @ DW_AT_frame_base
	.byte	24                              @ DW_FORM_exprloc
	.byte	3                               @ DW_AT_name
	.byte	14                              @ DW_FORM_strp
	.byte	58                              @ DW_AT_decl_file
	.byte	11                              @ DW_FORM_data1
	.byte	59                              @ DW_AT_decl_line
	.byte	5                               @ DW_FORM_data2
	.byte	39                              @ DW_AT_prototyped
	.byte	25                              @ DW_FORM_flag_present
	.byte	63                              @ DW_AT_external
	.byte	25                              @ DW_FORM_flag_present
	.byte	0                               @ EOM(1)
	.byte	0                               @ EOM(2)
	.byte	11                              @ Abbreviation Code
	.byte	5                               @ DW_TAG_formal_parameter
	.byte	0                               @ DW_CHILDREN_no
	.byte	2                               @ DW_AT_location
	.byte	24                              @ DW_FORM_exprloc
	.byte	3                               @ DW_AT_name
	.byte	14                              @ DW_FORM_strp
	.byte	58                              @ DW_AT_decl_file
	.byte	11                              @ DW_FORM_data1
	.byte	59                              @ DW_AT_decl_line
	.byte	5                               @ DW_FORM_data2
	.byte	73                              @ DW_AT_type
	.byte	19                              @ DW_FORM_ref4
	.byte	0                               @ EOM(1)
	.byte	0                               @ EOM(2)
	.byte	12                              @ Abbreviation Code
	.byte	52                              @ DW_TAG_variable
	.byte	0                               @ DW_CHILDREN_no
	.byte	2                               @ DW_AT_location
	.byte	24                              @ DW_FORM_exprloc
	.byte	3                               @ DW_AT_name
	.byte	14                              @ DW_FORM_strp
	.byte	58                              @ DW_AT_decl_file
	.byte	11                              @ DW_FORM_data1
	.byte	59                              @ DW_AT_decl_line
	.byte	5                               @ DW_FORM_data2
	.byte	73                              @ DW_AT_type
	.byte	19                              @ DW_FORM_ref4
	.byte	0                               @ EOM(1)
	.byte	0                               @ EOM(2)
	.byte	13                              @ Abbreviation Code
	.byte	46                              @ DW_TAG_subprogram
	.byte	1                               @ DW_CHILDREN_yes
	.byte	17                              @ DW_AT_low_pc
	.byte	1                               @ DW_FORM_addr
	.byte	18                              @ DW_AT_high_pc
	.byte	6                               @ DW_FORM_data4
	.byte	64                              @ DW_AT_frame_base
	.byte	24                              @ DW_FORM_exprloc
	.byte	3                               @ DW_AT_name
	.byte	14                              @ DW_FORM_strp
	.byte	58                              @ DW_AT_decl_file
	.byte	11                              @ DW_FORM_data1
	.byte	59                              @ DW_AT_decl_line
	.byte	5                               @ DW_FORM_data2
	.byte	39                              @ DW_AT_prototyped
	.byte	25                              @ DW_FORM_flag_present
	.byte	73                              @ DW_AT_type
	.byte	19                              @ DW_FORM_ref4
	.byte	63                              @ DW_AT_external
	.byte	25                              @ DW_FORM_flag_present
	.byte	0                               @ EOM(1)
	.byte	0                               @ EOM(2)
	.byte	14                              @ Abbreviation Code
	.byte	22                              @ DW_TAG_typedef
	.byte	0                               @ DW_CHILDREN_no
	.byte	73                              @ DW_AT_type
	.byte	19                              @ DW_FORM_ref4
	.byte	3                               @ DW_AT_name
	.byte	14                              @ DW_FORM_strp
	.byte	58                              @ DW_AT_decl_file
	.byte	11                              @ DW_FORM_data1
	.byte	59                              @ DW_AT_decl_line
	.byte	5                               @ DW_FORM_data2
	.byte	0                               @ EOM(1)
	.byte	0                               @ EOM(2)
	.byte	15                              @ Abbreviation Code
	.byte	15                              @ DW_TAG_pointer_type
	.byte	0                               @ DW_CHILDREN_no
	.byte	73                              @ DW_AT_type
	.byte	19                              @ DW_FORM_ref4
	.byte	0                               @ EOM(1)
	.byte	0                               @ EOM(2)
	.byte	16                              @ Abbreviation Code
	.byte	22                              @ DW_TAG_typedef
	.byte	0                               @ DW_CHILDREN_no
	.byte	73                              @ DW_AT_type
	.byte	19                              @ DW_FORM_ref4
	.byte	3                               @ DW_AT_name
	.byte	14                              @ DW_FORM_strp
	.byte	58                              @ DW_AT_decl_file
	.byte	11                              @ DW_FORM_data1
	.byte	59                              @ DW_AT_decl_line
	.byte	11                              @ DW_FORM_data1
	.byte	0                               @ EOM(1)
	.byte	0                               @ EOM(2)
	.byte	17                              @ Abbreviation Code
	.byte	19                              @ DW_TAG_structure_type
	.byte	1                               @ DW_CHILDREN_yes
	.byte	11                              @ DW_AT_byte_size
	.byte	5                               @ DW_FORM_data2
	.byte	58                              @ DW_AT_decl_file
	.byte	11                              @ DW_FORM_data1
	.byte	59                              @ DW_AT_decl_line
	.byte	11                              @ DW_FORM_data1
	.byte	0                               @ EOM(1)
	.byte	0                               @ EOM(2)
	.byte	18                              @ Abbreviation Code
	.byte	13                              @ DW_TAG_member
	.byte	0                               @ DW_CHILDREN_no
	.byte	3                               @ DW_AT_name
	.byte	14                              @ DW_FORM_strp
	.byte	73                              @ DW_AT_type
	.byte	19                              @ DW_FORM_ref4
	.byte	58                              @ DW_AT_decl_file
	.byte	11                              @ DW_FORM_data1
	.byte	59                              @ DW_AT_decl_line
	.byte	11                              @ DW_FORM_data1
	.byte	56                              @ DW_AT_data_member_location
	.byte	11                              @ DW_FORM_data1
	.byte	0                               @ EOM(1)
	.byte	0                               @ EOM(2)
	.byte	19                              @ Abbreviation Code
	.byte	13                              @ DW_TAG_member
	.byte	0                               @ DW_CHILDREN_no
	.byte	3                               @ DW_AT_name
	.byte	14                              @ DW_FORM_strp
	.byte	73                              @ DW_AT_type
	.byte	19                              @ DW_FORM_ref4
	.byte	58                              @ DW_AT_decl_file
	.byte	11                              @ DW_FORM_data1
	.byte	59                              @ DW_AT_decl_line
	.byte	11                              @ DW_FORM_data1
	.byte	56                              @ DW_AT_data_member_location
	.byte	5                               @ DW_FORM_data2
	.byte	0                               @ EOM(1)
	.byte	0                               @ EOM(2)
	.byte	20                              @ Abbreviation Code
	.byte	1                               @ DW_TAG_array_type
	.byte	1                               @ DW_CHILDREN_yes
	.byte	73                              @ DW_AT_type
	.byte	19                              @ DW_FORM_ref4
	.byte	0                               @ EOM(1)
	.byte	0                               @ EOM(2)
	.byte	21                              @ Abbreviation Code
	.byte	33                              @ DW_TAG_subrange_type
	.byte	0                               @ DW_CHILDREN_no
	.byte	73                              @ DW_AT_type
	.byte	19                              @ DW_FORM_ref4
	.byte	55                              @ DW_AT_count
	.byte	11                              @ DW_FORM_data1
	.byte	0                               @ EOM(1)
	.byte	0                               @ EOM(2)
	.byte	22                              @ Abbreviation Code
	.byte	36                              @ DW_TAG_base_type
	.byte	0                               @ DW_CHILDREN_no
	.byte	3                               @ DW_AT_name
	.byte	14                              @ DW_FORM_strp
	.byte	11                              @ DW_AT_byte_size
	.byte	11                              @ DW_FORM_data1
	.byte	62                              @ DW_AT_encoding
	.byte	11                              @ DW_FORM_data1
	.byte	0                               @ EOM(1)
	.byte	0                               @ EOM(2)
	.byte	23                              @ Abbreviation Code
	.byte	19                              @ DW_TAG_structure_type
	.byte	1                               @ DW_CHILDREN_yes
	.byte	11                              @ DW_AT_byte_size
	.byte	11                              @ DW_FORM_data1
	.byte	58                              @ DW_AT_decl_file
	.byte	11                              @ DW_FORM_data1
	.byte	59                              @ DW_AT_decl_line
	.byte	5                               @ DW_FORM_data2
	.byte	0                               @ EOM(1)
	.byte	0                               @ EOM(2)
	.byte	24                              @ Abbreviation Code
	.byte	13                              @ DW_TAG_member
	.byte	0                               @ DW_CHILDREN_no
	.byte	3                               @ DW_AT_name
	.byte	14                              @ DW_FORM_strp
	.byte	73                              @ DW_AT_type
	.byte	19                              @ DW_FORM_ref4
	.byte	58                              @ DW_AT_decl_file
	.byte	11                              @ DW_FORM_data1
	.byte	59                              @ DW_AT_decl_line
	.byte	5                               @ DW_FORM_data2
	.byte	56                              @ DW_AT_data_member_location
	.byte	11                              @ DW_FORM_data1
	.byte	0                               @ EOM(1)
	.byte	0                               @ EOM(2)
	.byte	25                              @ Abbreviation Code
	.byte	38                              @ DW_TAG_const_type
	.byte	0                               @ DW_CHILDREN_no
	.byte	73                              @ DW_AT_type
	.byte	19                              @ DW_FORM_ref4
	.byte	0                               @ EOM(1)
	.byte	0                               @ EOM(2)
	.byte	0                               @ EOM(3)
	.section	.debug_info,"",%progbits
.Lcu_begin0:
	.long	.Ldebug_info_end0-.Ldebug_info_start0 @ Length of Unit
.Ldebug_info_start0:
	.short	4                               @ DWARF version number
	.long	.debug_abbrev                   @ Offset Into Abbrev. Section
	.byte	4                               @ Address Size (in bytes)
	.byte	1                               @ Abbrev [1] 0xb:0x717 DW_TAG_compile_unit
	.long	.Linfo_string0                  @ DW_AT_producer
	.short	12                              @ DW_AT_language
	.long	.Linfo_string1                  @ DW_AT_name
	.long	.Lline_table_start0             @ DW_AT_stmt_list
	.long	.Linfo_string2                  @ DW_AT_comp_dir
	.long	0                               @ DW_AT_low_pc
	.long	.Ldebug_ranges0                 @ DW_AT_ranges
	.byte	2                               @ Abbrev [2] 0x26:0x34 DW_TAG_enumeration_type
	.long	90                              @ DW_AT_type
	.byte	1                               @ DW_AT_byte_size
	.byte	1                               @ DW_AT_decl_file
	.short	507                             @ DW_AT_decl_line
	.byte	3                               @ Abbrev [3] 0x2f:0x6 DW_TAG_enumerator
	.long	.Linfo_string4                  @ DW_AT_name
	.byte	0                               @ DW_AT_const_value
	.byte	3                               @ Abbrev [3] 0x35:0x6 DW_TAG_enumerator
	.long	.Linfo_string5                  @ DW_AT_name
	.byte	127                             @ DW_AT_const_value
	.byte	3                               @ Abbrev [3] 0x3b:0x6 DW_TAG_enumerator
	.long	.Linfo_string6                  @ DW_AT_name
	.byte	126                             @ DW_AT_const_value
	.byte	3                               @ Abbrev [3] 0x41:0x6 DW_TAG_enumerator
	.long	.Linfo_string7                  @ DW_AT_name
	.byte	125                             @ DW_AT_const_value
	.byte	3                               @ Abbrev [3] 0x47:0x6 DW_TAG_enumerator
	.long	.Linfo_string8                  @ DW_AT_name
	.byte	124                             @ DW_AT_const_value
	.byte	3                               @ Abbrev [3] 0x4d:0x6 DW_TAG_enumerator
	.long	.Linfo_string9                  @ DW_AT_name
	.byte	123                             @ DW_AT_const_value
	.byte	3                               @ Abbrev [3] 0x53:0x6 DW_TAG_enumerator
	.long	.Linfo_string10                 @ DW_AT_name
	.byte	122                             @ DW_AT_const_value
	.byte	0                               @ End Of Children Mark
	.byte	4                               @ Abbrev [4] 0x5a:0x7 DW_TAG_base_type
	.long	.Linfo_string3                  @ DW_AT_name
	.byte	6                               @ DW_AT_encoding
	.byte	1                               @ DW_AT_byte_size
	.byte	5                               @ Abbrev [5] 0x61:0x4a DW_TAG_subprogram
	.long	.Lfunc_begin0                   @ DW_AT_low_pc
	.long	.Lfunc_end0-.Lfunc_begin0       @ DW_AT_high_pc
	.byte	1                               @ DW_AT_frame_base
	.byte	93
	.long	.Linfo_string11                 @ DW_AT_name
	.byte	2                               @ DW_AT_decl_file
	.byte	32                              @ DW_AT_decl_line
                                        @ DW_AT_prototyped
                                        @ DW_AT_external
	.byte	6                               @ Abbrev [6] 0x72:0xe DW_TAG_formal_parameter
	.byte	2                               @ DW_AT_location
	.byte	145
	.byte	12
	.long	.Linfo_string34                 @ DW_AT_name
	.byte	2                               @ DW_AT_decl_file
	.byte	32                              @ DW_AT_decl_line
	.long	1605                            @ DW_AT_type
	.byte	6                               @ Abbrev [6] 0x80:0xe DW_TAG_formal_parameter
	.byte	2                               @ DW_AT_location
	.byte	145
	.byte	8
	.long	.Linfo_string35                 @ DW_AT_name
	.byte	2                               @ DW_AT_decl_file
	.byte	32                              @ DW_AT_decl_line
	.long	1676                            @ DW_AT_type
	.byte	6                               @ Abbrev [6] 0x8e:0xe DW_TAG_formal_parameter
	.byte	2                               @ DW_AT_location
	.byte	145
	.byte	4
	.long	.Linfo_string38                 @ DW_AT_name
	.byte	2                               @ DW_AT_decl_file
	.byte	32                              @ DW_AT_decl_line
	.long	1676                            @ DW_AT_type
	.byte	6                               @ Abbrev [6] 0x9c:0xe DW_TAG_formal_parameter
	.byte	2                               @ DW_AT_location
	.byte	145
	.byte	0
	.long	.Linfo_string39                 @ DW_AT_name
	.byte	2                               @ DW_AT_decl_file
	.byte	32                              @ DW_AT_decl_line
	.long	1805                            @ DW_AT_type
	.byte	0                               @ End Of Children Mark
	.byte	5                               @ Abbrev [5] 0xab:0x2e DW_TAG_subprogram
	.long	.Lfunc_begin1                   @ DW_AT_low_pc
	.long	.Lfunc_end1-.Lfunc_begin1       @ DW_AT_high_pc
	.byte	1                               @ DW_AT_frame_base
	.byte	93
	.long	.Linfo_string12                 @ DW_AT_name
	.byte	2                               @ DW_AT_decl_file
	.byte	61                              @ DW_AT_decl_line
                                        @ DW_AT_prototyped
                                        @ DW_AT_external
	.byte	6                               @ Abbrev [6] 0xbc:0xe DW_TAG_formal_parameter
	.byte	2                               @ DW_AT_location
	.byte	145
	.byte	4
	.long	.Linfo_string50                 @ DW_AT_name
	.byte	2                               @ DW_AT_decl_file
	.byte	61                              @ DW_AT_decl_line
	.long	1605                            @ DW_AT_type
	.byte	6                               @ Abbrev [6] 0xca:0xe DW_TAG_formal_parameter
	.byte	2                               @ DW_AT_location
	.byte	145
	.byte	0
	.long	.Linfo_string51                 @ DW_AT_name
	.byte	2                               @ DW_AT_decl_file
	.byte	61                              @ DW_AT_decl_line
	.long	1815                            @ DW_AT_type
	.byte	0                               @ End Of Children Mark
	.byte	7                               @ Abbrev [7] 0xd9:0x40 DW_TAG_subprogram
	.long	.Lfunc_begin2                   @ DW_AT_low_pc
	.long	.Lfunc_end2-.Lfunc_begin2       @ DW_AT_high_pc
	.byte	1                               @ DW_AT_frame_base
	.byte	93
	.long	.Linfo_string13                 @ DW_AT_name
	.byte	2                               @ DW_AT_decl_file
	.byte	80                              @ DW_AT_decl_line
                                        @ DW_AT_prototyped
	.long	1579                            @ DW_AT_type
                                        @ DW_AT_external
	.byte	6                               @ Abbrev [6] 0xee:0xe DW_TAG_formal_parameter
	.byte	2                               @ DW_AT_location
	.byte	145
	.byte	8
	.long	.Linfo_string34                 @ DW_AT_name
	.byte	2                               @ DW_AT_decl_file
	.byte	80                              @ DW_AT_decl_line
	.long	1815                            @ DW_AT_type
	.byte	6                               @ Abbrev [6] 0xfc:0xe DW_TAG_formal_parameter
	.byte	2                               @ DW_AT_location
	.byte	145
	.byte	4
	.long	.Linfo_string52                 @ DW_AT_name
	.byte	2                               @ DW_AT_decl_file
	.byte	80                              @ DW_AT_decl_line
	.long	1676                            @ DW_AT_type
	.byte	6                               @ Abbrev [6] 0x10a:0xe DW_TAG_formal_parameter
	.byte	2                               @ DW_AT_location
	.byte	145
	.byte	0
	.long	.Linfo_string53                 @ DW_AT_name
	.byte	2                               @ DW_AT_decl_file
	.byte	80                              @ DW_AT_decl_line
	.long	1676                            @ DW_AT_type
	.byte	0                               @ End Of Children Mark
	.byte	5                               @ Abbrev [5] 0x119:0x4a DW_TAG_subprogram
	.long	.Lfunc_begin3                   @ DW_AT_low_pc
	.long	.Lfunc_end3-.Lfunc_begin3       @ DW_AT_high_pc
	.byte	1                               @ DW_AT_frame_base
	.byte	93
	.long	.Linfo_string15                 @ DW_AT_name
	.byte	2                               @ DW_AT_decl_file
	.byte	99                              @ DW_AT_decl_line
                                        @ DW_AT_prototyped
                                        @ DW_AT_external
	.byte	6                               @ Abbrev [6] 0x12a:0xe DW_TAG_formal_parameter
	.byte	2                               @ DW_AT_location
	.byte	145
	.byte	12
	.long	.Linfo_string34                 @ DW_AT_name
	.byte	2                               @ DW_AT_decl_file
	.byte	99                              @ DW_AT_decl_line
	.long	1605                            @ DW_AT_type
	.byte	6                               @ Abbrev [6] 0x138:0xe DW_TAG_formal_parameter
	.byte	2                               @ DW_AT_location
	.byte	145
	.byte	8
	.long	.Linfo_string52                 @ DW_AT_name
	.byte	2                               @ DW_AT_decl_file
	.byte	99                              @ DW_AT_decl_line
	.long	1676                            @ DW_AT_type
	.byte	6                               @ Abbrev [6] 0x146:0xe DW_TAG_formal_parameter
	.byte	2                               @ DW_AT_location
	.byte	145
	.byte	4
	.long	.Linfo_string53                 @ DW_AT_name
	.byte	2                               @ DW_AT_decl_file
	.byte	99                              @ DW_AT_decl_line
	.long	1676                            @ DW_AT_type
	.byte	6                               @ Abbrev [6] 0x154:0xe DW_TAG_formal_parameter
	.byte	2                               @ DW_AT_location
	.byte	145
	.byte	0
	.long	.Linfo_string54                 @ DW_AT_name
	.byte	2                               @ DW_AT_decl_file
	.byte	99                              @ DW_AT_decl_line
	.long	1579                            @ DW_AT_type
	.byte	0                               @ End Of Children Mark
	.byte	7                               @ Abbrev [7] 0x163:0x40 DW_TAG_subprogram
	.long	.Lfunc_begin4                   @ DW_AT_low_pc
	.long	.Lfunc_end4-.Lfunc_begin4       @ DW_AT_high_pc
	.byte	1                               @ DW_AT_frame_base
	.byte	93
	.long	.Linfo_string16                 @ DW_AT_name
	.byte	2                               @ DW_AT_decl_file
	.byte	119                             @ DW_AT_decl_line
                                        @ DW_AT_prototyped
	.long	1586                            @ DW_AT_type
                                        @ DW_AT_external
	.byte	6                               @ Abbrev [6] 0x178:0xe DW_TAG_formal_parameter
	.byte	2                               @ DW_AT_location
	.byte	145
	.byte	8
	.long	.Linfo_string55                 @ DW_AT_name
	.byte	2                               @ DW_AT_decl_file
	.byte	119                             @ DW_AT_decl_line
	.long	1605                            @ DW_AT_type
	.byte	6                               @ Abbrev [6] 0x186:0xe DW_TAG_formal_parameter
	.byte	2                               @ DW_AT_location
	.byte	145
	.byte	4
	.long	.Linfo_string56                 @ DW_AT_name
	.byte	2                               @ DW_AT_decl_file
	.byte	119                             @ DW_AT_decl_line
	.long	1815                            @ DW_AT_type
	.byte	6                               @ Abbrev [6] 0x194:0xe DW_TAG_formal_parameter
	.byte	2                               @ DW_AT_location
	.byte	145
	.byte	0
	.long	.Linfo_string57                 @ DW_AT_name
	.byte	2                               @ DW_AT_decl_file
	.byte	119                             @ DW_AT_decl_line
	.long	1815                            @ DW_AT_type
	.byte	0                               @ End Of Children Mark
	.byte	7                               @ Abbrev [7] 0x1a3:0x40 DW_TAG_subprogram
	.long	.Lfunc_begin5                   @ DW_AT_low_pc
	.long	.Lfunc_end5-.Lfunc_begin5       @ DW_AT_high_pc
	.byte	1                               @ DW_AT_frame_base
	.byte	93
	.long	.Linfo_string18                 @ DW_AT_name
	.byte	2                               @ DW_AT_decl_file
	.byte	144                             @ DW_AT_decl_line
                                        @ DW_AT_prototyped
	.long	1586                            @ DW_AT_type
                                        @ DW_AT_external
	.byte	6                               @ Abbrev [6] 0x1b8:0xe DW_TAG_formal_parameter
	.byte	2                               @ DW_AT_location
	.byte	145
	.byte	8
	.long	.Linfo_string55                 @ DW_AT_name
	.byte	2                               @ DW_AT_decl_file
	.byte	144                             @ DW_AT_decl_line
	.long	1605                            @ DW_AT_type
	.byte	6                               @ Abbrev [6] 0x1c6:0xe DW_TAG_formal_parameter
	.byte	2                               @ DW_AT_location
	.byte	145
	.byte	4
	.long	.Linfo_string56                 @ DW_AT_name
	.byte	2                               @ DW_AT_decl_file
	.byte	144                             @ DW_AT_decl_line
	.long	1815                            @ DW_AT_type
	.byte	6                               @ Abbrev [6] 0x1d4:0xe DW_TAG_formal_parameter
	.byte	2                               @ DW_AT_location
	.byte	145
	.byte	0
	.long	.Linfo_string57                 @ DW_AT_name
	.byte	2                               @ DW_AT_decl_file
	.byte	144                             @ DW_AT_decl_line
	.long	1815                            @ DW_AT_type
	.byte	0                               @ End Of Children Mark
	.byte	7                               @ Abbrev [7] 0x1e3:0x40 DW_TAG_subprogram
	.long	.Lfunc_begin6                   @ DW_AT_low_pc
	.long	.Lfunc_end6-.Lfunc_begin6       @ DW_AT_high_pc
	.byte	1                               @ DW_AT_frame_base
	.byte	93
	.long	.Linfo_string19                 @ DW_AT_name
	.byte	2                               @ DW_AT_decl_file
	.byte	170                             @ DW_AT_decl_line
                                        @ DW_AT_prototyped
	.long	1586                            @ DW_AT_type
                                        @ DW_AT_external
	.byte	6                               @ Abbrev [6] 0x1f8:0xe DW_TAG_formal_parameter
	.byte	2                               @ DW_AT_location
	.byte	145
	.byte	8
	.long	.Linfo_string55                 @ DW_AT_name
	.byte	2                               @ DW_AT_decl_file
	.byte	170                             @ DW_AT_decl_line
	.long	1605                            @ DW_AT_type
	.byte	6                               @ Abbrev [6] 0x206:0xe DW_TAG_formal_parameter
	.byte	2                               @ DW_AT_location
	.byte	145
	.byte	4
	.long	.Linfo_string56                 @ DW_AT_name
	.byte	2                               @ DW_AT_decl_file
	.byte	170                             @ DW_AT_decl_line
	.long	1815                            @ DW_AT_type
	.byte	6                               @ Abbrev [6] 0x214:0xe DW_TAG_formal_parameter
	.byte	2                               @ DW_AT_location
	.byte	145
	.byte	0
	.long	.Linfo_string57                 @ DW_AT_name
	.byte	2                               @ DW_AT_decl_file
	.byte	170                             @ DW_AT_decl_line
	.long	1815                            @ DW_AT_type
	.byte	0                               @ End Of Children Mark
	.byte	7                               @ Abbrev [7] 0x223:0x58 DW_TAG_subprogram
	.long	.Lfunc_begin7                   @ DW_AT_low_pc
	.long	.Lfunc_end7-.Lfunc_begin7       @ DW_AT_high_pc
	.byte	1                               @ DW_AT_frame_base
	.byte	93
	.long	.Linfo_string20                 @ DW_AT_name
	.byte	2                               @ DW_AT_decl_file
	.byte	194                             @ DW_AT_decl_line
                                        @ DW_AT_prototyped
	.long	1586                            @ DW_AT_type
                                        @ DW_AT_external
	.byte	6                               @ Abbrev [6] 0x238:0xe DW_TAG_formal_parameter
	.byte	2                               @ DW_AT_location
	.byte	145
	.byte	16
	.long	.Linfo_string55                 @ DW_AT_name
	.byte	2                               @ DW_AT_decl_file
	.byte	194                             @ DW_AT_decl_line
	.long	1605                            @ DW_AT_type
	.byte	6                               @ Abbrev [6] 0x246:0xe DW_TAG_formal_parameter
	.byte	2                               @ DW_AT_location
	.byte	145
	.byte	12
	.long	.Linfo_string34                 @ DW_AT_name
	.byte	2                               @ DW_AT_decl_file
	.byte	194                             @ DW_AT_decl_line
	.long	1815                            @ DW_AT_type
	.byte	6                               @ Abbrev [6] 0x254:0xe DW_TAG_formal_parameter
	.byte	2                               @ DW_AT_location
	.byte	145
	.byte	8
	.long	.Linfo_string58                 @ DW_AT_name
	.byte	2                               @ DW_AT_decl_file
	.byte	194                             @ DW_AT_decl_line
	.long	1579                            @ DW_AT_type
	.byte	8                               @ Abbrev [8] 0x262:0x18 DW_TAG_lexical_block
	.long	.Ltmp53                         @ DW_AT_low_pc
	.long	.Ltmp58-.Ltmp53                 @ DW_AT_high_pc
	.byte	9                               @ Abbrev [9] 0x26b:0xe DW_TAG_variable
	.byte	2                               @ DW_AT_location
	.byte	145
	.byte	4
	.long	.Linfo_string59                 @ DW_AT_name
	.byte	2                               @ DW_AT_decl_file
	.byte	200                             @ DW_AT_decl_line
	.long	1676                            @ DW_AT_type
	.byte	0                               @ End Of Children Mark
	.byte	0                               @ End Of Children Mark
	.byte	7                               @ Abbrev [7] 0x27b:0x32 DW_TAG_subprogram
	.long	.Lfunc_begin8                   @ DW_AT_low_pc
	.long	.Lfunc_end8-.Lfunc_begin8       @ DW_AT_high_pc
	.byte	1                               @ DW_AT_frame_base
	.byte	93
	.long	.Linfo_string21                 @ DW_AT_name
	.byte	2                               @ DW_AT_decl_file
	.byte	217                             @ DW_AT_decl_line
                                        @ DW_AT_prototyped
	.long	1586                            @ DW_AT_type
                                        @ DW_AT_external
	.byte	6                               @ Abbrev [6] 0x290:0xe DW_TAG_formal_parameter
	.byte	2                               @ DW_AT_location
	.byte	145
	.byte	8
	.long	.Linfo_string55                 @ DW_AT_name
	.byte	2                               @ DW_AT_decl_file
	.byte	217                             @ DW_AT_decl_line
	.long	1605                            @ DW_AT_type
	.byte	6                               @ Abbrev [6] 0x29e:0xe DW_TAG_formal_parameter
	.byte	2                               @ DW_AT_location
	.byte	145
	.byte	4
	.long	.Linfo_string34                 @ DW_AT_name
	.byte	2                               @ DW_AT_decl_file
	.byte	217                             @ DW_AT_decl_line
	.long	1815                            @ DW_AT_type
	.byte	0                               @ End Of Children Mark
	.byte	7                               @ Abbrev [7] 0x2ad:0x32 DW_TAG_subprogram
	.long	.Lfunc_begin9                   @ DW_AT_low_pc
	.long	.Lfunc_end9-.Lfunc_begin9       @ DW_AT_high_pc
	.byte	1                               @ DW_AT_frame_base
	.byte	93
	.long	.Linfo_string22                 @ DW_AT_name
	.byte	2                               @ DW_AT_decl_file
	.byte	238                             @ DW_AT_decl_line
                                        @ DW_AT_prototyped
	.long	1586                            @ DW_AT_type
                                        @ DW_AT_external
	.byte	6                               @ Abbrev [6] 0x2c2:0xe DW_TAG_formal_parameter
	.byte	2                               @ DW_AT_location
	.byte	145
	.byte	8
	.long	.Linfo_string55                 @ DW_AT_name
	.byte	2                               @ DW_AT_decl_file
	.byte	238                             @ DW_AT_decl_line
	.long	1605                            @ DW_AT_type
	.byte	6                               @ Abbrev [6] 0x2d0:0xe DW_TAG_formal_parameter
	.byte	2                               @ DW_AT_location
	.byte	145
	.byte	4
	.long	.Linfo_string34                 @ DW_AT_name
	.byte	2                               @ DW_AT_decl_file
	.byte	238                             @ DW_AT_decl_line
	.long	1815                            @ DW_AT_type
	.byte	0                               @ End Of Children Mark
	.byte	10                              @ Abbrev [10] 0x2df:0x40 DW_TAG_subprogram
	.long	.Lfunc_begin10                  @ DW_AT_low_pc
	.long	.Lfunc_end10-.Lfunc_begin10     @ DW_AT_high_pc
	.byte	1                               @ DW_AT_frame_base
	.byte	93
	.long	.Linfo_string23                 @ DW_AT_name
	.byte	2                               @ DW_AT_decl_file
	.short	260                             @ DW_AT_decl_line
                                        @ DW_AT_prototyped
                                        @ DW_AT_external
	.byte	11                              @ Abbrev [11] 0x2f1:0xf DW_TAG_formal_parameter
	.byte	2                               @ DW_AT_location
	.byte	145
	.byte	12
	.long	.Linfo_string34                 @ DW_AT_name
	.byte	2                               @ DW_AT_decl_file
	.short	260                             @ DW_AT_decl_line
	.long	1605                            @ DW_AT_type
	.byte	11                              @ Abbrev [11] 0x300:0xf DW_TAG_formal_parameter
	.byte	2                               @ DW_AT_location
	.byte	145
	.byte	8
	.long	.Linfo_string35                 @ DW_AT_name
	.byte	2                               @ DW_AT_decl_file
	.short	260                             @ DW_AT_decl_line
	.long	1676                            @ DW_AT_type
	.byte	11                              @ Abbrev [11] 0x30f:0xf DW_TAG_formal_parameter
	.byte	2                               @ DW_AT_location
	.byte	145
	.byte	4
	.long	.Linfo_string38                 @ DW_AT_name
	.byte	2                               @ DW_AT_decl_file
	.short	260                             @ DW_AT_decl_line
	.long	1676                            @ DW_AT_type
	.byte	0                               @ End Of Children Mark
	.byte	10                              @ Abbrev [10] 0x31f:0x59 DW_TAG_subprogram
	.long	.Lfunc_begin11                  @ DW_AT_low_pc
	.long	.Lfunc_end11-.Lfunc_begin11     @ DW_AT_high_pc
	.byte	1                               @ DW_AT_frame_base
	.byte	93
	.long	.Linfo_string24                 @ DW_AT_name
	.byte	2                               @ DW_AT_decl_file
	.short	275                             @ DW_AT_decl_line
                                        @ DW_AT_prototyped
                                        @ DW_AT_external
	.byte	11                              @ Abbrev [11] 0x331:0xf DW_TAG_formal_parameter
	.byte	2                               @ DW_AT_location
	.byte	145
	.byte	20
	.long	.Linfo_string34                 @ DW_AT_name
	.byte	2                               @ DW_AT_decl_file
	.short	275                             @ DW_AT_decl_line
	.long	1605                            @ DW_AT_type
	.byte	11                              @ Abbrev [11] 0x340:0xf DW_TAG_formal_parameter
	.byte	2                               @ DW_AT_location
	.byte	145
	.byte	16
	.long	.Linfo_string35                 @ DW_AT_name
	.byte	2                               @ DW_AT_decl_file
	.short	275                             @ DW_AT_decl_line
	.long	1676                            @ DW_AT_type
	.byte	11                              @ Abbrev [11] 0x34f:0xf DW_TAG_formal_parameter
	.byte	2                               @ DW_AT_location
	.byte	145
	.byte	12
	.long	.Linfo_string38                 @ DW_AT_name
	.byte	2                               @ DW_AT_decl_file
	.short	275                             @ DW_AT_decl_line
	.long	1676                            @ DW_AT_type
	.byte	8                               @ Abbrev [8] 0x35e:0x19 DW_TAG_lexical_block
	.long	.Ltmp79                         @ DW_AT_low_pc
	.long	.Ltmp84-.Ltmp79                 @ DW_AT_high_pc
	.byte	12                              @ Abbrev [12] 0x367:0xf DW_TAG_variable
	.byte	2                               @ DW_AT_location
	.byte	145
	.byte	8
	.long	.Linfo_string59                 @ DW_AT_name
	.byte	2                               @ DW_AT_decl_file
	.short	281                             @ DW_AT_decl_line
	.long	1676                            @ DW_AT_type
	.byte	0                               @ End Of Children Mark
	.byte	0                               @ End Of Children Mark
	.byte	10                              @ Abbrev [10] 0x378:0x4a DW_TAG_subprogram
	.long	.Lfunc_begin12                  @ DW_AT_low_pc
	.long	.Lfunc_end12-.Lfunc_begin12     @ DW_AT_high_pc
	.byte	1                               @ DW_AT_frame_base
	.byte	93
	.long	.Linfo_string25                 @ DW_AT_name
	.byte	2                               @ DW_AT_decl_file
	.short	297                             @ DW_AT_decl_line
                                        @ DW_AT_prototyped
                                        @ DW_AT_external
	.byte	11                              @ Abbrev [11] 0x38a:0xf DW_TAG_formal_parameter
	.byte	2                               @ DW_AT_location
	.byte	145
	.byte	12
	.long	.Linfo_string34                 @ DW_AT_name
	.byte	2                               @ DW_AT_decl_file
	.short	297                             @ DW_AT_decl_line
	.long	1605                            @ DW_AT_type
	.byte	11                              @ Abbrev [11] 0x399:0xf DW_TAG_formal_parameter
	.byte	2                               @ DW_AT_location
	.byte	145
	.byte	8
	.long	.Linfo_string60                 @ DW_AT_name
	.byte	2                               @ DW_AT_decl_file
	.short	297                             @ DW_AT_decl_line
	.long	1676                            @ DW_AT_type
	.byte	8                               @ Abbrev [8] 0x3a8:0x19 DW_TAG_lexical_block
	.long	.Ltmp90                         @ DW_AT_low_pc
	.long	.Ltmp95-.Ltmp90                 @ DW_AT_high_pc
	.byte	12                              @ Abbrev [12] 0x3b1:0xf DW_TAG_variable
	.byte	2                               @ DW_AT_location
	.byte	145
	.byte	4
	.long	.Linfo_string59                 @ DW_AT_name
	.byte	2                               @ DW_AT_decl_file
	.short	303                             @ DW_AT_decl_line
	.long	1676                            @ DW_AT_type
	.byte	0                               @ End Of Children Mark
	.byte	0                               @ End Of Children Mark
	.byte	10                              @ Abbrev [10] 0x3c2:0x59 DW_TAG_subprogram
	.long	.Lfunc_begin13                  @ DW_AT_low_pc
	.long	.Lfunc_end13-.Lfunc_begin13     @ DW_AT_high_pc
	.byte	1                               @ DW_AT_frame_base
	.byte	93
	.long	.Linfo_string26                 @ DW_AT_name
	.byte	2                               @ DW_AT_decl_file
	.short	321                             @ DW_AT_decl_line
                                        @ DW_AT_prototyped
                                        @ DW_AT_external
	.byte	11                              @ Abbrev [11] 0x3d4:0xf DW_TAG_formal_parameter
	.byte	2                               @ DW_AT_location
	.byte	145
	.byte	20
	.long	.Linfo_string34                 @ DW_AT_name
	.byte	2                               @ DW_AT_decl_file
	.short	321                             @ DW_AT_decl_line
	.long	1605                            @ DW_AT_type
	.byte	11                              @ Abbrev [11] 0x3e3:0xf DW_TAG_formal_parameter
	.byte	2                               @ DW_AT_location
	.byte	145
	.byte	16
	.long	.Linfo_string61                 @ DW_AT_name
	.byte	2                               @ DW_AT_decl_file
	.short	321                             @ DW_AT_decl_line
	.long	1805                            @ DW_AT_type
	.byte	11                              @ Abbrev [11] 0x3f2:0xf DW_TAG_formal_parameter
	.byte	2                               @ DW_AT_location
	.byte	145
	.byte	12
	.long	.Linfo_string60                 @ DW_AT_name
	.byte	2                               @ DW_AT_decl_file
	.short	321                             @ DW_AT_decl_line
	.long	1676                            @ DW_AT_type
	.byte	8                               @ Abbrev [8] 0x401:0x19 DW_TAG_lexical_block
	.long	.Ltmp101                        @ DW_AT_low_pc
	.long	.Ltmp106-.Ltmp101               @ DW_AT_high_pc
	.byte	12                              @ Abbrev [12] 0x40a:0xf DW_TAG_variable
	.byte	2                               @ DW_AT_location
	.byte	145
	.byte	8
	.long	.Linfo_string59                 @ DW_AT_name
	.byte	2                               @ DW_AT_decl_file
	.short	327                             @ DW_AT_decl_line
	.long	1676                            @ DW_AT_type
	.byte	0                               @ End Of Children Mark
	.byte	0                               @ End Of Children Mark
	.byte	13                              @ Abbrev [13] 0x41b:0x5d DW_TAG_subprogram
	.long	.Lfunc_begin14                  @ DW_AT_low_pc
	.long	.Lfunc_end14-.Lfunc_begin14     @ DW_AT_high_pc
	.byte	1                               @ DW_AT_frame_base
	.byte	93
	.long	.Linfo_string27                 @ DW_AT_name
	.byte	2                               @ DW_AT_decl_file
	.short	341                             @ DW_AT_decl_line
                                        @ DW_AT_prototyped
	.long	1579                            @ DW_AT_type
                                        @ DW_AT_external
	.byte	11                              @ Abbrev [11] 0x431:0xf DW_TAG_formal_parameter
	.byte	2                               @ DW_AT_location
	.byte	145
	.byte	16
	.long	.Linfo_string34                 @ DW_AT_name
	.byte	2                               @ DW_AT_decl_file
	.short	341                             @ DW_AT_decl_line
	.long	1815                            @ DW_AT_type
	.byte	12                              @ Abbrev [12] 0x440:0xf DW_TAG_variable
	.byte	2                               @ DW_AT_location
	.byte	145
	.byte	12
	.long	.Linfo_string62                 @ DW_AT_name
	.byte	2                               @ DW_AT_decl_file
	.short	346                             @ DW_AT_decl_line
	.long	1579                            @ DW_AT_type
	.byte	12                              @ Abbrev [12] 0x44f:0xf DW_TAG_variable
	.byte	2                               @ DW_AT_location
	.byte	145
	.byte	8
	.long	.Linfo_string63                 @ DW_AT_name
	.byte	2                               @ DW_AT_decl_file
	.short	347                             @ DW_AT_decl_line
	.long	1676                            @ DW_AT_type
	.byte	8                               @ Abbrev [8] 0x45e:0x19 DW_TAG_lexical_block
	.long	.Ltmp112                        @ DW_AT_low_pc
	.long	.Ltmp117-.Ltmp112               @ DW_AT_high_pc
	.byte	12                              @ Abbrev [12] 0x467:0xf DW_TAG_variable
	.byte	2                               @ DW_AT_location
	.byte	145
	.byte	4
	.long	.Linfo_string59                 @ DW_AT_name
	.byte	2                               @ DW_AT_decl_file
	.short	349                             @ DW_AT_decl_line
	.long	1676                            @ DW_AT_type
	.byte	0                               @ End Of Children Mark
	.byte	0                               @ End Of Children Mark
	.byte	13                              @ Abbrev [13] 0x478:0x46 DW_TAG_subprogram
	.long	.Lfunc_begin15                  @ DW_AT_low_pc
	.long	.Lfunc_end15-.Lfunc_begin15     @ DW_AT_high_pc
	.byte	1                               @ DW_AT_frame_base
	.byte	93
	.long	.Linfo_string28                 @ DW_AT_name
	.byte	2                               @ DW_AT_decl_file
	.short	366                             @ DW_AT_decl_line
                                        @ DW_AT_prototyped
	.long	1579                            @ DW_AT_type
                                        @ DW_AT_external
	.byte	11                              @ Abbrev [11] 0x48e:0x10 DW_TAG_formal_parameter
	.byte	3                               @ DW_AT_location
	.byte	145
	.ascii	"\310\006"
	.long	.Linfo_string34                 @ DW_AT_name
	.byte	2                               @ DW_AT_decl_file
	.short	366                             @ DW_AT_decl_line
	.long	1815                            @ DW_AT_type
	.byte	12                              @ Abbrev [12] 0x49e:0x10 DW_TAG_variable
	.byte	3                               @ DW_AT_location
	.byte	145
	.ascii	"\250\003"
	.long	.Linfo_string64                 @ DW_AT_name
	.byte	2                               @ DW_AT_decl_file
	.short	372                             @ DW_AT_decl_line
	.long	1610                            @ DW_AT_type
	.byte	12                              @ Abbrev [12] 0x4ae:0xf DW_TAG_variable
	.byte	2                               @ DW_AT_location
	.byte	145
	.byte	8
	.long	.Linfo_string65                 @ DW_AT_name
	.byte	2                               @ DW_AT_decl_file
	.short	372                             @ DW_AT_decl_line
	.long	1610                            @ DW_AT_type
	.byte	0                               @ End Of Children Mark
	.byte	13                              @ Abbrev [13] 0x4be:0x4e DW_TAG_subprogram
	.long	.Lfunc_begin16                  @ DW_AT_low_pc
	.long	.Lfunc_end16-.Lfunc_begin16     @ DW_AT_high_pc
	.byte	1                               @ DW_AT_frame_base
	.byte	93
	.long	.Linfo_string29                 @ DW_AT_name
	.byte	2                               @ DW_AT_decl_file
	.short	394                             @ DW_AT_decl_line
                                        @ DW_AT_prototyped
	.long	1598                            @ DW_AT_type
                                        @ DW_AT_external
	.byte	11                              @ Abbrev [11] 0x4d4:0xf DW_TAG_formal_parameter
	.byte	2                               @ DW_AT_location
	.byte	145
	.byte	8
	.long	.Linfo_string56                 @ DW_AT_name
	.byte	2                               @ DW_AT_decl_file
	.short	394                             @ DW_AT_decl_line
	.long	1815                            @ DW_AT_type
	.byte	11                              @ Abbrev [11] 0x4e3:0xf DW_TAG_formal_parameter
	.byte	2                               @ DW_AT_location
	.byte	145
	.byte	4
	.long	.Linfo_string57                 @ DW_AT_name
	.byte	2                               @ DW_AT_decl_file
	.short	394                             @ DW_AT_decl_line
	.long	1815                            @ DW_AT_type
	.byte	8                               @ Abbrev [8] 0x4f2:0x19 DW_TAG_lexical_block
	.long	.Ltmp135                        @ DW_AT_low_pc
	.long	.Ltmp143-.Ltmp135               @ DW_AT_high_pc
	.byte	12                              @ Abbrev [12] 0x4fb:0xf DW_TAG_variable
	.byte	2                               @ DW_AT_location
	.byte	145
	.byte	0
	.long	.Linfo_string59                 @ DW_AT_name
	.byte	2                               @ DW_AT_decl_file
	.short	403                             @ DW_AT_decl_line
	.long	1676                            @ DW_AT_type
	.byte	0                               @ End Of Children Mark
	.byte	0                               @ End Of Children Mark
	.byte	10                              @ Abbrev [10] 0x50c:0x9f DW_TAG_subprogram
	.long	.Lfunc_begin17                  @ DW_AT_low_pc
	.long	.Lfunc_end17-.Lfunc_begin17     @ DW_AT_high_pc
	.byte	1                               @ DW_AT_frame_base
	.byte	93
	.long	.Linfo_string31                 @ DW_AT_name
	.byte	2                               @ DW_AT_decl_file
	.short	426                             @ DW_AT_decl_line
                                        @ DW_AT_prototyped
                                        @ DW_AT_external
	.byte	11                              @ Abbrev [11] 0x51e:0xf DW_TAG_formal_parameter
	.byte	2                               @ DW_AT_location
	.byte	145
	.byte	28
	.long	.Linfo_string55                 @ DW_AT_name
	.byte	2                               @ DW_AT_decl_file
	.short	426                             @ DW_AT_decl_line
	.long	1605                            @ DW_AT_type
	.byte	11                              @ Abbrev [11] 0x52d:0xf DW_TAG_formal_parameter
	.byte	2                               @ DW_AT_location
	.byte	145
	.byte	24
	.long	.Linfo_string51                 @ DW_AT_name
	.byte	2                               @ DW_AT_decl_file
	.short	426                             @ DW_AT_decl_line
	.long	1815                            @ DW_AT_type
	.byte	11                              @ Abbrev [11] 0x53c:0xf DW_TAG_formal_parameter
	.byte	2                               @ DW_AT_location
	.byte	145
	.byte	20
	.long	.Linfo_string66                 @ DW_AT_name
	.byte	2                               @ DW_AT_decl_file
	.short	426                             @ DW_AT_decl_line
	.long	1676                            @ DW_AT_type
	.byte	11                              @ Abbrev [11] 0x54b:0xf DW_TAG_formal_parameter
	.byte	2                               @ DW_AT_location
	.byte	145
	.byte	16
	.long	.Linfo_string67                 @ DW_AT_name
	.byte	2                               @ DW_AT_decl_file
	.short	426                             @ DW_AT_decl_line
	.long	1676                            @ DW_AT_type
	.byte	11                              @ Abbrev [11] 0x55a:0xf DW_TAG_formal_parameter
	.byte	2                               @ DW_AT_location
	.byte	145
	.byte	40
	.long	.Linfo_string35                 @ DW_AT_name
	.byte	2                               @ DW_AT_decl_file
	.short	426                             @ DW_AT_decl_line
	.long	1676                            @ DW_AT_type
	.byte	11                              @ Abbrev [11] 0x569:0xf DW_TAG_formal_parameter
	.byte	2                               @ DW_AT_location
	.byte	145
	.byte	44
	.long	.Linfo_string38                 @ DW_AT_name
	.byte	2                               @ DW_AT_decl_file
	.short	426                             @ DW_AT_decl_line
	.long	1676                            @ DW_AT_type
	.byte	8                               @ Abbrev [8] 0x578:0x32 DW_TAG_lexical_block
	.long	.Ltmp152                        @ DW_AT_low_pc
	.long	.Ltmp162-.Ltmp152               @ DW_AT_high_pc
	.byte	12                              @ Abbrev [12] 0x581:0xf DW_TAG_variable
	.byte	2                               @ DW_AT_location
	.byte	145
	.byte	12
	.long	.Linfo_string59                 @ DW_AT_name
	.byte	2                               @ DW_AT_decl_file
	.short	439                             @ DW_AT_decl_line
	.long	1676                            @ DW_AT_type
	.byte	8                               @ Abbrev [8] 0x590:0x19 DW_TAG_lexical_block
	.long	.Ltmp155                        @ DW_AT_low_pc
	.long	.Ltmp160-.Ltmp155               @ DW_AT_high_pc
	.byte	12                              @ Abbrev [12] 0x599:0xf DW_TAG_variable
	.byte	2                               @ DW_AT_location
	.byte	145
	.byte	8
	.long	.Linfo_string68                 @ DW_AT_name
	.byte	2                               @ DW_AT_decl_file
	.short	440                             @ DW_AT_decl_line
	.long	1676                            @ DW_AT_type
	.byte	0                               @ End Of Children Mark
	.byte	0                               @ End Of Children Mark
	.byte	0                               @ End Of Children Mark
	.byte	10                              @ Abbrev [10] 0x5ab:0x40 DW_TAG_subprogram
	.long	.Lfunc_begin18                  @ DW_AT_low_pc
	.long	.Lfunc_end18-.Lfunc_begin18     @ DW_AT_high_pc
	.byte	1                               @ DW_AT_frame_base
	.byte	93
	.long	.Linfo_string32                 @ DW_AT_name
	.byte	2                               @ DW_AT_decl_file
	.short	455                             @ DW_AT_decl_line
                                        @ DW_AT_prototyped
                                        @ DW_AT_external
	.byte	11                              @ Abbrev [11] 0x5bd:0xf DW_TAG_formal_parameter
	.byte	2                               @ DW_AT_location
	.byte	145
	.byte	20
	.long	.Linfo_string55                 @ DW_AT_name
	.byte	2                               @ DW_AT_decl_file
	.short	455                             @ DW_AT_decl_line
	.long	1605                            @ DW_AT_type
	.byte	11                              @ Abbrev [11] 0x5cc:0xf DW_TAG_formal_parameter
	.byte	2                               @ DW_AT_location
	.byte	145
	.byte	16
	.long	.Linfo_string51                 @ DW_AT_name
	.byte	2                               @ DW_AT_decl_file
	.short	455                             @ DW_AT_decl_line
	.long	1815                            @ DW_AT_type
	.byte	11                              @ Abbrev [11] 0x5db:0xf DW_TAG_formal_parameter
	.byte	2                               @ DW_AT_location
	.byte	145
	.byte	12
	.long	.Linfo_string52                 @ DW_AT_name
	.byte	2                               @ DW_AT_decl_file
	.short	455                             @ DW_AT_decl_line
	.long	1676                            @ DW_AT_type
	.byte	0                               @ End Of Children Mark
	.byte	10                              @ Abbrev [10] 0x5eb:0x40 DW_TAG_subprogram
	.long	.Lfunc_begin19                  @ DW_AT_low_pc
	.long	.Lfunc_end19-.Lfunc_begin19     @ DW_AT_high_pc
	.byte	1                               @ DW_AT_frame_base
	.byte	93
	.long	.Linfo_string33                 @ DW_AT_name
	.byte	2                               @ DW_AT_decl_file
	.short	472                             @ DW_AT_decl_line
                                        @ DW_AT_prototyped
                                        @ DW_AT_external
	.byte	11                              @ Abbrev [11] 0x5fd:0xf DW_TAG_formal_parameter
	.byte	2                               @ DW_AT_location
	.byte	145
	.byte	20
	.long	.Linfo_string55                 @ DW_AT_name
	.byte	2                               @ DW_AT_decl_file
	.short	472                             @ DW_AT_decl_line
	.long	1605                            @ DW_AT_type
	.byte	11                              @ Abbrev [11] 0x60c:0xf DW_TAG_formal_parameter
	.byte	2                               @ DW_AT_location
	.byte	145
	.byte	16
	.long	.Linfo_string51                 @ DW_AT_name
	.byte	2                               @ DW_AT_decl_file
	.short	472                             @ DW_AT_decl_line
	.long	1815                            @ DW_AT_type
	.byte	11                              @ Abbrev [11] 0x61b:0xf DW_TAG_formal_parameter
	.byte	2                               @ DW_AT_location
	.byte	145
	.byte	12
	.long	.Linfo_string53                 @ DW_AT_name
	.byte	2                               @ DW_AT_decl_file
	.short	472                             @ DW_AT_decl_line
	.long	1676                            @ DW_AT_type
	.byte	0                               @ End Of Children Mark
	.byte	4                               @ Abbrev [4] 0x62b:0x7 DW_TAG_base_type
	.long	.Linfo_string14                 @ DW_AT_name
	.byte	4                               @ DW_AT_encoding
	.byte	4                               @ DW_AT_byte_size
	.byte	14                              @ Abbrev [14] 0x632:0xc DW_TAG_typedef
	.long	38                              @ DW_AT_type
	.long	.Linfo_string17                 @ DW_AT_name
	.byte	1                               @ DW_AT_decl_file
	.short	516                             @ DW_AT_decl_line
	.byte	4                               @ Abbrev [4] 0x63e:0x7 DW_TAG_base_type
	.long	.Linfo_string30                 @ DW_AT_name
	.byte	2                               @ DW_AT_encoding
	.byte	1                               @ DW_AT_byte_size
	.byte	15                              @ Abbrev [15] 0x645:0x5 DW_TAG_pointer_type
	.long	1610                            @ DW_AT_type
	.byte	16                              @ Abbrev [16] 0x64a:0xb DW_TAG_typedef
	.long	1621                            @ DW_AT_type
	.long	.Linfo_string49                 @ DW_AT_name
	.byte	4                               @ DW_AT_decl_file
	.byte	35                              @ DW_AT_decl_line
	.byte	17                              @ Abbrev [17] 0x655:0x37 DW_TAG_structure_type
	.short	416                             @ DW_AT_byte_size
	.byte	4                               @ DW_AT_decl_file
	.byte	30                              @ DW_AT_decl_line
	.byte	18                              @ Abbrev [18] 0x65a:0xc DW_TAG_member
	.long	.Linfo_string35                 @ DW_AT_name
	.long	1676                            @ DW_AT_type
	.byte	4                               @ DW_AT_decl_file
	.byte	31                              @ DW_AT_decl_line
	.byte	0                               @ DW_AT_data_member_location
	.byte	18                              @ Abbrev [18] 0x666:0xc DW_TAG_member
	.long	.Linfo_string38                 @ DW_AT_name
	.long	1676                            @ DW_AT_type
	.byte	4                               @ DW_AT_decl_file
	.byte	32                              @ DW_AT_decl_line
	.byte	4                               @ DW_AT_data_member_location
	.byte	18                              @ Abbrev [18] 0x672:0xc DW_TAG_member
	.long	.Linfo_string39                 @ DW_AT_name
	.long	1694                            @ DW_AT_type
	.byte	4                               @ DW_AT_decl_file
	.byte	33                              @ DW_AT_decl_line
	.byte	8                               @ DW_AT_data_member_location
	.byte	19                              @ Abbrev [19] 0x67e:0xd DW_TAG_member
	.long	.Linfo_string41                 @ DW_AT_name
	.long	1713                            @ DW_AT_type
	.byte	4                               @ DW_AT_decl_file
	.byte	34                              @ DW_AT_decl_line
	.short	408                             @ DW_AT_data_member_location
	.byte	0                               @ End Of Children Mark
	.byte	16                              @ Abbrev [16] 0x68c:0xb DW_TAG_typedef
	.long	1687                            @ DW_AT_type
	.long	.Linfo_string37                 @ DW_AT_name
	.byte	3                               @ DW_AT_decl_file
	.byte	64                              @ DW_AT_decl_line
	.byte	4                               @ Abbrev [4] 0x697:0x7 DW_TAG_base_type
	.long	.Linfo_string36                 @ DW_AT_name
	.byte	7                               @ DW_AT_encoding
	.byte	4                               @ DW_AT_byte_size
	.byte	20                              @ Abbrev [20] 0x69e:0xc DW_TAG_array_type
	.long	1579                            @ DW_AT_type
	.byte	21                              @ Abbrev [21] 0x6a3:0x6 DW_TAG_subrange_type
	.long	1706                            @ DW_AT_type
	.byte	100                             @ DW_AT_count
	.byte	0                               @ End Of Children Mark
	.byte	22                              @ Abbrev [22] 0x6aa:0x7 DW_TAG_base_type
	.long	.Linfo_string40                 @ DW_AT_name
	.byte	8                               @ DW_AT_byte_size
	.byte	7                               @ DW_AT_encoding
	.byte	14                              @ Abbrev [14] 0x6b1:0xc DW_TAG_typedef
	.long	1725                            @ DW_AT_type
	.long	.Linfo_string48                 @ DW_AT_name
	.byte	1                               @ DW_AT_decl_file
	.short	2403                            @ DW_AT_decl_line
	.byte	23                              @ Abbrev [23] 0x6bd:0x2d DW_TAG_structure_type
	.byte	8                               @ DW_AT_byte_size
	.byte	1                               @ DW_AT_decl_file
	.short	2398                            @ DW_AT_decl_line
	.byte	24                              @ Abbrev [24] 0x6c2:0xd DW_TAG_member
	.long	.Linfo_string42                 @ DW_AT_name
	.long	1770                            @ DW_AT_type
	.byte	1                               @ DW_AT_decl_file
	.short	2400                            @ DW_AT_decl_line
	.byte	0                               @ DW_AT_data_member_location
	.byte	24                              @ Abbrev [24] 0x6cf:0xd DW_TAG_member
	.long	.Linfo_string45                 @ DW_AT_name
	.long	1770                            @ DW_AT_type
	.byte	1                               @ DW_AT_decl_file
	.short	2401                            @ DW_AT_decl_line
	.byte	2                               @ DW_AT_data_member_location
	.byte	24                              @ Abbrev [24] 0x6dc:0xd DW_TAG_member
	.long	.Linfo_string46                 @ DW_AT_name
	.long	1788                            @ DW_AT_type
	.byte	1                               @ DW_AT_decl_file
	.short	2402                            @ DW_AT_decl_line
	.byte	4                               @ DW_AT_data_member_location
	.byte	0                               @ End Of Children Mark
	.byte	16                              @ Abbrev [16] 0x6ea:0xb DW_TAG_typedef
	.long	1781                            @ DW_AT_type
	.long	.Linfo_string44                 @ DW_AT_name
	.byte	3                               @ DW_AT_decl_file
	.byte	63                              @ DW_AT_decl_line
	.byte	4                               @ Abbrev [4] 0x6f5:0x7 DW_TAG_base_type
	.long	.Linfo_string43                 @ DW_AT_name
	.byte	7                               @ DW_AT_encoding
	.byte	2                               @ DW_AT_byte_size
	.byte	15                              @ Abbrev [15] 0x6fc:0x5 DW_TAG_pointer_type
	.long	1793                            @ DW_AT_type
	.byte	14                              @ Abbrev [14] 0x701:0xc DW_TAG_typedef
	.long	1579                            @ DW_AT_type
	.long	.Linfo_string47                 @ DW_AT_name
	.byte	1                               @ DW_AT_decl_file
	.short	541                             @ DW_AT_decl_line
	.byte	15                              @ Abbrev [15] 0x70d:0x5 DW_TAG_pointer_type
	.long	1810                            @ DW_AT_type
	.byte	25                              @ Abbrev [25] 0x712:0x5 DW_TAG_const_type
	.long	1579                            @ DW_AT_type
	.byte	15                              @ Abbrev [15] 0x717:0x5 DW_TAG_pointer_type
	.long	1820                            @ DW_AT_type
	.byte	25                              @ Abbrev [25] 0x71c:0x5 DW_TAG_const_type
	.long	1610                            @ DW_AT_type
	.byte	0                               @ End Of Children Mark
.Ldebug_info_end0:
	.section	.debug_ranges,"",%progbits
.Ldebug_ranges0:
	.long	.Lfunc_begin0
	.long	.Lfunc_end0
	.long	.Lfunc_begin1
	.long	.Lfunc_end1
	.long	.Lfunc_begin2
	.long	.Lfunc_end2
	.long	.Lfunc_begin3
	.long	.Lfunc_end3
	.long	.Lfunc_begin4
	.long	.Lfunc_end4
	.long	.Lfunc_begin5
	.long	.Lfunc_end5
	.long	.Lfunc_begin6
	.long	.Lfunc_end6
	.long	.Lfunc_begin7
	.long	.Lfunc_end7
	.long	.Lfunc_begin8
	.long	.Lfunc_end8
	.long	.Lfunc_begin9
	.long	.Lfunc_end9
	.long	.Lfunc_begin10
	.long	.Lfunc_end10
	.long	.Lfunc_begin11
	.long	.Lfunc_end11
	.long	.Lfunc_begin12
	.long	.Lfunc_end12
	.long	.Lfunc_begin13
	.long	.Lfunc_end13
	.long	.Lfunc_begin14
	.long	.Lfunc_end14
	.long	.Lfunc_begin15
	.long	.Lfunc_end15
	.long	.Lfunc_begin16
	.long	.Lfunc_end16
	.long	.Lfunc_begin17
	.long	.Lfunc_end17
	.long	.Lfunc_begin18
	.long	.Lfunc_end18
	.long	.Lfunc_begin19
	.long	.Lfunc_end19
	.long	0
	.long	0
	.section	.debug_str,"MS",%progbits,1
.Linfo_string0:
	.asciz	"Component: Arm Compiler for Embedded 6.24 Tool: armclang [5f371800]" @ string offset=0
.Linfo_string1:
	.asciz	"../Algorithm/Src\\matrix.c"    @ string offset=68
.Linfo_string2:
	.asciz	"D:\\stm32_project\\daily_work\\new_bubing\\cod_update_2.0\\COD_H7_Template\\MDK-ARM" @ string offset=94
.Linfo_string3:
	.asciz	"signed char"                   @ string offset=172
.Linfo_string4:
	.asciz	"ARM_MATH_SUCCESS"              @ string offset=184
.Linfo_string5:
	.asciz	"ARM_MATH_ARGUMENT_ERROR"       @ string offset=201
.Linfo_string6:
	.asciz	"ARM_MATH_LENGTH_ERROR"         @ string offset=225
.Linfo_string7:
	.asciz	"ARM_MATH_SIZE_MISMATCH"        @ string offset=247
.Linfo_string8:
	.asciz	"ARM_MATH_NANINF"               @ string offset=270
.Linfo_string9:
	.asciz	"ARM_MATH_SINGULAR"             @ string offset=286
.Linfo_string10:
	.asciz	"ARM_MATH_TEST_FAILURE"         @ string offset=304
.Linfo_string11:
	.asciz	"Matrixf_init"                  @ string offset=326
.Linfo_string12:
	.asciz	"Matrixf_copy"                  @ string offset=339
.Linfo_string13:
	.asciz	"Matrixf_get"                   @ string offset=352
.Linfo_string14:
	.asciz	"float"                         @ string offset=364
.Linfo_string15:
	.asciz	"Matrixf_set"                   @ string offset=370
.Linfo_string16:
	.asciz	"Matrixf_add"                   @ string offset=382
.Linfo_string17:
	.asciz	"arm_status"                    @ string offset=394
.Linfo_string18:
	.asciz	"Matrixf_sub"                   @ string offset=405
.Linfo_string19:
	.asciz	"Matrixf_mult"                  @ string offset=417
.Linfo_string20:
	.asciz	"Matrixf_scale"                 @ string offset=430
.Linfo_string21:
	.asciz	"Matrixf_trans"                 @ string offset=444
.Linfo_string22:
	.asciz	"Matrixf_inv"                   @ string offset=458
.Linfo_string23:
	.asciz	"Matrixf_zeros"                 @ string offset=470
.Linfo_string24:
	.asciz	"Matrixf_ones"                  @ string offset=484
.Linfo_string25:
	.asciz	"Matrixf_eye"                   @ string offset=497
.Linfo_string26:
	.asciz	"Matrixf_diag"                  @ string offset=509
.Linfo_string27:
	.asciz	"Matrixf_trace"                 @ string offset=522
.Linfo_string28:
	.asciz	"Matrixf_norm"                  @ string offset=536
.Linfo_string29:
	.asciz	"Matrixf_equal"                 @ string offset=549
.Linfo_string30:
	.asciz	"_Bool"                         @ string offset=563
.Linfo_string31:
	.asciz	"Matrixf_block"                 @ string offset=569
.Linfo_string32:
	.asciz	"Matrixf_row"                   @ string offset=583
.Linfo_string33:
	.asciz	"Matrixf_col"                   @ string offset=595
.Linfo_string34:
	.asciz	"mat"                           @ string offset=607
.Linfo_string35:
	.asciz	"rows"                          @ string offset=611
.Linfo_string36:
	.asciz	"unsigned int"                  @ string offset=616
.Linfo_string37:
	.asciz	"uint32_t"                      @ string offset=629
.Linfo_string38:
	.asciz	"cols"                          @ string offset=638
.Linfo_string39:
	.asciz	"data"                          @ string offset=643
.Linfo_string40:
	.asciz	"__ARRAY_SIZE_TYPE__"           @ string offset=648
.Linfo_string41:
	.asciz	"arm_mat"                       @ string offset=668
.Linfo_string42:
	.asciz	"numRows"                       @ string offset=676
.Linfo_string43:
	.asciz	"unsigned short"                @ string offset=684
.Linfo_string44:
	.asciz	"uint16_t"                      @ string offset=699
.Linfo_string45:
	.asciz	"numCols"                       @ string offset=708
.Linfo_string46:
	.asciz	"pData"                         @ string offset=716
.Linfo_string47:
	.asciz	"float32_t"                     @ string offset=722
.Linfo_string48:
	.asciz	"arm_matrix_instance_f32"       @ string offset=732
.Linfo_string49:
	.asciz	"Matrixf"                       @ string offset=756
.Linfo_string50:
	.asciz	"dest"                          @ string offset=764
.Linfo_string51:
	.asciz	"src"                           @ string offset=769
.Linfo_string52:
	.asciz	"row"                           @ string offset=773
.Linfo_string53:
	.asciz	"col"                           @ string offset=777
.Linfo_string54:
	.asciz	"value"                         @ string offset=781
.Linfo_string55:
	.asciz	"result"                        @ string offset=787
.Linfo_string56:
	.asciz	"mat1"                          @ string offset=794
.Linfo_string57:
	.asciz	"mat2"                          @ string offset=799
.Linfo_string58:
	.asciz	"scalar"                        @ string offset=804
.Linfo_string59:
	.asciz	"i"                             @ string offset=811
.Linfo_string60:
	.asciz	"size"                          @ string offset=813
.Linfo_string61:
	.asciz	"vec"                           @ string offset=818
.Linfo_string62:
	.asciz	"trace"                         @ string offset=822
.Linfo_string63:
	.asciz	"min_dim"                       @ string offset=828
.Linfo_string64:
	.asciz	"trans"                         @ string offset=836
.Linfo_string65:
	.asciz	"product"                       @ string offset=842
.Linfo_string66:
	.asciz	"start_row"                     @ string offset=850
.Linfo_string67:
	.asciz	"start_col"                     @ string offset=860
.Linfo_string68:
	.asciz	"j"                             @ string offset=870
	.ident	"Component: Arm Compiler for Embedded 6.24 Tool: armclang [5f371800]"
	.section	".note.GNU-stack","",%progbits
	.eabi_attribute	30, 6	@ Tag_ABI_optimization_goals
	.ARM_attribute	16, 1	@ Tag_AV_eba
	.section	.debug_line,"",%progbits
.Lline_table_start0:
