	.text
	.syntax unified
	.eabi_attribute	67, "2.09"	@ Tag_conformance
	.cpu	cortex-m7
	.eabi_attribute	6, 13	@ Tag_CPU_arch
	.eabi_attribute	7, 77	@ Tag_CPU_arch_profile
	.eabi_attribute	8, 0	@ Tag_ARM_ISA_use
	.eabi_attribute	9, 2	@ Tag_THUMB_ISA_use
	.fpu	fpv5-d16
	.eabi_attribute	36, 1	@ Tag_FP_HP_extension
	.eabi_attribute	34, 1	@ Tag_CPU_unaligned_access
	.eabi_attribute	17, 1	@ Tag_ABI_PCS_GOT_use
	.eabi_attribute	20, 2	@ Tag_ABI_FP_denormal
	.eabi_attribute	21, 0	@ Tag_ABI_FP_exceptions
	.eabi_attribute	23, 1	@ Tag_ABI_FP_number_model
	.eabi_attribute	24, 1	@ Tag_ABI_align_needed
	.eabi_attribute	25, 1	@ Tag_ABI_align_preserved
	.eabi_attribute	28, 1	@ Tag_ABI_VFP_args
	.eabi_attribute	38, 1	@ Tag_ABI_FP_16bit_format
	.eabi_attribute	18, 2	@ Tag_ABI_PCS_wchar_t
	.eabi_attribute	26, 1	@ Tag_ABI_enum_size
	.eabi_attribute	14, 0	@ Tag_ABI_PCS_R9_use
	.file	"pid.c"
	.file	1 "D:\\stm32_project\\daily_work\\new_bubing\\cod_update_2.0\\COD_H7_Template\\MDK-ARM" "../Algorithm/Inc\\PID.h"
	.section	.text.PID_Init,"ax",%progbits
	.hidden	PID_Init                        @ -- Begin function PID_Init
	.globl	PID_Init
	.p2align	3
	.type	PID_Init,%function
	.code	16                              @ @PID_Init
	.thumb_func
PID_Init:
.Lfunc_begin0:
	.file	2 "D:\\stm32_project\\daily_work\\new_bubing\\cod_update_2.0\\COD_H7_Template\\MDK-ARM" "../Algorithm/Src/pid.c"
	.loc	2 89 0                          @ ../Algorithm/Src/pid.c:89:0
	.fnstart
	.cfi_sections .debug_frame
	.cfi_startproc
@ %bb.0:
	.save	{r7, lr}
	push	{r7, lr}
	.cfi_def_cfa_offset 8
	.cfi_offset lr, -4
	.cfi_offset r7, -8
	.pad	#16
	sub	sp, #16
	.cfi_def_cfa_offset 24
                                        @ kill: def $r3 killed $r1
	str	r0, [sp, #12]
	strb.w	r1, [sp, #11]
	str	r2, [sp, #4]
.Ltmp0:
	.loc	2 91 15 prologue_end            @ ../Algorithm/Src/pid.c:91:15
	ldrb.w	r0, [sp, #11]
	.loc	2 91 3 is_stmt 0                @ ../Algorithm/Src/pid.c:91:3
	ldr	r1, [sp, #12]
	.loc	2 91 13                         @ ../Algorithm/Src/pid.c:91:13
	strb	r0, [r1]
	.loc	2 93 3 is_stmt 1                @ ../Algorithm/Src/pid.c:93:3
	ldr	r1, [sp, #12]
	.loc	2 93 23 is_stmt 0               @ ../Algorithm/Src/pid.c:93:23
	movw	r0, :lower16:PID_Calc_Clear
	movt	r0, :upper16:PID_Calc_Clear
	str.w	r0, [r1, #140]
	.loc	2 94 5 is_stmt 1                @ ../Algorithm/Src/pid.c:94:5
	ldr	r1, [sp, #12]
	.loc	2 94 25 is_stmt 0               @ ../Algorithm/Src/pid.c:94:25
	movw	r0, :lower16:PID_Param_Init
	movt	r0, :upper16:PID_Param_Init
	str.w	r0, [r1, #136]
	.loc	2 96 3 is_stmt 1                @ ../Algorithm/Src/pid.c:96:3
	ldr	r0, [sp, #12]
	.loc	2 96 8 is_stmt 0                @ ../Algorithm/Src/pid.c:96:8
	ldr.w	r1, [r0, #140]
	.loc	2 96 3                          @ ../Algorithm/Src/pid.c:96:3
	blx	r1
	.loc	2 97 32 is_stmt 1               @ ../Algorithm/Src/pid.c:97:32
	ldr	r0, [sp, #12]
	.loc	2 97 37 is_stmt 0               @ ../Algorithm/Src/pid.c:97:37
	ldr.w	r2, [r0, #136]
	.loc	2 97 57                         @ ../Algorithm/Src/pid.c:97:57
	ldr	r1, [sp, #4]
	.loc	2 97 32                         @ ../Algorithm/Src/pid.c:97:32
	blx	r2
	.loc	2 97 5                          @ ../Algorithm/Src/pid.c:97:5
	ldr	r1, [sp, #12]
	.loc	2 97 30                         @ ../Algorithm/Src/pid.c:97:30
	strb.w	r0, [r1, #134]
	.loc	2 98 1 epilogue_begin is_stmt 1 @ ../Algorithm/Src/pid.c:98:1
	add	sp, #16
	pop	{r7, pc}
.Ltmp1:
.Lfunc_end0:
	.size	PID_Init, .Lfunc_end0-PID_Init
	.cfi_endproc
	.cantunwind
	.fnend
                                        @ -- End function
	.section	.text.PID_Calc_Clear,"ax",%progbits
	.p2align	3                               @ -- Begin function PID_Calc_Clear
	.type	PID_Calc_Clear,%function
	.code	16                              @ @PID_Calc_Clear
	.thumb_func
PID_Calc_Clear:
.Lfunc_begin1:
	.loc	2 60 0                          @ ../Algorithm/Src/pid.c:60:0
	.fnstart
	.cfi_startproc
@ %bb.0:
	.pad	#4
	sub	sp, #4
	.cfi_def_cfa_offset 4
	str	r0, [sp]
.Ltmp2:
	.loc	2 62 9 prologue_end             @ ../Algorithm/Src/pid.c:62:9
	ldr	r1, [sp]
	movs	r0, #0
	.loc	2 62 2 is_stmt 0                @ ../Algorithm/Src/pid.c:62:2
	str	r0, [r1, #20]
	str	r0, [r1, #16]
	str	r0, [r1, #12]
	.loc	2 63 2 is_stmt 1                @ ../Algorithm/Src/pid.c:63:2
	ldr	r1, [sp]
	.loc	2 63 16 is_stmt 0               @ ../Algorithm/Src/pid.c:63:16
	str	r0, [r1, #36]
	.loc	2 65 2 is_stmt 1                @ ../Algorithm/Src/pid.c:65:2
	ldr	r1, [sp]
	.loc	2 65 12 is_stmt 0               @ ../Algorithm/Src/pid.c:65:12
	str	r0, [r1, #40]
	.loc	2 66 2 is_stmt 1                @ ../Algorithm/Src/pid.c:66:2
	ldr	r1, [sp]
	.loc	2 66 12 is_stmt 0               @ ../Algorithm/Src/pid.c:66:12
	str	r0, [r1, #44]
	.loc	2 67 2 is_stmt 1                @ ../Algorithm/Src/pid.c:67:2
	ldr	r1, [sp]
	.loc	2 67 12 is_stmt 0               @ ../Algorithm/Src/pid.c:67:12
	str	r0, [r1, #48]
	.loc	2 68 2 is_stmt 1                @ ../Algorithm/Src/pid.c:68:2
	ldr	r1, [sp]
	.loc	2 68 14 is_stmt 0               @ ../Algorithm/Src/pid.c:68:14
	str	r0, [r1, #52]
	.loc	2 69 1 epilogue_begin is_stmt 1 @ ../Algorithm/Src/pid.c:69:1
	add	sp, #4
	bx	lr
.Ltmp3:
.Lfunc_end1:
	.size	PID_Calc_Clear, .Lfunc_end1-PID_Calc_Clear
	.cfi_endproc
	.cantunwind
	.fnend
                                        @ -- End function
	.section	.text.PID_Param_Init,"ax",%progbits
	.p2align	3                               @ -- Begin function PID_Param_Init
	.type	PID_Param_Init,%function
	.code	16                              @ @PID_Param_Init
	.thumb_func
PID_Param_Init:
.Lfunc_begin2:
	.loc	2 13 0                          @ ../Algorithm/Src/pid.c:13:0
	.fnstart
	.cfi_startproc
@ %bb.0:
	.save	{r7, lr}
	push	{r7, lr}
	.cfi_def_cfa_offset 8
	.cfi_offset lr, -4
	.cfi_offset r7, -8
	.pad	#16
	sub	sp, #16
	.cfi_def_cfa_offset 24
	str	r0, [sp, #8]
	str	r1, [sp, #4]
.Ltmp4:
	.loc	2 16 8 prologue_end             @ ../Algorithm/Src/pid.c:16:8
	ldr	r0, [sp, #8]
	.loc	2 16 13 is_stmt 0               @ ../Algorithm/Src/pid.c:16:13
	ldrb	r0, [r0]
	.loc	2 16 35                         @ ../Algorithm/Src/pid.c:16:35
	cbz	r0, .LBB2_2
	b	.LBB2_1
.LBB2_1:
	.loc	2 16 38                         @ ../Algorithm/Src/pid.c:16:38
	ldr	r0, [sp, #4]
.Ltmp5:
	.loc	2 16 8                          @ ../Algorithm/Src/pid.c:16:8
	cbnz	r0, .LBB2_3
	b	.LBB2_2
.LBB2_2:
	.loc	2 0 8                           @ ../Algorithm/Src/pid.c:0:8
	movs	r0, #1
.Ltmp6:
	.loc	2 18 7 is_stmt 1                @ ../Algorithm/Src/pid.c:18:7
	strb.w	r0, [sp, #15]
	b	.LBB2_7
.Ltmp7:
.LBB2_3:
	.loc	2 22 21                         @ ../Algorithm/Src/pid.c:22:21
	ldr	r0, [sp, #4]
	ldr	r0, [r0]
	.loc	2 22 5 is_stmt 0                @ ../Algorithm/Src/pid.c:22:5
	ldr	r1, [sp, #8]
	.loc	2 22 19                         @ ../Algorithm/Src/pid.c:22:19
	str	r0, [r1, #92]
	.loc	2 23 21 is_stmt 1               @ ../Algorithm/Src/pid.c:23:21
	ldr	r0, [sp, #4]
	ldr	r0, [r0, #4]
	.loc	2 23 5 is_stmt 0                @ ../Algorithm/Src/pid.c:23:5
	ldr	r1, [sp, #8]
	.loc	2 23 19                         @ ../Algorithm/Src/pid.c:23:19
	str	r0, [r1, #96]
	.loc	2 24 21 is_stmt 1               @ ../Algorithm/Src/pid.c:24:21
	ldr	r0, [sp, #4]
	ldr	r0, [r0, #8]
	.loc	2 24 5 is_stmt 0                @ ../Algorithm/Src/pid.c:24:5
	ldr	r1, [sp, #8]
	.loc	2 24 19                         @ ../Algorithm/Src/pid.c:24:19
	str	r0, [r1, #100]
	.loc	2 25 24 is_stmt 1               @ ../Algorithm/Src/pid.c:25:24
	ldr	r0, [sp, #4]
	ldr	r0, [r0, #12]
	.loc	2 25 5 is_stmt 0                @ ../Algorithm/Src/pid.c:25:5
	ldr	r1, [sp, #8]
	.loc	2 25 22                         @ ../Algorithm/Src/pid.c:25:22
	str	r0, [r1, #104]
	.loc	2 27 25 is_stmt 1               @ ../Algorithm/Src/pid.c:27:25
	ldr	r0, [sp, #4]
	ldr	r0, [r0, #16]
	.loc	2 27 3 is_stmt 0                @ ../Algorithm/Src/pid.c:27:3
	ldr	r1, [sp, #8]
	.loc	2 27 23                         @ ../Algorithm/Src/pid.c:27:23
	str	r0, [r1, #108]
	.loc	2 28 32 is_stmt 1               @ ../Algorithm/Src/pid.c:28:32
	ldr	r0, [sp, #4]
	ldr	r0, [r0, #20]
	.loc	2 28 5 is_stmt 0                @ ../Algorithm/Src/pid.c:28:5
	ldr	r1, [sp, #8]
	.loc	2 28 30                         @ ../Algorithm/Src/pid.c:28:30
	str	r0, [r1, #112]
	.loc	2 29 30 is_stmt 1               @ ../Algorithm/Src/pid.c:29:30
	ldr	r0, [sp, #4]
	ldr	r0, [r0, #24]
	.loc	2 29 5 is_stmt 0                @ ../Algorithm/Src/pid.c:29:5
	ldr	r1, [sp, #8]
	.loc	2 29 28                         @ ../Algorithm/Src/pid.c:29:28
	str	r0, [r1, #116]
	.loc	2 32 37 is_stmt 1               @ ../Algorithm/Src/pid.c:32:37
	ldr	r0, [sp, #4]
	ldr	r0, [r0, #28]
	.loc	2 32 5 is_stmt 0                @ ../Algorithm/Src/pid.c:32:5
	ldr	r1, [sp, #8]
	.loc	2 32 35                         @ ../Algorithm/Src/pid.c:32:35
	str	r0, [r1, #120]
	.loc	2 33 37 is_stmt 1               @ ../Algorithm/Src/pid.c:33:37
	ldr	r0, [sp, #4]
	ldr	r0, [r0, #32]
	.loc	2 33 5 is_stmt 0                @ ../Algorithm/Src/pid.c:33:5
	ldr	r1, [sp, #8]
	.loc	2 33 35                         @ ../Algorithm/Src/pid.c:33:35
	str	r0, [r1, #124]
	.loc	2 36 21 is_stmt 1               @ ../Algorithm/Src/pid.c:36:21
	ldr	r0, [sp, #4]
	ldr	r0, [r0, #36]
	.loc	2 36 5 is_stmt 0                @ ../Algorithm/Src/pid.c:36:5
	ldr	r1, [sp, #8]
	.loc	2 36 19                         @ ../Algorithm/Src/pid.c:36:19
	str.w	r0, [r1, #128]
	.loc	2 38 12 is_stmt 1               @ ../Algorithm/Src/pid.c:38:12
	ldr	r1, [sp, #8]
	movs	r0, #0
	.loc	2 38 5 is_stmt 0                @ ../Algorithm/Src/pid.c:38:5
	str	r0, [r1, #64]
	str	r0, [r1, #60]
	str	r0, [r1, #56]
	.loc	2 39 5 is_stmt 1                @ ../Algorithm/Src/pid.c:39:5
	ldr	r1, [sp, #8]
	.loc	2 39 23 is_stmt 0               @ ../Algorithm/Src/pid.c:39:23
	strb.w	r0, [r1, #68]
.Ltmp8:
	.loc	2 41 9 is_stmt 1                @ ../Algorithm/Src/pid.c:41:9
	ldr	r0, [sp, #8]
	.loc	2 41 20 is_stmt 0               @ ../Algorithm/Src/pid.c:41:20
	vldr	s0, [r0, #104]
	.loc	2 41 32                         @ ../Algorithm/Src/pid.c:41:32
	vcmp.f32	s0, #0
	vmrs	APSR_nzcv, fpscr
	ble	.LBB2_6
	b	.LBB2_4
.LBB2_4:
	.loc	2 41 36                         @ ../Algorithm/Src/pid.c:41:36
	ldr	r0, [sp, #8]
	.loc	2 41 47                         @ ../Algorithm/Src/pid.c:41:47
	vldr	s0, [r0, #104]
	vmov.f32	s2, #1.000000e+00
.Ltmp9:
	.loc	2 41 9                          @ ../Algorithm/Src/pid.c:41:9
	vcmp.f32	s0, s2
	vmrs	APSR_nzcv, fpscr
	bge	.LBB2_6
	b	.LBB2_5
.LBB2_5:
.Ltmp10:
	.loc	2 42 25 is_stmt 1               @ ../Algorithm/Src/pid.c:42:25
	ldr	r1, [sp, #8]
	.loc	2 42 30 is_stmt 0               @ ../Algorithm/Src/pid.c:42:30
	add.w	r0, r1, #76
	.loc	2 42 50                         @ ../Algorithm/Src/pid.c:42:50
	vldr	s0, [r1, #104]
	.loc	2 42 3                          @ ../Algorithm/Src/pid.c:42:3
	bl	LowPassFilter1p_Init
	b	.LBB2_6
.Ltmp11:
.LBB2_6:
	.loc	2 46 5 is_stmt 1                @ ../Algorithm/Src/pid.c:46:5
	ldr	r1, [sp, #8]
	movs	r0, #0
	.loc	2 46 34 is_stmt 0               @ ../Algorithm/Src/pid.c:46:34
	strh.w	r0, [r1, #132]
	.loc	2 49 5 is_stmt 1                @ ../Algorithm/Src/pid.c:49:5
	strb.w	r0, [sp, #15]
	b	.LBB2_7
.LBB2_7:
	.loc	2 50 1                          @ ../Algorithm/Src/pid.c:50:1
	ldrb.w	r0, [sp, #15]
	.loc	2 50 1 epilogue_begin is_stmt 0 @ ../Algorithm/Src/pid.c:50:1
	add	sp, #16
	pop	{r7, pc}
.Ltmp12:
.Lfunc_end2:
	.size	PID_Param_Init, .Lfunc_end2-PID_Param_Init
	.cfi_endproc
	.cantunwind
	.fnend
                                        @ -- End function
	.section	.text.PID_Calculate,"ax",%progbits
	.hidden	PID_Calculate                   @ -- Begin function PID_Calculate
	.globl	PID_Calculate
	.p2align	3
	.type	PID_Calculate,%function
	.code	16                              @ @PID_Calculate
	.thumb_func
PID_Calculate:
.Lfunc_begin3:
	.loc	2 126 0 is_stmt 1               @ ../Algorithm/Src/pid.c:126:0
	.fnstart
	.cfi_startproc
@ %bb.0:
	.save	{r7, lr}
	push	{r7, lr}
	.cfi_def_cfa_offset 8
	.cfi_offset lr, -4
	.cfi_offset r7, -8
	.pad	#48
	sub	sp, #48
	.cfi_def_cfa_offset 56
	str	r0, [sp, #40]
	vstr	s0, [sp, #36]
	vstr	s1, [sp, #32]
.Ltmp13:
	.loc	2 128 19 prologue_end           @ ../Algorithm/Src/pid.c:128:19
	ldr	r0, [sp, #40]
	.loc	2 128 3 is_stmt 0               @ ../Algorithm/Src/pid.c:128:3
	bl	PID_ErrorHandle
.Ltmp14:
	.loc	2 129 6 is_stmt 1               @ ../Algorithm/Src/pid.c:129:6
	ldr	r0, [sp, #40]
	.loc	2 129 24 is_stmt 0              @ ../Algorithm/Src/pid.c:129:24
	ldrb.w	r0, [r0, #134]
.Ltmp15:
	.loc	2 129 6                         @ ../Algorithm/Src/pid.c:129:6
	cbz	r0, .LBB3_2
	b	.LBB3_1
.LBB3_1:
.Ltmp16:
	.loc	2 131 5 is_stmt 1               @ ../Algorithm/Src/pid.c:131:5
	ldr	r0, [sp, #40]
	.loc	2 131 10 is_stmt 0              @ ../Algorithm/Src/pid.c:131:10
	ldr.w	r1, [r0, #140]
	.loc	2 131 5                         @ ../Algorithm/Src/pid.c:131:5
	blx	r1
	movs	r0, #0
	.loc	2 132 5 is_stmt 1               @ ../Algorithm/Src/pid.c:132:5
	str	r0, [sp, #44]
	b.w	.LBB3_142
.Ltmp17:
.LBB3_2:
	.loc	2 136 18                        @ ../Algorithm/Src/pid.c:136:18
	ldr	r0, [sp, #36]
	.loc	2 136 3 is_stmt 0               @ ../Algorithm/Src/pid.c:136:3
	ldr	r1, [sp, #40]
	.loc	2 136 15                        @ ../Algorithm/Src/pid.c:136:15
	str	r0, [r1, #4]
	.loc	2 137 18 is_stmt 1              @ ../Algorithm/Src/pid.c:137:18
	ldr	r0, [sp, #32]
	.loc	2 137 3 is_stmt 0               @ ../Algorithm/Src/pid.c:137:3
	ldr	r1, [sp, #40]
	.loc	2 137 16                        @ ../Algorithm/Src/pid.c:137:16
	str	r0, [r1, #8]
	.loc	2 140 16 is_stmt 1              @ ../Algorithm/Src/pid.c:140:16
	ldr	r1, [sp, #40]
	ldr	r0, [r1, #16]
	.loc	2 140 14 is_stmt 0              @ ../Algorithm/Src/pid.c:140:14
	str	r0, [r1, #20]
	.loc	2 141 16 is_stmt 1              @ ../Algorithm/Src/pid.c:141:16
	ldr	r1, [sp, #40]
	ldr	r0, [r1, #12]
	.loc	2 141 14 is_stmt 0              @ ../Algorithm/Src/pid.c:141:14
	str	r0, [r1, #16]
	.loc	2 142 16 is_stmt 1              @ ../Algorithm/Src/pid.c:142:16
	ldr	r0, [sp, #40]
	.loc	2 142 21 is_stmt 0              @ ../Algorithm/Src/pid.c:142:21
	vldr	s0, [r0, #4]
	.loc	2 142 35                        @ ../Algorithm/Src/pid.c:142:35
	vldr	s2, [r0, #8]
	.loc	2 142 28                        @ ../Algorithm/Src/pid.c:142:28
	vsub.f32	s0, s0, s2
	.loc	2 142 14                        @ ../Algorithm/Src/pid.c:142:14
	vstr	s0, [r0, #12]
	.loc	2 144 27 is_stmt 1              @ ../Algorithm/Src/pid.c:144:27
	ldr	r0, [sp, #40]
	vldr	s0, [r0, #12]
	.loc	2 144 21 is_stmt 0              @ ../Algorithm/Src/pid.c:144:21
	vabs.f32	s0, s0
	.loc	2 144 9                         @ ../Algorithm/Src/pid.c:144:9
	vstr	s0, [sp, #28]
.Ltmp18:
	.loc	2 146 9 is_stmt 1               @ ../Algorithm/Src/pid.c:146:9
	vldr	s0, [sp, #28]
	.loc	2 146 21 is_stmt 0              @ ../Algorithm/Src/pid.c:146:21
	ldr	r0, [sp, #40]
	.loc	2 146 32                        @ ../Algorithm/Src/pid.c:146:32
	vldr	s2, [r0, #108]
.Ltmp19:
	.loc	2 146 9                         @ ../Algorithm/Src/pid.c:146:9
	vcmp.f32	s0, s2
	vmrs	APSR_nzcv, fpscr
	bge	.LBB3_4
	b	.LBB3_3
.LBB3_3:
.Ltmp20:
	.loc	2 147 9 is_stmt 1               @ ../Algorithm/Src/pid.c:147:9
	ldr	r1, [sp, #40]
	movs	r0, #0
	.loc	2 147 21 is_stmt 0              @ ../Algorithm/Src/pid.c:147:21
	str	r0, [r1, #12]
	.loc	2 148 19 is_stmt 1              @ ../Algorithm/Src/pid.c:148:19
	str	r0, [sp, #28]
	.loc	2 149 5                         @ ../Algorithm/Src/pid.c:149:5
	b	.LBB3_8
.Ltmp21:
.LBB3_4:
	.loc	2 149 16 is_stmt 0              @ ../Algorithm/Src/pid.c:149:16
	ldr	r0, [sp, #40]
	vldr	s0, [r0, #12]
.Ltmp22:
	.loc	2 149 16                        @ ../Algorithm/Src/pid.c:149:16
	vcmp.f32	s0, #0
	vmrs	APSR_nzcv, fpscr
	ble	.LBB3_6
	b	.LBB3_5
.LBB3_5:
.Ltmp23:
	.loc	2 150 24 is_stmt 1              @ ../Algorithm/Src/pid.c:150:24
	ldr	r0, [sp, #40]
	.loc	2 150 21 is_stmt 0              @ ../Algorithm/Src/pid.c:150:21
	vldr	s0, [r0, #12]
	.loc	2 150 35                        @ ../Algorithm/Src/pid.c:150:35
	vldr	s2, [r0, #108]
	.loc	2 150 21                        @ ../Algorithm/Src/pid.c:150:21
	vsub.f32	s0, s0, s2
	vstr	s0, [r0, #12]
	.loc	2 151 5 is_stmt 1               @ ../Algorithm/Src/pid.c:151:5
	b	.LBB3_7
.Ltmp24:
.LBB3_6:
	.loc	2 152 24                        @ ../Algorithm/Src/pid.c:152:24
	ldr	r0, [sp, #40]
	.loc	2 152 21 is_stmt 0              @ ../Algorithm/Src/pid.c:152:21
	vldr	s0, [r0, #12]
	.loc	2 152 35                        @ ../Algorithm/Src/pid.c:152:35
	vldr	s2, [r0, #108]
	.loc	2 152 21                        @ ../Algorithm/Src/pid.c:152:21
	vadd.f32	s0, s0, s2
	vstr	s0, [r0, #12]
	b	.LBB3_7
.Ltmp25:
.LBB3_7:
	.loc	2 0 21                          @ ../Algorithm/Src/pid.c:0:21
	b	.LBB3_8
.LBB3_8:
	.loc	2 156 23 is_stmt 1              @ ../Algorithm/Src/pid.c:156:23
	ldr	r0, [sp, #40]
	vldr	s0, [r0, #12]
	.loc	2 156 17 is_stmt 0              @ ../Algorithm/Src/pid.c:156:17
	vabs.f32	s0, s0
	.loc	2 156 15                        @ ../Algorithm/Src/pid.c:156:15
	vstr	s0, [sp, #28]
.Ltmp26:
	.loc	2 157 12 is_stmt 1              @ ../Algorithm/Src/pid.c:157:12
	ldr	r0, [sp, #40]
	vldr	s0, [r0, #12]
	.loc	2 157 6 is_stmt 0               @ ../Algorithm/Src/pid.c:157:6
	vabs.f32	s0, s0
.Ltmp27:
	.loc	2 157 6                         @ ../Algorithm/Src/pid.c:157:6
	vcmp.f32	s0, #0
	vmrs	APSR_nzcv, fpscr
	blt.w	.LBB3_140
	b	.LBB3_9
.LBB3_9:
.Ltmp28:
	.loc	2 159 15 is_stmt 1              @ ../Algorithm/Src/pid.c:159:15
	ldr	r0, [sp, #40]
	.loc	2 159 20 is_stmt 0              @ ../Algorithm/Src/pid.c:159:20
	ldrb	r0, [r0]
	.loc	2 159 7                         @ ../Algorithm/Src/pid.c:159:7
	subs	r0, #1
	mov	r1, r0
	str	r1, [sp, #4]                    @ 4-byte Spill
	cmp	r0, #5
	bhi.w	.LBB3_138
@ %bb.10:
	ldr	r1, [sp, #4]                    @ 4-byte Reload
.LCPI3_13:
	tbh	[pc, r1, lsl #1]
@ %bb.11:
	.loc	2 0 7                           @ ../Algorithm/Src/pid.c:0:7
.LJTI3_0:
	.short	(.LBB3_12-(.LCPI3_13+4))/2
	.short	(.LBB3_33-(.LCPI3_13+4))/2
	.short	(.LBB3_44-(.LCPI3_13+4))/2
	.short	(.LBB3_71-(.LCPI3_13+4))/2
	.short	(.LBB3_124-(.LCPI3_13+4))/2
	.short	(.LBB3_88-(.LCPI3_13+4))/2
	.p2align	1
.LBB3_12:
.Ltmp29:
	.loc	2 162 25 is_stmt 1              @ ../Algorithm/Src/pid.c:162:25
	ldr	r0, [sp, #40]
	.loc	2 162 41 is_stmt 0              @ ../Algorithm/Src/pid.c:162:41
	vldr	s2, [r0, #12]
	.loc	2 162 36                        @ ../Algorithm/Src/pid.c:162:36
	vldr	s0, [r0, #92]
	.loc	2 162 39                        @ ../Algorithm/Src/pid.c:162:39
	vmul.f32	s0, s0, s2
	.loc	2 162 23                        @ ../Algorithm/Src/pid.c:162:23
	vstr	s0, [r0, #40]
.Ltmp30:
	.loc	2 163 17 is_stmt 1              @ ../Algorithm/Src/pid.c:163:17
	ldr	r0, [sp, #40]
	.loc	2 163 28 is_stmt 0              @ ../Algorithm/Src/pid.c:163:28
	vldr	s0, [r0, #96]
.Ltmp31:
	.loc	2 163 17                        @ ../Algorithm/Src/pid.c:163:17
	vcmp.f32	s0, #0
	vmrs	APSR_nzcv, fpscr
	beq	.LBB3_21
	b	.LBB3_13
.LBB3_13:
.Ltmp32:
	.loc	2 164 34 is_stmt 1              @ ../Algorithm/Src/pid.c:164:34
	ldr	r0, [sp, #40]
	vldr	s2, [r0, #12]
	.loc	2 164 31 is_stmt 0              @ ../Algorithm/Src/pid.c:164:31
	vldr	s0, [r0, #36]
	vadd.f32	s0, s0, s2
	vstr	s0, [r0, #36]
	.loc	2 165 17 is_stmt 1              @ ../Algorithm/Src/pid.c:165:17
	b	.LBB3_14
.LBB3_14:
.Ltmp33:
	.loc	2 165 17 is_stmt 0              @ ../Algorithm/Src/pid.c:165:17
	ldr	r0, [sp, #40]
	vldr	s0, [r0, #36]
	vldr	s2, [r0, #112]
.Ltmp34:
	.loc	2 165 17                        @ ../Algorithm/Src/pid.c:165:17
	vcmp.f32	s0, s2
	vmrs	APSR_nzcv, fpscr
	ble	.LBB3_16
	b	.LBB3_15
.LBB3_15:
.Ltmp35:
	.loc	2 165 17                        @ ../Algorithm/Src/pid.c:165:17
	ldr	r1, [sp, #40]
	ldr	r0, [r1, #112]
	str	r0, [r1, #36]
	b	.LBB3_19
.Ltmp36:
.LBB3_16:
	.loc	2 165 17                        @ ../Algorithm/Src/pid.c:165:17
	ldr	r0, [sp, #40]
	vldr	s0, [r0, #36]
	vldr	s2, [r0, #112]
	vneg.f32	s2, s2
.Ltmp37:
	.loc	2 165 17                        @ ../Algorithm/Src/pid.c:165:17
	vcmp.f32	s0, s2
	vmrs	APSR_nzcv, fpscr
	bge	.LBB3_18
	b	.LBB3_17
.LBB3_17:
.Ltmp38:
	.loc	2 165 17                        @ ../Algorithm/Src/pid.c:165:17
	ldr	r0, [sp, #40]
	vldr	s0, [r0, #112]
	vneg.f32	s0, s0
	vstr	s0, [r0, #36]
	b	.LBB3_18
.Ltmp39:
.LBB3_18:
	.loc	2 0 17                          @ ../Algorithm/Src/pid.c:0:17
	b	.LBB3_19
.LBB3_19:
	.loc	2 165 17                        @ ../Algorithm/Src/pid.c:165:17
	b	.LBB3_20
.Ltmp40:
.LBB3_20:
	.loc	2 166 29 is_stmt 1              @ ../Algorithm/Src/pid.c:166:29
	ldr	r0, [sp, #40]
	.loc	2 166 50 is_stmt 0              @ ../Algorithm/Src/pid.c:166:50
	vldr	s2, [r0, #36]
	.loc	2 166 40                        @ ../Algorithm/Src/pid.c:166:40
	vldr	s0, [r0, #96]
	.loc	2 166 43                        @ ../Algorithm/Src/pid.c:166:43
	vmul.f32	s0, s0, s2
	.loc	2 166 27                        @ ../Algorithm/Src/pid.c:166:27
	vstr	s0, [r0, #44]
	.loc	2 167 13 is_stmt 1              @ ../Algorithm/Src/pid.c:167:13
	b	.LBB3_22
.Ltmp41:
.LBB3_21:
	.loc	2 168 17                        @ ../Algorithm/Src/pid.c:168:17
	ldr	r1, [sp, #40]
	movs	r0, #0
	.loc	2 168 27 is_stmt 0              @ ../Algorithm/Src/pid.c:168:27
	str	r0, [r1, #44]
	b	.LBB3_22
.Ltmp42:
.LBB3_22:
	.loc	2 170 25 is_stmt 1              @ ../Algorithm/Src/pid.c:170:25
	ldr	r0, [sp, #40]
	.loc	2 170 42 is_stmt 0              @ ../Algorithm/Src/pid.c:170:42
	vldr	s2, [r0, #12]
	.loc	2 170 56                        @ ../Algorithm/Src/pid.c:170:56
	vldr	s4, [r0, #16]
	.loc	2 170 36                        @ ../Algorithm/Src/pid.c:170:36
	vldr	s0, [r0, #100]
	.loc	2 170 54                        @ ../Algorithm/Src/pid.c:170:54
	vsub.f32	s2, s2, s4
	.loc	2 170 39                        @ ../Algorithm/Src/pid.c:170:39
	vmul.f32	s0, s0, s2
	.loc	2 170 23                        @ ../Algorithm/Src/pid.c:170:23
	vstr	s0, [r0, #48]
.Ltmp43:
	.loc	2 171 17 is_stmt 1              @ ../Algorithm/Src/pid.c:171:17
	ldr	r0, [sp, #40]
	.loc	2 171 28 is_stmt 0              @ ../Algorithm/Src/pid.c:171:28
	vldr	s0, [r0, #104]
	.loc	2 171 40                        @ ../Algorithm/Src/pid.c:171:40
	vcmp.f32	s0, #0
	vmrs	APSR_nzcv, fpscr
	ble	.LBB3_25
	b	.LBB3_23
.LBB3_23:
	.loc	2 171 43                        @ ../Algorithm/Src/pid.c:171:43
	ldr	r0, [sp, #40]
	.loc	2 171 54                        @ ../Algorithm/Src/pid.c:171:54
	vldr	s0, [r0, #104]
	vmov.f32	s2, #1.000000e+00
.Ltmp44:
	.loc	2 171 17                        @ ../Algorithm/Src/pid.c:171:17
	vcmp.f32	s0, s2
	vmrs	APSR_nzcv, fpscr
	bge	.LBB3_25
	b	.LBB3_24
.LBB3_24:
.Ltmp45:
	.loc	2 172 39 is_stmt 1              @ ../Algorithm/Src/pid.c:172:39
	ldr	r1, [sp, #40]
	.loc	2 172 50 is_stmt 0              @ ../Algorithm/Src/pid.c:172:50
	ldr	r0, [r1, #104]
	.loc	2 172 37                        @ ../Algorithm/Src/pid.c:172:37
	str	r0, [r1, #88]
	.loc	2 173 53 is_stmt 1              @ ../Algorithm/Src/pid.c:173:53
	ldr	r1, [sp, #40]
	.loc	2 173 58 is_stmt 0              @ ../Algorithm/Src/pid.c:173:58
	add.w	r0, r1, #76
	.loc	2 173 73                        @ ../Algorithm/Src/pid.c:173:73
	vldr	s0, [r1, #48]
	.loc	2 173 29                        @ ../Algorithm/Src/pid.c:173:29
	bl	LowPassFilter1p_Update
	.loc	2 173 17                        @ ../Algorithm/Src/pid.c:173:17
	ldr	r0, [sp, #40]
	.loc	2 173 27                        @ ../Algorithm/Src/pid.c:173:27
	vstr	s0, [r0, #48]
	.loc	2 174 13 is_stmt 1              @ ../Algorithm/Src/pid.c:174:13
	b	.LBB3_25
.Ltmp46:
.LBB3_25:
	.loc	2 175 27                        @ ../Algorithm/Src/pid.c:175:27
	ldr	r0, [sp, #40]
	.loc	2 175 32 is_stmt 0              @ ../Algorithm/Src/pid.c:175:32
	vldr	s0, [r0, #40]
	.loc	2 175 44                        @ ../Algorithm/Src/pid.c:175:44
	vldr	s4, [r0, #44]
	.loc	2 175 56                        @ ../Algorithm/Src/pid.c:175:56
	vldr	s2, [r0, #48]
	.loc	2 175 37                        @ ../Algorithm/Src/pid.c:175:37
	vadd.f32	s0, s0, s4
	.loc	2 175 49                        @ ../Algorithm/Src/pid.c:175:49
	vadd.f32	s0, s0, s2
	.loc	2 175 25                        @ ../Algorithm/Src/pid.c:175:25
	vstr	s0, [r0, #52]
	.loc	2 176 13 is_stmt 1              @ ../Algorithm/Src/pid.c:176:13
	b	.LBB3_26
.LBB3_26:
.Ltmp47:
	.loc	2 176 13 is_stmt 0              @ ../Algorithm/Src/pid.c:176:13
	ldr	r0, [sp, #40]
	vldr	s0, [r0, #52]
	vldr	s2, [r0, #116]
.Ltmp48:
	.loc	2 176 13                        @ ../Algorithm/Src/pid.c:176:13
	vcmp.f32	s0, s2
	vmrs	APSR_nzcv, fpscr
	ble	.LBB3_28
	b	.LBB3_27
.LBB3_27:
.Ltmp49:
	.loc	2 176 13                        @ ../Algorithm/Src/pid.c:176:13
	ldr	r1, [sp, #40]
	ldr	r0, [r1, #116]
	str	r0, [r1, #52]
	b	.LBB3_31
.Ltmp50:
.LBB3_28:
	.loc	2 176 13                        @ ../Algorithm/Src/pid.c:176:13
	ldr	r0, [sp, #40]
	vldr	s0, [r0, #52]
	vldr	s2, [r0, #116]
	vneg.f32	s2, s2
.Ltmp51:
	.loc	2 176 13                        @ ../Algorithm/Src/pid.c:176:13
	vcmp.f32	s0, s2
	vmrs	APSR_nzcv, fpscr
	bge	.LBB3_30
	b	.LBB3_29
.LBB3_29:
.Ltmp52:
	.loc	2 176 13                        @ ../Algorithm/Src/pid.c:176:13
	ldr	r0, [sp, #40]
	vldr	s0, [r0, #116]
	vneg.f32	s0, s0
	vstr	s0, [r0, #52]
	b	.LBB3_30
.Ltmp53:
.LBB3_30:
	.loc	2 0 13                          @ ../Algorithm/Src/pid.c:0:13
	b	.LBB3_31
.LBB3_31:
	.loc	2 176 13                        @ ../Algorithm/Src/pid.c:176:13
	b	.LBB3_32
.Ltmp54:
.LBB3_32:
	.loc	2 177 13 is_stmt 1              @ ../Algorithm/Src/pid.c:177:13
	b	.LBB3_139
.Ltmp55:
.LBB3_33:
	.loc	2 181 25                        @ ../Algorithm/Src/pid.c:181:25
	ldr	r0, [sp, #40]
	.loc	2 181 42 is_stmt 0              @ ../Algorithm/Src/pid.c:181:42
	vldr	s2, [r0, #12]
	.loc	2 181 56                        @ ../Algorithm/Src/pid.c:181:56
	vldr	s4, [r0, #16]
	.loc	2 181 36                        @ ../Algorithm/Src/pid.c:181:36
	vldr	s0, [r0, #92]
	.loc	2 181 54                        @ ../Algorithm/Src/pid.c:181:54
	vsub.f32	s2, s2, s4
	.loc	2 181 39                        @ ../Algorithm/Src/pid.c:181:39
	vmul.f32	s0, s0, s2
	.loc	2 181 23                        @ ../Algorithm/Src/pid.c:181:23
	vstr	s0, [r0, #40]
	.loc	2 182 25 is_stmt 1              @ ../Algorithm/Src/pid.c:182:25
	ldr	r0, [sp, #40]
	.loc	2 182 41 is_stmt 0              @ ../Algorithm/Src/pid.c:182:41
	vldr	s2, [r0, #12]
	.loc	2 182 36                        @ ../Algorithm/Src/pid.c:182:36
	vldr	s0, [r0, #96]
	.loc	2 182 39                        @ ../Algorithm/Src/pid.c:182:39
	vmul.f32	s0, s0, s2
	.loc	2 182 23                        @ ../Algorithm/Src/pid.c:182:23
	vstr	s0, [r0, #44]
	.loc	2 183 25 is_stmt 1              @ ../Algorithm/Src/pid.c:183:25
	ldr	r0, [sp, #40]
	.loc	2 183 42 is_stmt 0              @ ../Algorithm/Src/pid.c:183:42
	vldr	s2, [r0, #12]
	.loc	2 183 62                        @ ../Algorithm/Src/pid.c:183:62
	vldr	s6, [r0, #16]
	.loc	2 183 76                        @ ../Algorithm/Src/pid.c:183:76
	vldr	s4, [r0, #20]
	.loc	2 183 36                        @ ../Algorithm/Src/pid.c:183:36
	vldr	s0, [r0, #100]
	vmov.f32	s8, #-2.000000e+00
	.loc	2 183 54                        @ ../Algorithm/Src/pid.c:183:54
	vfma.f32	s2, s6, s8
	.loc	2 183 74                        @ ../Algorithm/Src/pid.c:183:74
	vadd.f32	s2, s2, s4
	.loc	2 183 39                        @ ../Algorithm/Src/pid.c:183:39
	vmul.f32	s0, s0, s2
	.loc	2 183 23                        @ ../Algorithm/Src/pid.c:183:23
	vstr	s0, [r0, #48]
.Ltmp56:
	.loc	2 184 17 is_stmt 1              @ ../Algorithm/Src/pid.c:184:17
	ldr	r0, [sp, #40]
	.loc	2 184 28 is_stmt 0              @ ../Algorithm/Src/pid.c:184:28
	vldr	s0, [r0, #104]
	.loc	2 184 40                        @ ../Algorithm/Src/pid.c:184:40
	vcmp.f32	s0, #0
	vmrs	APSR_nzcv, fpscr
	ble	.LBB3_36
	b	.LBB3_34
.LBB3_34:
	.loc	2 184 43                        @ ../Algorithm/Src/pid.c:184:43
	ldr	r0, [sp, #40]
	.loc	2 184 54                        @ ../Algorithm/Src/pid.c:184:54
	vldr	s0, [r0, #104]
	vmov.f32	s2, #1.000000e+00
.Ltmp57:
	.loc	2 184 17                        @ ../Algorithm/Src/pid.c:184:17
	vcmp.f32	s0, s2
	vmrs	APSR_nzcv, fpscr
	bge	.LBB3_36
	b	.LBB3_35
.LBB3_35:
.Ltmp58:
	.loc	2 185 39 is_stmt 1              @ ../Algorithm/Src/pid.c:185:39
	ldr	r1, [sp, #40]
	.loc	2 185 50 is_stmt 0              @ ../Algorithm/Src/pid.c:185:50
	ldr	r0, [r1, #104]
	.loc	2 185 37                        @ ../Algorithm/Src/pid.c:185:37
	str	r0, [r1, #88]
	.loc	2 186 53 is_stmt 1              @ ../Algorithm/Src/pid.c:186:53
	ldr	r1, [sp, #40]
	.loc	2 186 58 is_stmt 0              @ ../Algorithm/Src/pid.c:186:58
	add.w	r0, r1, #76
	.loc	2 186 73                        @ ../Algorithm/Src/pid.c:186:73
	vldr	s0, [r1, #48]
	.loc	2 186 29                        @ ../Algorithm/Src/pid.c:186:29
	bl	LowPassFilter1p_Update
	.loc	2 186 17                        @ ../Algorithm/Src/pid.c:186:17
	ldr	r0, [sp, #40]
	.loc	2 186 27                        @ ../Algorithm/Src/pid.c:186:27
	vstr	s0, [r0, #48]
	.loc	2 187 13 is_stmt 1              @ ../Algorithm/Src/pid.c:187:13
	b	.LBB3_36
.Ltmp59:
.LBB3_36:
	.loc	2 188 28                        @ ../Algorithm/Src/pid.c:188:28
	ldr	r0, [sp, #40]
	.loc	2 188 33 is_stmt 0              @ ../Algorithm/Src/pid.c:188:33
	vldr	s2, [r0, #40]
	.loc	2 188 45                        @ ../Algorithm/Src/pid.c:188:45
	vldr	s6, [r0, #44]
	.loc	2 188 57                        @ ../Algorithm/Src/pid.c:188:57
	vldr	s4, [r0, #48]
	.loc	2 188 25                        @ ../Algorithm/Src/pid.c:188:25
	vldr	s0, [r0, #52]
	.loc	2 188 38                        @ ../Algorithm/Src/pid.c:188:38
	vadd.f32	s2, s2, s6
	.loc	2 188 50                        @ ../Algorithm/Src/pid.c:188:50
	vadd.f32	s2, s2, s4
	.loc	2 188 25                        @ ../Algorithm/Src/pid.c:188:25
	vadd.f32	s0, s0, s2
	vstr	s0, [r0, #52]
	.loc	2 189 13 is_stmt 1              @ ../Algorithm/Src/pid.c:189:13
	b	.LBB3_37
.LBB3_37:
.Ltmp60:
	.loc	2 189 13 is_stmt 0              @ ../Algorithm/Src/pid.c:189:13
	ldr	r0, [sp, #40]
	vldr	s0, [r0, #52]
	vldr	s2, [r0, #116]
.Ltmp61:
	.loc	2 189 13                        @ ../Algorithm/Src/pid.c:189:13
	vcmp.f32	s0, s2
	vmrs	APSR_nzcv, fpscr
	ble	.LBB3_39
	b	.LBB3_38
.LBB3_38:
.Ltmp62:
	.loc	2 189 13                        @ ../Algorithm/Src/pid.c:189:13
	ldr	r1, [sp, #40]
	ldr	r0, [r1, #116]
	str	r0, [r1, #52]
	b	.LBB3_42
.Ltmp63:
.LBB3_39:
	.loc	2 189 13                        @ ../Algorithm/Src/pid.c:189:13
	ldr	r0, [sp, #40]
	vldr	s0, [r0, #52]
	vldr	s2, [r0, #116]
	vneg.f32	s2, s2
.Ltmp64:
	.loc	2 189 13                        @ ../Algorithm/Src/pid.c:189:13
	vcmp.f32	s0, s2
	vmrs	APSR_nzcv, fpscr
	bge	.LBB3_41
	b	.LBB3_40
.LBB3_40:
.Ltmp65:
	.loc	2 189 13                        @ ../Algorithm/Src/pid.c:189:13
	ldr	r0, [sp, #40]
	vldr	s0, [r0, #116]
	vneg.f32	s0, s0
	vstr	s0, [r0, #52]
	b	.LBB3_41
.Ltmp66:
.LBB3_41:
	.loc	2 0 13                          @ ../Algorithm/Src/pid.c:0:13
	b	.LBB3_42
.LBB3_42:
	.loc	2 189 13                        @ ../Algorithm/Src/pid.c:189:13
	b	.LBB3_43
.Ltmp67:
.LBB3_43:
	.loc	2 190 13 is_stmt 1              @ ../Algorithm/Src/pid.c:190:13
	b	.LBB3_139
.Ltmp68:
.LBB3_44:
	.loc	2 194 33                        @ ../Algorithm/Src/pid.c:194:33
	ldr	r0, [sp, #40]
	ldr	r0, [r0, #12]
	.loc	2 194 19 is_stmt 0              @ ../Algorithm/Src/pid.c:194:19
	str	r0, [sp, #24]
	.loc	2 196 13 is_stmt 1              @ ../Algorithm/Src/pid.c:196:13
	b	.LBB3_45
.LBB3_45:                               @ =>This Inner Loop Header: Depth=1
	.loc	2 196 20 is_stmt 0              @ ../Algorithm/Src/pid.c:196:20
	vldr	s0, [sp, #24]
	vldr	s2, __arm_cp.3_14
	.loc	2 196 13                        @ ../Algorithm/Src/pid.c:196:13
	vcmp.f32	s0, s2
	vmrs	APSR_nzcv, fpscr
	ble	.LBB3_47
	b	.LBB3_46
.LBB3_46:                               @   in Loop: Header=BB3_45 Depth=1
	.loc	2 196 54                        @ ../Algorithm/Src/pid.c:196:54
	vldr	s0, [sp, #24]
	vldr	s2, __arm_cp.3_15
	vadd.f32	s0, s0, s2
	vstr	s0, [sp, #24]
	.loc	2 196 13                        @ ../Algorithm/Src/pid.c:196:13
	b	.LBB3_45
.LBB3_47:
	.loc	2 197 13 is_stmt 1              @ ../Algorithm/Src/pid.c:197:13
	b	.LBB3_48
.LBB3_48:                               @ =>This Inner Loop Header: Depth=1
	.loc	2 197 20 is_stmt 0              @ ../Algorithm/Src/pid.c:197:20
	vldr	s0, [sp, #24]
	vldr	s2, __arm_cp.3_16
	.loc	2 197 13                        @ ../Algorithm/Src/pid.c:197:13
	vcmp.f32	s0, s2
	vmrs	APSR_nzcv, fpscr
	bge	.LBB3_50
	b	.LBB3_49
.LBB3_49:                               @   in Loop: Header=BB3_48 Depth=1
	.loc	2 197 55                        @ ../Algorithm/Src/pid.c:197:55
	vldr	s0, [sp, #24]
	vldr	s2, __arm_cp.3_17
	vadd.f32	s0, s0, s2
	vstr	s0, [sp, #24]
	.loc	2 197 13                        @ ../Algorithm/Src/pid.c:197:13
	b	.LBB3_48
.LBB3_50:
	.loc	2 198 27 is_stmt 1              @ ../Algorithm/Src/pid.c:198:27
	ldr	r0, [sp, #24]
	.loc	2 198 13 is_stmt 0              @ ../Algorithm/Src/pid.c:198:13
	ldr	r1, [sp, #40]
	.loc	2 198 25                        @ ../Algorithm/Src/pid.c:198:25
	str	r0, [r1, #12]
	.loc	2 200 25 is_stmt 1              @ ../Algorithm/Src/pid.c:200:25
	ldr	r0, [sp, #40]
	.loc	2 200 41 is_stmt 0              @ ../Algorithm/Src/pid.c:200:41
	vldr	s2, [r0, #12]
	.loc	2 200 36                        @ ../Algorithm/Src/pid.c:200:36
	vldr	s0, [r0, #92]
	.loc	2 200 39                        @ ../Algorithm/Src/pid.c:200:39
	vmul.f32	s0, s0, s2
	.loc	2 200 23                        @ ../Algorithm/Src/pid.c:200:23
	vstr	s0, [r0, #40]
.Ltmp69:
	.loc	2 201 17 is_stmt 1              @ ../Algorithm/Src/pid.c:201:17
	ldr	r0, [sp, #40]
	.loc	2 201 28 is_stmt 0              @ ../Algorithm/Src/pid.c:201:28
	vldr	s0, [r0, #96]
.Ltmp70:
	.loc	2 201 17                        @ ../Algorithm/Src/pid.c:201:17
	vcmp.f32	s0, #0
	vmrs	APSR_nzcv, fpscr
	beq	.LBB3_59
	b	.LBB3_51
.LBB3_51:
.Ltmp71:
	.loc	2 202 34 is_stmt 1              @ ../Algorithm/Src/pid.c:202:34
	ldr	r0, [sp, #40]
	vldr	s2, [r0, #12]
	.loc	2 202 31 is_stmt 0              @ ../Algorithm/Src/pid.c:202:31
	vldr	s0, [r0, #36]
	vadd.f32	s0, s0, s2
	vstr	s0, [r0, #36]
	.loc	2 203 17 is_stmt 1              @ ../Algorithm/Src/pid.c:203:17
	b	.LBB3_52
.LBB3_52:
.Ltmp72:
	.loc	2 203 17 is_stmt 0              @ ../Algorithm/Src/pid.c:203:17
	ldr	r0, [sp, #40]
	vldr	s0, [r0, #36]
	vldr	s2, [r0, #112]
.Ltmp73:
	.loc	2 203 17                        @ ../Algorithm/Src/pid.c:203:17
	vcmp.f32	s0, s2
	vmrs	APSR_nzcv, fpscr
	ble	.LBB3_54
	b	.LBB3_53
.LBB3_53:
.Ltmp74:
	.loc	2 203 17                        @ ../Algorithm/Src/pid.c:203:17
	ldr	r1, [sp, #40]
	ldr	r0, [r1, #112]
	str	r0, [r1, #36]
	b	.LBB3_57
.Ltmp75:
.LBB3_54:
	.loc	2 203 17                        @ ../Algorithm/Src/pid.c:203:17
	ldr	r0, [sp, #40]
	vldr	s0, [r0, #36]
	vldr	s2, [r0, #112]
	vneg.f32	s2, s2
.Ltmp76:
	.loc	2 203 17                        @ ../Algorithm/Src/pid.c:203:17
	vcmp.f32	s0, s2
	vmrs	APSR_nzcv, fpscr
	bge	.LBB3_56
	b	.LBB3_55
.LBB3_55:
.Ltmp77:
	.loc	2 203 17                        @ ../Algorithm/Src/pid.c:203:17
	ldr	r0, [sp, #40]
	vldr	s0, [r0, #112]
	vneg.f32	s0, s0
	vstr	s0, [r0, #36]
	b	.LBB3_56
.Ltmp78:
.LBB3_56:
	.loc	2 0 17                          @ ../Algorithm/Src/pid.c:0:17
	b	.LBB3_57
.LBB3_57:
	.loc	2 203 17                        @ ../Algorithm/Src/pid.c:203:17
	b	.LBB3_58
.Ltmp79:
.LBB3_58:
	.loc	2 204 29 is_stmt 1              @ ../Algorithm/Src/pid.c:204:29
	ldr	r0, [sp, #40]
	.loc	2 204 50 is_stmt 0              @ ../Algorithm/Src/pid.c:204:50
	vldr	s2, [r0, #36]
	.loc	2 204 40                        @ ../Algorithm/Src/pid.c:204:40
	vldr	s0, [r0, #96]
	.loc	2 204 43                        @ ../Algorithm/Src/pid.c:204:43
	vmul.f32	s0, s0, s2
	.loc	2 204 27                        @ ../Algorithm/Src/pid.c:204:27
	vstr	s0, [r0, #44]
	.loc	2 205 13 is_stmt 1              @ ../Algorithm/Src/pid.c:205:13
	b	.LBB3_60
.Ltmp80:
.LBB3_59:
	.loc	2 206 17                        @ ../Algorithm/Src/pid.c:206:17
	ldr	r1, [sp, #40]
	movs	r0, #0
	.loc	2 206 27 is_stmt 0              @ ../Algorithm/Src/pid.c:206:27
	str	r0, [r1, #44]
	b	.LBB3_60
.Ltmp81:
.LBB3_60:
	.loc	2 208 25 is_stmt 1              @ ../Algorithm/Src/pid.c:208:25
	ldr	r0, [sp, #40]
	.loc	2 208 42 is_stmt 0              @ ../Algorithm/Src/pid.c:208:42
	vldr	s2, [r0, #12]
	.loc	2 208 56                        @ ../Algorithm/Src/pid.c:208:56
	vldr	s4, [r0, #16]
	.loc	2 208 36                        @ ../Algorithm/Src/pid.c:208:36
	vldr	s0, [r0, #100]
	.loc	2 208 54                        @ ../Algorithm/Src/pid.c:208:54
	vsub.f32	s2, s2, s4
	.loc	2 208 39                        @ ../Algorithm/Src/pid.c:208:39
	vmul.f32	s0, s0, s2
	.loc	2 208 23                        @ ../Algorithm/Src/pid.c:208:23
	vstr	s0, [r0, #48]
.Ltmp82:
	.loc	2 209 17 is_stmt 1              @ ../Algorithm/Src/pid.c:209:17
	ldr	r0, [sp, #40]
	.loc	2 209 28 is_stmt 0              @ ../Algorithm/Src/pid.c:209:28
	vldr	s0, [r0, #104]
	.loc	2 209 40                        @ ../Algorithm/Src/pid.c:209:40
	vcmp.f32	s0, #0
	vmrs	APSR_nzcv, fpscr
	ble	.LBB3_63
	b	.LBB3_61
.LBB3_61:
	.loc	2 209 43                        @ ../Algorithm/Src/pid.c:209:43
	ldr	r0, [sp, #40]
	.loc	2 209 54                        @ ../Algorithm/Src/pid.c:209:54
	vldr	s0, [r0, #104]
	vmov.f32	s2, #1.000000e+00
.Ltmp83:
	.loc	2 209 17                        @ ../Algorithm/Src/pid.c:209:17
	vcmp.f32	s0, s2
	vmrs	APSR_nzcv, fpscr
	bge	.LBB3_63
	b	.LBB3_62
.LBB3_62:
.Ltmp84:
	.loc	2 210 39 is_stmt 1              @ ../Algorithm/Src/pid.c:210:39
	ldr	r1, [sp, #40]
	.loc	2 210 50 is_stmt 0              @ ../Algorithm/Src/pid.c:210:50
	ldr	r0, [r1, #104]
	.loc	2 210 37                        @ ../Algorithm/Src/pid.c:210:37
	str	r0, [r1, #88]
	.loc	2 211 53 is_stmt 1              @ ../Algorithm/Src/pid.c:211:53
	ldr	r1, [sp, #40]
	.loc	2 211 58 is_stmt 0              @ ../Algorithm/Src/pid.c:211:58
	add.w	r0, r1, #76
	.loc	2 211 73                        @ ../Algorithm/Src/pid.c:211:73
	vldr	s0, [r1, #48]
	.loc	2 211 29                        @ ../Algorithm/Src/pid.c:211:29
	bl	LowPassFilter1p_Update
	.loc	2 211 17                        @ ../Algorithm/Src/pid.c:211:17
	ldr	r0, [sp, #40]
	.loc	2 211 27                        @ ../Algorithm/Src/pid.c:211:27
	vstr	s0, [r0, #48]
	.loc	2 212 13 is_stmt 1              @ ../Algorithm/Src/pid.c:212:13
	b	.LBB3_63
.Ltmp85:
.LBB3_63:
	.loc	2 213 27                        @ ../Algorithm/Src/pid.c:213:27
	ldr	r0, [sp, #40]
	.loc	2 213 32 is_stmt 0              @ ../Algorithm/Src/pid.c:213:32
	vldr	s0, [r0, #40]
	.loc	2 213 44                        @ ../Algorithm/Src/pid.c:213:44
	vldr	s4, [r0, #44]
	.loc	2 213 56                        @ ../Algorithm/Src/pid.c:213:56
	vldr	s2, [r0, #48]
	.loc	2 213 37                        @ ../Algorithm/Src/pid.c:213:37
	vadd.f32	s0, s0, s4
	.loc	2 213 49                        @ ../Algorithm/Src/pid.c:213:49
	vadd.f32	s0, s0, s2
	.loc	2 213 25                        @ ../Algorithm/Src/pid.c:213:25
	vstr	s0, [r0, #52]
	.loc	2 214 13 is_stmt 1              @ ../Algorithm/Src/pid.c:214:13
	b	.LBB3_64
.LBB3_64:
.Ltmp86:
	.loc	2 214 13 is_stmt 0              @ ../Algorithm/Src/pid.c:214:13
	ldr	r0, [sp, #40]
	vldr	s0, [r0, #52]
	vldr	s2, [r0, #116]
.Ltmp87:
	.loc	2 214 13                        @ ../Algorithm/Src/pid.c:214:13
	vcmp.f32	s0, s2
	vmrs	APSR_nzcv, fpscr
	ble	.LBB3_66
	b	.LBB3_65
.LBB3_65:
.Ltmp88:
	.loc	2 214 13                        @ ../Algorithm/Src/pid.c:214:13
	ldr	r1, [sp, #40]
	ldr	r0, [r1, #116]
	str	r0, [r1, #52]
	b	.LBB3_69
.Ltmp89:
.LBB3_66:
	.loc	2 214 13                        @ ../Algorithm/Src/pid.c:214:13
	ldr	r0, [sp, #40]
	vldr	s0, [r0, #52]
	vldr	s2, [r0, #116]
	vneg.f32	s2, s2
.Ltmp90:
	.loc	2 214 13                        @ ../Algorithm/Src/pid.c:214:13
	vcmp.f32	s0, s2
	vmrs	APSR_nzcv, fpscr
	bge	.LBB3_68
	b	.LBB3_67
.LBB3_67:
.Ltmp91:
	.loc	2 214 13                        @ ../Algorithm/Src/pid.c:214:13
	ldr	r0, [sp, #40]
	vldr	s0, [r0, #116]
	vneg.f32	s0, s0
	vstr	s0, [r0, #52]
	b	.LBB3_68
.Ltmp92:
.LBB3_68:
	.loc	2 0 13                          @ ../Algorithm/Src/pid.c:0:13
	b	.LBB3_69
.LBB3_69:
	.loc	2 214 13                        @ ../Algorithm/Src/pid.c:214:13
	b	.LBB3_70
.Ltmp93:
.LBB3_70:
	.loc	2 215 13 is_stmt 1              @ ../Algorithm/Src/pid.c:215:13
	b	.LBB3_139
.Ltmp94:
.LBB3_71:
	.loc	2 0 13 is_stmt 0                @ ../Algorithm/Src/pid.c:0:13
	movs	r0, #0
.Ltmp95:
	.loc	2 219 19 is_stmt 1              @ ../Algorithm/Src/pid.c:219:19
	str	r0, [sp, #20]
	.loc	2 220 25                        @ ../Algorithm/Src/pid.c:220:25
	ldr	r0, [sp, #40]
	.loc	2 220 41 is_stmt 0              @ ../Algorithm/Src/pid.c:220:41
	vldr	s2, [r0, #12]
	.loc	2 220 36                        @ ../Algorithm/Src/pid.c:220:36
	vldr	s0, [r0, #92]
	.loc	2 220 39                        @ ../Algorithm/Src/pid.c:220:39
	vmul.f32	s0, s0, s2
	.loc	2 220 23                        @ ../Algorithm/Src/pid.c:220:23
	vstr	s0, [r0, #40]
.Ltmp96:
	.loc	2 222 17 is_stmt 1              @ ../Algorithm/Src/pid.c:222:17
	vldr	s0, [sp, #28]
	.loc	2 222 30 is_stmt 0              @ ../Algorithm/Src/pid.c:222:30
	ldr	r0, [sp, #40]
	.loc	2 222 41                        @ ../Algorithm/Src/pid.c:222:41
	vldr	s2, [r0, #124]
.Ltmp97:
	.loc	2 222 17                        @ ../Algorithm/Src/pid.c:222:17
	vcmp.f32	s0, s2
	vmrs	APSR_nzcv, fpscr
	bgt	.LBB3_73
	b	.LBB3_72
.LBB3_72:
	.loc	2 0 17                          @ ../Algorithm/Src/pid.c:0:17
	mov.w	r0, #1065353216
.Ltmp98:
	.loc	2 224 23 is_stmt 1              @ ../Algorithm/Src/pid.c:224:23
	str	r0, [sp, #20]
	.loc	2 225 13                        @ ../Algorithm/Src/pid.c:225:13
	b	.LBB3_80
.Ltmp99:
.LBB3_73:
	.loc	2 226 21                        @ ../Algorithm/Src/pid.c:226:21
	vldr	s0, [sp, #28]
	.loc	2 226 33 is_stmt 0              @ ../Algorithm/Src/pid.c:226:33
	ldr	r0, [sp, #40]
	.loc	2 226 44                        @ ../Algorithm/Src/pid.c:226:44
	vldr	s2, [r0, #124]
	.loc	2 226 63                        @ ../Algorithm/Src/pid.c:226:63
	vcmp.f32	s0, s2
	vmrs	APSR_nzcv, fpscr
	ble	.LBB3_76
	b	.LBB3_74
.LBB3_74:
	.loc	2 226 66                        @ ../Algorithm/Src/pid.c:226:66
	vldr	s0, [sp, #28]
	.loc	2 226 80                        @ ../Algorithm/Src/pid.c:226:80
	ldr	r0, [sp, #40]
	.loc	2 226 121                       @ ../Algorithm/Src/pid.c:226:121
	vldr	s4, [r0, #120]
	.loc	2 226 91                        @ ../Algorithm/Src/pid.c:226:91
	vldr	s2, [r0, #124]
	.loc	2 226 109                       @ ../Algorithm/Src/pid.c:226:109
	vadd.f32	s2, s2, s4
.Ltmp100:
	.loc	2 226 21                        @ ../Algorithm/Src/pid.c:226:21
	vcmp.f32	s0, s2
	vmrs	APSR_nzcv, fpscr
	bgt	.LBB3_76
	b	.LBB3_75
.LBB3_75:
.Ltmp101:
	.loc	2 228 26 is_stmt 1              @ ../Algorithm/Src/pid.c:228:26
	ldr	r0, [sp, #40]
	.loc	2 228 58 is_stmt 0              @ ../Algorithm/Src/pid.c:228:58
	vldr	s0, [sp, #28]
	.loc	2 228 37                        @ ../Algorithm/Src/pid.c:228:37
	vldr	s2, [r0, #120]
	.loc	2 228 81                        @ ../Algorithm/Src/pid.c:228:81
	vldr	s4, [r0, #124]
	.loc	2 228 56                        @ ../Algorithm/Src/pid.c:228:56
	vsub.f32	s0, s2, s0
	.loc	2 228 68                        @ ../Algorithm/Src/pid.c:228:68
	vadd.f32	s0, s0, s4
	.loc	2 228 100                       @ ../Algorithm/Src/pid.c:228:100
	vdiv.f32	s0, s0, s2
	.loc	2 228 23                        @ ../Algorithm/Src/pid.c:228:23
	vstr	s0, [sp, #20]
	.loc	2 229 13 is_stmt 1              @ ../Algorithm/Src/pid.c:229:13
	b	.LBB3_79
.Ltmp102:
.LBB3_76:
	.loc	2 230 21                        @ ../Algorithm/Src/pid.c:230:21
	vldr	s0, [sp, #28]
	.loc	2 230 34 is_stmt 0              @ ../Algorithm/Src/pid.c:230:34
	ldr	r0, [sp, #40]
	.loc	2 230 75                        @ ../Algorithm/Src/pid.c:230:75
	vldr	s4, [r0, #120]
	.loc	2 230 45                        @ ../Algorithm/Src/pid.c:230:45
	vldr	s2, [r0, #124]
	.loc	2 230 63                        @ ../Algorithm/Src/pid.c:230:63
	vadd.f32	s2, s2, s4
.Ltmp103:
	.loc	2 230 21                        @ ../Algorithm/Src/pid.c:230:21
	vcmp.f32	s0, s2
	vmrs	APSR_nzcv, fpscr
	ble	.LBB3_78
	b	.LBB3_77
.LBB3_77:
	.loc	2 0 21                          @ ../Algorithm/Src/pid.c:0:21
	movs	r0, #0
.Ltmp104:
	.loc	2 232 23 is_stmt 1              @ ../Algorithm/Src/pid.c:232:23
	str	r0, [sp, #20]
	.loc	2 233 13                        @ ../Algorithm/Src/pid.c:233:13
	b	.LBB3_78
.Ltmp105:
.LBB3_78:
	.loc	2 0 13 is_stmt 0                @ ../Algorithm/Src/pid.c:0:13
	b	.LBB3_79
.LBB3_79:
	b	.LBB3_80
.LBB3_80:
	.loc	2 234 26 is_stmt 1              @ ../Algorithm/Src/pid.c:234:26
	ldr	r0, [sp, #40]
	.loc	2 234 42 is_stmt 0              @ ../Algorithm/Src/pid.c:234:42
	vldr	s4, [r0, #12]
	.loc	2 234 23                        @ ../Algorithm/Src/pid.c:234:23
	vldr	s0, [r0, #44]
	.loc	2 234 37                        @ ../Algorithm/Src/pid.c:234:37
	vldr	s2, [r0, #96]
	.loc	2 234 40                        @ ../Algorithm/Src/pid.c:234:40
	vmul.f32	s2, s2, s4
	.loc	2 234 54                        @ ../Algorithm/Src/pid.c:234:54
	vldr	s4, [sp, #20]
	.loc	2 234 23                        @ ../Algorithm/Src/pid.c:234:23
	vfma.f32	s0, s2, s4
	vstr	s0, [r0, #44]
	.loc	2 235 28 is_stmt 1              @ ../Algorithm/Src/pid.c:235:28
	ldr	r1, [sp, #40]
	ldr	r0, [r1, #28]
	.loc	2 235 26 is_stmt 0              @ ../Algorithm/Src/pid.c:235:26
	str	r0, [r1, #32]
	.loc	2 236 28 is_stmt 1              @ ../Algorithm/Src/pid.c:236:28
	ldr	r1, [sp, #40]
	ldr	r0, [r1, #24]
	.loc	2 236 26 is_stmt 0              @ ../Algorithm/Src/pid.c:236:26
	str	r0, [r1, #28]
	.loc	2 237 29 is_stmt 1              @ ../Algorithm/Src/pid.c:237:29
	ldr	r0, [sp, #40]
	vldr	s0, [r0, #12]
	.loc	2 237 41 is_stmt 0              @ ../Algorithm/Src/pid.c:237:41
	vldr	s2, [r0, #16]
	.loc	2 237 40                        @ ../Algorithm/Src/pid.c:237:40
	vsub.f32	s0, s0, s2
	.loc	2 237 26                        @ ../Algorithm/Src/pid.c:237:26
	vstr	s0, [r0, #24]
	.loc	2 238 25 is_stmt 1              @ ../Algorithm/Src/pid.c:238:25
	ldr	r0, [sp, #40]
	.loc	2 238 42 is_stmt 0              @ ../Algorithm/Src/pid.c:238:42
	vldr	s6, [r0, #24]
	.loc	2 238 65                        @ ../Algorithm/Src/pid.c:238:65
	vldr	s4, [r0, #28]
	.loc	2 238 36                        @ ../Algorithm/Src/pid.c:238:36
	vldr	s0, [r0, #100]
	vldr	s2, .LCPI3_18
	.loc	2 238 77                        @ ../Algorithm/Src/pid.c:238:77
	vmul.f32	s2, s4, s2
	vldr	s8, .LCPI3_19
	.loc	2 238 63                        @ ../Algorithm/Src/pid.c:238:63
	vfma.f32	s2, s6, s8
	vldr	s6, .LCPI3_20
	.loc	2 238 83                        @ ../Algorithm/Src/pid.c:238:83
	vfma.f32	s2, s4, s6
	.loc	2 238 39                        @ ../Algorithm/Src/pid.c:238:39
	vmul.f32	s0, s0, s2
	.loc	2 238 23                        @ ../Algorithm/Src/pid.c:238:23
	vstr	s0, [r0, #48]
	.loc	2 239 13 is_stmt 1              @ ../Algorithm/Src/pid.c:239:13
	b	.LBB3_81
.LBB3_81:
.Ltmp106:
	.loc	2 239 13 is_stmt 0              @ ../Algorithm/Src/pid.c:239:13
	ldr	r0, [sp, #40]
	vldr	s0, [r0, #44]
	vldr	s2, [r0, #112]
.Ltmp107:
	.loc	2 239 13                        @ ../Algorithm/Src/pid.c:239:13
	vcmp.f32	s0, s2
	vmrs	APSR_nzcv, fpscr
	ble	.LBB3_83
	b	.LBB3_82
.LBB3_82:
.Ltmp108:
	.loc	2 239 13                        @ ../Algorithm/Src/pid.c:239:13
	ldr	r1, [sp, #40]
	ldr	r0, [r1, #112]
	str	r0, [r1, #44]
	b	.LBB3_86
.Ltmp109:
.LBB3_83:
	.loc	2 239 13                        @ ../Algorithm/Src/pid.c:239:13
	ldr	r0, [sp, #40]
	vldr	s0, [r0, #44]
	vldr	s2, [r0, #112]
	vneg.f32	s2, s2
.Ltmp110:
	.loc	2 239 13                        @ ../Algorithm/Src/pid.c:239:13
	vcmp.f32	s0, s2
	vmrs	APSR_nzcv, fpscr
	bge	.LBB3_85
	b	.LBB3_84
.LBB3_84:
.Ltmp111:
	.loc	2 239 13                        @ ../Algorithm/Src/pid.c:239:13
	ldr	r0, [sp, #40]
	vldr	s0, [r0, #112]
	vneg.f32	s0, s0
	vstr	s0, [r0, #44]
	b	.LBB3_85
.Ltmp112:
.LBB3_85:
	.loc	2 0 13                          @ ../Algorithm/Src/pid.c:0:13
	b	.LBB3_86
.LBB3_86:
	.loc	2 239 13                        @ ../Algorithm/Src/pid.c:239:13
	b	.LBB3_87
.Ltmp113:
.LBB3_87:
	.loc	2 240 27 is_stmt 1              @ ../Algorithm/Src/pid.c:240:27
	ldr	r0, [sp, #40]
	.loc	2 240 32 is_stmt 0              @ ../Algorithm/Src/pid.c:240:32
	vldr	s0, [r0, #40]
	.loc	2 240 44                        @ ../Algorithm/Src/pid.c:240:44
	vldr	s4, [r0, #44]
	.loc	2 240 56                        @ ../Algorithm/Src/pid.c:240:56
	vldr	s2, [r0, #48]
	.loc	2 240 37                        @ ../Algorithm/Src/pid.c:240:37
	vadd.f32	s0, s0, s4
	.loc	2 240 49                        @ ../Algorithm/Src/pid.c:240:49
	vadd.f32	s0, s0, s2
	.loc	2 240 25                        @ ../Algorithm/Src/pid.c:240:25
	vstr	s0, [r0, #52]
	.loc	2 241 13 is_stmt 1              @ ../Algorithm/Src/pid.c:241:13
	b	.LBB3_139
.Ltmp114:
.LBB3_88:
	.loc	2 0 13 is_stmt 0                @ ../Algorithm/Src/pid.c:0:13
	movs	r0, #0
.Ltmp115:
	.loc	2 245 19 is_stmt 1              @ ../Algorithm/Src/pid.c:245:19
	str	r0, [sp, #16]
	.loc	2 247 33                        @ ../Algorithm/Src/pid.c:247:33
	ldr	r0, [sp, #40]
	ldr	r0, [r0, #12]
	.loc	2 247 19 is_stmt 0              @ ../Algorithm/Src/pid.c:247:19
	str	r0, [sp, #12]
.Ltmp116:
	.loc	2 249 17 is_stmt 1              @ ../Algorithm/Src/pid.c:249:17
	vldr	s0, [sp, #12]
	vldr	s2, __arm_cp.3_21
.Ltmp117:
	.loc	2 249 17 is_stmt 0              @ ../Algorithm/Src/pid.c:249:17
	vcmp.f32	s0, s2
	vmrs	APSR_nzcv, fpscr
	ble	.LBB3_99
	b	.LBB3_89
.LBB3_89:
.Ltmp118:
	.loc	2 249 53                        @ ../Algorithm/Src/pid.c:249:53
	vldr	s0, [sp, #12]
	vldr	s2, .LCPI3_22
	vadd.f32	s0, s0, s2
	vstr	s0, [sp, #12]
	.loc	2 249 41                        @ ../Algorithm/Src/pid.c:249:41
	b	.LBB3_102
	.loc	2 0 41                          @ :0:41
.Ltmp119:
	.p2align	2
@ %bb.90:
__arm_cp.3_14:
	.long	0x43340000                      @ float 180
.Lcpi_end0:
	.size	__arm_cp.3_14, .Lcpi_end0-__arm_cp.3_14
	.p2align	2
@ %bb.91:
__arm_cp.3_15:
	.long	0xc3b40000                      @ float -360
.Lcpi_end1:
	.size	__arm_cp.3_15, .Lcpi_end1-__arm_cp.3_15
	.p2align	2
@ %bb.92:
__arm_cp.3_16:
	.long	0xc3340000                      @ float -180
.Lcpi_end2:
	.size	__arm_cp.3_16, .Lcpi_end2-__arm_cp.3_16
	.p2align	2
@ %bb.93:
__arm_cp.3_17:
	.long	0x43b40000                      @ float 360
.Lcpi_end3:
	.size	__arm_cp.3_17, .Lcpi_end3-__arm_cp.3_17
	.p2align	2
@ %bb.94:
.LCPI3_18:
	.long	0x3dcccccd                      @ float 0.100000001
	.p2align	2
@ %bb.95:
.LCPI3_19:
	.long	0x3f59999a                      @ float 0.850000023
	.p2align	2
@ %bb.96:
.LCPI3_20:
	.long	0x3d4ccccd                      @ float 0.0500000007
	.p2align	2
@ %bb.97:
__arm_cp.3_21:
	.long	0x40470d23                      @ float 3.1101768
.Lcpi_end4:
	.size	__arm_cp.3_21, .Lcpi_end4-__arm_cp.3_21
	.p2align	2
@ %bb.98:
.LCPI3_22:
	.long	0xc0c90fdb                      @ float -6.28318548
	.p2align	1
.LBB3_99:
.Ltmp120:
	.loc	2 250 23 is_stmt 1              @ ../Algorithm/Src/pid.c:250:23
	vldr	s0, [sp, #12]
	vldr	s2, .LCPI3_1
.Ltmp121:
	.loc	2 250 23 is_stmt 0              @ ../Algorithm/Src/pid.c:250:23
	vcmp.f32	s0, s2
	vmrs	APSR_nzcv, fpscr
	bge	.LBB3_101
	b	.LBB3_100
.LBB3_100:
.Ltmp122:
	.loc	2 250 60                        @ ../Algorithm/Src/pid.c:250:60
	vldr	s0, [sp, #12]
	vldr	s2, .LCPI3_2
	vadd.f32	s0, s0, s2
	vstr	s0, [sp, #12]
	.loc	2 250 48                        @ ../Algorithm/Src/pid.c:250:48
	b	.LBB3_101
.Ltmp123:
.LBB3_101:
	.loc	2 0 48                          @ ../Algorithm/Src/pid.c:0:48
	b	.LBB3_102
.LBB3_102:
	.loc	2 251 27 is_stmt 1              @ ../Algorithm/Src/pid.c:251:27
	ldr	r0, [sp, #12]
	.loc	2 251 13 is_stmt 0              @ ../Algorithm/Src/pid.c:251:13
	ldr	r1, [sp, #40]
	.loc	2 251 25                        @ ../Algorithm/Src/pid.c:251:25
	str	r0, [r1, #12]
	.loc	2 252 19 is_stmt 1              @ ../Algorithm/Src/pid.c:252:19
	ldr	r0, [sp, #40]
	.loc	2 252 35 is_stmt 0              @ ../Algorithm/Src/pid.c:252:35
	vldr	s2, [r0, #12]
	.loc	2 252 30                        @ ../Algorithm/Src/pid.c:252:30
	vldr	s0, [r0, #92]
	.loc	2 252 33                        @ ../Algorithm/Src/pid.c:252:33
	vmul.f32	s0, s0, s2
	.loc	2 252 17                        @ ../Algorithm/Src/pid.c:252:17
	vstr	s0, [r0, #40]
.Ltmp124:
	.loc	2 254 17 is_stmt 1              @ ../Algorithm/Src/pid.c:254:17
	vldr	s0, [sp, #28]
	.loc	2 254 30 is_stmt 0              @ ../Algorithm/Src/pid.c:254:30
	ldr	r0, [sp, #40]
	.loc	2 254 41                        @ ../Algorithm/Src/pid.c:254:41
	vldr	s2, [r0, #124]
.Ltmp125:
	.loc	2 254 17                        @ ../Algorithm/Src/pid.c:254:17
	vcmp.f32	s0, s2
	vmrs	APSR_nzcv, fpscr
	bgt	.LBB3_104
	b	.LBB3_103
.LBB3_103:
	.loc	2 0 17                          @ ../Algorithm/Src/pid.c:0:17
	mov.w	r0, #1065353216
.Ltmp126:
	.loc	2 256 23 is_stmt 1              @ ../Algorithm/Src/pid.c:256:23
	str	r0, [sp, #16]
	.loc	2 257 13                        @ ../Algorithm/Src/pid.c:257:13
	b	.LBB3_111
.Ltmp127:
.LBB3_104:
	.loc	2 258 21                        @ ../Algorithm/Src/pid.c:258:21
	vldr	s0, [sp, #28]
	.loc	2 258 33 is_stmt 0              @ ../Algorithm/Src/pid.c:258:33
	ldr	r0, [sp, #40]
	.loc	2 258 44                        @ ../Algorithm/Src/pid.c:258:44
	vldr	s2, [r0, #124]
	.loc	2 258 63                        @ ../Algorithm/Src/pid.c:258:63
	vcmp.f32	s0, s2
	vmrs	APSR_nzcv, fpscr
	ble	.LBB3_107
	b	.LBB3_105
.LBB3_105:
	.loc	2 258 66                        @ ../Algorithm/Src/pid.c:258:66
	vldr	s0, [sp, #28]
	.loc	2 258 80                        @ ../Algorithm/Src/pid.c:258:80
	ldr	r0, [sp, #40]
	.loc	2 258 121                       @ ../Algorithm/Src/pid.c:258:121
	vldr	s4, [r0, #120]
	.loc	2 258 91                        @ ../Algorithm/Src/pid.c:258:91
	vldr	s2, [r0, #124]
	.loc	2 258 109                       @ ../Algorithm/Src/pid.c:258:109
	vadd.f32	s2, s2, s4
.Ltmp128:
	.loc	2 258 21                        @ ../Algorithm/Src/pid.c:258:21
	vcmp.f32	s0, s2
	vmrs	APSR_nzcv, fpscr
	bgt	.LBB3_107
	b	.LBB3_106
.LBB3_106:
.Ltmp129:
	.loc	2 260 26 is_stmt 1              @ ../Algorithm/Src/pid.c:260:26
	ldr	r0, [sp, #40]
	.loc	2 260 58 is_stmt 0              @ ../Algorithm/Src/pid.c:260:58
	vldr	s0, [sp, #28]
	.loc	2 260 37                        @ ../Algorithm/Src/pid.c:260:37
	vldr	s2, [r0, #120]
	.loc	2 260 81                        @ ../Algorithm/Src/pid.c:260:81
	vldr	s4, [r0, #124]
	.loc	2 260 56                        @ ../Algorithm/Src/pid.c:260:56
	vsub.f32	s0, s2, s0
	.loc	2 260 68                        @ ../Algorithm/Src/pid.c:260:68
	vadd.f32	s0, s0, s4
	.loc	2 260 100                       @ ../Algorithm/Src/pid.c:260:100
	vdiv.f32	s0, s0, s2
	.loc	2 260 23                        @ ../Algorithm/Src/pid.c:260:23
	vstr	s0, [sp, #16]
	.loc	2 261 13 is_stmt 1              @ ../Algorithm/Src/pid.c:261:13
	b	.LBB3_110
.Ltmp130:
.LBB3_107:
	.loc	2 262 21                        @ ../Algorithm/Src/pid.c:262:21
	vldr	s0, [sp, #28]
	.loc	2 262 34 is_stmt 0              @ ../Algorithm/Src/pid.c:262:34
	ldr	r0, [sp, #40]
	.loc	2 262 75                        @ ../Algorithm/Src/pid.c:262:75
	vldr	s4, [r0, #120]
	.loc	2 262 45                        @ ../Algorithm/Src/pid.c:262:45
	vldr	s2, [r0, #124]
	.loc	2 262 63                        @ ../Algorithm/Src/pid.c:262:63
	vadd.f32	s2, s2, s4
.Ltmp131:
	.loc	2 262 21                        @ ../Algorithm/Src/pid.c:262:21
	vcmp.f32	s0, s2
	vmrs	APSR_nzcv, fpscr
	ble	.LBB3_109
	b	.LBB3_108
.LBB3_108:
	.loc	2 0 21                          @ ../Algorithm/Src/pid.c:0:21
	movs	r0, #0
.Ltmp132:
	.loc	2 264 23 is_stmt 1              @ ../Algorithm/Src/pid.c:264:23
	str	r0, [sp, #16]
	.loc	2 265 13                        @ ../Algorithm/Src/pid.c:265:13
	b	.LBB3_109
.Ltmp133:
.LBB3_109:
	.loc	2 0 13 is_stmt 0                @ ../Algorithm/Src/pid.c:0:13
	b	.LBB3_110
.LBB3_110:
	b	.LBB3_111
.LBB3_111:
	.loc	2 266 26 is_stmt 1              @ ../Algorithm/Src/pid.c:266:26
	ldr	r0, [sp, #40]
	.loc	2 266 42 is_stmt 0              @ ../Algorithm/Src/pid.c:266:42
	vldr	s4, [r0, #12]
	.loc	2 266 23                        @ ../Algorithm/Src/pid.c:266:23
	vldr	s0, [r0, #44]
	.loc	2 266 37                        @ ../Algorithm/Src/pid.c:266:37
	vldr	s2, [r0, #96]
	.loc	2 266 40                        @ ../Algorithm/Src/pid.c:266:40
	vmul.f32	s2, s2, s4
	.loc	2 266 54                        @ ../Algorithm/Src/pid.c:266:54
	vldr	s4, [sp, #16]
	.loc	2 266 23                        @ ../Algorithm/Src/pid.c:266:23
	vfma.f32	s0, s2, s4
	vstr	s0, [r0, #44]
	.loc	2 267 28 is_stmt 1              @ ../Algorithm/Src/pid.c:267:28
	ldr	r1, [sp, #40]
	ldr	r0, [r1, #28]
	.loc	2 267 26 is_stmt 0              @ ../Algorithm/Src/pid.c:267:26
	str	r0, [r1, #32]
	.loc	2 268 28 is_stmt 1              @ ../Algorithm/Src/pid.c:268:28
	ldr	r1, [sp, #40]
	ldr	r0, [r1, #24]
	.loc	2 268 26 is_stmt 0              @ ../Algorithm/Src/pid.c:268:26
	str	r0, [r1, #28]
	.loc	2 271 27 is_stmt 1              @ ../Algorithm/Src/pid.c:271:27
	ldr	r0, [sp, #40]
	vldr	s0, [r0, #12]
	.loc	2 271 41 is_stmt 0              @ ../Algorithm/Src/pid.c:271:41
	vldr	s2, [r0, #16]
	.loc	2 271 39                        @ ../Algorithm/Src/pid.c:271:39
	vsub.f32	s0, s0, s2
	.loc	2 271 13                        @ ../Algorithm/Src/pid.c:271:13
	vstr	s0, [sp, #8]
.Ltmp134:
	.loc	2 272 11 is_stmt 1              @ ../Algorithm/Src/pid.c:272:11
	vldr	s0, [sp, #8]
	vldr	s2, .LCPI3_4
.Ltmp135:
	.loc	2 272 11 is_stmt 0              @ ../Algorithm/Src/pid.c:272:11
	vcmp.f32	s0, s2
	vmrs	APSR_nzcv, fpscr
	ble	.LBB3_113
	b	.LBB3_112
.LBB3_112:
.Ltmp136:
	.loc	2 272 41                        @ ../Algorithm/Src/pid.c:272:41
	vldr	s0, [sp, #8]
	vldr	s2, .LCPI3_3
	vadd.f32	s0, s0, s2
	vstr	s0, [sp, #8]
	.loc	2 272 29                        @ ../Algorithm/Src/pid.c:272:29
	b	.LBB3_116
.LBB3_113:
.Ltmp137:
	.loc	2 273 16 is_stmt 1              @ ../Algorithm/Src/pid.c:273:16
	vldr	s0, [sp, #8]
	vldr	s2, .LCPI3_5
.Ltmp138:
	.loc	2 273 16 is_stmt 0              @ ../Algorithm/Src/pid.c:273:16
	vcmp.f32	s0, s2
	vmrs	APSR_nzcv, fpscr
	bge	.LBB3_115
	b	.LBB3_114
.LBB3_114:
.Ltmp139:
	.loc	2 273 47                        @ ../Algorithm/Src/pid.c:273:47
	vldr	s0, [sp, #8]
	vldr	s2, .LCPI3_2
	vadd.f32	s0, s0, s2
	vstr	s0, [sp, #8]
	.loc	2 273 35                        @ ../Algorithm/Src/pid.c:273:35
	b	.LBB3_115
.Ltmp140:
.LBB3_115:
	.loc	2 0 35                          @ ../Algorithm/Src/pid.c:0:35
	b	.LBB3_116
.LBB3_116:
	.loc	2 275 22 is_stmt 1              @ ../Algorithm/Src/pid.c:275:22
	ldr	r0, [sp, #8]
	.loc	2 275 7 is_stmt 0               @ ../Algorithm/Src/pid.c:275:7
	ldr	r1, [sp, #40]
	.loc	2 275 20                        @ ../Algorithm/Src/pid.c:275:20
	str	r0, [r1, #24]
	.loc	2 277 25 is_stmt 1              @ ../Algorithm/Src/pid.c:277:25
	ldr	r0, [sp, #40]
	.loc	2 277 42 is_stmt 0              @ ../Algorithm/Src/pid.c:277:42
	vldr	s6, [r0, #24]
	.loc	2 277 65                        @ ../Algorithm/Src/pid.c:277:65
	vldr	s4, [r0, #28]
	.loc	2 277 36                        @ ../Algorithm/Src/pid.c:277:36
	vldr	s0, [r0, #100]
	vldr	s2, .LCPI3_6
	.loc	2 277 77                        @ ../Algorithm/Src/pid.c:277:77
	vmul.f32	s2, s4, s2
	vldr	s8, .LCPI3_7
	.loc	2 277 63                        @ ../Algorithm/Src/pid.c:277:63
	vfma.f32	s2, s6, s8
	vldr	s6, .LCPI3_8
	.loc	2 277 83                        @ ../Algorithm/Src/pid.c:277:83
	vfma.f32	s2, s4, s6
	.loc	2 277 39                        @ ../Algorithm/Src/pid.c:277:39
	vmul.f32	s0, s0, s2
	.loc	2 277 23                        @ ../Algorithm/Src/pid.c:277:23
	vstr	s0, [r0, #48]
	.loc	2 278 13 is_stmt 1              @ ../Algorithm/Src/pid.c:278:13
	b	.LBB3_117
.LBB3_117:
.Ltmp141:
	.loc	2 278 13 is_stmt 0              @ ../Algorithm/Src/pid.c:278:13
	ldr	r0, [sp, #40]
	vldr	s0, [r0, #44]
	vldr	s2, [r0, #112]
.Ltmp142:
	.loc	2 278 13                        @ ../Algorithm/Src/pid.c:278:13
	vcmp.f32	s0, s2
	vmrs	APSR_nzcv, fpscr
	ble	.LBB3_119
	b	.LBB3_118
.LBB3_118:
.Ltmp143:
	.loc	2 278 13                        @ ../Algorithm/Src/pid.c:278:13
	ldr	r1, [sp, #40]
	ldr	r0, [r1, #112]
	str	r0, [r1, #44]
	b	.LBB3_122
.Ltmp144:
.LBB3_119:
	.loc	2 278 13                        @ ../Algorithm/Src/pid.c:278:13
	ldr	r0, [sp, #40]
	vldr	s0, [r0, #44]
	vldr	s2, [r0, #112]
	vneg.f32	s2, s2
.Ltmp145:
	.loc	2 278 13                        @ ../Algorithm/Src/pid.c:278:13
	vcmp.f32	s0, s2
	vmrs	APSR_nzcv, fpscr
	bge	.LBB3_121
	b	.LBB3_120
.LBB3_120:
.Ltmp146:
	.loc	2 278 13                        @ ../Algorithm/Src/pid.c:278:13
	ldr	r0, [sp, #40]
	vldr	s0, [r0, #112]
	vneg.f32	s0, s0
	vstr	s0, [r0, #44]
	b	.LBB3_121
.Ltmp147:
.LBB3_121:
	.loc	2 0 13                          @ ../Algorithm/Src/pid.c:0:13
	b	.LBB3_122
.LBB3_122:
	.loc	2 278 13                        @ ../Algorithm/Src/pid.c:278:13
	b	.LBB3_123
.Ltmp148:
.LBB3_123:
	.loc	2 279 27 is_stmt 1              @ ../Algorithm/Src/pid.c:279:27
	ldr	r0, [sp, #40]
	.loc	2 279 32 is_stmt 0              @ ../Algorithm/Src/pid.c:279:32
	vldr	s0, [r0, #40]
	.loc	2 279 44                        @ ../Algorithm/Src/pid.c:279:44
	vldr	s4, [r0, #44]
	.loc	2 279 56                        @ ../Algorithm/Src/pid.c:279:56
	vldr	s2, [r0, #48]
	.loc	2 279 37                        @ ../Algorithm/Src/pid.c:279:37
	vadd.f32	s0, s0, s4
	.loc	2 279 49                        @ ../Algorithm/Src/pid.c:279:49
	vadd.f32	s0, s0, s2
	.loc	2 279 25                        @ ../Algorithm/Src/pid.c:279:25
	vstr	s0, [r0, #52]
	.loc	2 280 13 is_stmt 1              @ ../Algorithm/Src/pid.c:280:13
	b	.LBB3_139
.Ltmp149:
.LBB3_124:
	.loc	2 284 25                        @ ../Algorithm/Src/pid.c:284:25
	ldr	r0, [sp, #40]
	.loc	2 284 41 is_stmt 0              @ ../Algorithm/Src/pid.c:284:41
	vldr	s2, [r0, #12]
	.loc	2 284 36                        @ ../Algorithm/Src/pid.c:284:36
	vldr	s0, [r0, #92]
	.loc	2 284 39                        @ ../Algorithm/Src/pid.c:284:39
	vmul.f32	s0, s0, s2
	.loc	2 284 23                        @ ../Algorithm/Src/pid.c:284:23
	vstr	s0, [r0, #40]
.Ltmp150:
	.loc	2 286 17 is_stmt 1              @ ../Algorithm/Src/pid.c:286:17
	ldr	r0, [sp, #40]
	.loc	2 286 28 is_stmt 0              @ ../Algorithm/Src/pid.c:286:28
	vldr	s0, [r0, #96]
.Ltmp151:
	.loc	2 286 17                        @ ../Algorithm/Src/pid.c:286:17
	vcmp.f32	s0, #0
	vmrs	APSR_nzcv, fpscr
	beq	.LBB3_133
	b	.LBB3_125
.LBB3_125:
.Ltmp152:
	.loc	2 287 34 is_stmt 1              @ ../Algorithm/Src/pid.c:287:34
	ldr	r0, [sp, #40]
	vldr	s2, [r0, #12]
	.loc	2 287 31 is_stmt 0              @ ../Algorithm/Src/pid.c:287:31
	vldr	s0, [r0, #36]
	vadd.f32	s0, s0, s2
	vstr	s0, [r0, #36]
	.loc	2 288 17 is_stmt 1              @ ../Algorithm/Src/pid.c:288:17
	b	.LBB3_126
.LBB3_126:
.Ltmp153:
	.loc	2 288 17 is_stmt 0              @ ../Algorithm/Src/pid.c:288:17
	ldr	r0, [sp, #40]
	vldr	s0, [r0, #36]
	vldr	s2, [r0, #112]
.Ltmp154:
	.loc	2 288 17                        @ ../Algorithm/Src/pid.c:288:17
	vcmp.f32	s0, s2
	vmrs	APSR_nzcv, fpscr
	ble	.LBB3_128
	b	.LBB3_127
.LBB3_127:
.Ltmp155:
	.loc	2 288 17                        @ ../Algorithm/Src/pid.c:288:17
	ldr	r1, [sp, #40]
	ldr	r0, [r1, #112]
	str	r0, [r1, #36]
	b	.LBB3_131
.Ltmp156:
.LBB3_128:
	.loc	2 288 17                        @ ../Algorithm/Src/pid.c:288:17
	ldr	r0, [sp, #40]
	vldr	s0, [r0, #36]
	vldr	s2, [r0, #112]
	vneg.f32	s2, s2
.Ltmp157:
	.loc	2 288 17                        @ ../Algorithm/Src/pid.c:288:17
	vcmp.f32	s0, s2
	vmrs	APSR_nzcv, fpscr
	bge	.LBB3_130
	b	.LBB3_129
.LBB3_129:
.Ltmp158:
	.loc	2 288 17                        @ ../Algorithm/Src/pid.c:288:17
	ldr	r0, [sp, #40]
	vldr	s0, [r0, #112]
	vneg.f32	s0, s0
	vstr	s0, [r0, #36]
	b	.LBB3_130
.Ltmp159:
.LBB3_130:
	.loc	2 0 17                          @ ../Algorithm/Src/pid.c:0:17
	b	.LBB3_131
.LBB3_131:
	.loc	2 288 17                        @ ../Algorithm/Src/pid.c:288:17
	b	.LBB3_132
.Ltmp160:
.LBB3_132:
	.loc	2 289 29 is_stmt 1              @ ../Algorithm/Src/pid.c:289:29
	ldr	r0, [sp, #40]
	.loc	2 289 50 is_stmt 0              @ ../Algorithm/Src/pid.c:289:50
	vldr	s2, [r0, #36]
	.loc	2 289 40                        @ ../Algorithm/Src/pid.c:289:40
	vldr	s0, [r0, #96]
	.loc	2 289 43                        @ ../Algorithm/Src/pid.c:289:43
	vmul.f32	s0, s0, s2
	.loc	2 289 27                        @ ../Algorithm/Src/pid.c:289:27
	vstr	s0, [r0, #44]
	.loc	2 290 13 is_stmt 1              @ ../Algorithm/Src/pid.c:290:13
	b	.LBB3_134
.Ltmp161:
.LBB3_133:
	.loc	2 291 17                        @ ../Algorithm/Src/pid.c:291:17
	ldr	r1, [sp, #40]
	movs	r0, #0
	.loc	2 291 27 is_stmt 0              @ ../Algorithm/Src/pid.c:291:27
	str	r0, [r1, #44]
	b	.LBB3_134
.Ltmp162:
.LBB3_134:
	.loc	2 294 25 is_stmt 1              @ ../Algorithm/Src/pid.c:294:25
	ldr	r0, [sp, #40]
	.loc	2 294 42 is_stmt 0              @ ../Algorithm/Src/pid.c:294:42
	vldr	s2, [r0, #12]
	.loc	2 294 56                        @ ../Algorithm/Src/pid.c:294:56
	vldr	s4, [r0, #16]
	.loc	2 294 36                        @ ../Algorithm/Src/pid.c:294:36
	vldr	s0, [r0, #100]
	.loc	2 294 54                        @ ../Algorithm/Src/pid.c:294:54
	vsub.f32	s2, s2, s4
	.loc	2 294 39                        @ ../Algorithm/Src/pid.c:294:39
	vmul.f32	s0, s0, s2
	.loc	2 294 23                        @ ../Algorithm/Src/pid.c:294:23
	vstr	s0, [r0, #48]
.Ltmp163:
	.loc	2 295 17 is_stmt 1              @ ../Algorithm/Src/pid.c:295:17
	ldr	r0, [sp, #40]
	.loc	2 295 28 is_stmt 0              @ ../Algorithm/Src/pid.c:295:28
	vldr	s0, [r0, #104]
	.loc	2 295 40                        @ ../Algorithm/Src/pid.c:295:40
	vcmp.f32	s0, #0
	vmrs	APSR_nzcv, fpscr
	ble	.LBB3_137
	b	.LBB3_135
.LBB3_135:
	.loc	2 295 43                        @ ../Algorithm/Src/pid.c:295:43
	ldr	r0, [sp, #40]
	.loc	2 295 54                        @ ../Algorithm/Src/pid.c:295:54
	vldr	s0, [r0, #104]
	vmov.f32	s2, #1.000000e+00
.Ltmp164:
	.loc	2 295 17                        @ ../Algorithm/Src/pid.c:295:17
	vcmp.f32	s0, s2
	vmrs	APSR_nzcv, fpscr
	bge	.LBB3_137
	b	.LBB3_136
.LBB3_136:
.Ltmp165:
	.loc	2 296 39 is_stmt 1              @ ../Algorithm/Src/pid.c:296:39
	ldr	r1, [sp, #40]
	.loc	2 296 50 is_stmt 0              @ ../Algorithm/Src/pid.c:296:50
	ldr	r0, [r1, #104]
	.loc	2 296 37                        @ ../Algorithm/Src/pid.c:296:37
	str	r0, [r1, #88]
	.loc	2 297 53 is_stmt 1              @ ../Algorithm/Src/pid.c:297:53
	ldr	r1, [sp, #40]
	.loc	2 297 58 is_stmt 0              @ ../Algorithm/Src/pid.c:297:58
	add.w	r0, r1, #76
	.loc	2 297 73                        @ ../Algorithm/Src/pid.c:297:73
	vldr	s0, [r1, #48]
	.loc	2 297 29                        @ ../Algorithm/Src/pid.c:297:29
	bl	LowPassFilter1p_Update
	.loc	2 297 17                        @ ../Algorithm/Src/pid.c:297:17
	ldr	r0, [sp, #40]
	.loc	2 297 27                        @ ../Algorithm/Src/pid.c:297:27
	vstr	s0, [r0, #48]
	.loc	2 298 13 is_stmt 1              @ ../Algorithm/Src/pid.c:298:13
	b	.LBB3_137
.Ltmp166:
.LBB3_137:
	.loc	2 301 25                        @ ../Algorithm/Src/pid.c:301:25
	ldr	r0, [sp, #40]
	.loc	2 301 36 is_stmt 0              @ ../Algorithm/Src/pid.c:301:36
	vldr	s0, [r0, #128]
	vstr	s0, [sp]                        @ 4-byte Spill
	.loc	2 301 41                        @ ../Algorithm/Src/pid.c:301:41
	bl	GetSmoothedTargetDelta
	vmov.f32	s2, s0
	.loc	2 301 39                        @ ../Algorithm/Src/pid.c:301:39
	vldr	s0, [sp]                        @ 4-byte Reload
	vmul.f32	s0, s0, s2
	.loc	2 301 13                        @ ../Algorithm/Src/pid.c:301:13
	ldr	r0, [sp, #40]
	.loc	2 301 23                        @ ../Algorithm/Src/pid.c:301:23
	vstr	s0, [r0, #72]
	.loc	2 302 27 is_stmt 1              @ ../Algorithm/Src/pid.c:302:27
	ldr	r0, [sp, #40]
	.loc	2 302 32 is_stmt 0              @ ../Algorithm/Src/pid.c:302:32
	vldr	s0, [r0, #40]
	.loc	2 302 44                        @ ../Algorithm/Src/pid.c:302:44
	vldr	s6, [r0, #44]
	.loc	2 302 56                        @ ../Algorithm/Src/pid.c:302:56
	vldr	s4, [r0, #48]
	.loc	2 302 68                        @ ../Algorithm/Src/pid.c:302:68
	vldr	s2, [r0, #72]
	.loc	2 302 37                        @ ../Algorithm/Src/pid.c:302:37
	vadd.f32	s0, s0, s6
	.loc	2 302 49                        @ ../Algorithm/Src/pid.c:302:49
	vadd.f32	s0, s0, s4
	.loc	2 302 61                        @ ../Algorithm/Src/pid.c:302:61
	vadd.f32	s0, s0, s2
	.loc	2 302 25                        @ ../Algorithm/Src/pid.c:302:25
	vstr	s0, [r0, #52]
	.loc	2 303 13 is_stmt 1              @ ../Algorithm/Src/pid.c:303:13
	b	.LBB3_139
.Ltmp167:
.LBB3_138:
	.loc	2 307 13                        @ ../Algorithm/Src/pid.c:307:13
	ldr	r1, [sp, #40]
	movs	r0, #0
	.loc	2 307 25 is_stmt 0              @ ../Algorithm/Src/pid.c:307:25
	str	r0, [r1, #52]
	.loc	2 308 13 is_stmt 1              @ ../Algorithm/Src/pid.c:308:13
	b	.LBB3_139
.Ltmp168:
.LBB3_139:
	.loc	2 310 3                         @ ../Algorithm/Src/pid.c:310:3
	b	.LBB3_141
.Ltmp169:
.LBB3_140:
	.loc	2 313 3                         @ ../Algorithm/Src/pid.c:313:3
	ldr	r1, [sp, #40]
	movs	r0, #0
	.loc	2 313 15 is_stmt 0              @ ../Algorithm/Src/pid.c:313:15
	str	r0, [r1, #52]
	b	.LBB3_141
.Ltmp170:
.LBB3_141:
	.loc	2 316 10 is_stmt 1              @ ../Algorithm/Src/pid.c:316:10
	ldr	r0, [sp, #40]
	.loc	2 316 15 is_stmt 0              @ ../Algorithm/Src/pid.c:316:15
	ldr	r0, [r0, #52]
	.loc	2 316 3                         @ ../Algorithm/Src/pid.c:316:3
	str	r0, [sp, #44]
	b	.LBB3_142
.LBB3_142:
	.loc	2 317 1 is_stmt 1               @ ../Algorithm/Src/pid.c:317:1
	vldr	s0, [sp, #44]
	.loc	2 317 1 epilogue_begin is_stmt 0 @ ../Algorithm/Src/pid.c:317:1
	add	sp, #48
	pop	{r7, pc}
.Ltmp171:
	.loc	2 0 1                           @ :0:1
.Ltmp172:
	.p2align	2
@ %bb.143:
.LCPI3_1:
	.long	0xc0470d23                      @ float -3.1101768
.LCPI3_2:
	.long	0x40c90fdb                      @ float 6.28318548
.LCPI3_3:
	.long	0xc0c90fdb                      @ float -6.28318548
.LCPI3_4:
	.long	0x40490fdb                      @ float 3.14159274
.LCPI3_5:
	.long	0xc0490fdb                      @ float -3.14159274
.LCPI3_6:
	.long	0x3dcccccd                      @ float 0.100000001
.LCPI3_7:
	.long	0x3f59999a                      @ float 0.850000023
.LCPI3_8:
	.long	0x3d4ccccd                      @ float 0.0500000007
.Lfunc_end3:
	.size	PID_Calculate, .Lfunc_end3-PID_Calculate
	.cfi_endproc
	.cantunwind
	.fnend
                                        @ -- End function
	.section	.text.PID_ErrorHandle,"ax",%progbits
	.p2align	3                               @ -- Begin function PID_ErrorHandle
	.type	PID_ErrorHandle,%function
	.code	16                              @ @PID_ErrorHandle
	.thumb_func
PID_ErrorHandle:
.Lfunc_begin4:
	.loc	2 108 0 is_stmt 1               @ ../Algorithm/Src/pid.c:108:0
	.fnstart
	.cfi_startproc
@ %bb.0:
	.save	{r7, lr}
	push	{r7, lr}
	.cfi_def_cfa_offset 8
	.cfi_offset lr, -4
	.cfi_offset r7, -8
	.pad	#8
	sub	sp, #8
	.cfi_def_cfa_offset 16
	str	r0, [sp, #4]
.Ltmp173:
	.loc	2 110 6 prologue_end            @ ../Algorithm/Src/pid.c:110:6
	ldr	r0, [sp, #4]
	ldr	r0, [r0, #52]
	bl	__ARM_isnanf
	.loc	2 110 33 is_stmt 0              @ ../Algorithm/Src/pid.c:110:33
	cmp	r0, #1
	beq	.LBB4_2
	b	.LBB4_1
.LBB4_1:
	.loc	2 110 36                        @ ../Algorithm/Src/pid.c:110:36
	ldr	r0, [sp, #4]
	ldr	r0, [r0, #52]
	bl	__ARM_isinff
.Ltmp174:
	.loc	2 110 6                         @ ../Algorithm/Src/pid.c:110:6
	cmp	r0, #1
	bne	.LBB4_3
	b	.LBB4_2
.LBB4_2:
.Ltmp175:
	.loc	2 112 5 is_stmt 1               @ ../Algorithm/Src/pid.c:112:5
	ldr	r1, [sp, #4]
	movs	r0, #2
	.loc	2 112 30 is_stmt 0              @ ../Algorithm/Src/pid.c:112:30
	strb.w	r0, [r1, #134]
	.loc	2 113 3 is_stmt 1               @ ../Algorithm/Src/pid.c:113:3
	b	.LBB4_3
.Ltmp176:
.LBB4_3:
	.loc	2 114 1 epilogue_begin          @ ../Algorithm/Src/pid.c:114:1
	add	sp, #8
	pop	{r7, pc}
.Ltmp177:
.Lfunc_end4:
	.size	PID_ErrorHandle, .Lfunc_end4-PID_ErrorHandle
	.cfi_endproc
	.cantunwind
	.fnend
                                        @ -- End function
	.section	.text.GetSmoothedTargetDelta,"ax",%progbits
	.p2align	3                               @ -- Begin function GetSmoothedTargetDelta
	.type	GetSmoothedTargetDelta,%function
	.code	16                              @ @GetSmoothedTargetDelta
	.thumb_func
GetSmoothedTargetDelta:
.Lfunc_begin5:
	.loc	2 72 0                          @ ../Algorithm/Src/pid.c:72:0
	.fnstart
	.cfi_startproc
@ %bb.0:
	.save	{r4, lr}
	push	{r4, lr}
	.cfi_def_cfa_offset 8
	.cfi_offset lr, -4
	.cfi_offset r4, -8
	.pad	#16
	sub	sp, #16
	.cfi_def_cfa_offset 24
	add	r1, sp, #8
	str	r1, [sp]                        @ 4-byte Spill
	str	r0, [sp, #12]
	movs	r0, #0
.Ltmp178:
	.loc	2 73 11 prologue_end            @ ../Algorithm/Src/pid.c:73:11
	str	r0, [sp, #8]
.Ltmp179:
	.loc	2 74 18                         @ ../Algorithm/Src/pid.c:74:18
	strb.w	r0, [sp, #7]
	.loc	2 74 10 is_stmt 0               @ ../Algorithm/Src/pid.c:74:10
	b	.LBB5_1
.LBB5_1:                                @ =>This Inner Loop Header: Depth=1
.Ltmp180:
	.loc	2 74 25                         @ ../Algorithm/Src/pid.c:74:25
	ldrb.w	r0, [sp, #7]
.Ltmp181:
	.loc	2 74 5                          @ ../Algorithm/Src/pid.c:74:5
	cmp	r0, #1
	bgt	.LBB5_4
	b	.LBB5_2
.LBB5_2:                                @   in Loop: Header=BB5_1 Depth=1
.Ltmp182:
	.loc	2 75 23 is_stmt 1               @ ../Algorithm/Src/pid.c:75:23
	ldr	r0, [sp]                        @ 4-byte Reload
	ldr	r2, [sp, #12]
	.loc	2 75 28 is_stmt 0               @ ../Algorithm/Src/pid.c:75:28
	add.w	r1, r2, #56
	.loc	2 75 48                         @ ../Algorithm/Src/pid.c:75:48
	ldrb.w	r2, [r2, #68]
	.loc	2 75 63                         @ ../Algorithm/Src/pid.c:75:63
	ldrb.w	r3, [sp, #7]
	.loc	2 75 61                         @ ../Algorithm/Src/pid.c:75:61
	add	r2, r3
	.loc	2 75 65                         @ ../Algorithm/Src/pid.c:75:65
	add.w	r12, r2, #1
	movw	r3, #21846
	movt	r3, #21845
	.loc	2 75 70                         @ ../Algorithm/Src/pid.c:75:70
	umull	r4, lr, r12, r3
	add.w	lr, lr, lr, lsl #1
	sub.w	r12, r12, lr
	.loc	2 75 23                         @ ../Algorithm/Src/pid.c:75:23
	add.w	r12, r1, r12, lsl #2
	vldr	s0, [r12]
	.loc	2 76 64 is_stmt 1               @ ../Algorithm/Src/pid.c:76:64
	umull	r12, r3, r2, r3
	add.w	r3, r3, r3, lsl #1
	subs	r2, r2, r3
	.loc	2 76 21 is_stmt 0               @ ../Algorithm/Src/pid.c:76:21
	add.w	r1, r1, r2, lsl #2
	vldr	s2, [r1]
	.loc	2 75 88 is_stmt 1               @ ../Algorithm/Src/pid.c:75:88
	vsub.f32	s2, s0, s2
	.loc	2 75 19 is_stmt 0               @ ../Algorithm/Src/pid.c:75:19
	vldr	s0, [r0]
	vadd.f32	s0, s0, s2
	vstr	s0, [r0]
	.loc	2 77 5 is_stmt 1                @ ../Algorithm/Src/pid.c:77:5
	b	.LBB5_3
.Ltmp183:
.LBB5_3:                                @   in Loop: Header=BB5_1 Depth=1
	.loc	2 74 50                         @ ../Algorithm/Src/pid.c:74:50
	ldrb.w	r0, [sp, #7]
	adds	r0, #1
	strb.w	r0, [sp, #7]
	.loc	2 74 5 is_stmt 0                @ ../Algorithm/Src/pid.c:74:5
	b	.LBB5_1
.Ltmp184:
.LBB5_4:
	.loc	2 78 12 is_stmt 1               @ ../Algorithm/Src/pid.c:78:12
	ldr	r0, [sp]                        @ 4-byte Reload
	vldr	s0, [r0]
	vmov.f32	s2, #5.000000e-01
	.loc	2 78 22 is_stmt 0               @ ../Algorithm/Src/pid.c:78:22
	vmul.f32	s0, s0, s2
	.loc	2 78 5 epilogue_begin           @ ../Algorithm/Src/pid.c:78:5
	add	sp, #16
	pop	{r4, pc}
.Ltmp185:
.Lfunc_end5:
	.size	GetSmoothedTargetDelta, .Lfunc_end5-GetSmoothedTargetDelta
	.cfi_endproc
	.cantunwind
	.fnend
                                        @ -- End function
	.section	.text.__ARM_isnanf,"ax",%progbits
	.p2align	3                               @ -- Begin function __ARM_isnanf
	.type	__ARM_isnanf,%function
	.code	16                              @ @__ARM_isnanf
	.thumb_func
__ARM_isnanf:
.Lfunc_begin6:
	.file	3 "D:\\keil5_app\\Keil_v5\\ARM\\ARMCLANG\\bin\\..\\include" "math.h"
	.loc	3 209 0 is_stmt 1               @ D:\keil5_app\Keil_v5\ARM\ARMCLANG\bin\..\include\math.h:209:0
	.fnstart
	.cfi_startproc
@ %bb.0:
	.pad	#4
	sub	sp, #4
	.cfi_def_cfa_offset 4
	vmov	s0, r0
	str	r0, [sp]
.Ltmp186:
	.loc	3 210 27 prologue_end           @ D:\keil5_app\Keil_v5\ARM\ARMCLANG\bin\..\include\math.h:210:27
	ldr	r0, [sp]
	.loc	3 210 38 is_stmt 0              @ D:\keil5_app\Keil_v5\ARM\ARMCLANG\bin\..\include\math.h:210:38
	bic	r0, r0, #-2147483648
	.loc	3 210 24                        @ D:\keil5_app\Keil_v5\ARM\ARMCLANG\bin\..\include\math.h:210:24
	rsb.w	r0, r0, #2139095040
	.loc	3 210 53                        @ D:\keil5_app\Keil_v5\ARM\ARMCLANG\bin\..\include\math.h:210:53
	lsrs	r0, r0, #31
	.loc	3 210 5 epilogue_begin          @ D:\keil5_app\Keil_v5\ARM\ARMCLANG\bin\..\include\math.h:210:5
	add	sp, #4
	bx	lr
.Ltmp187:
.Lfunc_end6:
	.size	__ARM_isnanf, .Lfunc_end6-__ARM_isnanf
	.cfi_endproc
	.cantunwind
	.fnend
                                        @ -- End function
	.section	.text.__ARM_isinff,"ax",%progbits
	.p2align	3                               @ -- Begin function __ARM_isinff
	.type	__ARM_isinff,%function
	.code	16                              @ @__ARM_isinff
	.thumb_func
__ARM_isinff:
.Lfunc_begin7:
	.loc	3 183 0 is_stmt 1               @ D:\keil5_app\Keil_v5\ARM\ARMCLANG\bin\..\include\math.h:183:0
	.fnstart
	.cfi_startproc
@ %bb.0:
	.pad	#4
	sub	sp, #4
	.cfi_def_cfa_offset 4
	vmov	s0, r0
	str	r0, [sp]
.Ltmp188:
	.loc	3 184 13 prologue_end           @ D:\keil5_app\Keil_v5\ARM\ARMCLANG\bin\..\include\math.h:184:13
	ldr	r1, [sp]
	mov.w	r0, #16777216
	.loc	3 184 30 is_stmt 0              @ D:\keil5_app\Keil_v5\ARM\ARMCLANG\bin\..\include\math.h:184:30
	add.w	r0, r0, r1, lsl #1
	clz	r0, r0
	lsrs	r0, r0, #5
	.loc	3 184 5 epilogue_begin          @ D:\keil5_app\Keil_v5\ARM\ARMCLANG\bin\..\include\math.h:184:5
	add	sp, #4
	bx	lr
.Ltmp189:
.Lfunc_end7:
	.size	__ARM_isinff, .Lfunc_end7-__ARM_isinff
	.cfi_endproc
	.cantunwind
	.fnend
                                        @ -- End function
	.file	4 "D:\\keil5_app\\Keil_v5\\ARM\\ARMCLANG\\bin\\..\\include" "stdint.h"
	.file	5 "D:\\stm32_project\\daily_work\\new_bubing\\cod_update_2.0\\COD_H7_Template\\MDK-ARM" "../Algorithm/Inc\\lpf.h"
	.section	.debug_abbrev,"",%progbits
	.byte	1                               @ Abbreviation Code
	.byte	17                              @ DW_TAG_compile_unit
	.byte	1                               @ DW_CHILDREN_yes
	.byte	37                              @ DW_AT_producer
	.byte	14                              @ DW_FORM_strp
	.byte	19                              @ DW_AT_language
	.byte	5                               @ DW_FORM_data2
	.byte	3                               @ DW_AT_name
	.byte	14                              @ DW_FORM_strp
	.byte	16                              @ DW_AT_stmt_list
	.byte	23                              @ DW_FORM_sec_offset
	.byte	27                              @ DW_AT_comp_dir
	.byte	14                              @ DW_FORM_strp
	.byte	17                              @ DW_AT_low_pc
	.byte	1                               @ DW_FORM_addr
	.byte	85                              @ DW_AT_ranges
	.byte	23                              @ DW_FORM_sec_offset
	.byte	0                               @ EOM(1)
	.byte	0                               @ EOM(2)
	.byte	2                               @ Abbreviation Code
	.byte	4                               @ DW_TAG_enumeration_type
	.byte	1                               @ DW_CHILDREN_yes
	.byte	73                              @ DW_AT_type
	.byte	19                              @ DW_FORM_ref4
	.byte	11                              @ DW_AT_byte_size
	.byte	11                              @ DW_FORM_data1
	.byte	58                              @ DW_AT_decl_file
	.byte	11                              @ DW_FORM_data1
	.byte	59                              @ DW_AT_decl_line
	.byte	11                              @ DW_FORM_data1
	.byte	0                               @ EOM(1)
	.byte	0                               @ EOM(2)
	.byte	3                               @ Abbreviation Code
	.byte	40                              @ DW_TAG_enumerator
	.byte	0                               @ DW_CHILDREN_no
	.byte	3                               @ DW_AT_name
	.byte	14                              @ DW_FORM_strp
	.byte	28                              @ DW_AT_const_value
	.byte	15                              @ DW_FORM_udata
	.byte	0                               @ EOM(1)
	.byte	0                               @ EOM(2)
	.byte	4                               @ Abbreviation Code
	.byte	36                              @ DW_TAG_base_type
	.byte	0                               @ DW_CHILDREN_no
	.byte	3                               @ DW_AT_name
	.byte	14                              @ DW_FORM_strp
	.byte	62                              @ DW_AT_encoding
	.byte	11                              @ DW_FORM_data1
	.byte	11                              @ DW_AT_byte_size
	.byte	11                              @ DW_FORM_data1
	.byte	0                               @ EOM(1)
	.byte	0                               @ EOM(2)
	.byte	5                               @ Abbreviation Code
	.byte	15                              @ DW_TAG_pointer_type
	.byte	0                               @ DW_CHILDREN_no
	.byte	73                              @ DW_AT_type
	.byte	19                              @ DW_FORM_ref4
	.byte	0                               @ EOM(1)
	.byte	0                               @ EOM(2)
	.byte	6                               @ Abbreviation Code
	.byte	46                              @ DW_TAG_subprogram
	.byte	1                               @ DW_CHILDREN_yes
	.byte	17                              @ DW_AT_low_pc
	.byte	1                               @ DW_FORM_addr
	.byte	18                              @ DW_AT_high_pc
	.byte	6                               @ DW_FORM_data4
	.byte	64                              @ DW_AT_frame_base
	.byte	24                              @ DW_FORM_exprloc
	.byte	3                               @ DW_AT_name
	.byte	14                              @ DW_FORM_strp
	.byte	58                              @ DW_AT_decl_file
	.byte	11                              @ DW_FORM_data1
	.byte	59                              @ DW_AT_decl_line
	.byte	11                              @ DW_FORM_data1
	.byte	39                              @ DW_AT_prototyped
	.byte	25                              @ DW_FORM_flag_present
	.byte	63                              @ DW_AT_external
	.byte	25                              @ DW_FORM_flag_present
	.byte	0                               @ EOM(1)
	.byte	0                               @ EOM(2)
	.byte	7                               @ Abbreviation Code
	.byte	5                               @ DW_TAG_formal_parameter
	.byte	0                               @ DW_CHILDREN_no
	.byte	2                               @ DW_AT_location
	.byte	24                              @ DW_FORM_exprloc
	.byte	3                               @ DW_AT_name
	.byte	14                              @ DW_FORM_strp
	.byte	58                              @ DW_AT_decl_file
	.byte	11                              @ DW_FORM_data1
	.byte	59                              @ DW_AT_decl_line
	.byte	11                              @ DW_FORM_data1
	.byte	73                              @ DW_AT_type
	.byte	19                              @ DW_FORM_ref4
	.byte	0                               @ EOM(1)
	.byte	0                               @ EOM(2)
	.byte	8                               @ Abbreviation Code
	.byte	46                              @ DW_TAG_subprogram
	.byte	1                               @ DW_CHILDREN_yes
	.byte	17                              @ DW_AT_low_pc
	.byte	1                               @ DW_FORM_addr
	.byte	18                              @ DW_AT_high_pc
	.byte	6                               @ DW_FORM_data4
	.byte	64                              @ DW_AT_frame_base
	.byte	24                              @ DW_FORM_exprloc
	.byte	3                               @ DW_AT_name
	.byte	14                              @ DW_FORM_strp
	.byte	58                              @ DW_AT_decl_file
	.byte	11                              @ DW_FORM_data1
	.byte	59                              @ DW_AT_decl_line
	.byte	11                              @ DW_FORM_data1
	.byte	39                              @ DW_AT_prototyped
	.byte	25                              @ DW_FORM_flag_present
	.byte	0                               @ EOM(1)
	.byte	0                               @ EOM(2)
	.byte	9                               @ Abbreviation Code
	.byte	46                              @ DW_TAG_subprogram
	.byte	1                               @ DW_CHILDREN_yes
	.byte	17                              @ DW_AT_low_pc
	.byte	1                               @ DW_FORM_addr
	.byte	18                              @ DW_AT_high_pc
	.byte	6                               @ DW_FORM_data4
	.byte	64                              @ DW_AT_frame_base
	.byte	24                              @ DW_FORM_exprloc
	.byte	3                               @ DW_AT_name
	.byte	14                              @ DW_FORM_strp
	.byte	58                              @ DW_AT_decl_file
	.byte	11                              @ DW_FORM_data1
	.byte	59                              @ DW_AT_decl_line
	.byte	11                              @ DW_FORM_data1
	.byte	39                              @ DW_AT_prototyped
	.byte	25                              @ DW_FORM_flag_present
	.byte	73                              @ DW_AT_type
	.byte	19                              @ DW_FORM_ref4
	.byte	0                               @ EOM(1)
	.byte	0                               @ EOM(2)
	.byte	10                              @ Abbreviation Code
	.byte	46                              @ DW_TAG_subprogram
	.byte	1                               @ DW_CHILDREN_yes
	.byte	17                              @ DW_AT_low_pc
	.byte	1                               @ DW_FORM_addr
	.byte	18                              @ DW_AT_high_pc
	.byte	6                               @ DW_FORM_data4
	.byte	64                              @ DW_AT_frame_base
	.byte	24                              @ DW_FORM_exprloc
	.byte	3                               @ DW_AT_name
	.byte	14                              @ DW_FORM_strp
	.byte	58                              @ DW_AT_decl_file
	.byte	11                              @ DW_FORM_data1
	.byte	59                              @ DW_AT_decl_line
	.byte	11                              @ DW_FORM_data1
	.byte	39                              @ DW_AT_prototyped
	.byte	25                              @ DW_FORM_flag_present
	.byte	73                              @ DW_AT_type
	.byte	19                              @ DW_FORM_ref4
	.byte	63                              @ DW_AT_external
	.byte	25                              @ DW_FORM_flag_present
	.byte	0                               @ EOM(1)
	.byte	0                               @ EOM(2)
	.byte	11                              @ Abbreviation Code
	.byte	52                              @ DW_TAG_variable
	.byte	0                               @ DW_CHILDREN_no
	.byte	2                               @ DW_AT_location
	.byte	24                              @ DW_FORM_exprloc
	.byte	3                               @ DW_AT_name
	.byte	14                              @ DW_FORM_strp
	.byte	58                              @ DW_AT_decl_file
	.byte	11                              @ DW_FORM_data1
	.byte	59                              @ DW_AT_decl_line
	.byte	11                              @ DW_FORM_data1
	.byte	73                              @ DW_AT_type
	.byte	19                              @ DW_FORM_ref4
	.byte	0                               @ EOM(1)
	.byte	0                               @ EOM(2)
	.byte	12                              @ Abbreviation Code
	.byte	11                              @ DW_TAG_lexical_block
	.byte	1                               @ DW_CHILDREN_yes
	.byte	17                              @ DW_AT_low_pc
	.byte	1                               @ DW_FORM_addr
	.byte	18                              @ DW_AT_high_pc
	.byte	6                               @ DW_FORM_data4
	.byte	0                               @ EOM(1)
	.byte	0                               @ EOM(2)
	.byte	13                              @ Abbreviation Code
	.byte	52                              @ DW_TAG_variable
	.byte	0                               @ DW_CHILDREN_no
	.byte	2                               @ DW_AT_location
	.byte	24                              @ DW_FORM_exprloc
	.byte	3                               @ DW_AT_name
	.byte	14                              @ DW_FORM_strp
	.byte	58                              @ DW_AT_decl_file
	.byte	11                              @ DW_FORM_data1
	.byte	59                              @ DW_AT_decl_line
	.byte	5                               @ DW_FORM_data2
	.byte	73                              @ DW_AT_type
	.byte	19                              @ DW_FORM_ref4
	.byte	0                               @ EOM(1)
	.byte	0                               @ EOM(2)
	.byte	14                              @ Abbreviation Code
	.byte	46                              @ DW_TAG_subprogram
	.byte	1                               @ DW_CHILDREN_yes
	.byte	17                              @ DW_AT_low_pc
	.byte	1                               @ DW_FORM_addr
	.byte	18                              @ DW_AT_high_pc
	.byte	6                               @ DW_FORM_data4
	.byte	64                              @ DW_AT_frame_base
	.byte	24                              @ DW_FORM_exprloc
	.byte	3                               @ DW_AT_name
	.byte	14                              @ DW_FORM_strp
	.byte	58                              @ DW_AT_decl_file
	.byte	11                              @ DW_FORM_data1
	.byte	59                              @ DW_AT_decl_line
	.byte	11                              @ DW_FORM_data1
	.byte	39                              @ DW_AT_prototyped
	.byte	25                              @ DW_FORM_flag_present
	.byte	54                              @ DW_AT_calling_convention
	.byte	11                              @ DW_FORM_data1
	.byte	73                              @ DW_AT_type
	.byte	19                              @ DW_FORM_ref4
	.byte	0                               @ EOM(1)
	.byte	0                               @ EOM(2)
	.byte	15                              @ Abbreviation Code
	.byte	22                              @ DW_TAG_typedef
	.byte	0                               @ DW_CHILDREN_no
	.byte	73                              @ DW_AT_type
	.byte	19                              @ DW_FORM_ref4
	.byte	3                               @ DW_AT_name
	.byte	14                              @ DW_FORM_strp
	.byte	58                              @ DW_AT_decl_file
	.byte	11                              @ DW_FORM_data1
	.byte	59                              @ DW_AT_decl_line
	.byte	11                              @ DW_FORM_data1
	.byte	0                               @ EOM(1)
	.byte	0                               @ EOM(2)
	.byte	16                              @ Abbreviation Code
	.byte	19                              @ DW_TAG_structure_type
	.byte	1                               @ DW_CHILDREN_yes
	.byte	3                               @ DW_AT_name
	.byte	14                              @ DW_FORM_strp
	.byte	11                              @ DW_AT_byte_size
	.byte	11                              @ DW_FORM_data1
	.byte	58                              @ DW_AT_decl_file
	.byte	11                              @ DW_FORM_data1
	.byte	59                              @ DW_AT_decl_line
	.byte	11                              @ DW_FORM_data1
	.byte	0                               @ EOM(1)
	.byte	0                               @ EOM(2)
	.byte	17                              @ Abbreviation Code
	.byte	13                              @ DW_TAG_member
	.byte	0                               @ DW_CHILDREN_no
	.byte	3                               @ DW_AT_name
	.byte	14                              @ DW_FORM_strp
	.byte	73                              @ DW_AT_type
	.byte	19                              @ DW_FORM_ref4
	.byte	58                              @ DW_AT_decl_file
	.byte	11                              @ DW_FORM_data1
	.byte	59                              @ DW_AT_decl_line
	.byte	11                              @ DW_FORM_data1
	.byte	56                              @ DW_AT_data_member_location
	.byte	11                              @ DW_FORM_data1
	.byte	0                               @ EOM(1)
	.byte	0                               @ EOM(2)
	.byte	18                              @ Abbreviation Code
	.byte	1                               @ DW_TAG_array_type
	.byte	1                               @ DW_CHILDREN_yes
	.byte	73                              @ DW_AT_type
	.byte	19                              @ DW_FORM_ref4
	.byte	0                               @ EOM(1)
	.byte	0                               @ EOM(2)
	.byte	19                              @ Abbreviation Code
	.byte	33                              @ DW_TAG_subrange_type
	.byte	0                               @ DW_CHILDREN_no
	.byte	73                              @ DW_AT_type
	.byte	19                              @ DW_FORM_ref4
	.byte	55                              @ DW_AT_count
	.byte	11                              @ DW_FORM_data1
	.byte	0                               @ EOM(1)
	.byte	0                               @ EOM(2)
	.byte	20                              @ Abbreviation Code
	.byte	36                              @ DW_TAG_base_type
	.byte	0                               @ DW_CHILDREN_no
	.byte	3                               @ DW_AT_name
	.byte	14                              @ DW_FORM_strp
	.byte	11                              @ DW_AT_byte_size
	.byte	11                              @ DW_FORM_data1
	.byte	62                              @ DW_AT_encoding
	.byte	11                              @ DW_FORM_data1
	.byte	0                               @ EOM(1)
	.byte	0                               @ EOM(2)
	.byte	21                              @ Abbreviation Code
	.byte	19                              @ DW_TAG_structure_type
	.byte	1                               @ DW_CHILDREN_yes
	.byte	11                              @ DW_AT_byte_size
	.byte	11                              @ DW_FORM_data1
	.byte	58                              @ DW_AT_decl_file
	.byte	11                              @ DW_FORM_data1
	.byte	59                              @ DW_AT_decl_line
	.byte	11                              @ DW_FORM_data1
	.byte	0                               @ EOM(1)
	.byte	0                               @ EOM(2)
	.byte	22                              @ Abbreviation Code
	.byte	21                              @ DW_TAG_subroutine_type
	.byte	1                               @ DW_CHILDREN_yes
	.byte	73                              @ DW_AT_type
	.byte	19                              @ DW_FORM_ref4
	.byte	39                              @ DW_AT_prototyped
	.byte	25                              @ DW_FORM_flag_present
	.byte	0                               @ EOM(1)
	.byte	0                               @ EOM(2)
	.byte	23                              @ Abbreviation Code
	.byte	5                               @ DW_TAG_formal_parameter
	.byte	0                               @ DW_CHILDREN_no
	.byte	73                              @ DW_AT_type
	.byte	19                              @ DW_FORM_ref4
	.byte	0                               @ EOM(1)
	.byte	0                               @ EOM(2)
	.byte	24                              @ Abbreviation Code
	.byte	21                              @ DW_TAG_subroutine_type
	.byte	1                               @ DW_CHILDREN_yes
	.byte	39                              @ DW_AT_prototyped
	.byte	25                              @ DW_FORM_flag_present
	.byte	0                               @ EOM(1)
	.byte	0                               @ EOM(2)
	.byte	0                               @ EOM(3)
	.section	.debug_info,"",%progbits
.Lcu_begin0:
	.long	.Ldebug_info_end0-.Ldebug_info_start0 @ Length of Unit
.Ldebug_info_start0:
	.short	4                               @ DWARF version number
	.long	.debug_abbrev                   @ Offset Into Abbrev. Section
	.byte	4                               @ Address Size (in bytes)
	.byte	1                               @ Abbrev [1] 0xb:0x4e5 DW_TAG_compile_unit
	.long	.Linfo_string0                  @ DW_AT_producer
	.short	12                              @ DW_AT_language
	.long	.Linfo_string1                  @ DW_AT_name
	.long	.Lline_table_start0             @ DW_AT_stmt_list
	.long	.Linfo_string2                  @ DW_AT_comp_dir
	.long	0                               @ DW_AT_low_pc
	.long	.Ldebug_ranges0                 @ DW_AT_ranges
	.byte	2                               @ Abbrev [2] 0x26:0x39 DW_TAG_enumeration_type
	.long	95                              @ DW_AT_type
	.byte	1                               @ DW_AT_byte_size
	.byte	1                               @ DW_AT_decl_file
	.byte	48                              @ DW_AT_decl_line
	.byte	3                               @ Abbrev [3] 0x2e:0x6 DW_TAG_enumerator
	.long	.Linfo_string4                  @ DW_AT_name
	.byte	0                               @ DW_AT_const_value
	.byte	3                               @ Abbrev [3] 0x34:0x6 DW_TAG_enumerator
	.long	.Linfo_string5                  @ DW_AT_name
	.byte	1                               @ DW_AT_const_value
	.byte	3                               @ Abbrev [3] 0x3a:0x6 DW_TAG_enumerator
	.long	.Linfo_string6                  @ DW_AT_name
	.byte	2                               @ DW_AT_const_value
	.byte	3                               @ Abbrev [3] 0x40:0x6 DW_TAG_enumerator
	.long	.Linfo_string7                  @ DW_AT_name
	.byte	3                               @ DW_AT_const_value
	.byte	3                               @ Abbrev [3] 0x46:0x6 DW_TAG_enumerator
	.long	.Linfo_string8                  @ DW_AT_name
	.byte	4                               @ DW_AT_const_value
	.byte	3                               @ Abbrev [3] 0x4c:0x6 DW_TAG_enumerator
	.long	.Linfo_string9                  @ DW_AT_name
	.byte	5                               @ DW_AT_const_value
	.byte	3                               @ Abbrev [3] 0x52:0x6 DW_TAG_enumerator
	.long	.Linfo_string10                 @ DW_AT_name
	.byte	6                               @ DW_AT_const_value
	.byte	3                               @ Abbrev [3] 0x58:0x6 DW_TAG_enumerator
	.long	.Linfo_string11                 @ DW_AT_name
	.byte	7                               @ DW_AT_const_value
	.byte	0                               @ End Of Children Mark
	.byte	4                               @ Abbrev [4] 0x5f:0x7 DW_TAG_base_type
	.long	.Linfo_string3                  @ DW_AT_name
	.byte	8                               @ DW_AT_encoding
	.byte	1                               @ DW_AT_byte_size
	.byte	2                               @ Abbrev [2] 0x66:0x21 DW_TAG_enumeration_type
	.long	95                              @ DW_AT_type
	.byte	1                               @ DW_AT_byte_size
	.byte	1                               @ DW_AT_decl_file
	.byte	37                              @ DW_AT_decl_line
	.byte	3                               @ Abbrev [3] 0x6e:0x6 DW_TAG_enumerator
	.long	.Linfo_string12                 @ DW_AT_name
	.byte	0                               @ DW_AT_const_value
	.byte	3                               @ Abbrev [3] 0x74:0x6 DW_TAG_enumerator
	.long	.Linfo_string13                 @ DW_AT_name
	.byte	1                               @ DW_AT_const_value
	.byte	3                               @ Abbrev [3] 0x7a:0x6 DW_TAG_enumerator
	.long	.Linfo_string14                 @ DW_AT_name
	.byte	2                               @ DW_AT_const_value
	.byte	3                               @ Abbrev [3] 0x80:0x6 DW_TAG_enumerator
	.long	.Linfo_string15                 @ DW_AT_name
	.byte	3                               @ DW_AT_const_value
	.byte	0                               @ End Of Children Mark
	.byte	5                               @ Abbrev [5] 0x87:0x5 DW_TAG_pointer_type
	.long	140                             @ DW_AT_type
	.byte	4                               @ Abbrev [4] 0x8c:0x7 DW_TAG_base_type
	.long	.Linfo_string16                 @ DW_AT_name
	.byte	7                               @ DW_AT_encoding
	.byte	4                               @ DW_AT_byte_size
	.byte	6                               @ Abbrev [6] 0x93:0x3c DW_TAG_subprogram
	.long	.Lfunc_begin0                   @ DW_AT_low_pc
	.long	.Lfunc_end0-.Lfunc_begin0       @ DW_AT_high_pc
	.byte	1                               @ DW_AT_frame_base
	.byte	93
	.long	.Linfo_string17                 @ DW_AT_name
	.byte	2                               @ DW_AT_decl_file
	.byte	88                              @ DW_AT_decl_line
                                        @ DW_AT_prototyped
                                        @ DW_AT_external
	.byte	7                               @ Abbrev [7] 0xa4:0xe DW_TAG_formal_parameter
	.byte	2                               @ DW_AT_location
	.byte	145
	.byte	12
	.long	.Linfo_string28                 @ DW_AT_name
	.byte	2                               @ DW_AT_decl_file
	.byte	88                              @ DW_AT_decl_line
	.long	673                             @ DW_AT_type
	.byte	7                               @ Abbrev [7] 0xb2:0xe DW_TAG_formal_parameter
	.byte	2                               @ DW_AT_location
	.byte	145
	.byte	11
	.long	.Linfo_string29                 @ DW_AT_name
	.byte	2                               @ DW_AT_decl_file
	.byte	88                              @ DW_AT_decl_line
	.long	914                             @ DW_AT_type
	.byte	7                               @ Abbrev [7] 0xc0:0xe DW_TAG_formal_parameter
	.byte	2                               @ DW_AT_location
	.byte	145
	.byte	4
	.long	.Linfo_string51                 @ DW_AT_name
	.byte	2                               @ DW_AT_decl_file
	.byte	88                              @ DW_AT_decl_line
	.long	1246                            @ DW_AT_type
	.byte	0                               @ End Of Children Mark
	.byte	8                               @ Abbrev [8] 0xcf:0x20 DW_TAG_subprogram
	.long	.Lfunc_begin1                   @ DW_AT_low_pc
	.long	.Lfunc_end1-.Lfunc_begin1       @ DW_AT_high_pc
	.byte	1                               @ DW_AT_frame_base
	.byte	93
	.long	.Linfo_string18                 @ DW_AT_name
	.byte	2                               @ DW_AT_decl_file
	.byte	59                              @ DW_AT_decl_line
                                        @ DW_AT_prototyped
	.byte	7                               @ Abbrev [7] 0xe0:0xe DW_TAG_formal_parameter
	.byte	2                               @ DW_AT_location
	.byte	145
	.byte	0
	.long	.Linfo_string28                 @ DW_AT_name
	.byte	2                               @ DW_AT_decl_file
	.byte	59                              @ DW_AT_decl_line
	.long	673                             @ DW_AT_type
	.byte	0                               @ End Of Children Mark
	.byte	9                               @ Abbrev [9] 0xef:0x32 DW_TAG_subprogram
	.long	.Lfunc_begin2                   @ DW_AT_low_pc
	.long	.Lfunc_end2-.Lfunc_begin2       @ DW_AT_high_pc
	.byte	1                               @ DW_AT_frame_base
	.byte	93
	.long	.Linfo_string19                 @ DW_AT_name
	.byte	2                               @ DW_AT_decl_file
	.byte	12                              @ DW_AT_decl_line
                                        @ DW_AT_prototyped
	.long	648                             @ DW_AT_type
	.byte	7                               @ Abbrev [7] 0x104:0xe DW_TAG_formal_parameter
	.byte	2                               @ DW_AT_location
	.byte	145
	.byte	8
	.long	.Linfo_string28                 @ DW_AT_name
	.byte	2                               @ DW_AT_decl_file
	.byte	12                              @ DW_AT_decl_line
	.long	673                             @ DW_AT_type
	.byte	7                               @ Abbrev [7] 0x112:0xe DW_TAG_formal_parameter
	.byte	2                               @ DW_AT_location
	.byte	145
	.byte	4
	.long	.Linfo_string51                 @ DW_AT_name
	.byte	2                               @ DW_AT_decl_file
	.byte	12                              @ DW_AT_decl_line
	.long	1246                            @ DW_AT_type
	.byte	0                               @ End Of Children Mark
	.byte	10                              @ Abbrev [10] 0x121:0xb3 DW_TAG_subprogram
	.long	.Lfunc_begin3                   @ DW_AT_low_pc
	.long	.Lfunc_end3-.Lfunc_begin3       @ DW_AT_high_pc
	.byte	1                               @ DW_AT_frame_base
	.byte	93
	.long	.Linfo_string21                 @ DW_AT_name
	.byte	2                               @ DW_AT_decl_file
	.byte	125                             @ DW_AT_decl_line
                                        @ DW_AT_prototyped
	.long	659                             @ DW_AT_type
                                        @ DW_AT_external
	.byte	7                               @ Abbrev [7] 0x136:0xe DW_TAG_formal_parameter
	.byte	2                               @ DW_AT_location
	.byte	145
	.byte	40
	.long	.Linfo_string28                 @ DW_AT_name
	.byte	2                               @ DW_AT_decl_file
	.byte	125                             @ DW_AT_decl_line
	.long	673                             @ DW_AT_type
	.byte	7                               @ Abbrev [7] 0x144:0xe DW_TAG_formal_parameter
	.byte	2                               @ DW_AT_location
	.byte	145
	.byte	36
	.long	.Linfo_string31                 @ DW_AT_name
	.byte	2                               @ DW_AT_decl_file
	.byte	125                             @ DW_AT_decl_line
	.long	659                             @ DW_AT_type
	.byte	7                               @ Abbrev [7] 0x152:0xe DW_TAG_formal_parameter
	.byte	2                               @ DW_AT_location
	.byte	145
	.byte	32
	.long	.Linfo_string32                 @ DW_AT_name
	.byte	2                               @ DW_AT_decl_file
	.byte	125                             @ DW_AT_decl_line
	.long	659                             @ DW_AT_type
	.byte	11                              @ Abbrev [11] 0x160:0xe DW_TAG_variable
	.byte	2                               @ DW_AT_location
	.byte	145
	.byte	28
	.long	.Linfo_string70                 @ DW_AT_name
	.byte	2                               @ DW_AT_decl_file
	.byte	144                             @ DW_AT_decl_line
	.long	659                             @ DW_AT_type
	.byte	12                              @ Abbrev [12] 0x16e:0x18 DW_TAG_lexical_block
	.long	.Ltmp68                         @ DW_AT_low_pc
	.long	.Ltmp94-.Ltmp68                 @ DW_AT_high_pc
	.byte	11                              @ Abbrev [11] 0x177:0xe DW_TAG_variable
	.byte	2                               @ DW_AT_location
	.byte	145
	.byte	24
	.long	.Linfo_string71                 @ DW_AT_name
	.byte	2                               @ DW_AT_decl_file
	.byte	194                             @ DW_AT_decl_line
	.long	659                             @ DW_AT_type
	.byte	0                               @ End Of Children Mark
	.byte	12                              @ Abbrev [12] 0x186:0x18 DW_TAG_lexical_block
	.long	.Ltmp95                         @ DW_AT_low_pc
	.long	.Ltmp114-.Ltmp95                @ DW_AT_high_pc
	.byte	11                              @ Abbrev [11] 0x18f:0xe DW_TAG_variable
	.byte	2                               @ DW_AT_location
	.byte	145
	.byte	20
	.long	.Linfo_string72                 @ DW_AT_name
	.byte	2                               @ DW_AT_decl_file
	.byte	219                             @ DW_AT_decl_line
	.long	659                             @ DW_AT_type
	.byte	0                               @ End Of Children Mark
	.byte	12                              @ Abbrev [12] 0x19e:0x35 DW_TAG_lexical_block
	.long	.Ltmp115                        @ DW_AT_low_pc
	.long	.Ltmp149-.Ltmp115               @ DW_AT_high_pc
	.byte	11                              @ Abbrev [11] 0x1a7:0xe DW_TAG_variable
	.byte	2                               @ DW_AT_location
	.byte	145
	.byte	16
	.long	.Linfo_string72                 @ DW_AT_name
	.byte	2                               @ DW_AT_decl_file
	.byte	245                             @ DW_AT_decl_line
	.long	659                             @ DW_AT_type
	.byte	11                              @ Abbrev [11] 0x1b5:0xe DW_TAG_variable
	.byte	2                               @ DW_AT_location
	.byte	145
	.byte	12
	.long	.Linfo_string71                 @ DW_AT_name
	.byte	2                               @ DW_AT_decl_file
	.byte	247                             @ DW_AT_decl_line
	.long	659                             @ DW_AT_type
	.byte	13                              @ Abbrev [13] 0x1c3:0xf DW_TAG_variable
	.byte	2                               @ DW_AT_location
	.byte	145
	.byte	8
	.long	.Linfo_string73                 @ DW_AT_name
	.byte	2                               @ DW_AT_decl_file
	.short	271                             @ DW_AT_decl_line
	.long	659                             @ DW_AT_type
	.byte	0                               @ End Of Children Mark
	.byte	0                               @ End Of Children Mark
	.byte	8                               @ Abbrev [8] 0x1d4:0x20 DW_TAG_subprogram
	.long	.Lfunc_begin4                   @ DW_AT_low_pc
	.long	.Lfunc_end4-.Lfunc_begin4       @ DW_AT_high_pc
	.byte	1                               @ DW_AT_frame_base
	.byte	93
	.long	.Linfo_string23                 @ DW_AT_name
	.byte	2                               @ DW_AT_decl_file
	.byte	107                             @ DW_AT_decl_line
                                        @ DW_AT_prototyped
	.byte	7                               @ Abbrev [7] 0x1e5:0xe DW_TAG_formal_parameter
	.byte	2                               @ DW_AT_location
	.byte	145
	.byte	4
	.long	.Linfo_string28                 @ DW_AT_name
	.byte	2                               @ DW_AT_decl_file
	.byte	107                             @ DW_AT_decl_line
	.long	673                             @ DW_AT_type
	.byte	0                               @ End Of Children Mark
	.byte	9                               @ Abbrev [9] 0x1f4:0x4a DW_TAG_subprogram
	.long	.Lfunc_begin5                   @ DW_AT_low_pc
	.long	.Lfunc_end5-.Lfunc_begin5       @ DW_AT_high_pc
	.byte	1                               @ DW_AT_frame_base
	.byte	93
	.long	.Linfo_string24                 @ DW_AT_name
	.byte	2                               @ DW_AT_decl_file
	.byte	72                              @ DW_AT_decl_line
                                        @ DW_AT_prototyped
	.long	659                             @ DW_AT_type
	.byte	7                               @ Abbrev [7] 0x209:0xe DW_TAG_formal_parameter
	.byte	2                               @ DW_AT_location
	.byte	145
	.byte	12
	.long	.Linfo_string28                 @ DW_AT_name
	.byte	2                               @ DW_AT_decl_file
	.byte	72                              @ DW_AT_decl_line
	.long	673                             @ DW_AT_type
	.byte	11                              @ Abbrev [11] 0x217:0xe DW_TAG_variable
	.byte	2                               @ DW_AT_location
	.byte	145
	.byte	8
	.long	.Linfo_string74                 @ DW_AT_name
	.byte	2                               @ DW_AT_decl_file
	.byte	73                              @ DW_AT_decl_line
	.long	659                             @ DW_AT_type
	.byte	12                              @ Abbrev [12] 0x225:0x18 DW_TAG_lexical_block
	.long	.Ltmp179                        @ DW_AT_low_pc
	.long	.Ltmp184-.Ltmp179               @ DW_AT_high_pc
	.byte	11                              @ Abbrev [11] 0x22e:0xe DW_TAG_variable
	.byte	2                               @ DW_AT_location
	.byte	145
	.byte	7
	.long	.Linfo_string75                 @ DW_AT_name
	.byte	2                               @ DW_AT_decl_file
	.byte	74                              @ DW_AT_decl_line
	.long	944                             @ DW_AT_type
	.byte	0                               @ End Of Children Mark
	.byte	0                               @ End Of Children Mark
	.byte	14                              @ Abbrev [14] 0x23e:0x25 DW_TAG_subprogram
	.long	.Lfunc_begin6                   @ DW_AT_low_pc
	.long	.Lfunc_end6-.Lfunc_begin6       @ DW_AT_high_pc
	.byte	1                               @ DW_AT_frame_base
	.byte	93
	.long	.Linfo_string25                 @ DW_AT_name
	.byte	3                               @ DW_AT_decl_file
	.byte	208                             @ DW_AT_decl_line
                                        @ DW_AT_prototyped
	.byte	195                             @ DW_AT_calling_convention
	.long	666                             @ DW_AT_type
	.byte	7                               @ Abbrev [7] 0x254:0xe DW_TAG_formal_parameter
	.byte	2                               @ DW_AT_location
	.byte	145
	.byte	0
	.long	.Linfo_string76                 @ DW_AT_name
	.byte	3                               @ DW_AT_decl_file
	.byte	208                             @ DW_AT_decl_line
	.long	659                             @ DW_AT_type
	.byte	0                               @ End Of Children Mark
	.byte	14                              @ Abbrev [14] 0x263:0x25 DW_TAG_subprogram
	.long	.Lfunc_begin7                   @ DW_AT_low_pc
	.long	.Lfunc_end7-.Lfunc_begin7       @ DW_AT_high_pc
	.byte	1                               @ DW_AT_frame_base
	.byte	93
	.long	.Linfo_string27                 @ DW_AT_name
	.byte	3                               @ DW_AT_decl_file
	.byte	182                             @ DW_AT_decl_line
                                        @ DW_AT_prototyped
	.byte	195                             @ DW_AT_calling_convention
	.long	666                             @ DW_AT_type
	.byte	7                               @ Abbrev [7] 0x279:0xe DW_TAG_formal_parameter
	.byte	2                               @ DW_AT_location
	.byte	145
	.byte	0
	.long	.Linfo_string76                 @ DW_AT_name
	.byte	3                               @ DW_AT_decl_file
	.byte	182                             @ DW_AT_decl_line
	.long	659                             @ DW_AT_type
	.byte	0                               @ End Of Children Mark
	.byte	15                              @ Abbrev [15] 0x288:0xb DW_TAG_typedef
	.long	102                             @ DW_AT_type
	.long	.Linfo_string20                 @ DW_AT_name
	.byte	1                               @ DW_AT_decl_file
	.byte	43                              @ DW_AT_decl_line
	.byte	4                               @ Abbrev [4] 0x293:0x7 DW_TAG_base_type
	.long	.Linfo_string22                 @ DW_AT_name
	.byte	4                               @ DW_AT_encoding
	.byte	4                               @ DW_AT_byte_size
	.byte	4                               @ Abbrev [4] 0x29a:0x7 DW_TAG_base_type
	.long	.Linfo_string26                 @ DW_AT_name
	.byte	5                               @ DW_AT_encoding
	.byte	4                               @ DW_AT_byte_size
	.byte	5                               @ Abbrev [5] 0x2a1:0x5 DW_TAG_pointer_type
	.long	678                             @ DW_AT_type
	.byte	15                              @ Abbrev [15] 0x2a6:0xb DW_TAG_typedef
	.long	689                             @ DW_AT_type
	.long	.Linfo_string69                 @ DW_AT_name
	.byte	1                               @ DW_AT_decl_file
	.byte	131                             @ DW_AT_decl_line
	.byte	16                              @ Abbrev [16] 0x2b1:0xe1 DW_TAG_structure_type
	.long	.Linfo_string68                 @ DW_AT_name
	.byte	144                             @ DW_AT_byte_size
	.byte	1                               @ DW_AT_decl_file
	.byte	92                              @ DW_AT_decl_line
	.byte	17                              @ Abbrev [17] 0x2b9:0xc DW_TAG_member
	.long	.Linfo_string29                 @ DW_AT_name
	.long	914                             @ DW_AT_type
	.byte	1                               @ DW_AT_decl_file
	.byte	94                              @ DW_AT_decl_line
	.byte	0                               @ DW_AT_data_member_location
	.byte	17                              @ Abbrev [17] 0x2c5:0xc DW_TAG_member
	.long	.Linfo_string31                 @ DW_AT_name
	.long	659                             @ DW_AT_type
	.byte	1                               @ DW_AT_decl_file
	.byte	96                              @ DW_AT_decl_line
	.byte	4                               @ DW_AT_data_member_location
	.byte	17                              @ Abbrev [17] 0x2d1:0xc DW_TAG_member
	.long	.Linfo_string32                 @ DW_AT_name
	.long	659                             @ DW_AT_type
	.byte	1                               @ DW_AT_decl_file
	.byte	97                              @ DW_AT_decl_line
	.byte	8                               @ DW_AT_data_member_location
	.byte	17                              @ Abbrev [17] 0x2dd:0xc DW_TAG_member
	.long	.Linfo_string33                 @ DW_AT_name
	.long	925                             @ DW_AT_type
	.byte	1                               @ DW_AT_decl_file
	.byte	99                              @ DW_AT_decl_line
	.byte	12                              @ DW_AT_data_member_location
	.byte	17                              @ Abbrev [17] 0x2e9:0xc DW_TAG_member
	.long	.Linfo_string35                 @ DW_AT_name
	.long	925                             @ DW_AT_type
	.byte	1                               @ DW_AT_decl_file
	.byte	100                             @ DW_AT_decl_line
	.byte	24                              @ DW_AT_data_member_location
	.byte	17                              @ Abbrev [17] 0x2f5:0xc DW_TAG_member
	.long	.Linfo_string36                 @ DW_AT_name
	.long	659                             @ DW_AT_type
	.byte	1                               @ DW_AT_decl_file
	.byte	101                             @ DW_AT_decl_line
	.byte	36                              @ DW_AT_data_member_location
	.byte	17                              @ Abbrev [17] 0x301:0xc DW_TAG_member
	.long	.Linfo_string37                 @ DW_AT_name
	.long	659                             @ DW_AT_type
	.byte	1                               @ DW_AT_decl_file
	.byte	102                             @ DW_AT_decl_line
	.byte	40                              @ DW_AT_data_member_location
	.byte	17                              @ Abbrev [17] 0x30d:0xc DW_TAG_member
	.long	.Linfo_string38                 @ DW_AT_name
	.long	659                             @ DW_AT_type
	.byte	1                               @ DW_AT_decl_file
	.byte	103                             @ DW_AT_decl_line
	.byte	44                              @ DW_AT_data_member_location
	.byte	17                              @ Abbrev [17] 0x319:0xc DW_TAG_member
	.long	.Linfo_string39                 @ DW_AT_name
	.long	659                             @ DW_AT_type
	.byte	1                               @ DW_AT_decl_file
	.byte	104                             @ DW_AT_decl_line
	.byte	48                              @ DW_AT_data_member_location
	.byte	17                              @ Abbrev [17] 0x325:0xc DW_TAG_member
	.long	.Linfo_string40                 @ DW_AT_name
	.long	659                             @ DW_AT_type
	.byte	1                               @ DW_AT_decl_file
	.byte	105                             @ DW_AT_decl_line
	.byte	52                              @ DW_AT_data_member_location
	.byte	17                              @ Abbrev [17] 0x331:0xc DW_TAG_member
	.long	.Linfo_string41                 @ DW_AT_name
	.long	925                             @ DW_AT_type
	.byte	1                               @ DW_AT_decl_file
	.byte	107                             @ DW_AT_decl_line
	.byte	56                              @ DW_AT_data_member_location
	.byte	17                              @ Abbrev [17] 0x33d:0xc DW_TAG_member
	.long	.Linfo_string42                 @ DW_AT_name
	.long	944                             @ DW_AT_type
	.byte	1                               @ DW_AT_decl_file
	.byte	108                             @ DW_AT_decl_line
	.byte	68                              @ DW_AT_data_member_location
	.byte	17                              @ Abbrev [17] 0x349:0xc DW_TAG_member
	.long	.Linfo_string44                 @ DW_AT_name
	.long	659                             @ DW_AT_type
	.byte	1                               @ DW_AT_decl_file
	.byte	109                             @ DW_AT_decl_line
	.byte	72                              @ DW_AT_data_member_location
	.byte	17                              @ Abbrev [17] 0x355:0xc DW_TAG_member
	.long	.Linfo_string45                 @ DW_AT_name
	.long	955                             @ DW_AT_type
	.byte	1                               @ DW_AT_decl_file
	.byte	110                             @ DW_AT_decl_line
	.byte	76                              @ DW_AT_data_member_location
	.byte	17                              @ Abbrev [17] 0x361:0xc DW_TAG_member
	.long	.Linfo_string51                 @ DW_AT_name
	.long	1026                            @ DW_AT_type
	.byte	1                               @ DW_AT_decl_file
	.byte	113                             @ DW_AT_decl_line
	.byte	92                              @ DW_AT_data_member_location
	.byte	17                              @ Abbrev [17] 0x36d:0xc DW_TAG_member
	.long	.Linfo_string62                 @ DW_AT_name
	.long	1162                            @ DW_AT_type
	.byte	1                               @ DW_AT_decl_file
	.byte	114                             @ DW_AT_decl_line
	.byte	132                             @ DW_AT_data_member_location
	.byte	17                              @ Abbrev [17] 0x379:0xc DW_TAG_member
	.long	.Linfo_string19                 @ DW_AT_name
	.long	1220                            @ DW_AT_type
	.byte	1                               @ DW_AT_decl_file
	.byte	122                             @ DW_AT_decl_line
	.byte	136                             @ DW_AT_data_member_location
	.byte	17                              @ Abbrev [17] 0x385:0xc DW_TAG_member
	.long	.Linfo_string18                 @ DW_AT_name
	.long	1251                            @ DW_AT_type
	.byte	1                               @ DW_AT_decl_file
	.byte	129                             @ DW_AT_decl_line
	.byte	140                             @ DW_AT_data_member_location
	.byte	0                               @ End Of Children Mark
	.byte	15                              @ Abbrev [15] 0x392:0xb DW_TAG_typedef
	.long	38                              @ DW_AT_type
	.long	.Linfo_string30                 @ DW_AT_name
	.byte	1                               @ DW_AT_decl_file
	.byte	58                              @ DW_AT_decl_line
	.byte	18                              @ Abbrev [18] 0x39d:0xc DW_TAG_array_type
	.long	659                             @ DW_AT_type
	.byte	19                              @ Abbrev [19] 0x3a2:0x6 DW_TAG_subrange_type
	.long	937                             @ DW_AT_type
	.byte	3                               @ DW_AT_count
	.byte	0                               @ End Of Children Mark
	.byte	20                              @ Abbrev [20] 0x3a9:0x7 DW_TAG_base_type
	.long	.Linfo_string34                 @ DW_AT_name
	.byte	8                               @ DW_AT_byte_size
	.byte	7                               @ DW_AT_encoding
	.byte	15                              @ Abbrev [15] 0x3b0:0xb DW_TAG_typedef
	.long	95                              @ DW_AT_type
	.long	.Linfo_string43                 @ DW_AT_name
	.byte	4                               @ DW_AT_decl_file
	.byte	62                              @ DW_AT_decl_line
	.byte	15                              @ Abbrev [15] 0x3bb:0xb DW_TAG_typedef
	.long	966                             @ DW_AT_type
	.long	.Linfo_string50                 @ DW_AT_name
	.byte	5                               @ DW_AT_decl_file
	.byte	36                              @ DW_AT_decl_line
	.byte	21                              @ Abbrev [21] 0x3c6:0x35 DW_TAG_structure_type
	.byte	16                              @ DW_AT_byte_size
	.byte	5                               @ DW_AT_decl_file
	.byte	30                              @ DW_AT_decl_line
	.byte	17                              @ Abbrev [17] 0x3ca:0xc DW_TAG_member
	.long	.Linfo_string46                 @ DW_AT_name
	.long	1019                            @ DW_AT_type
	.byte	5                               @ DW_AT_decl_file
	.byte	32                              @ DW_AT_decl_line
	.byte	0                               @ DW_AT_data_member_location
	.byte	17                              @ Abbrev [17] 0x3d6:0xc DW_TAG_member
	.long	.Linfo_string48                 @ DW_AT_name
	.long	659                             @ DW_AT_type
	.byte	5                               @ DW_AT_decl_file
	.byte	33                              @ DW_AT_decl_line
	.byte	4                               @ DW_AT_data_member_location
	.byte	17                              @ Abbrev [17] 0x3e2:0xc DW_TAG_member
	.long	.Linfo_string40                 @ DW_AT_name
	.long	659                             @ DW_AT_type
	.byte	5                               @ DW_AT_decl_file
	.byte	34                              @ DW_AT_decl_line
	.byte	8                               @ DW_AT_data_member_location
	.byte	17                              @ Abbrev [17] 0x3ee:0xc DW_TAG_member
	.long	.Linfo_string49                 @ DW_AT_name
	.long	659                             @ DW_AT_type
	.byte	5                               @ DW_AT_decl_file
	.byte	35                              @ DW_AT_decl_line
	.byte	12                              @ DW_AT_data_member_location
	.byte	0                               @ End Of Children Mark
	.byte	4                               @ Abbrev [4] 0x3fb:0x7 DW_TAG_base_type
	.long	.Linfo_string47                 @ DW_AT_name
	.byte	2                               @ DW_AT_encoding
	.byte	1                               @ DW_AT_byte_size
	.byte	15                              @ Abbrev [15] 0x402:0xb DW_TAG_typedef
	.long	1037                            @ DW_AT_type
	.long	.Linfo_string61                 @ DW_AT_name
	.byte	1                               @ DW_AT_decl_file
	.byte	87                              @ DW_AT_decl_line
	.byte	21                              @ Abbrev [21] 0x40d:0x7d DW_TAG_structure_type
	.byte	40                              @ DW_AT_byte_size
	.byte	1                               @ DW_AT_decl_file
	.byte	72                              @ DW_AT_decl_line
	.byte	17                              @ Abbrev [17] 0x411:0xc DW_TAG_member
	.long	.Linfo_string52                 @ DW_AT_name
	.long	659                             @ DW_AT_type
	.byte	1                               @ DW_AT_decl_file
	.byte	74                              @ DW_AT_decl_line
	.byte	0                               @ DW_AT_data_member_location
	.byte	17                              @ Abbrev [17] 0x41d:0xc DW_TAG_member
	.long	.Linfo_string53                 @ DW_AT_name
	.long	659                             @ DW_AT_type
	.byte	1                               @ DW_AT_decl_file
	.byte	75                              @ DW_AT_decl_line
	.byte	4                               @ DW_AT_data_member_location
	.byte	17                              @ Abbrev [17] 0x429:0xc DW_TAG_member
	.long	.Linfo_string54                 @ DW_AT_name
	.long	659                             @ DW_AT_type
	.byte	1                               @ DW_AT_decl_file
	.byte	76                              @ DW_AT_decl_line
	.byte	8                               @ DW_AT_data_member_location
	.byte	17                              @ Abbrev [17] 0x435:0xc DW_TAG_member
	.long	.Linfo_string49                 @ DW_AT_name
	.long	659                             @ DW_AT_type
	.byte	1                               @ DW_AT_decl_file
	.byte	77                              @ DW_AT_decl_line
	.byte	12                              @ DW_AT_data_member_location
	.byte	17                              @ Abbrev [17] 0x441:0xc DW_TAG_member
	.long	.Linfo_string55                 @ DW_AT_name
	.long	659                             @ DW_AT_type
	.byte	1                               @ DW_AT_decl_file
	.byte	78                              @ DW_AT_decl_line
	.byte	16                              @ DW_AT_data_member_location
	.byte	17                              @ Abbrev [17] 0x44d:0xc DW_TAG_member
	.long	.Linfo_string56                 @ DW_AT_name
	.long	659                             @ DW_AT_type
	.byte	1                               @ DW_AT_decl_file
	.byte	79                              @ DW_AT_decl_line
	.byte	20                              @ DW_AT_data_member_location
	.byte	17                              @ Abbrev [17] 0x459:0xc DW_TAG_member
	.long	.Linfo_string57                 @ DW_AT_name
	.long	659                             @ DW_AT_type
	.byte	1                               @ DW_AT_decl_file
	.byte	80                              @ DW_AT_decl_line
	.byte	24                              @ DW_AT_data_member_location
	.byte	17                              @ Abbrev [17] 0x465:0xc DW_TAG_member
	.long	.Linfo_string58                 @ DW_AT_name
	.long	659                             @ DW_AT_type
	.byte	1                               @ DW_AT_decl_file
	.byte	82                              @ DW_AT_decl_line
	.byte	28                              @ DW_AT_data_member_location
	.byte	17                              @ Abbrev [17] 0x471:0xc DW_TAG_member
	.long	.Linfo_string59                 @ DW_AT_name
	.long	659                             @ DW_AT_type
	.byte	1                               @ DW_AT_decl_file
	.byte	83                              @ DW_AT_decl_line
	.byte	32                              @ DW_AT_data_member_location
	.byte	17                              @ Abbrev [17] 0x47d:0xc DW_TAG_member
	.long	.Linfo_string60                 @ DW_AT_name
	.long	659                             @ DW_AT_type
	.byte	1                               @ DW_AT_decl_file
	.byte	86                              @ DW_AT_decl_line
	.byte	36                              @ DW_AT_data_member_location
	.byte	0                               @ End Of Children Mark
	.byte	15                              @ Abbrev [15] 0x48a:0xb DW_TAG_typedef
	.long	1173                            @ DW_AT_type
	.long	.Linfo_string67                 @ DW_AT_name
	.byte	1                               @ DW_AT_decl_file
	.byte	67                              @ DW_AT_decl_line
	.byte	21                              @ Abbrev [21] 0x495:0x1d DW_TAG_structure_type
	.byte	4                               @ DW_AT_byte_size
	.byte	1                               @ DW_AT_decl_file
	.byte	63                              @ DW_AT_decl_line
	.byte	17                              @ Abbrev [17] 0x499:0xc DW_TAG_member
	.long	.Linfo_string63                 @ DW_AT_name
	.long	1202                            @ DW_AT_type
	.byte	1                               @ DW_AT_decl_file
	.byte	65                              @ DW_AT_decl_line
	.byte	0                               @ DW_AT_data_member_location
	.byte	17                              @ Abbrev [17] 0x4a5:0xc DW_TAG_member
	.long	.Linfo_string66                 @ DW_AT_name
	.long	648                             @ DW_AT_type
	.byte	1                               @ DW_AT_decl_file
	.byte	66                              @ DW_AT_decl_line
	.byte	2                               @ DW_AT_data_member_location
	.byte	0                               @ End Of Children Mark
	.byte	15                              @ Abbrev [15] 0x4b2:0xb DW_TAG_typedef
	.long	1213                            @ DW_AT_type
	.long	.Linfo_string65                 @ DW_AT_name
	.byte	4                               @ DW_AT_decl_file
	.byte	63                              @ DW_AT_decl_line
	.byte	4                               @ Abbrev [4] 0x4bd:0x7 DW_TAG_base_type
	.long	.Linfo_string64                 @ DW_AT_name
	.byte	7                               @ DW_AT_encoding
	.byte	2                               @ DW_AT_byte_size
	.byte	5                               @ Abbrev [5] 0x4c4:0x5 DW_TAG_pointer_type
	.long	1225                            @ DW_AT_type
	.byte	22                              @ Abbrev [22] 0x4c9:0x10 DW_TAG_subroutine_type
	.long	648                             @ DW_AT_type
                                        @ DW_AT_prototyped
	.byte	23                              @ Abbrev [23] 0x4ce:0x5 DW_TAG_formal_parameter
	.long	1241                            @ DW_AT_type
	.byte	23                              @ Abbrev [23] 0x4d3:0x5 DW_TAG_formal_parameter
	.long	1246                            @ DW_AT_type
	.byte	0                               @ End Of Children Mark
	.byte	5                               @ Abbrev [5] 0x4d9:0x5 DW_TAG_pointer_type
	.long	689                             @ DW_AT_type
	.byte	5                               @ Abbrev [5] 0x4de:0x5 DW_TAG_pointer_type
	.long	659                             @ DW_AT_type
	.byte	5                               @ Abbrev [5] 0x4e3:0x5 DW_TAG_pointer_type
	.long	1256                            @ DW_AT_type
	.byte	24                              @ Abbrev [24] 0x4e8:0x7 DW_TAG_subroutine_type
                                        @ DW_AT_prototyped
	.byte	23                              @ Abbrev [23] 0x4e9:0x5 DW_TAG_formal_parameter
	.long	1241                            @ DW_AT_type
	.byte	0                               @ End Of Children Mark
	.byte	0                               @ End Of Children Mark
.Ldebug_info_end0:
	.section	.debug_ranges,"",%progbits
.Ldebug_ranges0:
	.long	.Lfunc_begin0
	.long	.Lfunc_end0
	.long	.Lfunc_begin1
	.long	.Lfunc_end1
	.long	.Lfunc_begin2
	.long	.Lfunc_end2
	.long	.Lfunc_begin3
	.long	.Lfunc_end3
	.long	.Lfunc_begin4
	.long	.Lfunc_end4
	.long	.Lfunc_begin5
	.long	.Lfunc_end5
	.long	.Lfunc_begin6
	.long	.Lfunc_end6
	.long	.Lfunc_begin7
	.long	.Lfunc_end7
	.long	0
	.long	0
	.section	.debug_str,"MS",%progbits,1
.Linfo_string0:
	.asciz	"Component: Arm Compiler for Embedded 6.24 Tool: armclang [5f371800]" @ string offset=0
.Linfo_string1:
	.asciz	"../Algorithm/Src\\pid.c"       @ string offset=68
.Linfo_string2:
	.asciz	"D:\\stm32_project\\daily_work\\new_bubing\\cod_update_2.0\\COD_H7_Template\\MDK-ARM" @ string offset=91
.Linfo_string3:
	.asciz	"unsigned char"                 @ string offset=169
.Linfo_string4:
	.asciz	"PID_Type_None"                 @ string offset=183
.Linfo_string5:
	.asciz	"PID_POSITION"                  @ string offset=197
.Linfo_string6:
	.asciz	"PID_VELOCITY"                  @ string offset=210
.Linfo_string7:
	.asciz	"PID_ANGLE"                     @ string offset=223
.Linfo_string8:
	.asciz	"PID_ANTI_WINDUP"               @ string offset=233
.Linfo_string9:
	.asciz	"PID_FEEDFORWARD"               @ string offset=249
.Linfo_string10:
	.asciz	"PID_ANTI_WINDUP_DEGREE"        @ string offset=265
.Linfo_string11:
	.asciz	"PID_TYPE_NUM"                  @ string offset=288
.Linfo_string12:
	.asciz	"PID_ERROR_NONE"                @ string offset=301
.Linfo_string13:
	.asciz	"PID_FAILED_INIT"               @ string offset=316
.Linfo_string14:
	.asciz	"PID_CALC_NANINF"               @ string offset=332
.Linfo_string15:
	.asciz	"PID_Status_NUM"                @ string offset=348
.Linfo_string16:
	.asciz	"unsigned int"                  @ string offset=363
.Linfo_string17:
	.asciz	"PID_Init"                      @ string offset=376
.Linfo_string18:
	.asciz	"PID_Calc_Clear"                @ string offset=385
.Linfo_string19:
	.asciz	"PID_Param_Init"                @ string offset=400
.Linfo_string20:
	.asciz	"PID_Status_e"                  @ string offset=415
.Linfo_string21:
	.asciz	"PID_Calculate"                 @ string offset=428
.Linfo_string22:
	.asciz	"float"                         @ string offset=442
.Linfo_string23:
	.asciz	"PID_ErrorHandle"               @ string offset=448
.Linfo_string24:
	.asciz	"GetSmoothedTargetDelta"        @ string offset=464
.Linfo_string25:
	.asciz	"__ARM_isnanf"                  @ string offset=487
.Linfo_string26:
	.asciz	"int"                           @ string offset=500
.Linfo_string27:
	.asciz	"__ARM_isinff"                  @ string offset=504
.Linfo_string28:
	.asciz	"PID"                           @ string offset=517
.Linfo_string29:
	.asciz	"Type"                          @ string offset=521
.Linfo_string30:
	.asciz	"PID_Type_e"                    @ string offset=526
.Linfo_string31:
	.asciz	"Target"                        @ string offset=537
.Linfo_string32:
	.asciz	"Measure"                       @ string offset=544
.Linfo_string33:
	.asciz	"Err"                           @ string offset=552
.Linfo_string34:
	.asciz	"__ARRAY_SIZE_TYPE__"           @ string offset=556
.Linfo_string35:
	.asciz	"Dbuf"                          @ string offset=576
.Linfo_string36:
	.asciz	"Integral"                      @ string offset=581
.Linfo_string37:
	.asciz	"Pout"                          @ string offset=590
.Linfo_string38:
	.asciz	"Iout"                          @ string offset=595
.Linfo_string39:
	.asciz	"Dout"                          @ string offset=600
.Linfo_string40:
	.asciz	"Output"                        @ string offset=605
.Linfo_string41:
	.asciz	"Target_Buffer"                 @ string offset=612
.Linfo_string42:
	.asciz	"Target_Index"                  @ string offset=626
.Linfo_string43:
	.asciz	"uint8_t"                       @ string offset=639
.Linfo_string44:
	.asciz	"Fout"                          @ string offset=647
.Linfo_string45:
	.asciz	"Dout_LPF"                      @ string offset=652
.Linfo_string46:
	.asciz	"Initialized"                   @ string offset=661
.Linfo_string47:
	.asciz	"_Bool"                         @ string offset=673
.Linfo_string48:
	.asciz	"Input"                         @ string offset=679
.Linfo_string49:
	.asciz	"Alpha"                         @ string offset=685
.Linfo_string50:
	.asciz	"LowPassFilter1p_Info_TypeDef"  @ string offset=691
.Linfo_string51:
	.asciz	"Param"                         @ string offset=720
.Linfo_string52:
	.asciz	"KP"                            @ string offset=726
.Linfo_string53:
	.asciz	"KI"                            @ string offset=729
.Linfo_string54:
	.asciz	"KD"                            @ string offset=732
.Linfo_string55:
	.asciz	"Deadband"                      @ string offset=735
.Linfo_string56:
	.asciz	"LimitIntegral"                 @ string offset=744
.Linfo_string57:
	.asciz	"LimitOutput"                   @ string offset=758
.Linfo_string58:
	.asciz	"I_Variable_Speed_A"            @ string offset=770
.Linfo_string59:
	.asciz	"I_Variable_Speed_B"            @ string offset=789
.Linfo_string60:
	.asciz	"KF"                            @ string offset=808
.Linfo_string61:
	.asciz	"PID_Parameter_Typedef"         @ string offset=811
.Linfo_string62:
	.asciz	"ERRORHandler"                  @ string offset=833
.Linfo_string63:
	.asciz	"ErrorCount"                    @ string offset=846
.Linfo_string64:
	.asciz	"unsigned short"                @ string offset=857
.Linfo_string65:
	.asciz	"uint16_t"                      @ string offset=872
.Linfo_string66:
	.asciz	"Status"                        @ string offset=881
.Linfo_string67:
	.asciz	"PID_ErrorHandler_Typedef"      @ string offset=888
.Linfo_string68:
	.asciz	"_PID_TypeDef"                  @ string offset=913
.Linfo_string69:
	.asciz	"PID_Info_TypeDef"              @ string offset=926
.Linfo_string70:
	.asciz	"abs_error"                     @ string offset=943
.Linfo_string71:
	.asciz	"angle_error"                   @ string offset=953
.Linfo_string72:
	.asciz	"set_ratio"                     @ string offset=965
.Linfo_string73:
	.asciz	"delta_error"                   @ string offset=975
.Linfo_string74:
	.asciz	"delta_sum"                     @ string offset=987
.Linfo_string75:
	.asciz	"i"                             @ string offset=997
.Linfo_string76:
	.asciz	"__x"                           @ string offset=999
	.ident	"Component: Arm Compiler for Embedded 6.24 Tool: armclang [5f371800]"
	.section	".note.GNU-stack","",%progbits
	.eabi_attribute	30, 6	@ Tag_ABI_optimization_goals
	.ARM_attribute	16, 1	@ Tag_AV_eba
	.section	.debug_line,"",%progbits
.Lline_table_start0:
