	.text
	.syntax unified
	.eabi_attribute	67, "2.09"	@ Tag_conformance
	.cpu	cortex-m7
	.eabi_attribute	6, 13	@ Tag_CPU_arch
	.eabi_attribute	7, 77	@ Tag_CPU_arch_profile
	.eabi_attribute	8, 0	@ Tag_ARM_ISA_use
	.eabi_attribute	9, 2	@ Tag_THUMB_ISA_use
	.fpu	fpv5-d16
	.eabi_attribute	36, 1	@ Tag_FP_HP_extension
	.eabi_attribute	34, 1	@ Tag_CPU_unaligned_access
	.eabi_attribute	17, 1	@ Tag_ABI_PCS_GOT_use
	.eabi_attribute	20, 2	@ Tag_ABI_FP_denormal
	.eabi_attribute	21, 0	@ Tag_ABI_FP_exceptions
	.eabi_attribute	23, 1	@ Tag_ABI_FP_number_model
	.eabi_attribute	24, 1	@ Tag_ABI_align_needed
	.eabi_attribute	25, 1	@ Tag_ABI_align_preserved
	.eabi_attribute	28, 1	@ Tag_ABI_VFP_args
	.eabi_attribute	38, 1	@ Tag_ABI_FP_16bit_format
	.eabi_attribute	18, 2	@ Tag_ABI_PCS_wchar_t
	.eabi_attribute	26, 1	@ Tag_ABI_enum_size
	.eabi_attribute	14, 0	@ Tag_ABI_PCS_R9_use
	.file	"queue.c"
	.file	1 "D:\\stm32_project\\daily_work\\new_bubing\\cod_update_2.0\\COD_H7_Template\\MDK-ARM" "../Middlewares/Third_Party/FreeRTOS/Source/queue.c"
	.file	2 "D:\\keil5_app\\Keil_v5\\ARM\\ARMCLANG\\bin\\..\\include" "stdint.h"
	.file	3 "D:\\stm32_project\\daily_work\\new_bubing\\cod_update_2.0\\COD_H7_Template\\MDK-ARM" "../Middlewares/Third_Party/FreeRTOS/Source/include\\task.h"
	.file	4 "D:\\stm32_project\\daily_work\\new_bubing\\cod_update_2.0\\COD_H7_Template\\MDK-ARM" "../Middlewares/Third_Party/FreeRTOS/Source/portable/RVDS/ARM_CM4F\\portmacro.h"
	.file	5 "D:\\stm32_project\\daily_work\\new_bubing\\cod_update_2.0\\COD_H7_Template\\MDK-ARM" "../Middlewares/Third_Party/FreeRTOS/Source/include\\list.h"
	.file	6 "D:\\stm32_project\\daily_work\\new_bubing\\cod_update_2.0\\COD_H7_Template\\MDK-ARM" "../Middlewares/Third_Party/FreeRTOS/Source/include\\queue.h"
	.file	7 "D:\\keil5_app\\Keil_v5\\ARM\\ARMCLANG\\bin\\..\\include" "stdlib.h"
	.section	.text.xQueueGenericReset,"ax",%progbits
	.hidden	xQueueGenericReset              @ -- Begin function xQueueGenericReset
	.globl	xQueueGenericReset
	.p2align	3
	.type	xQueueGenericReset,%function
	.code	16                              @ @xQueueGenericReset
	.thumb_func
xQueueGenericReset:
.Lfunc_begin0:
	.loc	1 256 0                         @ ../Middlewares/Third_Party/FreeRTOS/Source/queue.c:256:0
	.fnstart
	.cfi_sections .debug_frame
	.cfi_startproc
@ %bb.0:
	.save	{r7, lr}
	push	{r7, lr}
	.cfi_def_cfa_offset 8
	.cfi_offset lr, -4
	.cfi_offset r7, -8
	.pad	#16
	sub	sp, #16
	.cfi_def_cfa_offset 24
	str	r0, [sp, #8]
	str	r1, [sp, #4]
.Ltmp0:
	.loc	1 257 27 prologue_end           @ ../Middlewares/Third_Party/FreeRTOS/Source/queue.c:257:27
	ldr	r0, [sp, #8]
	.loc	1 257 17 is_stmt 0              @ ../Middlewares/Third_Party/FreeRTOS/Source/queue.c:257:17
	str	r0, [sp]
.Ltmp1:
	.loc	1 259 2 is_stmt 1               @ ../Middlewares/Third_Party/FreeRTOS/Source/queue.c:259:2
	ldr	r0, [sp]
.Ltmp2:
	.loc	1 259 2 is_stmt 0               @ ../Middlewares/Third_Party/FreeRTOS/Source/queue.c:259:2
	cbnz	r0, .LBB0_3
	b	.LBB0_1
.LBB0_1:
.Ltmp3:
	.loc	4 195 2 is_stmt 1               @ ../Middlewares/Third_Party/FreeRTOS/Source/portable/RVDS/ARM_CM4F\portmacro.h:195:2
	@APP
	mov.w	r0, #80
	msr	basepri, r0
	isb	sy
	dsb	sy

	@NO_APP
	str	r0, [sp, #12]
.Ltmp4:
	.loc	1 259 2                         @ ../Middlewares/Third_Party/FreeRTOS/Source/queue.c:259:2
	b	.LBB0_2
.LBB0_2:                                @ =>This Inner Loop Header: Depth=1
.Ltmp5:
	.loc	1 259 2 is_stmt 0               @ ../Middlewares/Third_Party/FreeRTOS/Source/queue.c:259:2
	b	.LBB0_2
.Ltmp6:
.LBB0_3:
	.loc	1 261 2 is_stmt 1               @ ../Middlewares/Third_Party/FreeRTOS/Source/queue.c:261:2
	bl	vPortEnterCritical
.Ltmp7:
	.loc	1 263 30                        @ ../Middlewares/Third_Party/FreeRTOS/Source/queue.c:263:30
	ldr	r1, [sp]
	.loc	1 263 39 is_stmt 0              @ ../Middlewares/Third_Party/FreeRTOS/Source/queue.c:263:39
	ldr	r3, [r1]
	.loc	1 263 59                        @ ../Middlewares/Third_Party/FreeRTOS/Source/queue.c:263:59
	ldr	r0, [r1, #60]
	.loc	1 263 79                        @ ../Middlewares/Third_Party/FreeRTOS/Source/queue.c:263:79
	ldr	r2, [r1, #64]
	.loc	1 263 46                        @ ../Middlewares/Third_Party/FreeRTOS/Source/queue.c:263:46
	mla	r0, r0, r2, r3
	.loc	1 263 28                        @ ../Middlewares/Third_Party/FreeRTOS/Source/queue.c:263:28
	str	r0, [r1, #8]
	.loc	1 264 3 is_stmt 1               @ ../Middlewares/Third_Party/FreeRTOS/Source/queue.c:264:3
	ldr	r1, [sp]
	movs	r0, #0
	.loc	1 264 30 is_stmt 0              @ ../Middlewares/Third_Party/FreeRTOS/Source/queue.c:264:30
	str	r0, [r1, #56]
	.loc	1 265 24 is_stmt 1              @ ../Middlewares/Third_Party/FreeRTOS/Source/queue.c:265:24
	ldr	r1, [sp]
	.loc	1 265 33 is_stmt 0              @ ../Middlewares/Third_Party/FreeRTOS/Source/queue.c:265:33
	ldr	r0, [r1]
	.loc	1 265 22                        @ ../Middlewares/Third_Party/FreeRTOS/Source/queue.c:265:22
	str	r0, [r1, #4]
	.loc	1 266 34 is_stmt 1              @ ../Middlewares/Third_Party/FreeRTOS/Source/queue.c:266:34
	ldr	r1, [sp]
	.loc	1 266 43 is_stmt 0              @ ../Middlewares/Third_Party/FreeRTOS/Source/queue.c:266:43
	ldr	r3, [r1]
	.loc	1 266 65                        @ ../Middlewares/Third_Party/FreeRTOS/Source/queue.c:266:65
	ldr	r0, [r1, #60]
	.loc	1 266 92                        @ ../Middlewares/Third_Party/FreeRTOS/Source/queue.c:266:92
	ldr	r2, [r1, #64]
	.loc	1 266 74                        @ ../Middlewares/Third_Party/FreeRTOS/Source/queue.c:266:74
	subs	r0, #1
	.loc	1 266 50                        @ ../Middlewares/Third_Party/FreeRTOS/Source/queue.c:266:50
	mla	r0, r0, r2, r3
	.loc	1 266 32                        @ ../Middlewares/Third_Party/FreeRTOS/Source/queue.c:266:32
	str	r0, [r1, #12]
	.loc	1 267 3 is_stmt 1               @ ../Middlewares/Third_Party/FreeRTOS/Source/queue.c:267:3
	ldr	r1, [sp]
	movs	r0, #255
	.loc	1 267 20 is_stmt 0              @ ../Middlewares/Third_Party/FreeRTOS/Source/queue.c:267:20
	strb.w	r0, [r1, #68]
	.loc	1 268 3 is_stmt 1               @ ../Middlewares/Third_Party/FreeRTOS/Source/queue.c:268:3
	ldr	r1, [sp]
	.loc	1 268 20 is_stmt 0              @ ../Middlewares/Third_Party/FreeRTOS/Source/queue.c:268:20
	strb.w	r0, [r1, #69]
.Ltmp8:
	.loc	1 270 7 is_stmt 1               @ ../Middlewares/Third_Party/FreeRTOS/Source/queue.c:270:7
	ldr	r0, [sp, #4]
.Ltmp9:
	.loc	1 270 7 is_stmt 0               @ ../Middlewares/Third_Party/FreeRTOS/Source/queue.c:270:7
	cbnz	r0, .LBB0_11
	b	.LBB0_4
.LBB0_4:
.Ltmp10:
	.loc	1 277 8 is_stmt 1               @ ../Middlewares/Third_Party/FreeRTOS/Source/queue.c:277:8
	ldr	r0, [sp]
	ldr	r0, [r0, #16]
.Ltmp11:
	.loc	1 277 8 is_stmt 0               @ ../Middlewares/Third_Party/FreeRTOS/Source/queue.c:277:8
	cbz	r0, .LBB0_9
	b	.LBB0_5
.LBB0_5:
.Ltmp12:
	.loc	1 279 38 is_stmt 1              @ ../Middlewares/Third_Party/FreeRTOS/Source/queue.c:279:38
	ldr	r0, [sp]
	.loc	1 279 47 is_stmt 0              @ ../Middlewares/Third_Party/FreeRTOS/Source/queue.c:279:47
	adds	r0, #16
	.loc	1 279 9                         @ ../Middlewares/Third_Party/FreeRTOS/Source/queue.c:279:9
	bl	xTaskRemoveFromEventList
.Ltmp13:
	.loc	1 279 9                         @ ../Middlewares/Third_Party/FreeRTOS/Source/queue.c:279:9
	cbz	r0, .LBB0_7
	b	.LBB0_6
.LBB0_6:
	.loc	1 0 9                           @ ../Middlewares/Third_Party/FreeRTOS/Source/queue.c:0:9
	movw	r1, #60676
	movt	r1, #57344
	mov.w	r0, #268435456
.Ltmp14:
	.loc	1 281 6 is_stmt 1               @ ../Middlewares/Third_Party/FreeRTOS/Source/queue.c:281:6
	str	r0, [r1]
	@APP
	dsb	sy
	@NO_APP
	@APP
	isb	sy
	@NO_APP
.Ltmp15:
	.loc	1 282 5                         @ ../Middlewares/Third_Party/FreeRTOS/Source/queue.c:282:5
	b	.LBB0_8
.Ltmp16:
.LBB0_7:
	.loc	1 0 5 is_stmt 0                 @ ../Middlewares/Third_Party/FreeRTOS/Source/queue.c:0:5
	b	.LBB0_8
.LBB0_8:
	.loc	1 287 4 is_stmt 1               @ ../Middlewares/Third_Party/FreeRTOS/Source/queue.c:287:4
	b	.LBB0_10
.Ltmp17:
.LBB0_9:
	.loc	1 0 4 is_stmt 0                 @ ../Middlewares/Third_Party/FreeRTOS/Source/queue.c:0:4
	b	.LBB0_10
.LBB0_10:
	.loc	1 292 3 is_stmt 1               @ ../Middlewares/Third_Party/FreeRTOS/Source/queue.c:292:3
	b	.LBB0_12
.Ltmp18:
.LBB0_11:
	.loc	1 296 24                        @ ../Middlewares/Third_Party/FreeRTOS/Source/queue.c:296:24
	ldr	r0, [sp]
	.loc	1 296 33 is_stmt 0              @ ../Middlewares/Third_Party/FreeRTOS/Source/queue.c:296:33
	adds	r0, #16
	.loc	1 296 4                         @ ../Middlewares/Third_Party/FreeRTOS/Source/queue.c:296:4
	bl	vListInitialise
	.loc	1 297 24 is_stmt 1              @ ../Middlewares/Third_Party/FreeRTOS/Source/queue.c:297:24
	ldr	r0, [sp]
	.loc	1 297 33 is_stmt 0              @ ../Middlewares/Third_Party/FreeRTOS/Source/queue.c:297:33
	adds	r0, #36
	.loc	1 297 4                         @ ../Middlewares/Third_Party/FreeRTOS/Source/queue.c:297:4
	bl	vListInitialise
	b	.LBB0_12
.Ltmp19:
.LBB0_12:
	.loc	1 300 2 is_stmt 1               @ ../Middlewares/Third_Party/FreeRTOS/Source/queue.c:300:2
	bl	vPortExitCritical
	movs	r0, #1
	.loc	1 304 2 epilogue_begin          @ ../Middlewares/Third_Party/FreeRTOS/Source/queue.c:304:2
	add	sp, #16
	pop	{r7, pc}
.Ltmp20:
.Lfunc_end0:
	.size	xQueueGenericReset, .Lfunc_end0-xQueueGenericReset
	.cfi_endproc
	.cantunwind
	.fnend
                                        @ -- End function
	.section	.text.xQueueGenericCreateStatic,"ax",%progbits
	.hidden	xQueueGenericCreateStatic       @ -- Begin function xQueueGenericCreateStatic
	.globl	xQueueGenericCreateStatic
	.p2align	3
	.type	xQueueGenericCreateStatic,%function
	.code	16                              @ @xQueueGenericCreateStatic
	.thumb_func
xQueueGenericCreateStatic:
.Lfunc_begin1:
	.loc	1 311 0                         @ ../Middlewares/Third_Party/FreeRTOS/Source/queue.c:311:0
	.fnstart
	.cfi_startproc
@ %bb.0:
	.save	{r7, lr}
	push	{r7, lr}
	.cfi_def_cfa_offset 8
	.cfi_offset lr, -4
	.cfi_offset r7, -8
	.pad	#64
	sub	sp, #64
	.cfi_def_cfa_offset 72
	mov	r12, r0
	ldr	r0, [sp, #72]
	str.w	r12, [sp, #40]
	str	r1, [sp, #36]
	str	r2, [sp, #32]
	str	r3, [sp, #28]
	strb.w	r0, [sp, #27]
.Ltmp21:
	.loc	1 314 3 prologue_end            @ ../Middlewares/Third_Party/FreeRTOS/Source/queue.c:314:3
	ldr	r0, [sp, #40]
.Ltmp22:
	.loc	1 314 3 is_stmt 0               @ ../Middlewares/Third_Party/FreeRTOS/Source/queue.c:314:3
	cbnz	r0, .LBB1_3
	b	.LBB1_1
.LBB1_1:
.Ltmp23:
	.loc	4 195 2 is_stmt 1               @ ../Middlewares/Third_Party/FreeRTOS/Source/portable/RVDS/ARM_CM4F\portmacro.h:195:2
	@APP
	mov.w	r0, #80
	msr	basepri, r0
	isb	sy
	dsb	sy

	@NO_APP
	str	r0, [sp, #60]
.Ltmp24:
	.loc	1 314 3                         @ ../Middlewares/Third_Party/FreeRTOS/Source/queue.c:314:3
	b	.LBB1_2
.LBB1_2:                                @ =>This Inner Loop Header: Depth=1
.Ltmp25:
	.loc	1 314 3 is_stmt 0               @ ../Middlewares/Third_Party/FreeRTOS/Source/queue.c:314:3
	b	.LBB1_2
.Ltmp26:
.LBB1_3:
	.loc	1 318 3 is_stmt 1               @ ../Middlewares/Third_Party/FreeRTOS/Source/queue.c:318:3
	ldr	r0, [sp, #28]
.Ltmp27:
	.loc	1 318 3 is_stmt 0               @ ../Middlewares/Third_Party/FreeRTOS/Source/queue.c:318:3
	cbnz	r0, .LBB1_6
	b	.LBB1_4
.LBB1_4:
.Ltmp28:
	.loc	4 195 2 is_stmt 1               @ ../Middlewares/Third_Party/FreeRTOS/Source/portable/RVDS/ARM_CM4F\portmacro.h:195:2
	@APP
	mov.w	r0, #80
	msr	basepri, r0
	isb	sy
	dsb	sy

	@NO_APP
	str	r0, [sp, #56]
.Ltmp29:
	.loc	1 318 3                         @ ../Middlewares/Third_Party/FreeRTOS/Source/queue.c:318:3
	b	.LBB1_5
.LBB1_5:                                @ =>This Inner Loop Header: Depth=1
.Ltmp30:
	.loc	1 318 3 is_stmt 0               @ ../Middlewares/Third_Party/FreeRTOS/Source/queue.c:318:3
	b	.LBB1_5
.Ltmp31:
.LBB1_6:
	.loc	1 322 3 is_stmt 1               @ ../Middlewares/Third_Party/FreeRTOS/Source/queue.c:322:3
	ldr	r1, [sp, #32]
	movs	r0, #0
	str	r0, [sp, #12]                   @ 4-byte Spill
	cbz	r1, .LBB1_8
	b	.LBB1_7
.LBB1_7:
	ldr	r0, [sp, #36]
	clz	r0, r0
	lsrs	r0, r0, #5
	str	r0, [sp, #12]                   @ 4-byte Spill
	b	.LBB1_8
.LBB1_8:
	.loc	1 0 0 is_stmt 0                 @ ../Middlewares/Third_Party/FreeRTOS/Source/queue.c:0:0
	ldr	r0, [sp, #12]                   @ 4-byte Reload
.Ltmp32:
	.loc	1 322 3                         @ ../Middlewares/Third_Party/FreeRTOS/Source/queue.c:322:3
	lsls	r0, r0, #31
	cbz	r0, .LBB1_11
	b	.LBB1_9
.LBB1_9:
.Ltmp33:
	.loc	4 195 2 is_stmt 1               @ ../Middlewares/Third_Party/FreeRTOS/Source/portable/RVDS/ARM_CM4F\portmacro.h:195:2
	@APP
	mov.w	r0, #80
	msr	basepri, r0
	isb	sy
	dsb	sy

	@NO_APP
	str	r0, [sp, #52]
.Ltmp34:
	.loc	1 322 3                         @ ../Middlewares/Third_Party/FreeRTOS/Source/queue.c:322:3
	b	.LBB1_10
.LBB1_10:                               @ =>This Inner Loop Header: Depth=1
.Ltmp35:
	.loc	1 322 3 is_stmt 0               @ ../Middlewares/Third_Party/FreeRTOS/Source/queue.c:322:3
	b	.LBB1_10
.Ltmp36:
.LBB1_11:
	.loc	1 323 3 is_stmt 1               @ ../Middlewares/Third_Party/FreeRTOS/Source/queue.c:323:3
	ldr	r1, [sp, #32]
	movs	r0, #0
	str	r0, [sp, #8]                    @ 4-byte Spill
	cbnz	r1, .LBB1_13
	b	.LBB1_12
.LBB1_12:
	ldr	r0, [sp, #36]
	cmp	r0, #0
	it	ne
	movne	r0, #1
	str	r0, [sp, #8]                    @ 4-byte Spill
	b	.LBB1_13
.LBB1_13:
	.loc	1 0 0 is_stmt 0                 @ ../Middlewares/Third_Party/FreeRTOS/Source/queue.c:0:0
	ldr	r0, [sp, #8]                    @ 4-byte Reload
.Ltmp37:
	.loc	1 323 3                         @ ../Middlewares/Third_Party/FreeRTOS/Source/queue.c:323:3
	lsls	r0, r0, #31
	cbz	r0, .LBB1_16
	b	.LBB1_14
.LBB1_14:
.Ltmp38:
	.loc	4 195 2 is_stmt 1               @ ../Middlewares/Third_Party/FreeRTOS/Source/portable/RVDS/ARM_CM4F\portmacro.h:195:2
	@APP
	mov.w	r0, #80
	msr	basepri, r0
	isb	sy
	dsb	sy

	@NO_APP
	str	r0, [sp, #48]
.Ltmp39:
	.loc	1 323 3                         @ ../Middlewares/Third_Party/FreeRTOS/Source/queue.c:323:3
	b	.LBB1_15
.LBB1_15:                               @ =>This Inner Loop Header: Depth=1
.Ltmp40:
	.loc	1 323 3 is_stmt 0               @ ../Middlewares/Third_Party/FreeRTOS/Source/queue.c:323:3
	b	.LBB1_15
.Ltmp41:
.LBB1_16:
	.loc	1 0 3                           @ ../Middlewares/Third_Party/FreeRTOS/Source/queue.c:0:3
	movs	r0, #80
.Ltmp42:
	.loc	1 330 20 is_stmt 1              @ ../Middlewares/Third_Party/FreeRTOS/Source/queue.c:330:20
	str	r0, [sp, #16]
.Ltmp43:
	.loc	1 331 4                         @ ../Middlewares/Third_Party/FreeRTOS/Source/queue.c:331:4
	ldr	r0, [sp, #16]
.Ltmp44:
	.loc	1 331 4 is_stmt 0               @ ../Middlewares/Third_Party/FreeRTOS/Source/queue.c:331:4
	cmp	r0, #80
	beq	.LBB1_19
	b	.LBB1_17
.LBB1_17:
.Ltmp45:
	.loc	4 195 2 is_stmt 1               @ ../Middlewares/Third_Party/FreeRTOS/Source/portable/RVDS/ARM_CM4F\portmacro.h:195:2
	@APP
	mov.w	r0, #80
	msr	basepri, r0
	isb	sy
	dsb	sy

	@NO_APP
	str	r0, [sp, #44]
.Ltmp46:
	.loc	1 331 4                         @ ../Middlewares/Third_Party/FreeRTOS/Source/queue.c:331:4
	b	.LBB1_18
.LBB1_18:                               @ =>This Inner Loop Header: Depth=1
.Ltmp47:
	.loc	1 331 4 is_stmt 0               @ ../Middlewares/Third_Party/FreeRTOS/Source/queue.c:331:4
	b	.LBB1_18
.Ltmp48:
.LBB1_19:
	.loc	1 332 13 is_stmt 1              @ ../Middlewares/Third_Party/FreeRTOS/Source/queue.c:332:13
	ldr	r0, [sp, #16]
.Ltmp49:
	.loc	1 339 30                        @ ../Middlewares/Third_Party/FreeRTOS/Source/queue.c:339:30
	ldr	r0, [sp, #28]
	.loc	1 339 14 is_stmt 0              @ ../Middlewares/Third_Party/FreeRTOS/Source/queue.c:339:14
	str	r0, [sp, #20]
.Ltmp50:
	.loc	1 341 7 is_stmt 1               @ ../Middlewares/Third_Party/FreeRTOS/Source/queue.c:341:7
	ldr	r0, [sp, #20]
.Ltmp51:
	.loc	1 341 7 is_stmt 0               @ ../Middlewares/Third_Party/FreeRTOS/Source/queue.c:341:7
	cbz	r0, .LBB1_21
	b	.LBB1_20
.LBB1_20:
.Ltmp52:
	.loc	1 348 5 is_stmt 1               @ ../Middlewares/Third_Party/FreeRTOS/Source/queue.c:348:5
	ldr	r1, [sp, #20]
	movs	r0, #1
	.loc	1 348 39 is_stmt 0              @ ../Middlewares/Third_Party/FreeRTOS/Source/queue.c:348:39
	strb.w	r0, [r1, #70]
.Ltmp53:
	.loc	1 352 27 is_stmt 1              @ ../Middlewares/Third_Party/FreeRTOS/Source/queue.c:352:27
	ldr	r0, [sp, #40]
	.loc	1 352 42 is_stmt 0              @ ../Middlewares/Third_Party/FreeRTOS/Source/queue.c:352:42
	ldr	r1, [sp, #36]
	.loc	1 352 54                        @ ../Middlewares/Third_Party/FreeRTOS/Source/queue.c:352:54
	ldr	r2, [sp, #32]
	.loc	1 352 71                        @ ../Middlewares/Third_Party/FreeRTOS/Source/queue.c:352:71
	ldrb.w	r3, [sp, #27]
	.loc	1 352 84                        @ ../Middlewares/Third_Party/FreeRTOS/Source/queue.c:352:84
	ldr.w	r12, [sp, #20]
	.loc	1 352 4                         @ ../Middlewares/Third_Party/FreeRTOS/Source/queue.c:352:4
	mov	lr, sp
	str.w	r12, [lr]
	bl	prvInitialiseNewQueue
	.loc	1 353 3 is_stmt 1               @ ../Middlewares/Third_Party/FreeRTOS/Source/queue.c:353:3
	b	.LBB1_22
.Ltmp54:
.LBB1_21:
	.loc	1 0 3 is_stmt 0                 @ ../Middlewares/Third_Party/FreeRTOS/Source/queue.c:0:3
	b	.LBB1_22
.LBB1_22:
	.loc	1 360 10 is_stmt 1              @ ../Middlewares/Third_Party/FreeRTOS/Source/queue.c:360:10
	ldr	r0, [sp, #20]
	.loc	1 360 3 epilogue_begin is_stmt 0 @ ../Middlewares/Third_Party/FreeRTOS/Source/queue.c:360:3
	add	sp, #64
	pop	{r7, pc}
.Ltmp55:
.Lfunc_end1:
	.size	xQueueGenericCreateStatic, .Lfunc_end1-xQueueGenericCreateStatic
	.cfi_endproc
	.cantunwind
	.fnend
                                        @ -- End function
	.section	.text.prvInitialiseNewQueue,"ax",%progbits
	.p2align	3                               @ -- Begin function prvInitialiseNewQueue
	.type	prvInitialiseNewQueue,%function
	.code	16                              @ @prvInitialiseNewQueue
	.thumb_func
prvInitialiseNewQueue:
.Lfunc_begin2:
	.loc	1 423 0 is_stmt 1               @ ../Middlewares/Third_Party/FreeRTOS/Source/queue.c:423:0
	.fnstart
	.cfi_startproc
@ %bb.0:
	.save	{r7, lr}
	push	{r7, lr}
	.cfi_def_cfa_offset 8
	.cfi_offset lr, -4
	.cfi_offset r7, -8
	.pad	#16
	sub	sp, #16
	.cfi_def_cfa_offset 24
	ldr.w	r12, [sp, #24]
                                        @ kill: def $r12 killed $r3
	str	r0, [sp, #12]
	str	r1, [sp, #8]
	str	r2, [sp, #4]
	strb.w	r3, [sp, #3]
.Ltmp56:
	.loc	1 428 6 prologue_end            @ ../Middlewares/Third_Party/FreeRTOS/Source/queue.c:428:6
	ldr	r0, [sp, #8]
.Ltmp57:
	.loc	1 428 6 is_stmt 0               @ ../Middlewares/Third_Party/FreeRTOS/Source/queue.c:428:6
	cbnz	r0, .LBB2_2
	b	.LBB2_1
.LBB2_1:
.Ltmp58:
	.loc	1 434 37 is_stmt 1              @ ../Middlewares/Third_Party/FreeRTOS/Source/queue.c:434:37
	ldr	r0, [sp, #24]
	.loc	1 434 22 is_stmt 0              @ ../Middlewares/Third_Party/FreeRTOS/Source/queue.c:434:22
	str	r0, [r0]
	.loc	1 435 2 is_stmt 1               @ ../Middlewares/Third_Party/FreeRTOS/Source/queue.c:435:2
	b	.LBB2_3
.Ltmp59:
.LBB2_2:
	.loc	1 439 37                        @ ../Middlewares/Third_Party/FreeRTOS/Source/queue.c:439:37
	ldr	r0, [sp, #4]
	.loc	1 439 3 is_stmt 0               @ ../Middlewares/Third_Party/FreeRTOS/Source/queue.c:439:3
	ldr	r1, [sp, #24]
	.loc	1 439 22                        @ ../Middlewares/Third_Party/FreeRTOS/Source/queue.c:439:22
	str	r0, [r1]
	b	.LBB2_3
.Ltmp60:
.LBB2_3:
	.loc	1 444 25 is_stmt 1              @ ../Middlewares/Third_Party/FreeRTOS/Source/queue.c:444:25
	ldr	r0, [sp, #12]
	.loc	1 444 2 is_stmt 0               @ ../Middlewares/Third_Party/FreeRTOS/Source/queue.c:444:2
	ldr	r1, [sp, #24]
	.loc	1 444 23                        @ ../Middlewares/Third_Party/FreeRTOS/Source/queue.c:444:23
	str	r0, [r1, #60]
	.loc	1 445 27 is_stmt 1              @ ../Middlewares/Third_Party/FreeRTOS/Source/queue.c:445:27
	ldr	r0, [sp, #8]
	.loc	1 445 2 is_stmt 0               @ ../Middlewares/Third_Party/FreeRTOS/Source/queue.c:445:2
	ldr	r1, [sp, #24]
	.loc	1 445 25                        @ ../Middlewares/Third_Party/FreeRTOS/Source/queue.c:445:25
	str	r0, [r1, #64]
	.loc	1 446 31 is_stmt 1              @ ../Middlewares/Third_Party/FreeRTOS/Source/queue.c:446:31
	ldr	r0, [sp, #24]
	movs	r1, #1
	.loc	1 446 11 is_stmt 0              @ ../Middlewares/Third_Party/FreeRTOS/Source/queue.c:446:11
	bl	xQueueGenericReset
.Ltmp61:
	.loc	1 450 29 is_stmt 1              @ ../Middlewares/Third_Party/FreeRTOS/Source/queue.c:450:29
	ldrb.w	r0, [sp, #3]
	.loc	1 450 3 is_stmt 0               @ ../Middlewares/Third_Party/FreeRTOS/Source/queue.c:450:3
	ldr	r1, [sp, #24]
	.loc	1 450 27                        @ ../Middlewares/Third_Party/FreeRTOS/Source/queue.c:450:27
	strb.w	r0, [r1, #76]
.Ltmp62:
	.loc	1 461 1 epilogue_begin is_stmt 1 @ ../Middlewares/Third_Party/FreeRTOS/Source/queue.c:461:1
	add	sp, #16
	pop	{r7, pc}
.Ltmp63:
.Lfunc_end2:
	.size	prvInitialiseNewQueue, .Lfunc_end2-prvInitialiseNewQueue
	.cfi_endproc
	.cantunwind
	.fnend
                                        @ -- End function
	.section	.text.xQueueGenericCreate,"ax",%progbits
	.hidden	xQueueGenericCreate             @ -- Begin function xQueueGenericCreate
	.globl	xQueueGenericCreate
	.p2align	3
	.type	xQueueGenericCreate,%function
	.code	16                              @ @xQueueGenericCreate
	.thumb_func
xQueueGenericCreate:
.Lfunc_begin3:
	.loc	1 369 0                         @ ../Middlewares/Third_Party/FreeRTOS/Source/queue.c:369:0
	.fnstart
	.cfi_startproc
@ %bb.0:
	.save	{r7, lr}
	push	{r7, lr}
	.cfi_def_cfa_offset 8
	.cfi_offset lr, -4
	.cfi_offset r7, -8
	.pad	#32
	sub	sp, #32
	.cfi_def_cfa_offset 40
                                        @ kill: def $r3 killed $r2
	str	r0, [sp, #24]
	str	r1, [sp, #20]
	strb.w	r2, [sp, #19]
.Ltmp64:
	.loc	1 374 3 prologue_end            @ ../Middlewares/Third_Party/FreeRTOS/Source/queue.c:374:3
	ldr	r0, [sp, #24]
.Ltmp65:
	.loc	1 374 3 is_stmt 0               @ ../Middlewares/Third_Party/FreeRTOS/Source/queue.c:374:3
	cbnz	r0, .LBB3_3
	b	.LBB3_1
.LBB3_1:
.Ltmp66:
	.loc	4 195 2 is_stmt 1               @ ../Middlewares/Third_Party/FreeRTOS/Source/portable/RVDS/ARM_CM4F\portmacro.h:195:2
	@APP
	mov.w	r0, #80
	msr	basepri, r0
	isb	sy
	dsb	sy

	@NO_APP
	str	r0, [sp, #28]
.Ltmp67:
	.loc	1 374 3                         @ ../Middlewares/Third_Party/FreeRTOS/Source/queue.c:374:3
	b	.LBB3_2
.LBB3_2:                                @ =>This Inner Loop Header: Depth=1
.Ltmp68:
	.loc	1 374 3 is_stmt 0               @ ../Middlewares/Third_Party/FreeRTOS/Source/queue.c:374:3
	b	.LBB3_2
.Ltmp69:
.LBB3_3:
	.loc	1 379 36 is_stmt 1              @ ../Middlewares/Third_Party/FreeRTOS/Source/queue.c:379:36
	ldr	r0, [sp, #24]
	.loc	1 379 52 is_stmt 0              @ ../Middlewares/Third_Party/FreeRTOS/Source/queue.c:379:52
	ldr	r1, [sp, #20]
	.loc	1 379 50                        @ ../Middlewares/Third_Party/FreeRTOS/Source/queue.c:379:50
	muls	r0, r1, r0
	.loc	1 379 21                        @ ../Middlewares/Third_Party/FreeRTOS/Source/queue.c:379:21
	str	r0, [sp, #8]
	.loc	1 390 64 is_stmt 1              @ ../Middlewares/Third_Party/FreeRTOS/Source/queue.c:390:64
	ldr	r0, [sp, #8]
	.loc	1 390 62 is_stmt 0              @ ../Middlewares/Third_Party/FreeRTOS/Source/queue.c:390:62
	adds	r0, #80
	.loc	1 390 30                        @ ../Middlewares/Third_Party/FreeRTOS/Source/queue.c:390:30
	bl	pvPortMalloc
	.loc	1 390 14                        @ ../Middlewares/Third_Party/FreeRTOS/Source/queue.c:390:14
	str	r0, [sp, #12]
.Ltmp70:
	.loc	1 392 7 is_stmt 1               @ ../Middlewares/Third_Party/FreeRTOS/Source/queue.c:392:7
	ldr	r0, [sp, #12]
.Ltmp71:
	.loc	1 392 7 is_stmt 0               @ ../Middlewares/Third_Party/FreeRTOS/Source/queue.c:392:7
	cbz	r0, .LBB3_5
	b	.LBB3_4
.LBB3_4:
.Ltmp72:
	.loc	1 396 36 is_stmt 1              @ ../Middlewares/Third_Party/FreeRTOS/Source/queue.c:396:36
	ldr	r0, [sp, #12]
	.loc	1 396 20 is_stmt 0              @ ../Middlewares/Third_Party/FreeRTOS/Source/queue.c:396:20
	str	r0, [sp, #4]
	.loc	1 397 20 is_stmt 1              @ ../Middlewares/Third_Party/FreeRTOS/Source/queue.c:397:20
	ldr	r0, [sp, #4]
	adds	r0, #80
	str	r0, [sp, #4]
.Ltmp73:
	.loc	1 404 5                         @ ../Middlewares/Third_Party/FreeRTOS/Source/queue.c:404:5
	ldr	r1, [sp, #12]
	movs	r0, #0
	.loc	1 404 39 is_stmt 0              @ ../Middlewares/Third_Party/FreeRTOS/Source/queue.c:404:39
	strb.w	r0, [r1, #70]
.Ltmp74:
	.loc	1 408 27 is_stmt 1              @ ../Middlewares/Third_Party/FreeRTOS/Source/queue.c:408:27
	ldr	r0, [sp, #24]
	.loc	1 408 42 is_stmt 0              @ ../Middlewares/Third_Party/FreeRTOS/Source/queue.c:408:42
	ldr	r1, [sp, #20]
	.loc	1 408 54                        @ ../Middlewares/Third_Party/FreeRTOS/Source/queue.c:408:54
	ldr	r2, [sp, #4]
	.loc	1 408 71                        @ ../Middlewares/Third_Party/FreeRTOS/Source/queue.c:408:71
	ldrb.w	r3, [sp, #19]
	.loc	1 408 84                        @ ../Middlewares/Third_Party/FreeRTOS/Source/queue.c:408:84
	ldr.w	r12, [sp, #12]
	.loc	1 408 4                         @ ../Middlewares/Third_Party/FreeRTOS/Source/queue.c:408:4
	mov	lr, sp
	str.w	r12, [lr]
	bl	prvInitialiseNewQueue
	.loc	1 409 3 is_stmt 1               @ ../Middlewares/Third_Party/FreeRTOS/Source/queue.c:409:3
	b	.LBB3_6
.Ltmp75:
.LBB3_5:
	.loc	1 0 3 is_stmt 0                 @ ../Middlewares/Third_Party/FreeRTOS/Source/queue.c:0:3
	b	.LBB3_6
.LBB3_6:
	.loc	1 416 10 is_stmt 1              @ ../Middlewares/Third_Party/FreeRTOS/Source/queue.c:416:10
	ldr	r0, [sp, #12]
	.loc	1 416 3 epilogue_begin is_stmt 0 @ ../Middlewares/Third_Party/FreeRTOS/Source/queue.c:416:3
	add	sp, #32
	pop	{r7, pc}
.Ltmp76:
.Lfunc_end3:
	.size	xQueueGenericCreate, .Lfunc_end3-xQueueGenericCreate
	.cfi_endproc
	.cantunwind
	.fnend
                                        @ -- End function
	.section	.text.xQueueCreateMutex,"ax",%progbits
	.hidden	xQueueCreateMutex               @ -- Begin function xQueueCreateMutex
	.globl	xQueueCreateMutex
	.p2align	3
	.type	xQueueCreateMutex,%function
	.code	16                              @ @xQueueCreateMutex
	.thumb_func
xQueueCreateMutex:
.Lfunc_begin4:
	.loc	1 497 0 is_stmt 1               @ ../Middlewares/Third_Party/FreeRTOS/Source/queue.c:497:0
	.fnstart
	.cfi_startproc
@ %bb.0:
	.save	{r7, lr}
	push	{r7, lr}
	.cfi_def_cfa_offset 8
	.cfi_offset lr, -4
	.cfi_offset r7, -8
	.pad	#16
	sub	sp, #16
	.cfi_def_cfa_offset 24
                                        @ kill: def $r1 killed $r0
	strb.w	r0, [sp, #15]
	movs	r0, #1
.Ltmp77:
	.loc	1 499 20 prologue_end           @ ../Middlewares/Third_Party/FreeRTOS/Source/queue.c:499:20
	str	r0, [sp, #4]
	movs	r1, #0
	.loc	1 499 55 is_stmt 0              @ ../Middlewares/Third_Party/FreeRTOS/Source/queue.c:499:55
	str	r1, [sp]
	.loc	1 501 64 is_stmt 1              @ ../Middlewares/Third_Party/FreeRTOS/Source/queue.c:501:64
	ldrb.w	r2, [sp, #15]
	.loc	1 501 15 is_stmt 0              @ ../Middlewares/Third_Party/FreeRTOS/Source/queue.c:501:15
	bl	xQueueGenericCreate
	.loc	1 501 13                        @ ../Middlewares/Third_Party/FreeRTOS/Source/queue.c:501:13
	str	r0, [sp, #8]
	.loc	1 502 37 is_stmt 1              @ ../Middlewares/Third_Party/FreeRTOS/Source/queue.c:502:37
	ldr	r0, [sp, #8]
	.loc	1 502 3 is_stmt 0               @ ../Middlewares/Third_Party/FreeRTOS/Source/queue.c:502:3
	bl	prvInitialiseMutex
	.loc	1 504 10 is_stmt 1              @ ../Middlewares/Third_Party/FreeRTOS/Source/queue.c:504:10
	ldr	r0, [sp, #8]
	.loc	1 504 3 epilogue_begin is_stmt 0 @ ../Middlewares/Third_Party/FreeRTOS/Source/queue.c:504:3
	add	sp, #16
	pop	{r7, pc}
.Ltmp78:
.Lfunc_end4:
	.size	xQueueCreateMutex, .Lfunc_end4-xQueueCreateMutex
	.cfi_endproc
	.cantunwind
	.fnend
                                        @ -- End function
	.section	.text.prvInitialiseMutex,"ax",%progbits
	.p2align	3                               @ -- Begin function prvInitialiseMutex
	.type	prvInitialiseMutex,%function
	.code	16                              @ @prvInitialiseMutex
	.thumb_func
prvInitialiseMutex:
.Lfunc_begin5:
	.loc	1 467 0 is_stmt 1               @ ../Middlewares/Third_Party/FreeRTOS/Source/queue.c:467:0
	.fnstart
	.cfi_startproc
@ %bb.0:
	.save	{r7, lr}
	push	{r7, lr}
	.cfi_def_cfa_offset 8
	.cfi_offset lr, -4
	.cfi_offset r7, -8
	.pad	#8
	sub	sp, #8
	.cfi_def_cfa_offset 16
	str	r0, [sp, #4]
.Ltmp79:
	.loc	1 468 7 prologue_end            @ ../Middlewares/Third_Party/FreeRTOS/Source/queue.c:468:7
	ldr	r0, [sp, #4]
.Ltmp80:
	.loc	1 468 7 is_stmt 0               @ ../Middlewares/Third_Party/FreeRTOS/Source/queue.c:468:7
	cbz	r0, .LBB5_2
	b	.LBB5_1
.LBB5_1:
.Ltmp81:
	.loc	1 474 4 is_stmt 1               @ ../Middlewares/Third_Party/FreeRTOS/Source/queue.c:474:4
	ldr	r0, [sp, #4]
	movs	r3, #0
	.loc	1 474 42 is_stmt 0              @ ../Middlewares/Third_Party/FreeRTOS/Source/queue.c:474:42
	str	r3, [r0, #8]
	.loc	1 475 4 is_stmt 1               @ ../Middlewares/Third_Party/FreeRTOS/Source/queue.c:475:4
	ldr	r0, [sp, #4]
	.loc	1 475 28 is_stmt 0              @ ../Middlewares/Third_Party/FreeRTOS/Source/queue.c:475:28
	str	r3, [r0]
	.loc	1 478 4 is_stmt 1               @ ../Middlewares/Third_Party/FreeRTOS/Source/queue.c:478:4
	ldr	r0, [sp, #4]
	.loc	1 478 50 is_stmt 0              @ ../Middlewares/Third_Party/FreeRTOS/Source/queue.c:478:50
	str	r3, [r0, #12]
	.loc	1 483 32 is_stmt 1              @ ../Middlewares/Third_Party/FreeRTOS/Source/queue.c:483:32
	ldr	r0, [sp, #4]
	.loc	1 483 13 is_stmt 0              @ ../Middlewares/Third_Party/FreeRTOS/Source/queue.c:483:13
	mov	r1, r3
	mov	r2, r3
	bl	xQueueGenericSend
	.loc	1 484 3 is_stmt 1               @ ../Middlewares/Third_Party/FreeRTOS/Source/queue.c:484:3
	b	.LBB5_3
.Ltmp82:
.LBB5_2:
	.loc	1 0 3 is_stmt 0                 @ ../Middlewares/Third_Party/FreeRTOS/Source/queue.c:0:3
	b	.LBB5_3
.LBB5_3:
	.loc	1 489 2 epilogue_begin is_stmt 1 @ ../Middlewares/Third_Party/FreeRTOS/Source/queue.c:489:2
	add	sp, #8
	pop	{r7, pc}
.Ltmp83:
.Lfunc_end5:
	.size	prvInitialiseMutex, .Lfunc_end5-prvInitialiseMutex
	.cfi_endproc
	.cantunwind
	.fnend
                                        @ -- End function
	.section	.text.xQueueCreateMutexStatic,"ax",%progbits
	.hidden	xQueueCreateMutexStatic         @ -- Begin function xQueueCreateMutexStatic
	.globl	xQueueCreateMutexStatic
	.p2align	3
	.type	xQueueCreateMutexStatic,%function
	.code	16                              @ @xQueueCreateMutexStatic
	.thumb_func
xQueueCreateMutexStatic:
.Lfunc_begin6:
	.loc	1 513 0                         @ ../Middlewares/Third_Party/FreeRTOS/Source/queue.c:513:0
	.fnstart
	.cfi_startproc
@ %bb.0:
	.save	{r7, lr}
	push	{r7, lr}
	.cfi_def_cfa_offset 8
	.cfi_offset lr, -4
	.cfi_offset r7, -8
	.pad	#24
	sub	sp, #24
	.cfi_def_cfa_offset 32
                                        @ kill: def $r2 killed $r0
	strb.w	r0, [sp, #23]
	str	r1, [sp, #16]
	movs	r0, #1
.Ltmp84:
	.loc	1 515 20 prologue_end           @ ../Middlewares/Third_Party/FreeRTOS/Source/queue.c:515:20
	str	r0, [sp, #8]
	movs	r2, #0
	.loc	1 515 55 is_stmt 0              @ ../Middlewares/Third_Party/FreeRTOS/Source/queue.c:515:55
	str	r2, [sp, #4]
	.loc	1 519 12 is_stmt 1              @ ../Middlewares/Third_Party/FreeRTOS/Source/queue.c:519:12
	ldrb.w	r1, [sp, #23]
	.loc	1 521 76                        @ ../Middlewares/Third_Party/FreeRTOS/Source/queue.c:521:76
	ldr	r3, [sp, #16]
	.loc	1 521 15 is_stmt 0              @ ../Middlewares/Third_Party/FreeRTOS/Source/queue.c:521:15
	mov	r12, sp
	str.w	r1, [r12]
	mov	r1, r2
	bl	xQueueGenericCreateStatic
	.loc	1 521 13                        @ ../Middlewares/Third_Party/FreeRTOS/Source/queue.c:521:13
	str	r0, [sp, #12]
	.loc	1 522 37 is_stmt 1              @ ../Middlewares/Third_Party/FreeRTOS/Source/queue.c:522:37
	ldr	r0, [sp, #12]
	.loc	1 522 3 is_stmt 0               @ ../Middlewares/Third_Party/FreeRTOS/Source/queue.c:522:3
	bl	prvInitialiseMutex
	.loc	1 524 10 is_stmt 1              @ ../Middlewares/Third_Party/FreeRTOS/Source/queue.c:524:10
	ldr	r0, [sp, #12]
	.loc	1 524 3 epilogue_begin is_stmt 0 @ ../Middlewares/Third_Party/FreeRTOS/Source/queue.c:524:3
	add	sp, #24
	pop	{r7, pc}
.Ltmp85:
.Lfunc_end6:
	.size	xQueueCreateMutexStatic, .Lfunc_end6-xQueueCreateMutexStatic
	.cfi_endproc
	.cantunwind
	.fnend
                                        @ -- End function
	.section	.text.xQueueGenericSend,"ax",%progbits
	.hidden	xQueueGenericSend               @ -- Begin function xQueueGenericSend
	.globl	xQueueGenericSend
	.p2align	3
	.type	xQueueGenericSend,%function
	.code	16                              @ @xQueueGenericSend
	.thumb_func
xQueueGenericSend:
.Lfunc_begin7:
	.loc	1 741 0 is_stmt 1               @ ../Middlewares/Third_Party/FreeRTOS/Source/queue.c:741:0
	.fnstart
	.cfi_startproc
@ %bb.0:
	.save	{r7, lr}
	push	{r7, lr}
	.cfi_def_cfa_offset 8
	.cfi_offset lr, -4
	.cfi_offset r7, -8
	.pad	#72
	sub	sp, #72
	.cfi_def_cfa_offset 80
	str	r0, [sp, #48]
	str	r1, [sp, #44]
	str	r2, [sp, #40]
	str	r3, [sp, #36]
	movs	r0, #0
.Ltmp86:
	.loc	1 742 12 prologue_end           @ ../Middlewares/Third_Party/FreeRTOS/Source/queue.c:742:12
	str	r0, [sp, #32]
	.loc	1 744 27                        @ ../Middlewares/Third_Party/FreeRTOS/Source/queue.c:744:27
	ldr	r0, [sp, #48]
	.loc	1 744 17 is_stmt 0              @ ../Middlewares/Third_Party/FreeRTOS/Source/queue.c:744:17
	str	r0, [sp, #16]
.Ltmp87:
	.loc	1 746 2 is_stmt 1               @ ../Middlewares/Third_Party/FreeRTOS/Source/queue.c:746:2
	ldr	r0, [sp, #16]
.Ltmp88:
	.loc	1 746 2 is_stmt 0               @ ../Middlewares/Third_Party/FreeRTOS/Source/queue.c:746:2
	cbnz	r0, .LBB7_3
	b	.LBB7_1
.LBB7_1:
.Ltmp89:
	.loc	4 195 2 is_stmt 1               @ ../Middlewares/Third_Party/FreeRTOS/Source/portable/RVDS/ARM_CM4F\portmacro.h:195:2
	@APP
	mov.w	r0, #80
	msr	basepri, r0
	isb	sy
	dsb	sy

	@NO_APP
	str	r0, [sp, #68]
.Ltmp90:
	.loc	1 746 2                         @ ../Middlewares/Third_Party/FreeRTOS/Source/queue.c:746:2
	b	.LBB7_2
.LBB7_2:                                @ =>This Inner Loop Header: Depth=1
.Ltmp91:
	.loc	1 746 2 is_stmt 0               @ ../Middlewares/Third_Party/FreeRTOS/Source/queue.c:746:2
	b	.LBB7_2
.Ltmp92:
.LBB7_3:
	.loc	1 747 2 is_stmt 1               @ ../Middlewares/Third_Party/FreeRTOS/Source/queue.c:747:2
	ldr	r1, [sp, #44]
	movs	r0, #0
	str	r0, [sp, #12]                   @ 4-byte Spill
	cbnz	r1, .LBB7_5
	b	.LBB7_4
.LBB7_4:
	ldr	r0, [sp, #16]
	ldr	r0, [r0, #64]
	cmp	r0, #0
	it	ne
	movne	r0, #1
	str	r0, [sp, #12]                   @ 4-byte Spill
	b	.LBB7_5
.LBB7_5:
	.loc	1 0 0 is_stmt 0                 @ ../Middlewares/Third_Party/FreeRTOS/Source/queue.c:0:0
	ldr	r0, [sp, #12]                   @ 4-byte Reload
.Ltmp93:
	.loc	1 747 2                         @ ../Middlewares/Third_Party/FreeRTOS/Source/queue.c:747:2
	lsls	r0, r0, #31
	cbz	r0, .LBB7_8
	b	.LBB7_6
.LBB7_6:
.Ltmp94:
	.loc	4 195 2 is_stmt 1               @ ../Middlewares/Third_Party/FreeRTOS/Source/portable/RVDS/ARM_CM4F\portmacro.h:195:2
	@APP
	mov.w	r0, #80
	msr	basepri, r0
	isb	sy
	dsb	sy

	@NO_APP
	str	r0, [sp, #64]
.Ltmp95:
	.loc	1 747 2                         @ ../Middlewares/Third_Party/FreeRTOS/Source/queue.c:747:2
	b	.LBB7_7
.LBB7_7:                                @ =>This Inner Loop Header: Depth=1
.Ltmp96:
	.loc	1 747 2 is_stmt 0               @ ../Middlewares/Third_Party/FreeRTOS/Source/queue.c:747:2
	b	.LBB7_7
.Ltmp97:
.LBB7_8:
	.loc	1 748 2 is_stmt 1               @ ../Middlewares/Third_Party/FreeRTOS/Source/queue.c:748:2
	ldr	r1, [sp, #36]
	movs	r0, #0
	cmp	r1, #2
	str	r0, [sp, #8]                    @ 4-byte Spill
	bne	.LBB7_10
	b	.LBB7_9
.LBB7_9:
	ldr	r0, [sp, #16]
	ldr	r0, [r0, #60]
	subs	r0, #1
	it	ne
	movne	r0, #1
	str	r0, [sp, #8]                    @ 4-byte Spill
	b	.LBB7_10
.LBB7_10:
	.loc	1 0 0 is_stmt 0                 @ ../Middlewares/Third_Party/FreeRTOS/Source/queue.c:0:0
	ldr	r0, [sp, #8]                    @ 4-byte Reload
.Ltmp98:
	.loc	1 748 2                         @ ../Middlewares/Third_Party/FreeRTOS/Source/queue.c:748:2
	lsls	r0, r0, #31
	cbz	r0, .LBB7_13
	b	.LBB7_11
.LBB7_11:
.Ltmp99:
	.loc	4 195 2 is_stmt 1               @ ../Middlewares/Third_Party/FreeRTOS/Source/portable/RVDS/ARM_CM4F\portmacro.h:195:2
	@APP
	mov.w	r0, #80
	msr	basepri, r0
	isb	sy
	dsb	sy

	@NO_APP
	str	r0, [sp, #60]
.Ltmp100:
	.loc	1 748 2                         @ ../Middlewares/Third_Party/FreeRTOS/Source/queue.c:748:2
	b	.LBB7_12
.LBB7_12:                               @ =>This Inner Loop Header: Depth=1
.Ltmp101:
	.loc	1 748 2 is_stmt 0               @ ../Middlewares/Third_Party/FreeRTOS/Source/queue.c:748:2
	b	.LBB7_12
.Ltmp102:
.LBB7_13:
	.loc	1 751 3 is_stmt 1               @ ../Middlewares/Third_Party/FreeRTOS/Source/queue.c:751:3
	bl	xTaskGetSchedulerState
	mov	r1, r0
	movs	r0, #0
	str	r0, [sp, #4]                    @ 4-byte Spill
	cbnz	r1, .LBB7_15
	b	.LBB7_14
.LBB7_14:
	ldr	r0, [sp, #40]
	cmp	r0, #0
	it	ne
	movne	r0, #1
	str	r0, [sp, #4]                    @ 4-byte Spill
	b	.LBB7_15
.LBB7_15:
	.loc	1 0 0 is_stmt 0                 @ ../Middlewares/Third_Party/FreeRTOS/Source/queue.c:0:0
	ldr	r0, [sp, #4]                    @ 4-byte Reload
.Ltmp103:
	.loc	1 751 3                         @ ../Middlewares/Third_Party/FreeRTOS/Source/queue.c:751:3
	lsls	r0, r0, #31
	cbz	r0, .LBB7_18
	b	.LBB7_16
.LBB7_16:
.Ltmp104:
	.loc	4 195 2 is_stmt 1               @ ../Middlewares/Third_Party/FreeRTOS/Source/portable/RVDS/ARM_CM4F\portmacro.h:195:2
	@APP
	mov.w	r0, #80
	msr	basepri, r0
	isb	sy
	dsb	sy

	@NO_APP
	str	r0, [sp, #56]
.Ltmp105:
	.loc	1 751 3                         @ ../Middlewares/Third_Party/FreeRTOS/Source/queue.c:751:3
	b	.LBB7_17
.LBB7_17:                               @ =>This Inner Loop Header: Depth=1
.Ltmp106:
	.loc	1 751 3 is_stmt 0               @ ../Middlewares/Third_Party/FreeRTOS/Source/queue.c:751:3
	b	.LBB7_17
.Ltmp107:
.LBB7_18:
	.loc	1 759 2 is_stmt 1               @ ../Middlewares/Third_Party/FreeRTOS/Source/queue.c:759:2
	b	.LBB7_19
.LBB7_19:                               @ =>This Inner Loop Header: Depth=1
.Ltmp108:
	.loc	1 761 3                         @ ../Middlewares/Third_Party/FreeRTOS/Source/queue.c:761:3
	bl	vPortEnterCritical
.Ltmp109:
	.loc	1 767 10                        @ ../Middlewares/Third_Party/FreeRTOS/Source/queue.c:767:10
	ldr	r0, [sp, #16]
	.loc	1 767 19 is_stmt 0              @ ../Middlewares/Third_Party/FreeRTOS/Source/queue.c:767:19
	ldr	r0, [r0, #56]
	.loc	1 767 39                        @ ../Middlewares/Third_Party/FreeRTOS/Source/queue.c:767:39
	ldr	r1, [sp, #16]
	.loc	1 767 48                        @ ../Middlewares/Third_Party/FreeRTOS/Source/queue.c:767:48
	ldr	r1, [r1, #60]
	.loc	1 767 59                        @ ../Middlewares/Third_Party/FreeRTOS/Source/queue.c:767:59
	cmp	r0, r1
	blo	.LBB7_21
	b	.LBB7_20
.LBB7_20:                               @   in Loop: Header=BB7_19 Depth=1
	.loc	1 767 64                        @ ../Middlewares/Third_Party/FreeRTOS/Source/queue.c:767:64
	ldr	r0, [sp, #36]
.Ltmp110:
	.loc	1 767 8                         @ ../Middlewares/Third_Party/FreeRTOS/Source/queue.c:767:8
	cmp	r0, #2
	bne	.LBB7_31
	b	.LBB7_21
.LBB7_21:
.Ltmp111:
	.loc	1 833 43 is_stmt 1              @ ../Middlewares/Third_Party/FreeRTOS/Source/queue.c:833:43
	ldr	r0, [sp, #16]
	.loc	1 833 52 is_stmt 0              @ ../Middlewares/Third_Party/FreeRTOS/Source/queue.c:833:52
	ldr	r1, [sp, #44]
	.loc	1 833 67                        @ ../Middlewares/Third_Party/FreeRTOS/Source/queue.c:833:67
	ldr	r2, [sp, #36]
	.loc	1 833 23                        @ ../Middlewares/Third_Party/FreeRTOS/Source/queue.c:833:23
	bl	prvCopyDataToQueue
	.loc	1 833 21                        @ ../Middlewares/Third_Party/FreeRTOS/Source/queue.c:833:21
	str	r0, [sp, #28]
.Ltmp112:
	.loc	1 837 10 is_stmt 1              @ ../Middlewares/Third_Party/FreeRTOS/Source/queue.c:837:10
	ldr	r0, [sp, #16]
	ldr	r0, [r0, #36]
.Ltmp113:
	.loc	1 837 10 is_stmt 0              @ ../Middlewares/Third_Party/FreeRTOS/Source/queue.c:837:10
	cbz	r0, .LBB7_26
	b	.LBB7_22
.LBB7_22:
.Ltmp114:
	.loc	1 839 40 is_stmt 1              @ ../Middlewares/Third_Party/FreeRTOS/Source/queue.c:839:40
	ldr	r0, [sp, #16]
	.loc	1 839 49 is_stmt 0              @ ../Middlewares/Third_Party/FreeRTOS/Source/queue.c:839:49
	adds	r0, #36
	.loc	1 839 11                        @ ../Middlewares/Third_Party/FreeRTOS/Source/queue.c:839:11
	bl	xTaskRemoveFromEventList
.Ltmp115:
	.loc	1 839 11                        @ ../Middlewares/Third_Party/FreeRTOS/Source/queue.c:839:11
	cbz	r0, .LBB7_24
	b	.LBB7_23
.LBB7_23:
	.loc	1 0 11                          @ ../Middlewares/Third_Party/FreeRTOS/Source/queue.c:0:11
	movw	r1, #60676
	movt	r1, #57344
	mov.w	r0, #268435456
.Ltmp116:
	.loc	1 845 8 is_stmt 1               @ ../Middlewares/Third_Party/FreeRTOS/Source/queue.c:845:8
	str	r0, [r1]
	@APP
	dsb	sy
	@NO_APP
	@APP
	isb	sy
	@NO_APP
.Ltmp117:
	.loc	1 846 7                         @ ../Middlewares/Third_Party/FreeRTOS/Source/queue.c:846:7
	b	.LBB7_25
.Ltmp118:
.LBB7_24:
	.loc	1 0 7 is_stmt 0                 @ ../Middlewares/Third_Party/FreeRTOS/Source/queue.c:0:7
	b	.LBB7_25
.LBB7_25:
	.loc	1 851 6 is_stmt 1               @ ../Middlewares/Third_Party/FreeRTOS/Source/queue.c:851:6
	b	.LBB7_30
.Ltmp119:
.LBB7_26:
	.loc	1 852 15                        @ ../Middlewares/Third_Party/FreeRTOS/Source/queue.c:852:15
	ldr	r0, [sp, #28]
.Ltmp120:
	.loc	1 852 15 is_stmt 0              @ ../Middlewares/Third_Party/FreeRTOS/Source/queue.c:852:15
	cbz	r0, .LBB7_28
	b	.LBB7_27
.LBB7_27:
	.loc	1 0 15                          @ ../Middlewares/Third_Party/FreeRTOS/Source/queue.c:0:15
	movw	r1, #60676
	movt	r1, #57344
	mov.w	r0, #268435456
.Ltmp121:
	.loc	1 858 7 is_stmt 1               @ ../Middlewares/Third_Party/FreeRTOS/Source/queue.c:858:7
	str	r0, [r1]
	@APP
	dsb	sy
	@NO_APP
	@APP
	isb	sy
	@NO_APP
.Ltmp122:
	.loc	1 859 6                         @ ../Middlewares/Third_Party/FreeRTOS/Source/queue.c:859:6
	b	.LBB7_29
.Ltmp123:
.LBB7_28:
	.loc	1 0 6 is_stmt 0                 @ ../Middlewares/Third_Party/FreeRTOS/Source/queue.c:0:6
	b	.LBB7_29
.LBB7_29:
	b	.LBB7_30
.LBB7_30:
	.loc	1 867 5 is_stmt 1               @ ../Middlewares/Third_Party/FreeRTOS/Source/queue.c:867:5
	bl	vPortExitCritical
	movs	r0, #1
	.loc	1 868 5                         @ ../Middlewares/Third_Party/FreeRTOS/Source/queue.c:868:5
	str	r0, [sp, #52]
	b	.LBB7_51
.Ltmp124:
.LBB7_31:                               @   in Loop: Header=BB7_19 Depth=1
	.loc	1 872 9                         @ ../Middlewares/Third_Party/FreeRTOS/Source/queue.c:872:9
	ldr	r0, [sp, #40]
.Ltmp125:
	.loc	1 872 9 is_stmt 0               @ ../Middlewares/Third_Party/FreeRTOS/Source/queue.c:872:9
	cbnz	r0, .LBB7_33
	b	.LBB7_32
.LBB7_32:
.Ltmp126:
	.loc	1 876 6 is_stmt 1               @ ../Middlewares/Third_Party/FreeRTOS/Source/queue.c:876:6
	bl	vPortExitCritical
	movs	r0, #0
	.loc	1 881 6                         @ ../Middlewares/Third_Party/FreeRTOS/Source/queue.c:881:6
	str	r0, [sp, #52]
	b	.LBB7_51
.Ltmp127:
.LBB7_33:                               @   in Loop: Header=BB7_19 Depth=1
	.loc	1 883 14                        @ ../Middlewares/Third_Party/FreeRTOS/Source/queue.c:883:14
	ldr	r0, [sp, #32]
.Ltmp128:
	.loc	1 883 14 is_stmt 0              @ ../Middlewares/Third_Party/FreeRTOS/Source/queue.c:883:14
	cbnz	r0, .LBB7_35
	b	.LBB7_34
.LBB7_34:                               @   in Loop: Header=BB7_19 Depth=1
	.loc	1 0 14                          @ ../Middlewares/Third_Party/FreeRTOS/Source/queue.c:0:14
	add	r0, sp, #20
.Ltmp129:
	.loc	1 887 6 is_stmt 1               @ ../Middlewares/Third_Party/FreeRTOS/Source/queue.c:887:6
	bl	vTaskInternalSetTimeOutState
	movs	r0, #1
	.loc	1 888 20                        @ ../Middlewares/Third_Party/FreeRTOS/Source/queue.c:888:20
	str	r0, [sp, #32]
	.loc	1 889 5                         @ ../Middlewares/Third_Party/FreeRTOS/Source/queue.c:889:5
	b	.LBB7_36
.Ltmp130:
.LBB7_35:                               @   in Loop: Header=BB7_19 Depth=1
	.loc	1 0 5 is_stmt 0                 @ ../Middlewares/Third_Party/FreeRTOS/Source/queue.c:0:5
	b	.LBB7_36
.LBB7_36:                               @   in Loop: Header=BB7_19 Depth=1
	b	.LBB7_37
.LBB7_37:                               @   in Loop: Header=BB7_19 Depth=1
	b	.LBB7_38
.LBB7_38:                               @   in Loop: Header=BB7_19 Depth=1
	.loc	1 897 3 is_stmt 1               @ ../Middlewares/Third_Party/FreeRTOS/Source/queue.c:897:3
	bl	vPortExitCritical
	.loc	1 902 3                         @ ../Middlewares/Third_Party/FreeRTOS/Source/queue.c:902:3
	bl	vTaskSuspendAll
	.loc	1 903 3                         @ ../Middlewares/Third_Party/FreeRTOS/Source/queue.c:903:3
	bl	vPortEnterCritical
.Ltmp131:
	.loc	1 903 3 is_stmt 0               @ ../Middlewares/Third_Party/FreeRTOS/Source/queue.c:903:3
	ldr	r0, [sp, #16]
	ldrsb.w	r0, [r0, #68]
.Ltmp132:
	.loc	1 903 3                         @ ../Middlewares/Third_Party/FreeRTOS/Source/queue.c:903:3
	adds	r0, #1
	cbnz	r0, .LBB7_40
	b	.LBB7_39
.LBB7_39:                               @   in Loop: Header=BB7_19 Depth=1
.Ltmp133:
	.loc	1 903 3                         @ ../Middlewares/Third_Party/FreeRTOS/Source/queue.c:903:3
	ldr	r1, [sp, #16]
	movs	r0, #0
	strb.w	r0, [r1, #68]
	b	.LBB7_40
.Ltmp134:
.LBB7_40:                               @   in Loop: Header=BB7_19 Depth=1
	.loc	1 903 3                         @ ../Middlewares/Third_Party/FreeRTOS/Source/queue.c:903:3
	ldr	r0, [sp, #16]
	ldrsb.w	r0, [r0, #69]
.Ltmp135:
	.loc	1 903 3                         @ ../Middlewares/Third_Party/FreeRTOS/Source/queue.c:903:3
	adds	r0, #1
	cbnz	r0, .LBB7_42
	b	.LBB7_41
.LBB7_41:                               @   in Loop: Header=BB7_19 Depth=1
.Ltmp136:
	.loc	1 903 3                         @ ../Middlewares/Third_Party/FreeRTOS/Source/queue.c:903:3
	ldr	r1, [sp, #16]
	movs	r0, #0
	strb.w	r0, [r1, #69]
	b	.LBB7_42
.Ltmp137:
.LBB7_42:                               @   in Loop: Header=BB7_19 Depth=1
	.loc	1 903 3                         @ ../Middlewares/Third_Party/FreeRTOS/Source/queue.c:903:3
	bl	vPortExitCritical
	add	r0, sp, #20
	add	r1, sp, #40
.Ltmp138:
	.loc	1 906 7 is_stmt 1               @ ../Middlewares/Third_Party/FreeRTOS/Source/queue.c:906:7
	bl	xTaskCheckForTimeOut
.Ltmp139:
	.loc	1 906 7 is_stmt 0               @ ../Middlewares/Third_Party/FreeRTOS/Source/queue.c:906:7
	cbnz	r0, .LBB7_49
	b	.LBB7_43
.LBB7_43:                               @   in Loop: Header=BB7_19 Depth=1
.Ltmp140:
	.loc	1 908 24 is_stmt 1              @ ../Middlewares/Third_Party/FreeRTOS/Source/queue.c:908:24
	ldr	r0, [sp, #16]
	.loc	1 908 8 is_stmt 0               @ ../Middlewares/Third_Party/FreeRTOS/Source/queue.c:908:8
	bl	prvIsQueueFull
.Ltmp141:
	.loc	1 908 8                         @ ../Middlewares/Third_Party/FreeRTOS/Source/queue.c:908:8
	cbz	r0, .LBB7_47
	b	.LBB7_44
.LBB7_44:                               @   in Loop: Header=BB7_19 Depth=1
.Ltmp142:
	.loc	1 911 31 is_stmt 1              @ ../Middlewares/Third_Party/FreeRTOS/Source/queue.c:911:31
	ldr	r0, [sp, #16]
	.loc	1 911 40 is_stmt 0              @ ../Middlewares/Third_Party/FreeRTOS/Source/queue.c:911:40
	adds	r0, #16
	.loc	1 911 63                        @ ../Middlewares/Third_Party/FreeRTOS/Source/queue.c:911:63
	ldr	r1, [sp, #40]
	.loc	1 911 5                         @ ../Middlewares/Third_Party/FreeRTOS/Source/queue.c:911:5
	bl	vTaskPlaceOnEventList
	.loc	1 918 21 is_stmt 1              @ ../Middlewares/Third_Party/FreeRTOS/Source/queue.c:918:21
	ldr	r0, [sp, #16]
	.loc	1 918 5 is_stmt 0               @ ../Middlewares/Third_Party/FreeRTOS/Source/queue.c:918:5
	bl	prvUnlockQueue
.Ltmp143:
	.loc	1 925 9 is_stmt 1               @ ../Middlewares/Third_Party/FreeRTOS/Source/queue.c:925:9
	bl	xTaskResumeAll
.Ltmp144:
	.loc	1 925 9 is_stmt 0               @ ../Middlewares/Third_Party/FreeRTOS/Source/queue.c:925:9
	cbnz	r0, .LBB7_46
	b	.LBB7_45
.LBB7_45:                               @   in Loop: Header=BB7_19 Depth=1
	.loc	1 0 9                           @ ../Middlewares/Third_Party/FreeRTOS/Source/queue.c:0:9
	movw	r1, #60676
	movt	r1, #57344
	mov.w	r0, #268435456
.Ltmp145:
	.loc	1 927 6 is_stmt 1               @ ../Middlewares/Third_Party/FreeRTOS/Source/queue.c:927:6
	str	r0, [r1]
	@APP
	dsb	sy
	@NO_APP
	@APP
	isb	sy
	@NO_APP
.Ltmp146:
	.loc	1 928 5                         @ ../Middlewares/Third_Party/FreeRTOS/Source/queue.c:928:5
	b	.LBB7_46
.Ltmp147:
.LBB7_46:                               @   in Loop: Header=BB7_19 Depth=1
	.loc	1 929 4                         @ ../Middlewares/Third_Party/FreeRTOS/Source/queue.c:929:4
	b	.LBB7_48
.Ltmp148:
.LBB7_47:                               @   in Loop: Header=BB7_19 Depth=1
	.loc	1 933 21                        @ ../Middlewares/Third_Party/FreeRTOS/Source/queue.c:933:21
	ldr	r0, [sp, #16]
	.loc	1 933 5 is_stmt 0               @ ../Middlewares/Third_Party/FreeRTOS/Source/queue.c:933:5
	bl	prvUnlockQueue
	.loc	1 934 14 is_stmt 1              @ ../Middlewares/Third_Party/FreeRTOS/Source/queue.c:934:14
	bl	xTaskResumeAll
	b	.LBB7_48
.Ltmp149:
.LBB7_48:                               @   in Loop: Header=BB7_19 Depth=1
	.loc	1 936 3                         @ ../Middlewares/Third_Party/FreeRTOS/Source/queue.c:936:3
	b	.LBB7_50
.Ltmp150:
.LBB7_49:
	.loc	1 940 20                        @ ../Middlewares/Third_Party/FreeRTOS/Source/queue.c:940:20
	ldr	r0, [sp, #16]
	.loc	1 940 4 is_stmt 0               @ ../Middlewares/Third_Party/FreeRTOS/Source/queue.c:940:4
	bl	prvUnlockQueue
	.loc	1 941 13 is_stmt 1              @ ../Middlewares/Third_Party/FreeRTOS/Source/queue.c:941:13
	bl	xTaskResumeAll
	movs	r0, #0
	.loc	1 944 4                         @ ../Middlewares/Third_Party/FreeRTOS/Source/queue.c:944:4
	str	r0, [sp, #52]
	b	.LBB7_51
.Ltmp151:
.LBB7_50:                               @   in Loop: Header=BB7_19 Depth=1
	.loc	1 759 2                         @ ../Middlewares/Third_Party/FreeRTOS/Source/queue.c:759:2
	b	.LBB7_19
.Ltmp152:
.LBB7_51:
	.loc	1 947 1                         @ ../Middlewares/Third_Party/FreeRTOS/Source/queue.c:947:1
	ldr	r0, [sp, #52]
	.loc	1 947 1 epilogue_begin is_stmt 0 @ ../Middlewares/Third_Party/FreeRTOS/Source/queue.c:947:1
	add	sp, #72
	pop	{r7, pc}
.Ltmp153:
.Lfunc_end7:
	.size	xQueueGenericSend, .Lfunc_end7-xQueueGenericSend
	.cfi_endproc
	.cantunwind
	.fnend
                                        @ -- End function
	.section	.text.prvCopyDataToQueue,"ax",%progbits
	.p2align	3                               @ -- Begin function prvCopyDataToQueue
	.type	prvCopyDataToQueue,%function
	.code	16                              @ @prvCopyDataToQueue
	.thumb_func
prvCopyDataToQueue:
.Lfunc_begin8:
	.loc	1 2075 0 is_stmt 1              @ ../Middlewares/Third_Party/FreeRTOS/Source/queue.c:2075:0
	.fnstart
	.cfi_startproc
@ %bb.0:
	.save	{r7, lr}
	push	{r7, lr}
	.cfi_def_cfa_offset 8
	.cfi_offset lr, -4
	.cfi_offset r7, -8
	.pad	#24
	sub	sp, #24
	.cfi_def_cfa_offset 32
	str	r0, [sp, #20]
	str	r1, [sp, #16]
	str	r2, [sp, #12]
	movs	r0, #0
.Ltmp154:
	.loc	1 2076 12 prologue_end          @ ../Middlewares/Third_Party/FreeRTOS/Source/queue.c:2076:12
	str	r0, [sp, #8]
	.loc	1 2081 22                       @ ../Middlewares/Third_Party/FreeRTOS/Source/queue.c:2081:22
	ldr	r0, [sp, #20]
	.loc	1 2081 31 is_stmt 0             @ ../Middlewares/Third_Party/FreeRTOS/Source/queue.c:2081:31
	ldr	r0, [r0, #56]
	.loc	1 2081 20                       @ ../Middlewares/Third_Party/FreeRTOS/Source/queue.c:2081:20
	str	r0, [sp, #4]
.Ltmp155:
	.loc	1 2083 6 is_stmt 1              @ ../Middlewares/Third_Party/FreeRTOS/Source/queue.c:2083:6
	ldr	r0, [sp, #20]
	.loc	1 2083 15 is_stmt 0             @ ../Middlewares/Third_Party/FreeRTOS/Source/queue.c:2083:15
	ldr	r0, [r0, #64]
.Ltmp156:
	.loc	1 2083 6                        @ ../Middlewares/Third_Party/FreeRTOS/Source/queue.c:2083:6
	cbnz	r0, .LBB8_5
	b	.LBB8_1
.LBB8_1:
.Ltmp157:
	.loc	1 2087 8 is_stmt 1              @ ../Middlewares/Third_Party/FreeRTOS/Source/queue.c:2087:8
	ldr	r0, [sp, #20]
	.loc	1 2087 17 is_stmt 0             @ ../Middlewares/Third_Party/FreeRTOS/Source/queue.c:2087:17
	ldr	r0, [r0]
.Ltmp158:
	.loc	1 2087 8                        @ ../Middlewares/Third_Party/FreeRTOS/Source/queue.c:2087:8
	cbnz	r0, .LBB8_3
	b	.LBB8_2
.LBB8_2:
.Ltmp159:
	.loc	1 2090 40 is_stmt 1             @ ../Middlewares/Third_Party/FreeRTOS/Source/queue.c:2090:40
	ldr	r0, [sp, #20]
	.loc	1 2090 62 is_stmt 0             @ ../Middlewares/Third_Party/FreeRTOS/Source/queue.c:2090:62
	ldr	r0, [r0, #8]
	.loc	1 2090 15                       @ ../Middlewares/Third_Party/FreeRTOS/Source/queue.c:2090:15
	bl	xTaskPriorityDisinherit
	.loc	1 2090 13                       @ ../Middlewares/Third_Party/FreeRTOS/Source/queue.c:2090:13
	str	r0, [sp, #8]
	.loc	1 2091 5 is_stmt 1              @ ../Middlewares/Third_Party/FreeRTOS/Source/queue.c:2091:5
	ldr	r1, [sp, #20]
	movs	r0, #0
	.loc	1 2091 40 is_stmt 0             @ ../Middlewares/Third_Party/FreeRTOS/Source/queue.c:2091:40
	str	r0, [r1, #8]
	.loc	1 2092 4 is_stmt 1              @ ../Middlewares/Third_Party/FreeRTOS/Source/queue.c:2092:4
	b	.LBB8_4
.Ltmp160:
.LBB8_3:
	.loc	1 0 4 is_stmt 0                 @ ../Middlewares/Third_Party/FreeRTOS/Source/queue.c:0:4
	b	.LBB8_4
.LBB8_4:
	.loc	1 2099 2 is_stmt 1              @ ../Middlewares/Third_Party/FreeRTOS/Source/queue.c:2099:2
	b	.LBB8_21
.Ltmp161:
.LBB8_5:
	.loc	1 2100 11                       @ ../Middlewares/Third_Party/FreeRTOS/Source/queue.c:2100:11
	ldr	r0, [sp, #12]
.Ltmp162:
	.loc	1 2100 11 is_stmt 0             @ ../Middlewares/Third_Party/FreeRTOS/Source/queue.c:2100:11
	cbnz	r0, .LBB8_10
	b	.LBB8_6
.LBB8_6:
.Ltmp163:
	.loc	1 2102 31 is_stmt 1             @ ../Middlewares/Third_Party/FreeRTOS/Source/queue.c:2102:31
	ldr	r2, [sp, #20]
	.loc	1 2102 51 is_stmt 0             @ ../Middlewares/Third_Party/FreeRTOS/Source/queue.c:2102:51
	ldr	r1, [sp, #16]
	.loc	1 2102 40                       @ ../Middlewares/Third_Party/FreeRTOS/Source/queue.c:2102:40
	ldr	r0, [r2, #4]
	.loc	1 2102 86                       @ ../Middlewares/Third_Party/FreeRTOS/Source/queue.c:2102:86
	ldr	r2, [r2, #64]
	.loc	1 2102 12                       @ ../Middlewares/Third_Party/FreeRTOS/Source/queue.c:2102:12
	bl	__aeabi_memcpy
	.loc	1 2103 25 is_stmt 1             @ ../Middlewares/Third_Party/FreeRTOS/Source/queue.c:2103:25
	ldr	r1, [sp, #20]
	.loc	1 2103 22 is_stmt 0             @ ../Middlewares/Third_Party/FreeRTOS/Source/queue.c:2103:22
	ldr	r0, [r1, #4]
	.loc	1 2103 34                       @ ../Middlewares/Third_Party/FreeRTOS/Source/queue.c:2103:34
	ldr	r2, [r1, #64]
	.loc	1 2103 22                       @ ../Middlewares/Third_Party/FreeRTOS/Source/queue.c:2103:22
	add	r0, r2
	str	r0, [r1, #4]
.Ltmp164:
	.loc	1 2104 7 is_stmt 1              @ ../Middlewares/Third_Party/FreeRTOS/Source/queue.c:2104:7
	ldr	r1, [sp, #20]
	.loc	1 2104 16 is_stmt 0             @ ../Middlewares/Third_Party/FreeRTOS/Source/queue.c:2104:16
	ldr	r0, [r1, #4]
	.loc	1 2104 47                       @ ../Middlewares/Third_Party/FreeRTOS/Source/queue.c:2104:47
	ldr	r1, [r1, #8]
.Ltmp165:
	.loc	1 2104 7                        @ ../Middlewares/Third_Party/FreeRTOS/Source/queue.c:2104:7
	cmp	r0, r1
	blo	.LBB8_8
	b	.LBB8_7
.LBB8_7:
.Ltmp166:
	.loc	1 2106 25 is_stmt 1             @ ../Middlewares/Third_Party/FreeRTOS/Source/queue.c:2106:25
	ldr	r1, [sp, #20]
	.loc	1 2106 34 is_stmt 0             @ ../Middlewares/Third_Party/FreeRTOS/Source/queue.c:2106:34
	ldr	r0, [r1]
	.loc	1 2106 23                       @ ../Middlewares/Third_Party/FreeRTOS/Source/queue.c:2106:23
	str	r0, [r1, #4]
	.loc	1 2107 3 is_stmt 1              @ ../Middlewares/Third_Party/FreeRTOS/Source/queue.c:2107:3
	b	.LBB8_9
.Ltmp167:
.LBB8_8:
	.loc	1 0 3 is_stmt 0                 @ ../Middlewares/Third_Party/FreeRTOS/Source/queue.c:0:3
	b	.LBB8_9
.LBB8_9:
	.loc	1 2112 2 is_stmt 1              @ ../Middlewares/Third_Party/FreeRTOS/Source/queue.c:2112:2
	b	.LBB8_20
.Ltmp168:
.LBB8_10:
	.loc	1 2115 31                       @ ../Middlewares/Third_Party/FreeRTOS/Source/queue.c:2115:31
	ldr	r2, [sp, #20]
	.loc	1 2115 61 is_stmt 0             @ ../Middlewares/Third_Party/FreeRTOS/Source/queue.c:2115:61
	ldr	r1, [sp, #16]
	.loc	1 2115 49                       @ ../Middlewares/Third_Party/FreeRTOS/Source/queue.c:2115:49
	ldr	r0, [r2, #12]
	.loc	1 2115 96                       @ ../Middlewares/Third_Party/FreeRTOS/Source/queue.c:2115:96
	ldr	r2, [r2, #64]
	.loc	1 2115 12                       @ ../Middlewares/Third_Party/FreeRTOS/Source/queue.c:2115:12
	bl	__aeabi_memcpy
	.loc	1 2116 35 is_stmt 1             @ ../Middlewares/Third_Party/FreeRTOS/Source/queue.c:2116:35
	ldr	r1, [sp, #20]
	.loc	1 2116 32 is_stmt 0             @ ../Middlewares/Third_Party/FreeRTOS/Source/queue.c:2116:32
	ldr	r0, [r1, #12]
	.loc	1 2116 44                       @ ../Middlewares/Third_Party/FreeRTOS/Source/queue.c:2116:44
	ldr	r2, [r1, #64]
	.loc	1 2116 32                       @ ../Middlewares/Third_Party/FreeRTOS/Source/queue.c:2116:32
	subs	r0, r0, r2
	str	r0, [r1, #12]
.Ltmp169:
	.loc	1 2117 7 is_stmt 1              @ ../Middlewares/Third_Party/FreeRTOS/Source/queue.c:2117:7
	ldr	r0, [sp, #20]
	.loc	1 2117 47 is_stmt 0             @ ../Middlewares/Third_Party/FreeRTOS/Source/queue.c:2117:47
	ldr	r1, [r0]
	.loc	1 2117 25                       @ ../Middlewares/Third_Party/FreeRTOS/Source/queue.c:2117:25
	ldr	r0, [r0, #12]
.Ltmp170:
	.loc	1 2117 7                        @ ../Middlewares/Third_Party/FreeRTOS/Source/queue.c:2117:7
	cmp	r0, r1
	bhs	.LBB8_12
	b	.LBB8_11
.LBB8_11:
.Ltmp171:
	.loc	1 2119 37 is_stmt 1             @ ../Middlewares/Third_Party/FreeRTOS/Source/queue.c:2119:37
	ldr	r1, [sp, #20]
	.loc	1 2119 55 is_stmt 0             @ ../Middlewares/Third_Party/FreeRTOS/Source/queue.c:2119:55
	ldr	r0, [r1, #8]
	.loc	1 2119 73                       @ ../Middlewares/Third_Party/FreeRTOS/Source/queue.c:2119:73
	ldr	r2, [r1, #64]
	.loc	1 2119 62                       @ ../Middlewares/Third_Party/FreeRTOS/Source/queue.c:2119:62
	subs	r0, r0, r2
	.loc	1 2119 33                       @ ../Middlewares/Third_Party/FreeRTOS/Source/queue.c:2119:33
	str	r0, [r1, #12]
	.loc	1 2120 3 is_stmt 1              @ ../Middlewares/Third_Party/FreeRTOS/Source/queue.c:2120:3
	b	.LBB8_13
.Ltmp172:
.LBB8_12:
	.loc	1 0 3 is_stmt 0                 @ ../Middlewares/Third_Party/FreeRTOS/Source/queue.c:0:3
	b	.LBB8_13
.LBB8_13:
.Ltmp173:
	.loc	1 2126 7 is_stmt 1              @ ../Middlewares/Third_Party/FreeRTOS/Source/queue.c:2126:7
	ldr	r0, [sp, #12]
.Ltmp174:
	.loc	1 2126 7 is_stmt 0              @ ../Middlewares/Third_Party/FreeRTOS/Source/queue.c:2126:7
	cmp	r0, #2
	bne	.LBB8_18
	b	.LBB8_14
.LBB8_14:
.Ltmp175:
	.loc	1 2128 8 is_stmt 1              @ ../Middlewares/Third_Party/FreeRTOS/Source/queue.c:2128:8
	ldr	r0, [sp, #4]
.Ltmp176:
	.loc	1 2128 8 is_stmt 0              @ ../Middlewares/Third_Party/FreeRTOS/Source/queue.c:2128:8
	cbz	r0, .LBB8_16
	b	.LBB8_15
.LBB8_15:
.Ltmp177:
	.loc	1 2134 5 is_stmt 1              @ ../Middlewares/Third_Party/FreeRTOS/Source/queue.c:2134:5
	ldr	r0, [sp, #4]
	subs	r0, #1
	str	r0, [sp, #4]
	.loc	1 2135 4                        @ ../Middlewares/Third_Party/FreeRTOS/Source/queue.c:2135:4
	b	.LBB8_17
.Ltmp178:
.LBB8_16:
	.loc	1 0 4 is_stmt 0                 @ ../Middlewares/Third_Party/FreeRTOS/Source/queue.c:0:4
	b	.LBB8_17
.LBB8_17:
	.loc	1 2140 3 is_stmt 1              @ ../Middlewares/Third_Party/FreeRTOS/Source/queue.c:2140:3
	b	.LBB8_19
.Ltmp179:
.LBB8_18:
	.loc	1 0 3 is_stmt 0                 @ ../Middlewares/Third_Party/FreeRTOS/Source/queue.c:0:3
	b	.LBB8_19
.LBB8_19:
	b	.LBB8_20
.LBB8_20:
	b	.LBB8_21
.LBB8_21:
	.loc	1 2147 31 is_stmt 1             @ ../Middlewares/Third_Party/FreeRTOS/Source/queue.c:2147:31
	ldr	r0, [sp, #4]
	.loc	1 2147 49 is_stmt 0             @ ../Middlewares/Third_Party/FreeRTOS/Source/queue.c:2147:49
	adds	r0, #1
	.loc	1 2147 2                        @ ../Middlewares/Third_Party/FreeRTOS/Source/queue.c:2147:2
	ldr	r1, [sp, #20]
	.loc	1 2147 29                       @ ../Middlewares/Third_Party/FreeRTOS/Source/queue.c:2147:29
	str	r0, [r1, #56]
	.loc	1 2149 9 is_stmt 1              @ ../Middlewares/Third_Party/FreeRTOS/Source/queue.c:2149:9
	ldr	r0, [sp, #8]
	.loc	1 2149 2 epilogue_begin is_stmt 0 @ ../Middlewares/Third_Party/FreeRTOS/Source/queue.c:2149:2
	add	sp, #24
	pop	{r7, pc}
.Ltmp180:
.Lfunc_end8:
	.size	prvCopyDataToQueue, .Lfunc_end8-prvCopyDataToQueue
	.cfi_endproc
	.cantunwind
	.fnend
                                        @ -- End function
	.section	.text.prvIsQueueFull,"ax",%progbits
	.p2align	3                               @ -- Begin function prvIsQueueFull
	.type	prvIsQueueFull,%function
	.code	16                              @ @prvIsQueueFull
	.thumb_func
prvIsQueueFull:
.Lfunc_begin9:
	.loc	1 2332 0 is_stmt 1              @ ../Middlewares/Third_Party/FreeRTOS/Source/queue.c:2332:0
	.fnstart
	.cfi_startproc
@ %bb.0:
	.save	{r7, lr}
	push	{r7, lr}
	.cfi_def_cfa_offset 8
	.cfi_offset lr, -4
	.cfi_offset r7, -8
	.pad	#8
	sub	sp, #8
	.cfi_def_cfa_offset 16
	str	r0, [sp, #4]
.Ltmp181:
	.loc	1 2335 2 prologue_end           @ ../Middlewares/Third_Party/FreeRTOS/Source/queue.c:2335:2
	bl	vPortEnterCritical
.Ltmp182:
	.loc	1 2337 7                        @ ../Middlewares/Third_Party/FreeRTOS/Source/queue.c:2337:7
	ldr	r0, [sp, #4]
	.loc	1 2337 16 is_stmt 0             @ ../Middlewares/Third_Party/FreeRTOS/Source/queue.c:2337:16
	ldr	r0, [r0, #56]
	.loc	1 2337 37                       @ ../Middlewares/Third_Party/FreeRTOS/Source/queue.c:2337:37
	ldr	r1, [sp, #4]
	.loc	1 2337 46                       @ ../Middlewares/Third_Party/FreeRTOS/Source/queue.c:2337:46
	ldr	r1, [r1, #60]
.Ltmp183:
	.loc	1 2337 7                        @ ../Middlewares/Third_Party/FreeRTOS/Source/queue.c:2337:7
	cmp	r0, r1
	bne	.LBB9_2
	b	.LBB9_1
.LBB9_1:
	.loc	1 0 7                           @ ../Middlewares/Third_Party/FreeRTOS/Source/queue.c:0:7
	movs	r0, #1
.Ltmp184:
	.loc	1 2339 12 is_stmt 1             @ ../Middlewares/Third_Party/FreeRTOS/Source/queue.c:2339:12
	str	r0, [sp]
	.loc	1 2340 3                        @ ../Middlewares/Third_Party/FreeRTOS/Source/queue.c:2340:3
	b	.LBB9_3
.Ltmp185:
.LBB9_2:
	.loc	1 0 3 is_stmt 0                 @ ../Middlewares/Third_Party/FreeRTOS/Source/queue.c:0:3
	movs	r0, #0
.Ltmp186:
	.loc	1 2343 12 is_stmt 1             @ ../Middlewares/Third_Party/FreeRTOS/Source/queue.c:2343:12
	str	r0, [sp]
	b	.LBB9_3
.Ltmp187:
.LBB9_3:
	.loc	1 2346 2                        @ ../Middlewares/Third_Party/FreeRTOS/Source/queue.c:2346:2
	bl	vPortExitCritical
	.loc	1 2348 9                        @ ../Middlewares/Third_Party/FreeRTOS/Source/queue.c:2348:9
	ldr	r0, [sp]
	.loc	1 2348 2 epilogue_begin is_stmt 0 @ ../Middlewares/Third_Party/FreeRTOS/Source/queue.c:2348:2
	add	sp, #8
	pop	{r7, pc}
.Ltmp188:
.Lfunc_end9:
	.size	prvIsQueueFull, .Lfunc_end9-prvIsQueueFull
	.cfi_endproc
	.cantunwind
	.fnend
                                        @ -- End function
	.section	.text.prvUnlockQueue,"ax",%progbits
	.p2align	3                               @ -- Begin function prvUnlockQueue
	.type	prvUnlockQueue,%function
	.code	16                              @ @prvUnlockQueue
	.thumb_func
prvUnlockQueue:
.Lfunc_begin10:
	.loc	1 2172 0 is_stmt 1              @ ../Middlewares/Third_Party/FreeRTOS/Source/queue.c:2172:0
	.fnstart
	.cfi_startproc
@ %bb.0:
	.save	{r7, lr}
	push	{r7, lr}
	.cfi_def_cfa_offset 8
	.cfi_offset lr, -4
	.cfi_offset r7, -8
	.pad	#8
	sub	sp, #8
	.cfi_def_cfa_offset 16
	str	r0, [sp, #4]
.Ltmp189:
	.loc	1 2179 2 prologue_end           @ ../Middlewares/Third_Party/FreeRTOS/Source/queue.c:2179:2
	bl	vPortEnterCritical
.Ltmp190:
	.loc	1 2181 20                       @ ../Middlewares/Third_Party/FreeRTOS/Source/queue.c:2181:20
	ldr	r0, [sp, #4]
	.loc	1 2181 29 is_stmt 0             @ ../Middlewares/Third_Party/FreeRTOS/Source/queue.c:2181:29
	ldrb.w	r0, [r0, #69]
	.loc	1 2181 10                       @ ../Middlewares/Third_Party/FreeRTOS/Source/queue.c:2181:10
	strb.w	r0, [sp, #3]
	.loc	1 2184 3 is_stmt 1              @ ../Middlewares/Third_Party/FreeRTOS/Source/queue.c:2184:3
	b	.LBB10_1
.LBB10_1:                               @ =>This Inner Loop Header: Depth=1
	.loc	1 2184 10 is_stmt 0             @ ../Middlewares/Third_Party/FreeRTOS/Source/queue.c:2184:10
	ldrsb.w	r0, [sp, #3]
	.loc	1 2184 3                        @ ../Middlewares/Third_Party/FreeRTOS/Source/queue.c:2184:3
	cmp	r0, #1
	blt	.LBB10_9
	b	.LBB10_2
.LBB10_2:                               @   in Loop: Header=BB10_1 Depth=1
.Ltmp191:
	.loc	1 2232 9 is_stmt 1              @ ../Middlewares/Third_Party/FreeRTOS/Source/queue.c:2232:9
	ldr	r0, [sp, #4]
	ldr	r0, [r0, #36]
.Ltmp192:
	.loc	1 2232 9 is_stmt 0              @ ../Middlewares/Third_Party/FreeRTOS/Source/queue.c:2232:9
	cbz	r0, .LBB10_7
	b	.LBB10_3
.LBB10_3:                               @   in Loop: Header=BB10_1 Depth=1
.Ltmp193:
	.loc	1 2234 39 is_stmt 1             @ ../Middlewares/Third_Party/FreeRTOS/Source/queue.c:2234:39
	ldr	r0, [sp, #4]
	.loc	1 2234 48 is_stmt 0             @ ../Middlewares/Third_Party/FreeRTOS/Source/queue.c:2234:48
	adds	r0, #36
	.loc	1 2234 10                       @ ../Middlewares/Third_Party/FreeRTOS/Source/queue.c:2234:10
	bl	xTaskRemoveFromEventList
.Ltmp194:
	.loc	1 2234 10                       @ ../Middlewares/Third_Party/FreeRTOS/Source/queue.c:2234:10
	cbz	r0, .LBB10_5
	b	.LBB10_4
.LBB10_4:                               @   in Loop: Header=BB10_1 Depth=1
.Ltmp195:
	.loc	1 2238 7 is_stmt 1              @ ../Middlewares/Third_Party/FreeRTOS/Source/queue.c:2238:7
	bl	vTaskMissedYield
	.loc	1 2239 6                        @ ../Middlewares/Third_Party/FreeRTOS/Source/queue.c:2239:6
	b	.LBB10_6
.Ltmp196:
.LBB10_5:                               @   in Loop: Header=BB10_1 Depth=1
	.loc	1 0 6 is_stmt 0                 @ ../Middlewares/Third_Party/FreeRTOS/Source/queue.c:0:6
	b	.LBB10_6
.LBB10_6:                               @   in Loop: Header=BB10_1 Depth=1
	.loc	1 2244 5 is_stmt 1              @ ../Middlewares/Third_Party/FreeRTOS/Source/queue.c:2244:5
	b	.LBB10_8
.Ltmp197:
.LBB10_7:
	.loc	1 2247 6                        @ ../Middlewares/Third_Party/FreeRTOS/Source/queue.c:2247:6
	b	.LBB10_9
.Ltmp198:
.LBB10_8:                               @   in Loop: Header=BB10_1 Depth=1
	.loc	1 2252 4                        @ ../Middlewares/Third_Party/FreeRTOS/Source/queue.c:2252:4
	ldrb.w	r0, [sp, #3]
	subs	r0, #1
	strb.w	r0, [sp, #3]
.Ltmp199:
	.loc	1 2184 3                        @ ../Middlewares/Third_Party/FreeRTOS/Source/queue.c:2184:3
	b	.LBB10_1
.LBB10_9:
	.loc	1 2255 3                        @ ../Middlewares/Third_Party/FreeRTOS/Source/queue.c:2255:3
	ldr	r1, [sp, #4]
	movs	r0, #255
	.loc	1 2255 20 is_stmt 0             @ ../Middlewares/Third_Party/FreeRTOS/Source/queue.c:2255:20
	strb.w	r0, [r1, #69]
.Ltmp200:
	.loc	1 2257 2 is_stmt 1              @ ../Middlewares/Third_Party/FreeRTOS/Source/queue.c:2257:2
	bl	vPortExitCritical
	.loc	1 2260 2                        @ ../Middlewares/Third_Party/FreeRTOS/Source/queue.c:2260:2
	bl	vPortEnterCritical
.Ltmp201:
	.loc	1 2262 20                       @ ../Middlewares/Third_Party/FreeRTOS/Source/queue.c:2262:20
	ldr	r0, [sp, #4]
	.loc	1 2262 29 is_stmt 0             @ ../Middlewares/Third_Party/FreeRTOS/Source/queue.c:2262:29
	ldrb.w	r0, [r0, #68]
	.loc	1 2262 10                       @ ../Middlewares/Third_Party/FreeRTOS/Source/queue.c:2262:10
	strb.w	r0, [sp, #2]
	.loc	1 2264 3 is_stmt 1              @ ../Middlewares/Third_Party/FreeRTOS/Source/queue.c:2264:3
	b	.LBB10_10
.LBB10_10:                              @ =>This Inner Loop Header: Depth=1
	.loc	1 2264 10 is_stmt 0             @ ../Middlewares/Third_Party/FreeRTOS/Source/queue.c:2264:10
	ldrsb.w	r0, [sp, #2]
	.loc	1 2264 3                        @ ../Middlewares/Third_Party/FreeRTOS/Source/queue.c:2264:3
	cmp	r0, #1
	blt	.LBB10_18
	b	.LBB10_11
.LBB10_11:                              @   in Loop: Header=BB10_10 Depth=1
.Ltmp202:
	.loc	1 2266 8 is_stmt 1              @ ../Middlewares/Third_Party/FreeRTOS/Source/queue.c:2266:8
	ldr	r0, [sp, #4]
	ldr	r0, [r0, #16]
.Ltmp203:
	.loc	1 2266 8 is_stmt 0              @ ../Middlewares/Third_Party/FreeRTOS/Source/queue.c:2266:8
	cbz	r0, .LBB10_16
	b	.LBB10_12
.LBB10_12:                              @   in Loop: Header=BB10_10 Depth=1
.Ltmp204:
	.loc	1 2268 38 is_stmt 1             @ ../Middlewares/Third_Party/FreeRTOS/Source/queue.c:2268:38
	ldr	r0, [sp, #4]
	.loc	1 2268 47 is_stmt 0             @ ../Middlewares/Third_Party/FreeRTOS/Source/queue.c:2268:47
	adds	r0, #16
	.loc	1 2268 9                        @ ../Middlewares/Third_Party/FreeRTOS/Source/queue.c:2268:9
	bl	xTaskRemoveFromEventList
.Ltmp205:
	.loc	1 2268 9                        @ ../Middlewares/Third_Party/FreeRTOS/Source/queue.c:2268:9
	cbz	r0, .LBB10_14
	b	.LBB10_13
.LBB10_13:                              @   in Loop: Header=BB10_10 Depth=1
.Ltmp206:
	.loc	1 2270 6 is_stmt 1              @ ../Middlewares/Third_Party/FreeRTOS/Source/queue.c:2270:6
	bl	vTaskMissedYield
	.loc	1 2271 5                        @ ../Middlewares/Third_Party/FreeRTOS/Source/queue.c:2271:5
	b	.LBB10_15
.Ltmp207:
.LBB10_14:                              @   in Loop: Header=BB10_10 Depth=1
	.loc	1 0 5 is_stmt 0                 @ ../Middlewares/Third_Party/FreeRTOS/Source/queue.c:0:5
	b	.LBB10_15
.LBB10_15:                              @   in Loop: Header=BB10_10 Depth=1
	.loc	1 2277 5 is_stmt 1              @ ../Middlewares/Third_Party/FreeRTOS/Source/queue.c:2277:5
	ldrb.w	r0, [sp, #2]
	subs	r0, #1
	strb.w	r0, [sp, #2]
	.loc	1 2278 4                        @ ../Middlewares/Third_Party/FreeRTOS/Source/queue.c:2278:4
	b	.LBB10_17
.Ltmp208:
.LBB10_16:
	.loc	1 2281 5                        @ ../Middlewares/Third_Party/FreeRTOS/Source/queue.c:2281:5
	b	.LBB10_18
.Ltmp209:
.LBB10_17:                              @   in Loop: Header=BB10_10 Depth=1
	.loc	1 2264 3                        @ ../Middlewares/Third_Party/FreeRTOS/Source/queue.c:2264:3
	b	.LBB10_10
.LBB10_18:
	.loc	1 2285 3                        @ ../Middlewares/Third_Party/FreeRTOS/Source/queue.c:2285:3
	ldr	r1, [sp, #4]
	movs	r0, #255
	.loc	1 2285 20 is_stmt 0             @ ../Middlewares/Third_Party/FreeRTOS/Source/queue.c:2285:20
	strb.w	r0, [r1, #68]
.Ltmp210:
	.loc	1 2287 2 is_stmt 1              @ ../Middlewares/Third_Party/FreeRTOS/Source/queue.c:2287:2
	bl	vPortExitCritical
	.loc	1 2288 1 epilogue_begin         @ ../Middlewares/Third_Party/FreeRTOS/Source/queue.c:2288:1
	add	sp, #8
	pop	{r7, pc}
.Ltmp211:
.Lfunc_end10:
	.size	prvUnlockQueue, .Lfunc_end10-prvUnlockQueue
	.cfi_endproc
	.cantunwind
	.fnend
                                        @ -- End function
	.section	.text.xQueueGenericSendFromISR,"ax",%progbits
	.hidden	xQueueGenericSendFromISR        @ -- Begin function xQueueGenericSendFromISR
	.globl	xQueueGenericSendFromISR
	.p2align	3
	.type	xQueueGenericSendFromISR,%function
	.code	16                              @ @xQueueGenericSendFromISR
	.thumb_func
xQueueGenericSendFromISR:
.Lfunc_begin11:
	.loc	1 951 0                         @ ../Middlewares/Third_Party/FreeRTOS/Source/queue.c:951:0
	.fnstart
	.cfi_startproc
@ %bb.0:
	.save	{r7, lr}
	push	{r7, lr}
	.cfi_def_cfa_offset 8
	.cfi_offset lr, -4
	.cfi_offset r7, -8
	.pad	#72
	sub	sp, #72
	.cfi_def_cfa_offset 80
	str	r0, [sp, #44]
	str	r1, [sp, #40]
	str	r2, [sp, #36]
	str	r3, [sp, #32]
.Ltmp212:
	.loc	1 954 27 prologue_end           @ ../Middlewares/Third_Party/FreeRTOS/Source/queue.c:954:27
	ldr	r0, [sp, #44]
	.loc	1 954 17 is_stmt 0              @ ../Middlewares/Third_Party/FreeRTOS/Source/queue.c:954:17
	str	r0, [sp, #20]
.Ltmp213:
	.loc	1 956 2 is_stmt 1               @ ../Middlewares/Third_Party/FreeRTOS/Source/queue.c:956:2
	ldr	r0, [sp, #20]
.Ltmp214:
	.loc	1 956 2 is_stmt 0               @ ../Middlewares/Third_Party/FreeRTOS/Source/queue.c:956:2
	cbnz	r0, .LBB11_3
	b	.LBB11_1
.LBB11_1:
.Ltmp215:
	.loc	4 195 2 is_stmt 1               @ ../Middlewares/Third_Party/FreeRTOS/Source/portable/RVDS/ARM_CM4F\portmacro.h:195:2
	@APP
	mov.w	r0, #80
	msr	basepri, r0
	isb	sy
	dsb	sy

	@NO_APP
	str	r0, [sp, #56]
.Ltmp216:
	.loc	1 956 2                         @ ../Middlewares/Third_Party/FreeRTOS/Source/queue.c:956:2
	b	.LBB11_2
.LBB11_2:                               @ =>This Inner Loop Header: Depth=1
.Ltmp217:
	.loc	1 956 2 is_stmt 0               @ ../Middlewares/Third_Party/FreeRTOS/Source/queue.c:956:2
	b	.LBB11_2
.Ltmp218:
.LBB11_3:
	.loc	1 957 2 is_stmt 1               @ ../Middlewares/Third_Party/FreeRTOS/Source/queue.c:957:2
	ldr	r1, [sp, #40]
	movs	r0, #0
	str	r0, [sp, #8]                    @ 4-byte Spill
	cbnz	r1, .LBB11_5
	b	.LBB11_4
.LBB11_4:
	ldr	r0, [sp, #20]
	ldr	r0, [r0, #64]
	cmp	r0, #0
	it	ne
	movne	r0, #1
	str	r0, [sp, #8]                    @ 4-byte Spill
	b	.LBB11_5
.LBB11_5:
	.loc	1 0 0 is_stmt 0                 @ ../Middlewares/Third_Party/FreeRTOS/Source/queue.c:0:0
	ldr	r0, [sp, #8]                    @ 4-byte Reload
.Ltmp219:
	.loc	1 957 2                         @ ../Middlewares/Third_Party/FreeRTOS/Source/queue.c:957:2
	lsls	r0, r0, #31
	cbz	r0, .LBB11_8
	b	.LBB11_6
.LBB11_6:
.Ltmp220:
	.loc	4 195 2 is_stmt 1               @ ../Middlewares/Third_Party/FreeRTOS/Source/portable/RVDS/ARM_CM4F\portmacro.h:195:2
	@APP
	mov.w	r0, #80
	msr	basepri, r0
	isb	sy
	dsb	sy

	@NO_APP
	str	r0, [sp, #52]
.Ltmp221:
	.loc	1 957 2                         @ ../Middlewares/Third_Party/FreeRTOS/Source/queue.c:957:2
	b	.LBB11_7
.LBB11_7:                               @ =>This Inner Loop Header: Depth=1
.Ltmp222:
	.loc	1 957 2 is_stmt 0               @ ../Middlewares/Third_Party/FreeRTOS/Source/queue.c:957:2
	b	.LBB11_7
.Ltmp223:
.LBB11_8:
	.loc	1 958 2 is_stmt 1               @ ../Middlewares/Third_Party/FreeRTOS/Source/queue.c:958:2
	ldr	r1, [sp, #32]
	movs	r0, #0
	cmp	r1, #2
	str	r0, [sp, #4]                    @ 4-byte Spill
	bne	.LBB11_10
	b	.LBB11_9
.LBB11_9:
	ldr	r0, [sp, #20]
	ldr	r0, [r0, #60]
	subs	r0, #1
	it	ne
	movne	r0, #1
	str	r0, [sp, #4]                    @ 4-byte Spill
	b	.LBB11_10
.LBB11_10:
	.loc	1 0 0 is_stmt 0                 @ ../Middlewares/Third_Party/FreeRTOS/Source/queue.c:0:0
	ldr	r0, [sp, #4]                    @ 4-byte Reload
.Ltmp224:
	.loc	1 958 2                         @ ../Middlewares/Third_Party/FreeRTOS/Source/queue.c:958:2
	lsls	r0, r0, #31
	cbz	r0, .LBB11_13
	b	.LBB11_11
.LBB11_11:
.Ltmp225:
	.loc	4 195 2 is_stmt 1               @ ../Middlewares/Third_Party/FreeRTOS/Source/portable/RVDS/ARM_CM4F\portmacro.h:195:2
	@APP
	mov.w	r0, #80
	msr	basepri, r0
	isb	sy
	dsb	sy

	@NO_APP
	str	r0, [sp, #48]
.Ltmp226:
	.loc	1 958 2                         @ ../Middlewares/Third_Party/FreeRTOS/Source/queue.c:958:2
	b	.LBB11_12
.LBB11_12:                              @ =>This Inner Loop Header: Depth=1
.Ltmp227:
	.loc	1 958 2 is_stmt 0               @ ../Middlewares/Third_Party/FreeRTOS/Source/queue.c:958:2
	b	.LBB11_12
.Ltmp228:
.LBB11_13:
	.loc	1 974 2 is_stmt 1               @ ../Middlewares/Third_Party/FreeRTOS/Source/queue.c:974:2
	bl	vPortValidateInterruptPriority
.Ltmp229:
	.loc	4 211 2                         @ ../Middlewares/Third_Party/FreeRTOS/Source/portable/RVDS/ARM_CM4F\portmacro.h:211:2
	@APP
	mrs	r1, basepri
	mov.w	r0, #80
	msr	basepri, r0
	isb	sy
	dsb	sy

	@NO_APP
	str	r1, [sp, #64]
	str	r0, [sp, #60]
	.loc	4 223 9                         @ ../Middlewares/Third_Party/FreeRTOS/Source/portable/RVDS/ARM_CM4F\portmacro.h:223:9
	ldr	r0, [sp, #64]
.Ltmp230:
	.loc	1 981 25                        @ ../Middlewares/Third_Party/FreeRTOS/Source/queue.c:981:25
	str	r0, [sp, #24]
.Ltmp231:
	.loc	1 983 9                         @ ../Middlewares/Third_Party/FreeRTOS/Source/queue.c:983:9
	ldr	r0, [sp, #20]
	.loc	1 983 18 is_stmt 0              @ ../Middlewares/Third_Party/FreeRTOS/Source/queue.c:983:18
	ldr	r0, [r0, #56]
	.loc	1 983 38                        @ ../Middlewares/Third_Party/FreeRTOS/Source/queue.c:983:38
	ldr	r1, [sp, #20]
	.loc	1 983 47                        @ ../Middlewares/Third_Party/FreeRTOS/Source/queue.c:983:47
	ldr	r1, [r1, #60]
	.loc	1 983 58                        @ ../Middlewares/Third_Party/FreeRTOS/Source/queue.c:983:58
	cmp	r0, r1
	blo	.LBB11_15
	b	.LBB11_14
.LBB11_14:
	.loc	1 983 63                        @ ../Middlewares/Third_Party/FreeRTOS/Source/queue.c:983:63
	ldr	r0, [sp, #32]
.Ltmp232:
	.loc	1 983 7                         @ ../Middlewares/Third_Party/FreeRTOS/Source/queue.c:983:7
	cmp	r0, #2
	bne	.LBB11_28
	b	.LBB11_15
.LBB11_15:
.Ltmp233:
	.loc	1 985 27 is_stmt 1              @ ../Middlewares/Third_Party/FreeRTOS/Source/queue.c:985:27
	ldr	r0, [sp, #20]
	.loc	1 985 36 is_stmt 0              @ ../Middlewares/Third_Party/FreeRTOS/Source/queue.c:985:36
	ldrb.w	r0, [r0, #69]
	.loc	1 985 17                        @ ../Middlewares/Third_Party/FreeRTOS/Source/queue.c:985:17
	strb.w	r0, [sp, #19]
	.loc	1 986 50 is_stmt 1              @ ../Middlewares/Third_Party/FreeRTOS/Source/queue.c:986:50
	ldr	r0, [sp, #20]
	.loc	1 986 59 is_stmt 0              @ ../Middlewares/Third_Party/FreeRTOS/Source/queue.c:986:59
	ldr	r0, [r0, #56]
	.loc	1 986 22                        @ ../Middlewares/Third_Party/FreeRTOS/Source/queue.c:986:22
	str	r0, [sp, #12]
	.loc	1 995 33 is_stmt 1              @ ../Middlewares/Third_Party/FreeRTOS/Source/queue.c:995:33
	ldr	r0, [sp, #20]
	.loc	1 995 42 is_stmt 0              @ ../Middlewares/Third_Party/FreeRTOS/Source/queue.c:995:42
	ldr	r1, [sp, #40]
	.loc	1 995 57                        @ ../Middlewares/Third_Party/FreeRTOS/Source/queue.c:995:57
	ldr	r2, [sp, #32]
	.loc	1 995 13                        @ ../Middlewares/Third_Party/FreeRTOS/Source/queue.c:995:13
	bl	prvCopyDataToQueue
.Ltmp234:
	.loc	1 999 8 is_stmt 1               @ ../Middlewares/Third_Party/FreeRTOS/Source/queue.c:999:8
	ldrsb.w	r0, [sp, #19]
.Ltmp235:
	.loc	1 999 8 is_stmt 0               @ ../Middlewares/Third_Party/FreeRTOS/Source/queue.c:999:8
	adds	r0, #1
	cbnz	r0, .LBB11_26
	b	.LBB11_16
.LBB11_16:
.Ltmp236:
	.loc	1 1061 10 is_stmt 1             @ ../Middlewares/Third_Party/FreeRTOS/Source/queue.c:1061:10
	ldr	r0, [sp, #20]
	ldr	r0, [r0, #36]
.Ltmp237:
	.loc	1 1061 10 is_stmt 0             @ ../Middlewares/Third_Party/FreeRTOS/Source/queue.c:1061:10
	cbz	r0, .LBB11_24
	b	.LBB11_17
.LBB11_17:
.Ltmp238:
	.loc	1 1063 40 is_stmt 1             @ ../Middlewares/Third_Party/FreeRTOS/Source/queue.c:1063:40
	ldr	r0, [sp, #20]
	.loc	1 1063 49 is_stmt 0             @ ../Middlewares/Third_Party/FreeRTOS/Source/queue.c:1063:49
	adds	r0, #36
	.loc	1 1063 11                       @ ../Middlewares/Third_Party/FreeRTOS/Source/queue.c:1063:11
	bl	xTaskRemoveFromEventList
.Ltmp239:
	.loc	1 1063 11                       @ ../Middlewares/Third_Party/FreeRTOS/Source/queue.c:1063:11
	cbz	r0, .LBB11_22
	b	.LBB11_18
.LBB11_18:
.Ltmp240:
	.loc	1 1067 12 is_stmt 1             @ ../Middlewares/Third_Party/FreeRTOS/Source/queue.c:1067:12
	ldr	r0, [sp, #36]
.Ltmp241:
	.loc	1 1067 12 is_stmt 0             @ ../Middlewares/Third_Party/FreeRTOS/Source/queue.c:1067:12
	cbz	r0, .LBB11_20
	b	.LBB11_19
.LBB11_19:
.Ltmp242:
	.loc	1 1069 10 is_stmt 1             @ ../Middlewares/Third_Party/FreeRTOS/Source/queue.c:1069:10
	ldr	r1, [sp, #36]
	movs	r0, #1
	.loc	1 1069 36 is_stmt 0             @ ../Middlewares/Third_Party/FreeRTOS/Source/queue.c:1069:36
	str	r0, [r1]
	.loc	1 1070 8 is_stmt 1              @ ../Middlewares/Third_Party/FreeRTOS/Source/queue.c:1070:8
	b	.LBB11_21
.Ltmp243:
.LBB11_20:
	.loc	1 0 8 is_stmt 0                 @ ../Middlewares/Third_Party/FreeRTOS/Source/queue.c:0:8
	b	.LBB11_21
.LBB11_21:
	.loc	1 1075 7 is_stmt 1              @ ../Middlewares/Third_Party/FreeRTOS/Source/queue.c:1075:7
	b	.LBB11_23
.Ltmp244:
.LBB11_22:
	.loc	1 0 7 is_stmt 0                 @ ../Middlewares/Third_Party/FreeRTOS/Source/queue.c:0:7
	b	.LBB11_23
.LBB11_23:
	.loc	1 1080 6 is_stmt 1              @ ../Middlewares/Third_Party/FreeRTOS/Source/queue.c:1080:6
	b	.LBB11_25
.Ltmp245:
.LBB11_24:
	.loc	1 0 6 is_stmt 0                 @ ../Middlewares/Third_Party/FreeRTOS/Source/queue.c:0:6
	b	.LBB11_25
.LBB11_25:
	.loc	1 1090 4 is_stmt 1              @ ../Middlewares/Third_Party/FreeRTOS/Source/queue.c:1090:4
	b	.LBB11_27
.Ltmp246:
.LBB11_26:
	.loc	1 1095 37                       @ ../Middlewares/Third_Party/FreeRTOS/Source/queue.c:1095:37
	ldrb.w	r0, [sp, #19]
	.loc	1 1095 45 is_stmt 0             @ ../Middlewares/Third_Party/FreeRTOS/Source/queue.c:1095:45
	adds	r0, #1
	.loc	1 1095 5                        @ ../Middlewares/Third_Party/FreeRTOS/Source/queue.c:1095:5
	ldr	r1, [sp, #20]
	.loc	1 1095 22                       @ ../Middlewares/Third_Party/FreeRTOS/Source/queue.c:1095:22
	strb.w	r0, [r1, #69]
	b	.LBB11_27
.Ltmp247:
.LBB11_27:
	.loc	1 0 22                          @ ../Middlewares/Third_Party/FreeRTOS/Source/queue.c:0:22
	movs	r0, #1
	.loc	1 1098 12 is_stmt 1             @ ../Middlewares/Third_Party/FreeRTOS/Source/queue.c:1098:12
	str	r0, [sp, #28]
	.loc	1 1099 3                        @ ../Middlewares/Third_Party/FreeRTOS/Source/queue.c:1099:3
	b	.LBB11_29
.Ltmp248:
.LBB11_28:
	.loc	1 0 3 is_stmt 0                 @ ../Middlewares/Third_Party/FreeRTOS/Source/queue.c:0:3
	movs	r0, #0
.Ltmp249:
	.loc	1 1103 12 is_stmt 1             @ ../Middlewares/Third_Party/FreeRTOS/Source/queue.c:1103:12
	str	r0, [sp, #28]
	b	.LBB11_29
.Ltmp250:
.LBB11_29:
	.loc	1 1106 2                        @ ../Middlewares/Third_Party/FreeRTOS/Source/queue.c:1106:2
	ldr	r0, [sp, #24]
	str	r0, [sp, #68]
.Ltmp251:
	.loc	4 231 32                        @ ../Middlewares/Third_Party/FreeRTOS/Source/portable/RVDS/ARM_CM4F\portmacro.h:231:32
	ldr	r0, [sp, #68]
	.loc	4 229 2                         @ ../Middlewares/Third_Party/FreeRTOS/Source/portable/RVDS/ARM_CM4F\portmacro.h:229:2
	@APP
	msr	basepri, r0
	@NO_APP
.Ltmp252:
	.loc	1 1108 9                        @ ../Middlewares/Third_Party/FreeRTOS/Source/queue.c:1108:9
	ldr	r0, [sp, #28]
	.loc	1 1108 2 epilogue_begin is_stmt 0 @ ../Middlewares/Third_Party/FreeRTOS/Source/queue.c:1108:2
	add	sp, #72
	pop	{r7, pc}
.Ltmp253:
.Lfunc_end11:
	.size	xQueueGenericSendFromISR, .Lfunc_end11-xQueueGenericSendFromISR
	.cfi_endproc
	.cantunwind
	.fnend
                                        @ -- End function
	.section	.text.xQueueGiveFromISR,"ax",%progbits
	.hidden	xQueueGiveFromISR               @ -- Begin function xQueueGiveFromISR
	.globl	xQueueGiveFromISR
	.p2align	3
	.type	xQueueGiveFromISR,%function
	.code	16                              @ @xQueueGiveFromISR
	.thumb_func
xQueueGiveFromISR:
.Lfunc_begin12:
	.loc	1 1113 0 is_stmt 1              @ ../Middlewares/Third_Party/FreeRTOS/Source/queue.c:1113:0
	.fnstart
	.cfi_startproc
@ %bb.0:
	.save	{r7, lr}
	push	{r7, lr}
	.cfi_def_cfa_offset 8
	.cfi_offset lr, -4
	.cfi_offset r7, -8
	.pad	#56
	sub	sp, #56
	.cfi_def_cfa_offset 64
	str	r0, [sp, #28]
	str	r1, [sp, #24]
.Ltmp254:
	.loc	1 1116 27 prologue_end          @ ../Middlewares/Third_Party/FreeRTOS/Source/queue.c:1116:27
	ldr	r0, [sp, #28]
	.loc	1 1116 17 is_stmt 0             @ ../Middlewares/Third_Party/FreeRTOS/Source/queue.c:1116:17
	str	r0, [sp, #12]
.Ltmp255:
	.loc	1 1124 2 is_stmt 1              @ ../Middlewares/Third_Party/FreeRTOS/Source/queue.c:1124:2
	ldr	r0, [sp, #12]
.Ltmp256:
	.loc	1 1124 2 is_stmt 0              @ ../Middlewares/Third_Party/FreeRTOS/Source/queue.c:1124:2
	cbnz	r0, .LBB12_3
	b	.LBB12_1
.LBB12_1:
.Ltmp257:
	.loc	4 195 2 is_stmt 1               @ ../Middlewares/Third_Party/FreeRTOS/Source/portable/RVDS/ARM_CM4F\portmacro.h:195:2
	@APP
	mov.w	r0, #80
	msr	basepri, r0
	isb	sy
	dsb	sy

	@NO_APP
	str	r0, [sp, #40]
.Ltmp258:
	.loc	1 1124 2                        @ ../Middlewares/Third_Party/FreeRTOS/Source/queue.c:1124:2
	b	.LBB12_2
.LBB12_2:                               @ =>This Inner Loop Header: Depth=1
.Ltmp259:
	.loc	1 1124 2 is_stmt 0              @ ../Middlewares/Third_Party/FreeRTOS/Source/queue.c:1124:2
	b	.LBB12_2
.Ltmp260:
.LBB12_3:
	.loc	1 1128 2 is_stmt 1              @ ../Middlewares/Third_Party/FreeRTOS/Source/queue.c:1128:2
	ldr	r0, [sp, #12]
	ldr	r0, [r0, #64]
.Ltmp261:
	.loc	1 1128 2 is_stmt 0              @ ../Middlewares/Third_Party/FreeRTOS/Source/queue.c:1128:2
	cbz	r0, .LBB12_6
	b	.LBB12_4
.LBB12_4:
.Ltmp262:
	.loc	4 195 2 is_stmt 1               @ ../Middlewares/Third_Party/FreeRTOS/Source/portable/RVDS/ARM_CM4F\portmacro.h:195:2
	@APP
	mov.w	r0, #80
	msr	basepri, r0
	isb	sy
	dsb	sy

	@NO_APP
	str	r0, [sp, #36]
.Ltmp263:
	.loc	1 1128 2                        @ ../Middlewares/Third_Party/FreeRTOS/Source/queue.c:1128:2
	b	.LBB12_5
.LBB12_5:                               @ =>This Inner Loop Header: Depth=1
.Ltmp264:
	.loc	1 1128 2 is_stmt 0              @ ../Middlewares/Third_Party/FreeRTOS/Source/queue.c:1128:2
	b	.LBB12_5
.Ltmp265:
.LBB12_6:
	.loc	1 1133 2 is_stmt 1              @ ../Middlewares/Third_Party/FreeRTOS/Source/queue.c:1133:2
	ldr	r0, [sp, #12]
	ldr	r1, [r0]
	movs	r0, #0
	str	r0, [sp]                        @ 4-byte Spill
	cbnz	r1, .LBB12_8
	b	.LBB12_7
.LBB12_7:
	ldr	r0, [sp, #12]
	ldr	r0, [r0, #8]
	cmp	r0, #0
	it	ne
	movne	r0, #1
	str	r0, [sp]                        @ 4-byte Spill
	b	.LBB12_8
.LBB12_8:
	.loc	1 0 0 is_stmt 0                 @ ../Middlewares/Third_Party/FreeRTOS/Source/queue.c:0:0
	ldr	r0, [sp]                        @ 4-byte Reload
.Ltmp266:
	.loc	1 1133 2                        @ ../Middlewares/Third_Party/FreeRTOS/Source/queue.c:1133:2
	lsls	r0, r0, #31
	cbz	r0, .LBB12_11
	b	.LBB12_9
.LBB12_9:
.Ltmp267:
	.loc	4 195 2 is_stmt 1               @ ../Middlewares/Third_Party/FreeRTOS/Source/portable/RVDS/ARM_CM4F\portmacro.h:195:2
	@APP
	mov.w	r0, #80
	msr	basepri, r0
	isb	sy
	dsb	sy

	@NO_APP
	str	r0, [sp, #32]
.Ltmp268:
	.loc	1 1133 2                        @ ../Middlewares/Third_Party/FreeRTOS/Source/queue.c:1133:2
	b	.LBB12_10
.LBB12_10:                              @ =>This Inner Loop Header: Depth=1
.Ltmp269:
	.loc	1 1133 2 is_stmt 0              @ ../Middlewares/Third_Party/FreeRTOS/Source/queue.c:1133:2
	b	.LBB12_10
.Ltmp270:
.LBB12_11:
	.loc	1 1149 2 is_stmt 1              @ ../Middlewares/Third_Party/FreeRTOS/Source/queue.c:1149:2
	bl	vPortValidateInterruptPriority
.Ltmp271:
	.loc	4 211 2                         @ ../Middlewares/Third_Party/FreeRTOS/Source/portable/RVDS/ARM_CM4F\portmacro.h:211:2
	@APP
	mrs	r1, basepri
	mov.w	r0, #80
	msr	basepri, r0
	isb	sy
	dsb	sy

	@NO_APP
	str	r1, [sp, #48]
	str	r0, [sp, #44]
	.loc	4 223 9                         @ ../Middlewares/Third_Party/FreeRTOS/Source/portable/RVDS/ARM_CM4F\portmacro.h:223:9
	ldr	r0, [sp, #48]
.Ltmp272:
	.loc	1 1151 25                       @ ../Middlewares/Third_Party/FreeRTOS/Source/queue.c:1151:25
	str	r0, [sp, #16]
.Ltmp273:
	.loc	1 1153 41                       @ ../Middlewares/Third_Party/FreeRTOS/Source/queue.c:1153:41
	ldr	r0, [sp, #12]
	.loc	1 1153 50 is_stmt 0             @ ../Middlewares/Third_Party/FreeRTOS/Source/queue.c:1153:50
	ldr	r0, [r0, #56]
	.loc	1 1153 21                       @ ../Middlewares/Third_Party/FreeRTOS/Source/queue.c:1153:21
	str	r0, [sp, #8]
.Ltmp274:
	.loc	1 1158 7 is_stmt 1              @ ../Middlewares/Third_Party/FreeRTOS/Source/queue.c:1158:7
	ldr	r0, [sp, #8]
	.loc	1 1158 27 is_stmt 0             @ ../Middlewares/Third_Party/FreeRTOS/Source/queue.c:1158:27
	ldr	r1, [sp, #12]
	.loc	1 1158 36                       @ ../Middlewares/Third_Party/FreeRTOS/Source/queue.c:1158:36
	ldr	r1, [r1, #60]
.Ltmp275:
	.loc	1 1158 7                        @ ../Middlewares/Third_Party/FreeRTOS/Source/queue.c:1158:7
	cmp	r0, r1
	bhs	.LBB12_25
	b	.LBB12_12
.LBB12_12:
.Ltmp276:
	.loc	1 1160 27 is_stmt 1             @ ../Middlewares/Third_Party/FreeRTOS/Source/queue.c:1160:27
	ldr	r0, [sp, #12]
	.loc	1 1160 36 is_stmt 0             @ ../Middlewares/Third_Party/FreeRTOS/Source/queue.c:1160:36
	ldrb.w	r0, [r0, #69]
	.loc	1 1160 17                       @ ../Middlewares/Third_Party/FreeRTOS/Source/queue.c:1160:17
	strb.w	r0, [sp, #7]
	.loc	1 1170 33 is_stmt 1             @ ../Middlewares/Third_Party/FreeRTOS/Source/queue.c:1170:33
	ldr	r0, [sp, #8]
	.loc	1 1170 51 is_stmt 0             @ ../Middlewares/Third_Party/FreeRTOS/Source/queue.c:1170:51
	adds	r0, #1
	.loc	1 1170 4                        @ ../Middlewares/Third_Party/FreeRTOS/Source/queue.c:1170:4
	ldr	r1, [sp, #12]
	.loc	1 1170 31                       @ ../Middlewares/Third_Party/FreeRTOS/Source/queue.c:1170:31
	str	r0, [r1, #56]
.Ltmp277:
	.loc	1 1174 8 is_stmt 1              @ ../Middlewares/Third_Party/FreeRTOS/Source/queue.c:1174:8
	ldrsb.w	r0, [sp, #7]
.Ltmp278:
	.loc	1 1174 8 is_stmt 0              @ ../Middlewares/Third_Party/FreeRTOS/Source/queue.c:1174:8
	adds	r0, #1
	cbnz	r0, .LBB12_23
	b	.LBB12_13
.LBB12_13:
.Ltmp279:
	.loc	1 1229 10 is_stmt 1             @ ../Middlewares/Third_Party/FreeRTOS/Source/queue.c:1229:10
	ldr	r0, [sp, #12]
	ldr	r0, [r0, #36]
.Ltmp280:
	.loc	1 1229 10 is_stmt 0             @ ../Middlewares/Third_Party/FreeRTOS/Source/queue.c:1229:10
	cbz	r0, .LBB12_21
	b	.LBB12_14
.LBB12_14:
.Ltmp281:
	.loc	1 1231 40 is_stmt 1             @ ../Middlewares/Third_Party/FreeRTOS/Source/queue.c:1231:40
	ldr	r0, [sp, #12]
	.loc	1 1231 49 is_stmt 0             @ ../Middlewares/Third_Party/FreeRTOS/Source/queue.c:1231:49
	adds	r0, #36
	.loc	1 1231 11                       @ ../Middlewares/Third_Party/FreeRTOS/Source/queue.c:1231:11
	bl	xTaskRemoveFromEventList
.Ltmp282:
	.loc	1 1231 11                       @ ../Middlewares/Third_Party/FreeRTOS/Source/queue.c:1231:11
	cbz	r0, .LBB12_19
	b	.LBB12_15
.LBB12_15:
.Ltmp283:
	.loc	1 1235 12 is_stmt 1             @ ../Middlewares/Third_Party/FreeRTOS/Source/queue.c:1235:12
	ldr	r0, [sp, #24]
.Ltmp284:
	.loc	1 1235 12 is_stmt 0             @ ../Middlewares/Third_Party/FreeRTOS/Source/queue.c:1235:12
	cbz	r0, .LBB12_17
	b	.LBB12_16
.LBB12_16:
.Ltmp285:
	.loc	1 1237 10 is_stmt 1             @ ../Middlewares/Third_Party/FreeRTOS/Source/queue.c:1237:10
	ldr	r1, [sp, #24]
	movs	r0, #1
	.loc	1 1237 36 is_stmt 0             @ ../Middlewares/Third_Party/FreeRTOS/Source/queue.c:1237:36
	str	r0, [r1]
	.loc	1 1238 8 is_stmt 1              @ ../Middlewares/Third_Party/FreeRTOS/Source/queue.c:1238:8
	b	.LBB12_18
.Ltmp286:
.LBB12_17:
	.loc	1 0 8 is_stmt 0                 @ ../Middlewares/Third_Party/FreeRTOS/Source/queue.c:0:8
	b	.LBB12_18
.LBB12_18:
	.loc	1 1243 7 is_stmt 1              @ ../Middlewares/Third_Party/FreeRTOS/Source/queue.c:1243:7
	b	.LBB12_20
.Ltmp287:
.LBB12_19:
	.loc	1 0 7 is_stmt 0                 @ ../Middlewares/Third_Party/FreeRTOS/Source/queue.c:0:7
	b	.LBB12_20
.LBB12_20:
	.loc	1 1248 6 is_stmt 1              @ ../Middlewares/Third_Party/FreeRTOS/Source/queue.c:1248:6
	b	.LBB12_22
.Ltmp288:
.LBB12_21:
	.loc	1 0 6 is_stmt 0                 @ ../Middlewares/Third_Party/FreeRTOS/Source/queue.c:0:6
	b	.LBB12_22
.LBB12_22:
	.loc	1 1255 4 is_stmt 1              @ ../Middlewares/Third_Party/FreeRTOS/Source/queue.c:1255:4
	b	.LBB12_24
.Ltmp289:
.LBB12_23:
	.loc	1 1260 37                       @ ../Middlewares/Third_Party/FreeRTOS/Source/queue.c:1260:37
	ldrb.w	r0, [sp, #7]
	.loc	1 1260 45 is_stmt 0             @ ../Middlewares/Third_Party/FreeRTOS/Source/queue.c:1260:45
	adds	r0, #1
	.loc	1 1260 5                        @ ../Middlewares/Third_Party/FreeRTOS/Source/queue.c:1260:5
	ldr	r1, [sp, #12]
	.loc	1 1260 22                       @ ../Middlewares/Third_Party/FreeRTOS/Source/queue.c:1260:22
	strb.w	r0, [r1, #69]
	b	.LBB12_24
.Ltmp290:
.LBB12_24:
	.loc	1 0 22                          @ ../Middlewares/Third_Party/FreeRTOS/Source/queue.c:0:22
	movs	r0, #1
	.loc	1 1263 12 is_stmt 1             @ ../Middlewares/Third_Party/FreeRTOS/Source/queue.c:1263:12
	str	r0, [sp, #20]
	.loc	1 1264 3                        @ ../Middlewares/Third_Party/FreeRTOS/Source/queue.c:1264:3
	b	.LBB12_26
.Ltmp291:
.LBB12_25:
	.loc	1 0 3 is_stmt 0                 @ ../Middlewares/Third_Party/FreeRTOS/Source/queue.c:0:3
	movs	r0, #0
.Ltmp292:
	.loc	1 1268 12 is_stmt 1             @ ../Middlewares/Third_Party/FreeRTOS/Source/queue.c:1268:12
	str	r0, [sp, #20]
	b	.LBB12_26
.Ltmp293:
.LBB12_26:
	.loc	1 1271 2                        @ ../Middlewares/Third_Party/FreeRTOS/Source/queue.c:1271:2
	ldr	r0, [sp, #16]
	str	r0, [sp, #52]
.Ltmp294:
	.loc	4 231 32                        @ ../Middlewares/Third_Party/FreeRTOS/Source/portable/RVDS/ARM_CM4F\portmacro.h:231:32
	ldr	r0, [sp, #52]
	.loc	4 229 2                         @ ../Middlewares/Third_Party/FreeRTOS/Source/portable/RVDS/ARM_CM4F\portmacro.h:229:2
	@APP
	msr	basepri, r0
	@NO_APP
.Ltmp295:
	.loc	1 1273 9                        @ ../Middlewares/Third_Party/FreeRTOS/Source/queue.c:1273:9
	ldr	r0, [sp, #20]
	.loc	1 1273 2 epilogue_begin is_stmt 0 @ ../Middlewares/Third_Party/FreeRTOS/Source/queue.c:1273:2
	add	sp, #56
	pop	{r7, pc}
.Ltmp296:
.Lfunc_end12:
	.size	xQueueGiveFromISR, .Lfunc_end12-xQueueGiveFromISR
	.cfi_endproc
	.cantunwind
	.fnend
                                        @ -- End function
	.section	.text.xQueueReceive,"ax",%progbits
	.hidden	xQueueReceive                   @ -- Begin function xQueueReceive
	.globl	xQueueReceive
	.p2align	3
	.type	xQueueReceive,%function
	.code	16                              @ @xQueueReceive
	.thumb_func
xQueueReceive:
.Lfunc_begin13:
	.loc	1 1278 0 is_stmt 1              @ ../Middlewares/Third_Party/FreeRTOS/Source/queue.c:1278:0
	.fnstart
	.cfi_startproc
@ %bb.0:
	.save	{r7, lr}
	push	{r7, lr}
	.cfi_def_cfa_offset 8
	.cfi_offset lr, -4
	.cfi_offset r7, -8
	.pad	#56
	sub	sp, #56
	.cfi_def_cfa_offset 64
	str	r0, [sp, #36]
	str	r1, [sp, #32]
	str	r2, [sp, #28]
	movs	r0, #0
.Ltmp297:
	.loc	1 1279 12 prologue_end          @ ../Middlewares/Third_Party/FreeRTOS/Source/queue.c:1279:12
	str	r0, [sp, #24]
	.loc	1 1281 27                       @ ../Middlewares/Third_Party/FreeRTOS/Source/queue.c:1281:27
	ldr	r0, [sp, #36]
	.loc	1 1281 17 is_stmt 0             @ ../Middlewares/Third_Party/FreeRTOS/Source/queue.c:1281:17
	str	r0, [sp, #12]
.Ltmp298:
	.loc	1 1284 2 is_stmt 1              @ ../Middlewares/Third_Party/FreeRTOS/Source/queue.c:1284:2
	ldr	r0, [sp, #12]
.Ltmp299:
	.loc	1 1284 2 is_stmt 0              @ ../Middlewares/Third_Party/FreeRTOS/Source/queue.c:1284:2
	cbnz	r0, .LBB13_3
	b	.LBB13_1
.LBB13_1:
.Ltmp300:
	.loc	4 195 2 is_stmt 1               @ ../Middlewares/Third_Party/FreeRTOS/Source/portable/RVDS/ARM_CM4F\portmacro.h:195:2
	@APP
	mov.w	r0, #80
	msr	basepri, r0
	isb	sy
	dsb	sy

	@NO_APP
	str	r0, [sp, #52]
.Ltmp301:
	.loc	1 1284 2                        @ ../Middlewares/Third_Party/FreeRTOS/Source/queue.c:1284:2
	b	.LBB13_2
.LBB13_2:                               @ =>This Inner Loop Header: Depth=1
.Ltmp302:
	.loc	1 1284 2 is_stmt 0              @ ../Middlewares/Third_Party/FreeRTOS/Source/queue.c:1284:2
	b	.LBB13_2
.Ltmp303:
.LBB13_3:
	.loc	1 1288 2 is_stmt 1              @ ../Middlewares/Third_Party/FreeRTOS/Source/queue.c:1288:2
	ldr	r1, [sp, #32]
	movs	r0, #0
	str	r0, [sp, #4]                    @ 4-byte Spill
	cbnz	r1, .LBB13_5
	b	.LBB13_4
.LBB13_4:
	ldr	r0, [sp, #12]
	ldr	r0, [r0, #64]
	cmp	r0, #0
	it	ne
	movne	r0, #1
	str	r0, [sp, #4]                    @ 4-byte Spill
	b	.LBB13_5
.LBB13_5:
	.loc	1 0 0 is_stmt 0                 @ ../Middlewares/Third_Party/FreeRTOS/Source/queue.c:0:0
	ldr	r0, [sp, #4]                    @ 4-byte Reload
.Ltmp304:
	.loc	1 1288 2                        @ ../Middlewares/Third_Party/FreeRTOS/Source/queue.c:1288:2
	lsls	r0, r0, #31
	cbz	r0, .LBB13_8
	b	.LBB13_6
.LBB13_6:
.Ltmp305:
	.loc	4 195 2 is_stmt 1               @ ../Middlewares/Third_Party/FreeRTOS/Source/portable/RVDS/ARM_CM4F\portmacro.h:195:2
	@APP
	mov.w	r0, #80
	msr	basepri, r0
	isb	sy
	dsb	sy

	@NO_APP
	str	r0, [sp, #48]
.Ltmp306:
	.loc	1 1288 2                        @ ../Middlewares/Third_Party/FreeRTOS/Source/queue.c:1288:2
	b	.LBB13_7
.LBB13_7:                               @ =>This Inner Loop Header: Depth=1
.Ltmp307:
	.loc	1 1288 2 is_stmt 0              @ ../Middlewares/Third_Party/FreeRTOS/Source/queue.c:1288:2
	b	.LBB13_7
.Ltmp308:
.LBB13_8:
	.loc	1 1293 3 is_stmt 1              @ ../Middlewares/Third_Party/FreeRTOS/Source/queue.c:1293:3
	bl	xTaskGetSchedulerState
	mov	r1, r0
	movs	r0, #0
	str	r0, [sp]                        @ 4-byte Spill
	cbnz	r1, .LBB13_10
	b	.LBB13_9
.LBB13_9:
	ldr	r0, [sp, #28]
	cmp	r0, #0
	it	ne
	movne	r0, #1
	str	r0, [sp]                        @ 4-byte Spill
	b	.LBB13_10
.LBB13_10:
	.loc	1 0 0 is_stmt 0                 @ ../Middlewares/Third_Party/FreeRTOS/Source/queue.c:0:0
	ldr	r0, [sp]                        @ 4-byte Reload
.Ltmp309:
	.loc	1 1293 3                        @ ../Middlewares/Third_Party/FreeRTOS/Source/queue.c:1293:3
	lsls	r0, r0, #31
	cbz	r0, .LBB13_13
	b	.LBB13_11
.LBB13_11:
.Ltmp310:
	.loc	4 195 2 is_stmt 1               @ ../Middlewares/Third_Party/FreeRTOS/Source/portable/RVDS/ARM_CM4F\portmacro.h:195:2
	@APP
	mov.w	r0, #80
	msr	basepri, r0
	isb	sy
	dsb	sy

	@NO_APP
	str	r0, [sp, #44]
.Ltmp311:
	.loc	1 1293 3                        @ ../Middlewares/Third_Party/FreeRTOS/Source/queue.c:1293:3
	b	.LBB13_12
.LBB13_12:                              @ =>This Inner Loop Header: Depth=1
.Ltmp312:
	.loc	1 1293 3 is_stmt 0              @ ../Middlewares/Third_Party/FreeRTOS/Source/queue.c:1293:3
	b	.LBB13_12
.Ltmp313:
.LBB13_13:
	.loc	1 1301 2 is_stmt 1              @ ../Middlewares/Third_Party/FreeRTOS/Source/queue.c:1301:2
	b	.LBB13_14
.LBB13_14:                              @ =>This Inner Loop Header: Depth=1
.Ltmp314:
	.loc	1 1303 3                        @ ../Middlewares/Third_Party/FreeRTOS/Source/queue.c:1303:3
	bl	vPortEnterCritical
.Ltmp315:
	.loc	1 1305 42                       @ ../Middlewares/Third_Party/FreeRTOS/Source/queue.c:1305:42
	ldr	r0, [sp, #12]
	.loc	1 1305 51 is_stmt 0             @ ../Middlewares/Third_Party/FreeRTOS/Source/queue.c:1305:51
	ldr	r0, [r0, #56]
	.loc	1 1305 22                       @ ../Middlewares/Third_Party/FreeRTOS/Source/queue.c:1305:22
	str	r0, [sp, #8]
.Ltmp316:
	.loc	1 1309 8 is_stmt 1              @ ../Middlewares/Third_Party/FreeRTOS/Source/queue.c:1309:8
	ldr	r0, [sp, #8]
.Ltmp317:
	.loc	1 1309 8 is_stmt 0              @ ../Middlewares/Third_Party/FreeRTOS/Source/queue.c:1309:8
	cbz	r0, .LBB13_22
	b	.LBB13_15
.LBB13_15:
.Ltmp318:
	.loc	1 1312 27 is_stmt 1             @ ../Middlewares/Third_Party/FreeRTOS/Source/queue.c:1312:27
	ldr	r0, [sp, #12]
	.loc	1 1312 36 is_stmt 0             @ ../Middlewares/Third_Party/FreeRTOS/Source/queue.c:1312:36
	ldr	r1, [sp, #32]
	.loc	1 1312 5                        @ ../Middlewares/Third_Party/FreeRTOS/Source/queue.c:1312:5
	bl	prvCopyDataFromQueue
	.loc	1 1314 34 is_stmt 1             @ ../Middlewares/Third_Party/FreeRTOS/Source/queue.c:1314:34
	ldr	r0, [sp, #8]
	.loc	1 1314 52 is_stmt 0             @ ../Middlewares/Third_Party/FreeRTOS/Source/queue.c:1314:52
	subs	r0, #1
	.loc	1 1314 5                        @ ../Middlewares/Third_Party/FreeRTOS/Source/queue.c:1314:5
	ldr	r1, [sp, #12]
	.loc	1 1314 32                       @ ../Middlewares/Third_Party/FreeRTOS/Source/queue.c:1314:32
	str	r0, [r1, #56]
.Ltmp319:
	.loc	1 1319 9 is_stmt 1              @ ../Middlewares/Third_Party/FreeRTOS/Source/queue.c:1319:9
	ldr	r0, [sp, #12]
	ldr	r0, [r0, #16]
.Ltmp320:
	.loc	1 1319 9 is_stmt 0              @ ../Middlewares/Third_Party/FreeRTOS/Source/queue.c:1319:9
	cbz	r0, .LBB13_20
	b	.LBB13_16
.LBB13_16:
.Ltmp321:
	.loc	1 1321 39 is_stmt 1             @ ../Middlewares/Third_Party/FreeRTOS/Source/queue.c:1321:39
	ldr	r0, [sp, #12]
	.loc	1 1321 48 is_stmt 0             @ ../Middlewares/Third_Party/FreeRTOS/Source/queue.c:1321:48
	adds	r0, #16
	.loc	1 1321 10                       @ ../Middlewares/Third_Party/FreeRTOS/Source/queue.c:1321:10
	bl	xTaskRemoveFromEventList
.Ltmp322:
	.loc	1 1321 10                       @ ../Middlewares/Third_Party/FreeRTOS/Source/queue.c:1321:10
	cbz	r0, .LBB13_18
	b	.LBB13_17
.LBB13_17:
	.loc	1 0 10                          @ ../Middlewares/Third_Party/FreeRTOS/Source/queue.c:0:10
	movw	r1, #60676
	movt	r1, #57344
	mov.w	r0, #268435456
.Ltmp323:
	.loc	1 1323 7 is_stmt 1              @ ../Middlewares/Third_Party/FreeRTOS/Source/queue.c:1323:7
	str	r0, [r1]
	@APP
	dsb	sy
	@NO_APP
	@APP
	isb	sy
	@NO_APP
.Ltmp324:
	.loc	1 1324 6                        @ ../Middlewares/Third_Party/FreeRTOS/Source/queue.c:1324:6
	b	.LBB13_19
.Ltmp325:
.LBB13_18:
	.loc	1 0 6 is_stmt 0                 @ ../Middlewares/Third_Party/FreeRTOS/Source/queue.c:0:6
	b	.LBB13_19
.LBB13_19:
	.loc	1 1329 5 is_stmt 1              @ ../Middlewares/Third_Party/FreeRTOS/Source/queue.c:1329:5
	b	.LBB13_21
.Ltmp326:
.LBB13_20:
	.loc	1 0 5 is_stmt 0                 @ ../Middlewares/Third_Party/FreeRTOS/Source/queue.c:0:5
	b	.LBB13_21
.LBB13_21:
	.loc	1 1335 5 is_stmt 1              @ ../Middlewares/Third_Party/FreeRTOS/Source/queue.c:1335:5
	bl	vPortExitCritical
	movs	r0, #1
	.loc	1 1336 5                        @ ../Middlewares/Third_Party/FreeRTOS/Source/queue.c:1336:5
	str	r0, [sp, #40]
	b	.LBB13_46
.Ltmp327:
.LBB13_22:                              @   in Loop: Header=BB13_14 Depth=1
	.loc	1 1340 9                        @ ../Middlewares/Third_Party/FreeRTOS/Source/queue.c:1340:9
	ldr	r0, [sp, #28]
.Ltmp328:
	.loc	1 1340 9 is_stmt 0              @ ../Middlewares/Third_Party/FreeRTOS/Source/queue.c:1340:9
	cbnz	r0, .LBB13_24
	b	.LBB13_23
.LBB13_23:
.Ltmp329:
	.loc	1 1344 6 is_stmt 1              @ ../Middlewares/Third_Party/FreeRTOS/Source/queue.c:1344:6
	bl	vPortExitCritical
	movs	r0, #0
	.loc	1 1346 6                        @ ../Middlewares/Third_Party/FreeRTOS/Source/queue.c:1346:6
	str	r0, [sp, #40]
	b	.LBB13_46
.Ltmp330:
.LBB13_24:                              @   in Loop: Header=BB13_14 Depth=1
	.loc	1 1348 14                       @ ../Middlewares/Third_Party/FreeRTOS/Source/queue.c:1348:14
	ldr	r0, [sp, #24]
.Ltmp331:
	.loc	1 1348 14 is_stmt 0             @ ../Middlewares/Third_Party/FreeRTOS/Source/queue.c:1348:14
	cbnz	r0, .LBB13_26
	b	.LBB13_25
.LBB13_25:                              @   in Loop: Header=BB13_14 Depth=1
	.loc	1 0 14                          @ ../Middlewares/Third_Party/FreeRTOS/Source/queue.c:0:14
	add	r0, sp, #16
.Ltmp332:
	.loc	1 1352 6 is_stmt 1              @ ../Middlewares/Third_Party/FreeRTOS/Source/queue.c:1352:6
	bl	vTaskInternalSetTimeOutState
	movs	r0, #1
	.loc	1 1353 20                       @ ../Middlewares/Third_Party/FreeRTOS/Source/queue.c:1353:20
	str	r0, [sp, #24]
	.loc	1 1354 5                        @ ../Middlewares/Third_Party/FreeRTOS/Source/queue.c:1354:5
	b	.LBB13_27
.Ltmp333:
.LBB13_26:                              @   in Loop: Header=BB13_14 Depth=1
	.loc	1 0 5 is_stmt 0                 @ ../Middlewares/Third_Party/FreeRTOS/Source/queue.c:0:5
	b	.LBB13_27
.LBB13_27:                              @   in Loop: Header=BB13_14 Depth=1
	b	.LBB13_28
.LBB13_28:                              @   in Loop: Header=BB13_14 Depth=1
	b	.LBB13_29
.LBB13_29:                              @   in Loop: Header=BB13_14 Depth=1
	.loc	1 1362 3 is_stmt 1              @ ../Middlewares/Third_Party/FreeRTOS/Source/queue.c:1362:3
	bl	vPortExitCritical
	.loc	1 1367 3                        @ ../Middlewares/Third_Party/FreeRTOS/Source/queue.c:1367:3
	bl	vTaskSuspendAll
	.loc	1 1368 3                        @ ../Middlewares/Third_Party/FreeRTOS/Source/queue.c:1368:3
	bl	vPortEnterCritical
.Ltmp334:
	.loc	1 1368 3 is_stmt 0              @ ../Middlewares/Third_Party/FreeRTOS/Source/queue.c:1368:3
	ldr	r0, [sp, #12]
	ldrsb.w	r0, [r0, #68]
.Ltmp335:
	.loc	1 1368 3                        @ ../Middlewares/Third_Party/FreeRTOS/Source/queue.c:1368:3
	adds	r0, #1
	cbnz	r0, .LBB13_31
	b	.LBB13_30
.LBB13_30:                              @   in Loop: Header=BB13_14 Depth=1
.Ltmp336:
	.loc	1 1368 3                        @ ../Middlewares/Third_Party/FreeRTOS/Source/queue.c:1368:3
	ldr	r1, [sp, #12]
	movs	r0, #0
	strb.w	r0, [r1, #68]
	b	.LBB13_31
.Ltmp337:
.LBB13_31:                              @   in Loop: Header=BB13_14 Depth=1
	.loc	1 1368 3                        @ ../Middlewares/Third_Party/FreeRTOS/Source/queue.c:1368:3
	ldr	r0, [sp, #12]
	ldrsb.w	r0, [r0, #69]
.Ltmp338:
	.loc	1 1368 3                        @ ../Middlewares/Third_Party/FreeRTOS/Source/queue.c:1368:3
	adds	r0, #1
	cbnz	r0, .LBB13_33
	b	.LBB13_32
.LBB13_32:                              @   in Loop: Header=BB13_14 Depth=1
.Ltmp339:
	.loc	1 1368 3                        @ ../Middlewares/Third_Party/FreeRTOS/Source/queue.c:1368:3
	ldr	r1, [sp, #12]
	movs	r0, #0
	strb.w	r0, [r1, #69]
	b	.LBB13_33
.Ltmp340:
.LBB13_33:                              @   in Loop: Header=BB13_14 Depth=1
	.loc	1 1368 3                        @ ../Middlewares/Third_Party/FreeRTOS/Source/queue.c:1368:3
	bl	vPortExitCritical
	add	r0, sp, #16
	add	r1, sp, #28
.Ltmp341:
	.loc	1 1371 7 is_stmt 1              @ ../Middlewares/Third_Party/FreeRTOS/Source/queue.c:1371:7
	bl	xTaskCheckForTimeOut
.Ltmp342:
	.loc	1 1371 7 is_stmt 0              @ ../Middlewares/Third_Party/FreeRTOS/Source/queue.c:1371:7
	cbnz	r0, .LBB13_41
	b	.LBB13_34
.LBB13_34:                              @   in Loop: Header=BB13_14 Depth=1
.Ltmp343:
	.loc	1 1375 25 is_stmt 1             @ ../Middlewares/Third_Party/FreeRTOS/Source/queue.c:1375:25
	ldr	r0, [sp, #12]
	.loc	1 1375 8 is_stmt 0              @ ../Middlewares/Third_Party/FreeRTOS/Source/queue.c:1375:8
	bl	prvIsQueueEmpty
.Ltmp344:
	.loc	1 1375 8                        @ ../Middlewares/Third_Party/FreeRTOS/Source/queue.c:1375:8
	cbz	r0, .LBB13_39
	b	.LBB13_35
.LBB13_35:                              @   in Loop: Header=BB13_14 Depth=1
.Ltmp345:
	.loc	1 1378 31 is_stmt 1             @ ../Middlewares/Third_Party/FreeRTOS/Source/queue.c:1378:31
	ldr	r0, [sp, #12]
	.loc	1 1378 40 is_stmt 0             @ ../Middlewares/Third_Party/FreeRTOS/Source/queue.c:1378:40
	adds	r0, #36
	.loc	1 1378 66                       @ ../Middlewares/Third_Party/FreeRTOS/Source/queue.c:1378:66
	ldr	r1, [sp, #28]
	.loc	1 1378 5                        @ ../Middlewares/Third_Party/FreeRTOS/Source/queue.c:1378:5
	bl	vTaskPlaceOnEventList
	.loc	1 1379 21 is_stmt 1             @ ../Middlewares/Third_Party/FreeRTOS/Source/queue.c:1379:21
	ldr	r0, [sp, #12]
	.loc	1 1379 5 is_stmt 0              @ ../Middlewares/Third_Party/FreeRTOS/Source/queue.c:1379:5
	bl	prvUnlockQueue
.Ltmp346:
	.loc	1 1380 9 is_stmt 1              @ ../Middlewares/Third_Party/FreeRTOS/Source/queue.c:1380:9
	bl	xTaskResumeAll
.Ltmp347:
	.loc	1 1380 9 is_stmt 0              @ ../Middlewares/Third_Party/FreeRTOS/Source/queue.c:1380:9
	cbnz	r0, .LBB13_37
	b	.LBB13_36
.LBB13_36:                              @   in Loop: Header=BB13_14 Depth=1
	.loc	1 0 9                           @ ../Middlewares/Third_Party/FreeRTOS/Source/queue.c:0:9
	movw	r1, #60676
	movt	r1, #57344
	mov.w	r0, #268435456
.Ltmp348:
	.loc	1 1382 6 is_stmt 1              @ ../Middlewares/Third_Party/FreeRTOS/Source/queue.c:1382:6
	str	r0, [r1]
	@APP
	dsb	sy
	@NO_APP
	@APP
	isb	sy
	@NO_APP
.Ltmp349:
	.loc	1 1383 5                        @ ../Middlewares/Third_Party/FreeRTOS/Source/queue.c:1383:5
	b	.LBB13_38
.Ltmp350:
.LBB13_37:                              @   in Loop: Header=BB13_14 Depth=1
	.loc	1 0 5 is_stmt 0                 @ ../Middlewares/Third_Party/FreeRTOS/Source/queue.c:0:5
	b	.LBB13_38
.LBB13_38:                              @   in Loop: Header=BB13_14 Depth=1
	.loc	1 1388 4 is_stmt 1              @ ../Middlewares/Third_Party/FreeRTOS/Source/queue.c:1388:4
	b	.LBB13_40
.Ltmp351:
.LBB13_39:                              @   in Loop: Header=BB13_14 Depth=1
	.loc	1 1393 21                       @ ../Middlewares/Third_Party/FreeRTOS/Source/queue.c:1393:21
	ldr	r0, [sp, #12]
	.loc	1 1393 5 is_stmt 0              @ ../Middlewares/Third_Party/FreeRTOS/Source/queue.c:1393:5
	bl	prvUnlockQueue
	.loc	1 1394 14 is_stmt 1             @ ../Middlewares/Third_Party/FreeRTOS/Source/queue.c:1394:14
	bl	xTaskResumeAll
	b	.LBB13_40
.Ltmp352:
.LBB13_40:                              @   in Loop: Header=BB13_14 Depth=1
	.loc	1 1396 3                        @ ../Middlewares/Third_Party/FreeRTOS/Source/queue.c:1396:3
	b	.LBB13_45
.Ltmp353:
.LBB13_41:                              @   in Loop: Header=BB13_14 Depth=1
	.loc	1 1401 20                       @ ../Middlewares/Third_Party/FreeRTOS/Source/queue.c:1401:20
	ldr	r0, [sp, #12]
	.loc	1 1401 4 is_stmt 0              @ ../Middlewares/Third_Party/FreeRTOS/Source/queue.c:1401:4
	bl	prvUnlockQueue
	.loc	1 1402 13 is_stmt 1             @ ../Middlewares/Third_Party/FreeRTOS/Source/queue.c:1402:13
	bl	xTaskResumeAll
.Ltmp354:
	.loc	1 1404 25                       @ ../Middlewares/Third_Party/FreeRTOS/Source/queue.c:1404:25
	ldr	r0, [sp, #12]
	.loc	1 1404 8 is_stmt 0              @ ../Middlewares/Third_Party/FreeRTOS/Source/queue.c:1404:8
	bl	prvIsQueueEmpty
.Ltmp355:
	.loc	1 1404 8                        @ ../Middlewares/Third_Party/FreeRTOS/Source/queue.c:1404:8
	cbz	r0, .LBB13_43
	b	.LBB13_42
.LBB13_42:
	.loc	1 0 8                           @ ../Middlewares/Third_Party/FreeRTOS/Source/queue.c:0:8
	movs	r0, #0
.Ltmp356:
	.loc	1 1407 5 is_stmt 1              @ ../Middlewares/Third_Party/FreeRTOS/Source/queue.c:1407:5
	str	r0, [sp, #40]
	b	.LBB13_46
.Ltmp357:
.LBB13_43:                              @   in Loop: Header=BB13_14 Depth=1
	.loc	1 0 5 is_stmt 0                 @ ../Middlewares/Third_Party/FreeRTOS/Source/queue.c:0:5
	b	.LBB13_44
.LBB13_44:                              @   in Loop: Header=BB13_14 Depth=1
	b	.LBB13_45
.LBB13_45:                              @   in Loop: Header=BB13_14 Depth=1
	.loc	1 1301 2 is_stmt 1              @ ../Middlewares/Third_Party/FreeRTOS/Source/queue.c:1301:2
	b	.LBB13_14
.Ltmp358:
.LBB13_46:
	.loc	1 1415 1                        @ ../Middlewares/Third_Party/FreeRTOS/Source/queue.c:1415:1
	ldr	r0, [sp, #40]
	.loc	1 1415 1 epilogue_begin is_stmt 0 @ ../Middlewares/Third_Party/FreeRTOS/Source/queue.c:1415:1
	add	sp, #56
	pop	{r7, pc}
.Ltmp359:
.Lfunc_end13:
	.size	xQueueReceive, .Lfunc_end13-xQueueReceive
	.cfi_endproc
	.cantunwind
	.fnend
                                        @ -- End function
	.section	.text.prvCopyDataFromQueue,"ax",%progbits
	.p2align	3                               @ -- Begin function prvCopyDataFromQueue
	.type	prvCopyDataFromQueue,%function
	.code	16                              @ @prvCopyDataFromQueue
	.thumb_func
prvCopyDataFromQueue:
.Lfunc_begin14:
	.loc	1 2154 0 is_stmt 1              @ ../Middlewares/Third_Party/FreeRTOS/Source/queue.c:2154:0
	.fnstart
	.cfi_startproc
@ %bb.0:
	.save	{r7, lr}
	push	{r7, lr}
	.cfi_def_cfa_offset 8
	.cfi_offset lr, -4
	.cfi_offset r7, -8
	.pad	#8
	sub	sp, #8
	.cfi_def_cfa_offset 16
	str	r0, [sp, #4]
	str	r1, [sp]
.Ltmp360:
	.loc	1 2155 6 prologue_end           @ ../Middlewares/Third_Party/FreeRTOS/Source/queue.c:2155:6
	ldr	r0, [sp, #4]
	.loc	1 2155 15 is_stmt 0             @ ../Middlewares/Third_Party/FreeRTOS/Source/queue.c:2155:15
	ldr	r0, [r0, #64]
.Ltmp361:
	.loc	1 2155 6                        @ ../Middlewares/Third_Party/FreeRTOS/Source/queue.c:2155:6
	cbz	r0, .LBB14_5
	b	.LBB14_1
.LBB14_1:
.Ltmp362:
	.loc	1 2157 35 is_stmt 1             @ ../Middlewares/Third_Party/FreeRTOS/Source/queue.c:2157:35
	ldr	r1, [sp, #4]
	.loc	1 2157 32 is_stmt 0             @ ../Middlewares/Third_Party/FreeRTOS/Source/queue.c:2157:32
	ldr	r0, [r1, #12]
	.loc	1 2157 44                       @ ../Middlewares/Third_Party/FreeRTOS/Source/queue.c:2157:44
	ldr	r2, [r1, #64]
	.loc	1 2157 32                       @ ../Middlewares/Third_Party/FreeRTOS/Source/queue.c:2157:32
	add	r0, r2
	str	r0, [r1, #12]
.Ltmp363:
	.loc	1 2158 7 is_stmt 1              @ ../Middlewares/Third_Party/FreeRTOS/Source/queue.c:2158:7
	ldr	r0, [sp, #4]
	.loc	1 2158 57 is_stmt 0             @ ../Middlewares/Third_Party/FreeRTOS/Source/queue.c:2158:57
	ldr	r1, [r0, #8]
	.loc	1 2158 25                       @ ../Middlewares/Third_Party/FreeRTOS/Source/queue.c:2158:25
	ldr	r0, [r0, #12]
.Ltmp364:
	.loc	1 2158 7                        @ ../Middlewares/Third_Party/FreeRTOS/Source/queue.c:2158:7
	cmp	r0, r1
	blo	.LBB14_3
	b	.LBB14_2
.LBB14_2:
.Ltmp365:
	.loc	1 2160 35 is_stmt 1             @ ../Middlewares/Third_Party/FreeRTOS/Source/queue.c:2160:35
	ldr	r1, [sp, #4]
	.loc	1 2160 44 is_stmt 0             @ ../Middlewares/Third_Party/FreeRTOS/Source/queue.c:2160:44
	ldr	r0, [r1]
	.loc	1 2160 33                       @ ../Middlewares/Third_Party/FreeRTOS/Source/queue.c:2160:33
	str	r0, [r1, #12]
	.loc	1 2161 3 is_stmt 1              @ ../Middlewares/Third_Party/FreeRTOS/Source/queue.c:2161:3
	b	.LBB14_4
.Ltmp366:
.LBB14_3:
	.loc	1 0 3 is_stmt 0                 @ ../Middlewares/Third_Party/FreeRTOS/Source/queue.c:0:3
	b	.LBB14_4
.LBB14_4:
	.loc	1 2166 31 is_stmt 1             @ ../Middlewares/Third_Party/FreeRTOS/Source/queue.c:2166:31
	ldr	r0, [sp]
	.loc	1 2166 52 is_stmt 0             @ ../Middlewares/Third_Party/FreeRTOS/Source/queue.c:2166:52
	ldr	r2, [sp, #4]
	.loc	1 2166 70                       @ ../Middlewares/Third_Party/FreeRTOS/Source/queue.c:2166:70
	ldr	r1, [r2, #12]
	.loc	1 2166 102                      @ ../Middlewares/Third_Party/FreeRTOS/Source/queue.c:2166:102
	ldr	r2, [r2, #64]
	.loc	1 2166 12                       @ ../Middlewares/Third_Party/FreeRTOS/Source/queue.c:2166:12
	bl	__aeabi_memcpy
	.loc	1 2167 2 is_stmt 1              @ ../Middlewares/Third_Party/FreeRTOS/Source/queue.c:2167:2
	b	.LBB14_5
.Ltmp367:
.LBB14_5:
	.loc	1 2168 1 epilogue_begin         @ ../Middlewares/Third_Party/FreeRTOS/Source/queue.c:2168:1
	add	sp, #8
	pop	{r7, pc}
.Ltmp368:
.Lfunc_end14:
	.size	prvCopyDataFromQueue, .Lfunc_end14-prvCopyDataFromQueue
	.cfi_endproc
	.cantunwind
	.fnend
                                        @ -- End function
	.section	.text.prvIsQueueEmpty,"ax",%progbits
	.p2align	3                               @ -- Begin function prvIsQueueEmpty
	.type	prvIsQueueEmpty,%function
	.code	16                              @ @prvIsQueueEmpty
	.thumb_func
prvIsQueueEmpty:
.Lfunc_begin15:
	.loc	1 2292 0                        @ ../Middlewares/Third_Party/FreeRTOS/Source/queue.c:2292:0
	.fnstart
	.cfi_startproc
@ %bb.0:
	.save	{r7, lr}
	push	{r7, lr}
	.cfi_def_cfa_offset 8
	.cfi_offset lr, -4
	.cfi_offset r7, -8
	.pad	#8
	sub	sp, #8
	.cfi_def_cfa_offset 16
	str	r0, [sp, #4]
.Ltmp369:
	.loc	1 2295 2 prologue_end           @ ../Middlewares/Third_Party/FreeRTOS/Source/queue.c:2295:2
	bl	vPortEnterCritical
.Ltmp370:
	.loc	1 2297 7                        @ ../Middlewares/Third_Party/FreeRTOS/Source/queue.c:2297:7
	ldr	r0, [sp, #4]
	.loc	1 2297 16 is_stmt 0             @ ../Middlewares/Third_Party/FreeRTOS/Source/queue.c:2297:16
	ldr	r0, [r0, #56]
.Ltmp371:
	.loc	1 2297 7                        @ ../Middlewares/Third_Party/FreeRTOS/Source/queue.c:2297:7
	cbnz	r0, .LBB15_2
	b	.LBB15_1
.LBB15_1:
	.loc	1 0 7                           @ ../Middlewares/Third_Party/FreeRTOS/Source/queue.c:0:7
	movs	r0, #1
.Ltmp372:
	.loc	1 2299 12 is_stmt 1             @ ../Middlewares/Third_Party/FreeRTOS/Source/queue.c:2299:12
	str	r0, [sp]
	.loc	1 2300 3                        @ ../Middlewares/Third_Party/FreeRTOS/Source/queue.c:2300:3
	b	.LBB15_3
.Ltmp373:
.LBB15_2:
	.loc	1 0 3 is_stmt 0                 @ ../Middlewares/Third_Party/FreeRTOS/Source/queue.c:0:3
	movs	r0, #0
.Ltmp374:
	.loc	1 2303 12 is_stmt 1             @ ../Middlewares/Third_Party/FreeRTOS/Source/queue.c:2303:12
	str	r0, [sp]
	b	.LBB15_3
.Ltmp375:
.LBB15_3:
	.loc	1 2306 2                        @ ../Middlewares/Third_Party/FreeRTOS/Source/queue.c:2306:2
	bl	vPortExitCritical
	.loc	1 2308 9                        @ ../Middlewares/Third_Party/FreeRTOS/Source/queue.c:2308:9
	ldr	r0, [sp]
	.loc	1 2308 2 epilogue_begin is_stmt 0 @ ../Middlewares/Third_Party/FreeRTOS/Source/queue.c:2308:2
	add	sp, #8
	pop	{r7, pc}
.Ltmp376:
.Lfunc_end15:
	.size	prvIsQueueEmpty, .Lfunc_end15-prvIsQueueEmpty
	.cfi_endproc
	.cantunwind
	.fnend
                                        @ -- End function
	.section	.text.xQueueSemaphoreTake,"ax",%progbits
	.hidden	xQueueSemaphoreTake             @ -- Begin function xQueueSemaphoreTake
	.globl	xQueueSemaphoreTake
	.p2align	3
	.type	xQueueSemaphoreTake,%function
	.code	16                              @ @xQueueSemaphoreTake
	.thumb_func
xQueueSemaphoreTake:
.Lfunc_begin16:
	.loc	1 1419 0 is_stmt 1              @ ../Middlewares/Third_Party/FreeRTOS/Source/queue.c:1419:0
	.fnstart
	.cfi_startproc
@ %bb.0:
	.save	{r7, lr}
	push	{r7, lr}
	.cfi_def_cfa_offset 8
	.cfi_offset lr, -4
	.cfi_offset r7, -8
	.pad	#64
	sub	sp, #64
	.cfi_def_cfa_offset 72
	str	r0, [sp, #40]
	str	r1, [sp, #36]
	movs	r0, #0
.Ltmp377:
	.loc	1 1420 12 prologue_end          @ ../Middlewares/Third_Party/FreeRTOS/Source/queue.c:1420:12
	str	r0, [sp, #32]
	.loc	1 1422 27                       @ ../Middlewares/Third_Party/FreeRTOS/Source/queue.c:1422:27
	ldr	r1, [sp, #40]
	.loc	1 1422 17 is_stmt 0             @ ../Middlewares/Third_Party/FreeRTOS/Source/queue.c:1422:17
	str	r1, [sp, #20]
	.loc	1 1425 13 is_stmt 1             @ ../Middlewares/Third_Party/FreeRTOS/Source/queue.c:1425:13
	str	r0, [sp, #16]
.Ltmp378:
	.loc	1 1429 2                        @ ../Middlewares/Third_Party/FreeRTOS/Source/queue.c:1429:2
	ldr	r0, [sp, #20]
.Ltmp379:
	.loc	1 1429 2 is_stmt 0              @ ../Middlewares/Third_Party/FreeRTOS/Source/queue.c:1429:2
	cbnz	r0, .LBB16_3
	b	.LBB16_1
.LBB16_1:
.Ltmp380:
	.loc	4 195 2 is_stmt 1               @ ../Middlewares/Third_Party/FreeRTOS/Source/portable/RVDS/ARM_CM4F\portmacro.h:195:2
	@APP
	mov.w	r0, #80
	msr	basepri, r0
	isb	sy
	dsb	sy

	@NO_APP
	str	r0, [sp, #60]
.Ltmp381:
	.loc	1 1429 2                        @ ../Middlewares/Third_Party/FreeRTOS/Source/queue.c:1429:2
	b	.LBB16_2
.LBB16_2:                               @ =>This Inner Loop Header: Depth=1
.Ltmp382:
	.loc	1 1429 2 is_stmt 0              @ ../Middlewares/Third_Party/FreeRTOS/Source/queue.c:1429:2
	b	.LBB16_2
.Ltmp383:
.LBB16_3:
	.loc	1 1433 2 is_stmt 1              @ ../Middlewares/Third_Party/FreeRTOS/Source/queue.c:1433:2
	ldr	r0, [sp, #20]
	ldr	r0, [r0, #64]
.Ltmp384:
	.loc	1 1433 2 is_stmt 0              @ ../Middlewares/Third_Party/FreeRTOS/Source/queue.c:1433:2
	cbz	r0, .LBB16_6
	b	.LBB16_4
.LBB16_4:
.Ltmp385:
	.loc	4 195 2 is_stmt 1               @ ../Middlewares/Third_Party/FreeRTOS/Source/portable/RVDS/ARM_CM4F\portmacro.h:195:2
	@APP
	mov.w	r0, #80
	msr	basepri, r0
	isb	sy
	dsb	sy

	@NO_APP
	str	r0, [sp, #56]
.Ltmp386:
	.loc	1 1433 2                        @ ../Middlewares/Third_Party/FreeRTOS/Source/queue.c:1433:2
	b	.LBB16_5
.LBB16_5:                               @ =>This Inner Loop Header: Depth=1
.Ltmp387:
	.loc	1 1433 2 is_stmt 0              @ ../Middlewares/Third_Party/FreeRTOS/Source/queue.c:1433:2
	b	.LBB16_5
.Ltmp388:
.LBB16_6:
	.loc	1 1438 3 is_stmt 1              @ ../Middlewares/Third_Party/FreeRTOS/Source/queue.c:1438:3
	bl	xTaskGetSchedulerState
	mov	r1, r0
	movs	r0, #0
	str	r0, [sp, #4]                    @ 4-byte Spill
	cbnz	r1, .LBB16_8
	b	.LBB16_7
.LBB16_7:
	ldr	r0, [sp, #36]
	cmp	r0, #0
	it	ne
	movne	r0, #1
	str	r0, [sp, #4]                    @ 4-byte Spill
	b	.LBB16_8
.LBB16_8:
	.loc	1 0 0 is_stmt 0                 @ ../Middlewares/Third_Party/FreeRTOS/Source/queue.c:0:0
	ldr	r0, [sp, #4]                    @ 4-byte Reload
.Ltmp389:
	.loc	1 1438 3                        @ ../Middlewares/Third_Party/FreeRTOS/Source/queue.c:1438:3
	lsls	r0, r0, #31
	cbz	r0, .LBB16_11
	b	.LBB16_9
.LBB16_9:
.Ltmp390:
	.loc	4 195 2 is_stmt 1               @ ../Middlewares/Third_Party/FreeRTOS/Source/portable/RVDS/ARM_CM4F\portmacro.h:195:2
	@APP
	mov.w	r0, #80
	msr	basepri, r0
	isb	sy
	dsb	sy

	@NO_APP
	str	r0, [sp, #52]
.Ltmp391:
	.loc	1 1438 3                        @ ../Middlewares/Third_Party/FreeRTOS/Source/queue.c:1438:3
	b	.LBB16_10
.LBB16_10:                              @ =>This Inner Loop Header: Depth=1
.Ltmp392:
	.loc	1 1438 3 is_stmt 0              @ ../Middlewares/Third_Party/FreeRTOS/Source/queue.c:1438:3
	b	.LBB16_10
.Ltmp393:
.LBB16_11:
	.loc	1 1446 2 is_stmt 1              @ ../Middlewares/Third_Party/FreeRTOS/Source/queue.c:1446:2
	b	.LBB16_12
.LBB16_12:                              @ =>This Inner Loop Header: Depth=1
.Ltmp394:
	.loc	1 1448 3                        @ ../Middlewares/Third_Party/FreeRTOS/Source/queue.c:1448:3
	bl	vPortEnterCritical
.Ltmp395:
	.loc	1 1452 41                       @ ../Middlewares/Third_Party/FreeRTOS/Source/queue.c:1452:41
	ldr	r0, [sp, #20]
	.loc	1 1452 50 is_stmt 0             @ ../Middlewares/Third_Party/FreeRTOS/Source/queue.c:1452:50
	ldr	r0, [r0, #56]
	.loc	1 1452 22                       @ ../Middlewares/Third_Party/FreeRTOS/Source/queue.c:1452:22
	str	r0, [sp, #12]
.Ltmp396:
	.loc	1 1456 8 is_stmt 1              @ ../Middlewares/Third_Party/FreeRTOS/Source/queue.c:1456:8
	ldr	r0, [sp, #12]
.Ltmp397:
	.loc	1 1456 8 is_stmt 0              @ ../Middlewares/Third_Party/FreeRTOS/Source/queue.c:1456:8
	cbz	r0, .LBB16_23
	b	.LBB16_13
.LBB16_13:
.Ltmp398:
	.loc	1 1462 34 is_stmt 1             @ ../Middlewares/Third_Party/FreeRTOS/Source/queue.c:1462:34
	ldr	r0, [sp, #12]
	.loc	1 1462 51 is_stmt 0             @ ../Middlewares/Third_Party/FreeRTOS/Source/queue.c:1462:51
	subs	r0, #1
	.loc	1 1462 5                        @ ../Middlewares/Third_Party/FreeRTOS/Source/queue.c:1462:5
	ldr	r1, [sp, #20]
	.loc	1 1462 32                       @ ../Middlewares/Third_Party/FreeRTOS/Source/queue.c:1462:32
	str	r0, [r1, #56]
.Ltmp399:
	.loc	1 1466 10 is_stmt 1             @ ../Middlewares/Third_Party/FreeRTOS/Source/queue.c:1466:10
	ldr	r0, [sp, #20]
	.loc	1 1466 19 is_stmt 0             @ ../Middlewares/Third_Party/FreeRTOS/Source/queue.c:1466:19
	ldr	r0, [r0]
.Ltmp400:
	.loc	1 1466 10                       @ ../Middlewares/Third_Party/FreeRTOS/Source/queue.c:1466:10
	cbnz	r0, .LBB16_15
	b	.LBB16_14
.LBB16_14:
.Ltmp401:
	.loc	1 1470 44 is_stmt 1             @ ../Middlewares/Third_Party/FreeRTOS/Source/queue.c:1470:44
	bl	pvTaskIncrementMutexHeldCount
	.loc	1 1470 7 is_stmt 0              @ ../Middlewares/Third_Party/FreeRTOS/Source/queue.c:1470:7
	ldr	r1, [sp, #20]
	.loc	1 1470 42                       @ ../Middlewares/Third_Party/FreeRTOS/Source/queue.c:1470:42
	str	r0, [r1, #8]
	.loc	1 1471 6 is_stmt 1              @ ../Middlewares/Third_Party/FreeRTOS/Source/queue.c:1471:6
	b	.LBB16_16
.Ltmp402:
.LBB16_15:
	.loc	1 0 6 is_stmt 0                 @ ../Middlewares/Third_Party/FreeRTOS/Source/queue.c:0:6
	b	.LBB16_16
.LBB16_16:
.Ltmp403:
	.loc	1 1481 9 is_stmt 1              @ ../Middlewares/Third_Party/FreeRTOS/Source/queue.c:1481:9
	ldr	r0, [sp, #20]
	ldr	r0, [r0, #16]
.Ltmp404:
	.loc	1 1481 9 is_stmt 0              @ ../Middlewares/Third_Party/FreeRTOS/Source/queue.c:1481:9
	cbz	r0, .LBB16_21
	b	.LBB16_17
.LBB16_17:
.Ltmp405:
	.loc	1 1483 39 is_stmt 1             @ ../Middlewares/Third_Party/FreeRTOS/Source/queue.c:1483:39
	ldr	r0, [sp, #20]
	.loc	1 1483 48 is_stmt 0             @ ../Middlewares/Third_Party/FreeRTOS/Source/queue.c:1483:48
	adds	r0, #16
	.loc	1 1483 10                       @ ../Middlewares/Third_Party/FreeRTOS/Source/queue.c:1483:10
	bl	xTaskRemoveFromEventList
.Ltmp406:
	.loc	1 1483 10                       @ ../Middlewares/Third_Party/FreeRTOS/Source/queue.c:1483:10
	cbz	r0, .LBB16_19
	b	.LBB16_18
.LBB16_18:
	.loc	1 0 10                          @ ../Middlewares/Third_Party/FreeRTOS/Source/queue.c:0:10
	movw	r1, #60676
	movt	r1, #57344
	mov.w	r0, #268435456
.Ltmp407:
	.loc	1 1485 7 is_stmt 1              @ ../Middlewares/Third_Party/FreeRTOS/Source/queue.c:1485:7
	str	r0, [r1]
	@APP
	dsb	sy
	@NO_APP
	@APP
	isb	sy
	@NO_APP
.Ltmp408:
	.loc	1 1486 6                        @ ../Middlewares/Third_Party/FreeRTOS/Source/queue.c:1486:6
	b	.LBB16_20
.Ltmp409:
.LBB16_19:
	.loc	1 0 6 is_stmt 0                 @ ../Middlewares/Third_Party/FreeRTOS/Source/queue.c:0:6
	b	.LBB16_20
.LBB16_20:
	.loc	1 1491 5 is_stmt 1              @ ../Middlewares/Third_Party/FreeRTOS/Source/queue.c:1491:5
	b	.LBB16_22
.Ltmp410:
.LBB16_21:
	.loc	1 0 5 is_stmt 0                 @ ../Middlewares/Third_Party/FreeRTOS/Source/queue.c:0:5
	b	.LBB16_22
.LBB16_22:
	.loc	1 1497 5 is_stmt 1              @ ../Middlewares/Third_Party/FreeRTOS/Source/queue.c:1497:5
	bl	vPortExitCritical
	movs	r0, #1
	.loc	1 1498 5                        @ ../Middlewares/Third_Party/FreeRTOS/Source/queue.c:1498:5
	str	r0, [sp, #44]
	b	.LBB16_55
.Ltmp411:
.LBB16_23:                              @   in Loop: Header=BB16_12 Depth=1
	.loc	1 1502 9                        @ ../Middlewares/Third_Party/FreeRTOS/Source/queue.c:1502:9
	ldr	r0, [sp, #36]
.Ltmp412:
	.loc	1 1502 9 is_stmt 0              @ ../Middlewares/Third_Party/FreeRTOS/Source/queue.c:1502:9
	cbnz	r0, .LBB16_28
	b	.LBB16_24
.LBB16_24:
.Ltmp413:
	.loc	1 1509 7 is_stmt 1              @ ../Middlewares/Third_Party/FreeRTOS/Source/queue.c:1509:7
	ldr	r0, [sp, #16]
.Ltmp414:
	.loc	1 1509 7 is_stmt 0              @ ../Middlewares/Third_Party/FreeRTOS/Source/queue.c:1509:7
	cbz	r0, .LBB16_27
	b	.LBB16_25
.LBB16_25:
.Ltmp415:
	.loc	4 195 2 is_stmt 1               @ ../Middlewares/Third_Party/FreeRTOS/Source/portable/RVDS/ARM_CM4F\portmacro.h:195:2
	@APP
	mov.w	r0, #80
	msr	basepri, r0
	isb	sy
	dsb	sy

	@NO_APP
	str	r0, [sp, #48]
.Ltmp416:
	.loc	1 1509 7                        @ ../Middlewares/Third_Party/FreeRTOS/Source/queue.c:1509:7
	b	.LBB16_26
.LBB16_26:                              @ =>This Inner Loop Header: Depth=1
.Ltmp417:
	.loc	1 1509 7 is_stmt 0              @ ../Middlewares/Third_Party/FreeRTOS/Source/queue.c:1509:7
	b	.LBB16_26
.Ltmp418:
.LBB16_27:
	.loc	1 1515 6 is_stmt 1              @ ../Middlewares/Third_Party/FreeRTOS/Source/queue.c:1515:6
	bl	vPortExitCritical
	movs	r0, #0
	.loc	1 1517 6                        @ ../Middlewares/Third_Party/FreeRTOS/Source/queue.c:1517:6
	str	r0, [sp, #44]
	b	.LBB16_55
.Ltmp419:
.LBB16_28:                              @   in Loop: Header=BB16_12 Depth=1
	.loc	1 1519 14                       @ ../Middlewares/Third_Party/FreeRTOS/Source/queue.c:1519:14
	ldr	r0, [sp, #32]
.Ltmp420:
	.loc	1 1519 14 is_stmt 0             @ ../Middlewares/Third_Party/FreeRTOS/Source/queue.c:1519:14
	cbnz	r0, .LBB16_30
	b	.LBB16_29
.LBB16_29:                              @   in Loop: Header=BB16_12 Depth=1
	.loc	1 0 14                          @ ../Middlewares/Third_Party/FreeRTOS/Source/queue.c:0:14
	add	r0, sp, #24
.Ltmp421:
	.loc	1 1523 6 is_stmt 1              @ ../Middlewares/Third_Party/FreeRTOS/Source/queue.c:1523:6
	bl	vTaskInternalSetTimeOutState
	movs	r0, #1
	.loc	1 1524 20                       @ ../Middlewares/Third_Party/FreeRTOS/Source/queue.c:1524:20
	str	r0, [sp, #32]
	.loc	1 1525 5                        @ ../Middlewares/Third_Party/FreeRTOS/Source/queue.c:1525:5
	b	.LBB16_31
.Ltmp422:
.LBB16_30:                              @   in Loop: Header=BB16_12 Depth=1
	.loc	1 0 5 is_stmt 0                 @ ../Middlewares/Third_Party/FreeRTOS/Source/queue.c:0:5
	b	.LBB16_31
.LBB16_31:                              @   in Loop: Header=BB16_12 Depth=1
	b	.LBB16_32
.LBB16_32:                              @   in Loop: Header=BB16_12 Depth=1
	b	.LBB16_33
.LBB16_33:                              @   in Loop: Header=BB16_12 Depth=1
	.loc	1 1533 3 is_stmt 1              @ ../Middlewares/Third_Party/FreeRTOS/Source/queue.c:1533:3
	bl	vPortExitCritical
	.loc	1 1538 3                        @ ../Middlewares/Third_Party/FreeRTOS/Source/queue.c:1538:3
	bl	vTaskSuspendAll
	.loc	1 1539 3                        @ ../Middlewares/Third_Party/FreeRTOS/Source/queue.c:1539:3
	bl	vPortEnterCritical
.Ltmp423:
	.loc	1 1539 3 is_stmt 0              @ ../Middlewares/Third_Party/FreeRTOS/Source/queue.c:1539:3
	ldr	r0, [sp, #20]
	ldrsb.w	r0, [r0, #68]
.Ltmp424:
	.loc	1 1539 3                        @ ../Middlewares/Third_Party/FreeRTOS/Source/queue.c:1539:3
	adds	r0, #1
	cbnz	r0, .LBB16_35
	b	.LBB16_34
.LBB16_34:                              @   in Loop: Header=BB16_12 Depth=1
.Ltmp425:
	.loc	1 1539 3                        @ ../Middlewares/Third_Party/FreeRTOS/Source/queue.c:1539:3
	ldr	r1, [sp, #20]
	movs	r0, #0
	strb.w	r0, [r1, #68]
	b	.LBB16_35
.Ltmp426:
.LBB16_35:                              @   in Loop: Header=BB16_12 Depth=1
	.loc	1 1539 3                        @ ../Middlewares/Third_Party/FreeRTOS/Source/queue.c:1539:3
	ldr	r0, [sp, #20]
	ldrsb.w	r0, [r0, #69]
.Ltmp427:
	.loc	1 1539 3                        @ ../Middlewares/Third_Party/FreeRTOS/Source/queue.c:1539:3
	adds	r0, #1
	cbnz	r0, .LBB16_37
	b	.LBB16_36
.LBB16_36:                              @   in Loop: Header=BB16_12 Depth=1
.Ltmp428:
	.loc	1 1539 3                        @ ../Middlewares/Third_Party/FreeRTOS/Source/queue.c:1539:3
	ldr	r1, [sp, #20]
	movs	r0, #0
	strb.w	r0, [r1, #69]
	b	.LBB16_37
.Ltmp429:
.LBB16_37:                              @   in Loop: Header=BB16_12 Depth=1
	.loc	1 1539 3                        @ ../Middlewares/Third_Party/FreeRTOS/Source/queue.c:1539:3
	bl	vPortExitCritical
	add	r0, sp, #24
	add	r1, sp, #36
.Ltmp430:
	.loc	1 1542 7 is_stmt 1              @ ../Middlewares/Third_Party/FreeRTOS/Source/queue.c:1542:7
	bl	xTaskCheckForTimeOut
.Ltmp431:
	.loc	1 1542 7 is_stmt 0              @ ../Middlewares/Third_Party/FreeRTOS/Source/queue.c:1542:7
	cbnz	r0, .LBB16_48
	b	.LBB16_38
.LBB16_38:                              @   in Loop: Header=BB16_12 Depth=1
.Ltmp432:
	.loc	1 1548 25 is_stmt 1             @ ../Middlewares/Third_Party/FreeRTOS/Source/queue.c:1548:25
	ldr	r0, [sp, #20]
	.loc	1 1548 8 is_stmt 0              @ ../Middlewares/Third_Party/FreeRTOS/Source/queue.c:1548:8
	bl	prvIsQueueEmpty
.Ltmp433:
	.loc	1 1548 8                        @ ../Middlewares/Third_Party/FreeRTOS/Source/queue.c:1548:8
	cbz	r0, .LBB16_46
	b	.LBB16_39
.LBB16_39:                              @   in Loop: Header=BB16_12 Depth=1
.Ltmp434:
	.loc	1 1554 10 is_stmt 1             @ ../Middlewares/Third_Party/FreeRTOS/Source/queue.c:1554:10
	ldr	r0, [sp, #20]
	.loc	1 1554 19 is_stmt 0             @ ../Middlewares/Third_Party/FreeRTOS/Source/queue.c:1554:19
	ldr	r0, [r0]
.Ltmp435:
	.loc	1 1554 10                       @ ../Middlewares/Third_Party/FreeRTOS/Source/queue.c:1554:10
	cbnz	r0, .LBB16_41
	b	.LBB16_40
.LBB16_40:                              @   in Loop: Header=BB16_12 Depth=1
.Ltmp436:
	.loc	1 1556 7 is_stmt 1              @ ../Middlewares/Third_Party/FreeRTOS/Source/queue.c:1556:7
	bl	vPortEnterCritical
.Ltmp437:
	.loc	1 1558 53                       @ ../Middlewares/Third_Party/FreeRTOS/Source/queue.c:1558:53
	ldr	r0, [sp, #20]
	.loc	1 1558 75 is_stmt 0             @ ../Middlewares/Third_Party/FreeRTOS/Source/queue.c:1558:75
	ldr	r0, [r0, #8]
	.loc	1 1558 31                       @ ../Middlewares/Third_Party/FreeRTOS/Source/queue.c:1558:31
	bl	xTaskPriorityInherit
	.loc	1 1558 29                       @ ../Middlewares/Third_Party/FreeRTOS/Source/queue.c:1558:29
	str	r0, [sp, #16]
.Ltmp438:
	.loc	1 1560 7 is_stmt 1              @ ../Middlewares/Third_Party/FreeRTOS/Source/queue.c:1560:7
	bl	vPortExitCritical
	.loc	1 1561 6                        @ ../Middlewares/Third_Party/FreeRTOS/Source/queue.c:1561:6
	b	.LBB16_42
.Ltmp439:
.LBB16_41:                              @   in Loop: Header=BB16_12 Depth=1
	.loc	1 0 6 is_stmt 0                 @ ../Middlewares/Third_Party/FreeRTOS/Source/queue.c:0:6
	b	.LBB16_42
.LBB16_42:                              @   in Loop: Header=BB16_12 Depth=1
	.loc	1 1569 31 is_stmt 1             @ ../Middlewares/Third_Party/FreeRTOS/Source/queue.c:1569:31
	ldr	r0, [sp, #20]
	.loc	1 1569 40 is_stmt 0             @ ../Middlewares/Third_Party/FreeRTOS/Source/queue.c:1569:40
	adds	r0, #36
	.loc	1 1569 66                       @ ../Middlewares/Third_Party/FreeRTOS/Source/queue.c:1569:66
	ldr	r1, [sp, #36]
	.loc	1 1569 5                        @ ../Middlewares/Third_Party/FreeRTOS/Source/queue.c:1569:5
	bl	vTaskPlaceOnEventList
	.loc	1 1570 21 is_stmt 1             @ ../Middlewares/Third_Party/FreeRTOS/Source/queue.c:1570:21
	ldr	r0, [sp, #20]
	.loc	1 1570 5 is_stmt 0              @ ../Middlewares/Third_Party/FreeRTOS/Source/queue.c:1570:5
	bl	prvUnlockQueue
.Ltmp440:
	.loc	1 1571 9 is_stmt 1              @ ../Middlewares/Third_Party/FreeRTOS/Source/queue.c:1571:9
	bl	xTaskResumeAll
.Ltmp441:
	.loc	1 1571 9 is_stmt 0              @ ../Middlewares/Third_Party/FreeRTOS/Source/queue.c:1571:9
	cbnz	r0, .LBB16_44
	b	.LBB16_43
.LBB16_43:                              @   in Loop: Header=BB16_12 Depth=1
	.loc	1 0 9                           @ ../Middlewares/Third_Party/FreeRTOS/Source/queue.c:0:9
	movw	r1, #60676
	movt	r1, #57344
	mov.w	r0, #268435456
.Ltmp442:
	.loc	1 1573 6 is_stmt 1              @ ../Middlewares/Third_Party/FreeRTOS/Source/queue.c:1573:6
	str	r0, [r1]
	@APP
	dsb	sy
	@NO_APP
	@APP
	isb	sy
	@NO_APP
.Ltmp443:
	.loc	1 1574 5                        @ ../Middlewares/Third_Party/FreeRTOS/Source/queue.c:1574:5
	b	.LBB16_45
.Ltmp444:
.LBB16_44:                              @   in Loop: Header=BB16_12 Depth=1
	.loc	1 0 5 is_stmt 0                 @ ../Middlewares/Third_Party/FreeRTOS/Source/queue.c:0:5
	b	.LBB16_45
.LBB16_45:                              @   in Loop: Header=BB16_12 Depth=1
	.loc	1 1579 4 is_stmt 1              @ ../Middlewares/Third_Party/FreeRTOS/Source/queue.c:1579:4
	b	.LBB16_47
.Ltmp445:
.LBB16_46:                              @   in Loop: Header=BB16_12 Depth=1
	.loc	1 1584 21                       @ ../Middlewares/Third_Party/FreeRTOS/Source/queue.c:1584:21
	ldr	r0, [sp, #20]
	.loc	1 1584 5 is_stmt 0              @ ../Middlewares/Third_Party/FreeRTOS/Source/queue.c:1584:5
	bl	prvUnlockQueue
	.loc	1 1585 14 is_stmt 1             @ ../Middlewares/Third_Party/FreeRTOS/Source/queue.c:1585:14
	bl	xTaskResumeAll
	b	.LBB16_47
.Ltmp446:
.LBB16_47:                              @   in Loop: Header=BB16_12 Depth=1
	.loc	1 1587 3                        @ ../Middlewares/Third_Party/FreeRTOS/Source/queue.c:1587:3
	b	.LBB16_54
.Ltmp447:
.LBB16_48:                              @   in Loop: Header=BB16_12 Depth=1
	.loc	1 1591 20                       @ ../Middlewares/Third_Party/FreeRTOS/Source/queue.c:1591:20
	ldr	r0, [sp, #20]
	.loc	1 1591 4 is_stmt 0              @ ../Middlewares/Third_Party/FreeRTOS/Source/queue.c:1591:4
	bl	prvUnlockQueue
	.loc	1 1592 13 is_stmt 1             @ ../Middlewares/Third_Party/FreeRTOS/Source/queue.c:1592:13
	bl	xTaskResumeAll
.Ltmp448:
	.loc	1 1598 25                       @ ../Middlewares/Third_Party/FreeRTOS/Source/queue.c:1598:25
	ldr	r0, [sp, #20]
	.loc	1 1598 8 is_stmt 0              @ ../Middlewares/Third_Party/FreeRTOS/Source/queue.c:1598:8
	bl	prvIsQueueEmpty
.Ltmp449:
	.loc	1 1598 8                        @ ../Middlewares/Third_Party/FreeRTOS/Source/queue.c:1598:8
	cbz	r0, .LBB16_52
	b	.LBB16_49
.LBB16_49:
.Ltmp450:
	.loc	1 1605 10 is_stmt 1             @ ../Middlewares/Third_Party/FreeRTOS/Source/queue.c:1605:10
	ldr	r0, [sp, #16]
.Ltmp451:
	.loc	1 1605 10 is_stmt 0             @ ../Middlewares/Third_Party/FreeRTOS/Source/queue.c:1605:10
	cbz	r0, .LBB16_51
	b	.LBB16_50
.LBB16_50:
.Ltmp452:
	.loc	1 1607 7 is_stmt 1              @ ../Middlewares/Third_Party/FreeRTOS/Source/queue.c:1607:7
	bl	vPortEnterCritical
.Ltmp453:
	.loc	1 1616 73                       @ ../Middlewares/Third_Party/FreeRTOS/Source/queue.c:1616:73
	ldr	r0, [sp, #20]
	.loc	1 1616 35 is_stmt 0             @ ../Middlewares/Third_Party/FreeRTOS/Source/queue.c:1616:35
	bl	prvGetDisinheritPriorityAfterTimeout
	.loc	1 1616 33                       @ ../Middlewares/Third_Party/FreeRTOS/Source/queue.c:1616:33
	str	r0, [sp, #8]
	.loc	1 1617 45 is_stmt 1             @ ../Middlewares/Third_Party/FreeRTOS/Source/queue.c:1617:45
	ldr	r0, [sp, #20]
	.loc	1 1617 67 is_stmt 0             @ ../Middlewares/Third_Party/FreeRTOS/Source/queue.c:1617:67
	ldr	r0, [r0, #8]
	.loc	1 1617 81                       @ ../Middlewares/Third_Party/FreeRTOS/Source/queue.c:1617:81
	ldr	r1, [sp, #8]
	.loc	1 1617 8                        @ ../Middlewares/Third_Party/FreeRTOS/Source/queue.c:1617:8
	bl	vTaskPriorityDisinheritAfterTimeout
.Ltmp454:
	.loc	1 1619 7 is_stmt 1              @ ../Middlewares/Third_Party/FreeRTOS/Source/queue.c:1619:7
	bl	vPortExitCritical
	.loc	1 1620 6                        @ ../Middlewares/Third_Party/FreeRTOS/Source/queue.c:1620:6
	b	.LBB16_51
.Ltmp455:
.LBB16_51:
	.loc	1 0 6 is_stmt 0                 @ ../Middlewares/Third_Party/FreeRTOS/Source/queue.c:0:6
	movs	r0, #0
	.loc	1 1625 5 is_stmt 1              @ ../Middlewares/Third_Party/FreeRTOS/Source/queue.c:1625:5
	str	r0, [sp, #44]
	b	.LBB16_55
.Ltmp456:
.LBB16_52:                              @   in Loop: Header=BB16_12 Depth=1
	.loc	1 0 5 is_stmt 0                 @ ../Middlewares/Third_Party/FreeRTOS/Source/queue.c:0:5
	b	.LBB16_53
.LBB16_53:                              @   in Loop: Header=BB16_12 Depth=1
	b	.LBB16_54
.LBB16_54:                              @   in Loop: Header=BB16_12 Depth=1
	.loc	1 1446 2 is_stmt 1              @ ../Middlewares/Third_Party/FreeRTOS/Source/queue.c:1446:2
	b	.LBB16_12
.Ltmp457:
.LBB16_55:
	.loc	1 1633 1                        @ ../Middlewares/Third_Party/FreeRTOS/Source/queue.c:1633:1
	ldr	r0, [sp, #44]
	.loc	1 1633 1 epilogue_begin is_stmt 0 @ ../Middlewares/Third_Party/FreeRTOS/Source/queue.c:1633:1
	add	sp, #64
	pop	{r7, pc}
.Ltmp458:
.Lfunc_end16:
	.size	xQueueSemaphoreTake, .Lfunc_end16-xQueueSemaphoreTake
	.cfi_endproc
	.cantunwind
	.fnend
                                        @ -- End function
	.section	.text.prvGetDisinheritPriorityAfterTimeout,"ax",%progbits
	.p2align	3                               @ -- Begin function prvGetDisinheritPriorityAfterTimeout
	.type	prvGetDisinheritPriorityAfterTimeout,%function
	.code	16                              @ @prvGetDisinheritPriorityAfterTimeout
	.thumb_func
prvGetDisinheritPriorityAfterTimeout:
.Lfunc_begin17:
	.loc	1 2050 0 is_stmt 1              @ ../Middlewares/Third_Party/FreeRTOS/Source/queue.c:2050:0
	.fnstart
	.cfi_startproc
@ %bb.0:
	.pad	#8
	sub	sp, #8
	.cfi_def_cfa_offset 8
	str	r0, [sp, #4]
.Ltmp459:
	.loc	1 2059 7 prologue_end           @ ../Middlewares/Third_Party/FreeRTOS/Source/queue.c:2059:7
	ldr	r0, [sp, #4]
	ldr	r0, [r0, #36]
.Ltmp460:
	.loc	1 2059 7 is_stmt 0              @ ../Middlewares/Third_Party/FreeRTOS/Source/queue.c:2059:7
	cbz	r0, .LBB17_2
	b	.LBB17_1
.LBB17_1:
.Ltmp461:
	.loc	1 2061 93 is_stmt 1             @ ../Middlewares/Third_Party/FreeRTOS/Source/queue.c:2061:93
	ldr	r0, [sp, #4]
	ldr	r0, [r0, #48]
	ldr	r0, [r0]
	.loc	1 2061 75 is_stmt 0             @ ../Middlewares/Third_Party/FreeRTOS/Source/queue.c:2061:75
	rsb.w	r0, r0, #7
	.loc	1 2061 36                       @ ../Middlewares/Third_Party/FreeRTOS/Source/queue.c:2061:36
	str	r0, [sp]
	.loc	1 2062 3 is_stmt 1              @ ../Middlewares/Third_Party/FreeRTOS/Source/queue.c:2062:3
	b	.LBB17_3
.Ltmp462:
.LBB17_2:
	.loc	1 0 3 is_stmt 0                 @ ../Middlewares/Third_Party/FreeRTOS/Source/queue.c:0:3
	movs	r0, #0
.Ltmp463:
	.loc	1 2065 36 is_stmt 1             @ ../Middlewares/Third_Party/FreeRTOS/Source/queue.c:2065:36
	str	r0, [sp]
	b	.LBB17_3
.Ltmp464:
.LBB17_3:
	.loc	1 2068 10                       @ ../Middlewares/Third_Party/FreeRTOS/Source/queue.c:2068:10
	ldr	r0, [sp]
	.loc	1 2068 3 epilogue_begin is_stmt 0 @ ../Middlewares/Third_Party/FreeRTOS/Source/queue.c:2068:3
	add	sp, #8
	bx	lr
.Ltmp465:
.Lfunc_end17:
	.size	prvGetDisinheritPriorityAfterTimeout, .Lfunc_end17-prvGetDisinheritPriorityAfterTimeout
	.cfi_endproc
	.cantunwind
	.fnend
                                        @ -- End function
	.section	.text.xQueuePeek,"ax",%progbits
	.hidden	xQueuePeek                      @ -- Begin function xQueuePeek
	.globl	xQueuePeek
	.p2align	3
	.type	xQueuePeek,%function
	.code	16                              @ @xQueuePeek
	.thumb_func
xQueuePeek:
.Lfunc_begin18:
	.loc	1 1637 0 is_stmt 1              @ ../Middlewares/Third_Party/FreeRTOS/Source/queue.c:1637:0
	.fnstart
	.cfi_startproc
@ %bb.0:
	.save	{r7, lr}
	push	{r7, lr}
	.cfi_def_cfa_offset 8
	.cfi_offset lr, -4
	.cfi_offset r7, -8
	.pad	#64
	sub	sp, #64
	.cfi_def_cfa_offset 72
	str	r0, [sp, #44]
	str	r1, [sp, #40]
	str	r2, [sp, #36]
	movs	r0, #0
.Ltmp466:
	.loc	1 1638 12 prologue_end          @ ../Middlewares/Third_Party/FreeRTOS/Source/queue.c:1638:12
	str	r0, [sp, #32]
	.loc	1 1641 27                       @ ../Middlewares/Third_Party/FreeRTOS/Source/queue.c:1641:27
	ldr	r0, [sp, #44]
	.loc	1 1641 17 is_stmt 0             @ ../Middlewares/Third_Party/FreeRTOS/Source/queue.c:1641:17
	str	r0, [sp, #16]
.Ltmp467:
	.loc	1 1644 2 is_stmt 1              @ ../Middlewares/Third_Party/FreeRTOS/Source/queue.c:1644:2
	ldr	r0, [sp, #16]
.Ltmp468:
	.loc	1 1644 2 is_stmt 0              @ ../Middlewares/Third_Party/FreeRTOS/Source/queue.c:1644:2
	cbnz	r0, .LBB18_3
	b	.LBB18_1
.LBB18_1:
.Ltmp469:
	.loc	4 195 2 is_stmt 1               @ ../Middlewares/Third_Party/FreeRTOS/Source/portable/RVDS/ARM_CM4F\portmacro.h:195:2
	@APP
	mov.w	r0, #80
	msr	basepri, r0
	isb	sy
	dsb	sy

	@NO_APP
	str	r0, [sp, #60]
.Ltmp470:
	.loc	1 1644 2                        @ ../Middlewares/Third_Party/FreeRTOS/Source/queue.c:1644:2
	b	.LBB18_2
.LBB18_2:                               @ =>This Inner Loop Header: Depth=1
.Ltmp471:
	.loc	1 1644 2 is_stmt 0              @ ../Middlewares/Third_Party/FreeRTOS/Source/queue.c:1644:2
	b	.LBB18_2
.Ltmp472:
.LBB18_3:
	.loc	1 1648 2 is_stmt 1              @ ../Middlewares/Third_Party/FreeRTOS/Source/queue.c:1648:2
	ldr	r1, [sp, #40]
	movs	r0, #0
	str	r0, [sp, #8]                    @ 4-byte Spill
	cbnz	r1, .LBB18_5
	b	.LBB18_4
.LBB18_4:
	ldr	r0, [sp, #16]
	ldr	r0, [r0, #64]
	cmp	r0, #0
	it	ne
	movne	r0, #1
	str	r0, [sp, #8]                    @ 4-byte Spill
	b	.LBB18_5
.LBB18_5:
	.loc	1 0 0 is_stmt 0                 @ ../Middlewares/Third_Party/FreeRTOS/Source/queue.c:0:0
	ldr	r0, [sp, #8]                    @ 4-byte Reload
.Ltmp473:
	.loc	1 1648 2                        @ ../Middlewares/Third_Party/FreeRTOS/Source/queue.c:1648:2
	lsls	r0, r0, #31
	cbz	r0, .LBB18_8
	b	.LBB18_6
.LBB18_6:
.Ltmp474:
	.loc	4 195 2 is_stmt 1               @ ../Middlewares/Third_Party/FreeRTOS/Source/portable/RVDS/ARM_CM4F\portmacro.h:195:2
	@APP
	mov.w	r0, #80
	msr	basepri, r0
	isb	sy
	dsb	sy

	@NO_APP
	str	r0, [sp, #56]
.Ltmp475:
	.loc	1 1648 2                        @ ../Middlewares/Third_Party/FreeRTOS/Source/queue.c:1648:2
	b	.LBB18_7
.LBB18_7:                               @ =>This Inner Loop Header: Depth=1
.Ltmp476:
	.loc	1 1648 2 is_stmt 0              @ ../Middlewares/Third_Party/FreeRTOS/Source/queue.c:1648:2
	b	.LBB18_7
.Ltmp477:
.LBB18_8:
	.loc	1 1653 3 is_stmt 1              @ ../Middlewares/Third_Party/FreeRTOS/Source/queue.c:1653:3
	bl	xTaskGetSchedulerState
	mov	r1, r0
	movs	r0, #0
	str	r0, [sp, #4]                    @ 4-byte Spill
	cbnz	r1, .LBB18_10
	b	.LBB18_9
.LBB18_9:
	ldr	r0, [sp, #36]
	cmp	r0, #0
	it	ne
	movne	r0, #1
	str	r0, [sp, #4]                    @ 4-byte Spill
	b	.LBB18_10
.LBB18_10:
	.loc	1 0 0 is_stmt 0                 @ ../Middlewares/Third_Party/FreeRTOS/Source/queue.c:0:0
	ldr	r0, [sp, #4]                    @ 4-byte Reload
.Ltmp478:
	.loc	1 1653 3                        @ ../Middlewares/Third_Party/FreeRTOS/Source/queue.c:1653:3
	lsls	r0, r0, #31
	cbz	r0, .LBB18_13
	b	.LBB18_11
.LBB18_11:
.Ltmp479:
	.loc	4 195 2 is_stmt 1               @ ../Middlewares/Third_Party/FreeRTOS/Source/portable/RVDS/ARM_CM4F\portmacro.h:195:2
	@APP
	mov.w	r0, #80
	msr	basepri, r0
	isb	sy
	dsb	sy

	@NO_APP
	str	r0, [sp, #52]
.Ltmp480:
	.loc	1 1653 3                        @ ../Middlewares/Third_Party/FreeRTOS/Source/queue.c:1653:3
	b	.LBB18_12
.LBB18_12:                              @ =>This Inner Loop Header: Depth=1
.Ltmp481:
	.loc	1 1653 3 is_stmt 0              @ ../Middlewares/Third_Party/FreeRTOS/Source/queue.c:1653:3
	b	.LBB18_12
.Ltmp482:
.LBB18_13:
	.loc	1 1661 2 is_stmt 1              @ ../Middlewares/Third_Party/FreeRTOS/Source/queue.c:1661:2
	b	.LBB18_14
.LBB18_14:                              @ =>This Inner Loop Header: Depth=1
.Ltmp483:
	.loc	1 1663 3                        @ ../Middlewares/Third_Party/FreeRTOS/Source/queue.c:1663:3
	bl	vPortEnterCritical
.Ltmp484:
	.loc	1 1665 42                       @ ../Middlewares/Third_Party/FreeRTOS/Source/queue.c:1665:42
	ldr	r0, [sp, #16]
	.loc	1 1665 51 is_stmt 0             @ ../Middlewares/Third_Party/FreeRTOS/Source/queue.c:1665:51
	ldr	r0, [r0, #56]
	.loc	1 1665 22                       @ ../Middlewares/Third_Party/FreeRTOS/Source/queue.c:1665:22
	str	r0, [sp, #12]
.Ltmp485:
	.loc	1 1669 8 is_stmt 1              @ ../Middlewares/Third_Party/FreeRTOS/Source/queue.c:1669:8
	ldr	r0, [sp, #12]
.Ltmp486:
	.loc	1 1669 8 is_stmt 0              @ ../Middlewares/Third_Party/FreeRTOS/Source/queue.c:1669:8
	cbz	r0, .LBB18_22
	b	.LBB18_15
.LBB18_15:
.Ltmp487:
	.loc	1 1674 30 is_stmt 1             @ ../Middlewares/Third_Party/FreeRTOS/Source/queue.c:1674:30
	ldr	r0, [sp, #16]
	.loc	1 1674 48 is_stmt 0             @ ../Middlewares/Third_Party/FreeRTOS/Source/queue.c:1674:48
	ldr	r0, [r0, #12]
	.loc	1 1674 28                       @ ../Middlewares/Third_Party/FreeRTOS/Source/queue.c:1674:28
	str	r0, [sp, #20]
	.loc	1 1676 27 is_stmt 1             @ ../Middlewares/Third_Party/FreeRTOS/Source/queue.c:1676:27
	ldr	r0, [sp, #16]
	.loc	1 1676 36 is_stmt 0             @ ../Middlewares/Third_Party/FreeRTOS/Source/queue.c:1676:36
	ldr	r1, [sp, #40]
	.loc	1 1676 5                        @ ../Middlewares/Third_Party/FreeRTOS/Source/queue.c:1676:5
	bl	prvCopyDataFromQueue
	.loc	1 1680 36 is_stmt 1             @ ../Middlewares/Third_Party/FreeRTOS/Source/queue.c:1680:36
	ldr	r0, [sp, #20]
	.loc	1 1680 5 is_stmt 0              @ ../Middlewares/Third_Party/FreeRTOS/Source/queue.c:1680:5
	ldr	r1, [sp, #16]
	.loc	1 1680 34                       @ ../Middlewares/Third_Party/FreeRTOS/Source/queue.c:1680:34
	str	r0, [r1, #12]
.Ltmp488:
	.loc	1 1684 9 is_stmt 1              @ ../Middlewares/Third_Party/FreeRTOS/Source/queue.c:1684:9
	ldr	r0, [sp, #16]
	ldr	r0, [r0, #36]
.Ltmp489:
	.loc	1 1684 9 is_stmt 0              @ ../Middlewares/Third_Party/FreeRTOS/Source/queue.c:1684:9
	cbz	r0, .LBB18_20
	b	.LBB18_16
.LBB18_16:
.Ltmp490:
	.loc	1 1686 39 is_stmt 1             @ ../Middlewares/Third_Party/FreeRTOS/Source/queue.c:1686:39
	ldr	r0, [sp, #16]
	.loc	1 1686 48 is_stmt 0             @ ../Middlewares/Third_Party/FreeRTOS/Source/queue.c:1686:48
	adds	r0, #36
	.loc	1 1686 10                       @ ../Middlewares/Third_Party/FreeRTOS/Source/queue.c:1686:10
	bl	xTaskRemoveFromEventList
.Ltmp491:
	.loc	1 1686 10                       @ ../Middlewares/Third_Party/FreeRTOS/Source/queue.c:1686:10
	cbz	r0, .LBB18_18
	b	.LBB18_17
.LBB18_17:
	.loc	1 0 10                          @ ../Middlewares/Third_Party/FreeRTOS/Source/queue.c:0:10
	movw	r1, #60676
	movt	r1, #57344
	mov.w	r0, #268435456
.Ltmp492:
	.loc	1 1689 7 is_stmt 1              @ ../Middlewares/Third_Party/FreeRTOS/Source/queue.c:1689:7
	str	r0, [r1]
	@APP
	dsb	sy
	@NO_APP
	@APP
	isb	sy
	@NO_APP
.Ltmp493:
	.loc	1 1690 6                        @ ../Middlewares/Third_Party/FreeRTOS/Source/queue.c:1690:6
	b	.LBB18_19
.Ltmp494:
.LBB18_18:
	.loc	1 0 6 is_stmt 0                 @ ../Middlewares/Third_Party/FreeRTOS/Source/queue.c:0:6
	b	.LBB18_19
.LBB18_19:
	.loc	1 1695 5 is_stmt 1              @ ../Middlewares/Third_Party/FreeRTOS/Source/queue.c:1695:5
	b	.LBB18_21
.Ltmp495:
.LBB18_20:
	.loc	1 0 5 is_stmt 0                 @ ../Middlewares/Third_Party/FreeRTOS/Source/queue.c:0:5
	b	.LBB18_21
.LBB18_21:
	.loc	1 1701 5 is_stmt 1              @ ../Middlewares/Third_Party/FreeRTOS/Source/queue.c:1701:5
	bl	vPortExitCritical
	movs	r0, #1
	.loc	1 1702 5                        @ ../Middlewares/Third_Party/FreeRTOS/Source/queue.c:1702:5
	str	r0, [sp, #48]
	b	.LBB18_46
.Ltmp496:
.LBB18_22:                              @   in Loop: Header=BB18_14 Depth=1
	.loc	1 1706 9                        @ ../Middlewares/Third_Party/FreeRTOS/Source/queue.c:1706:9
	ldr	r0, [sp, #36]
.Ltmp497:
	.loc	1 1706 9 is_stmt 0              @ ../Middlewares/Third_Party/FreeRTOS/Source/queue.c:1706:9
	cbnz	r0, .LBB18_24
	b	.LBB18_23
.LBB18_23:
.Ltmp498:
	.loc	1 1710 6 is_stmt 1              @ ../Middlewares/Third_Party/FreeRTOS/Source/queue.c:1710:6
	bl	vPortExitCritical
	movs	r0, #0
	.loc	1 1712 6                        @ ../Middlewares/Third_Party/FreeRTOS/Source/queue.c:1712:6
	str	r0, [sp, #48]
	b	.LBB18_46
.Ltmp499:
.LBB18_24:                              @   in Loop: Header=BB18_14 Depth=1
	.loc	1 1714 14                       @ ../Middlewares/Third_Party/FreeRTOS/Source/queue.c:1714:14
	ldr	r0, [sp, #32]
.Ltmp500:
	.loc	1 1714 14 is_stmt 0             @ ../Middlewares/Third_Party/FreeRTOS/Source/queue.c:1714:14
	cbnz	r0, .LBB18_26
	b	.LBB18_25
.LBB18_25:                              @   in Loop: Header=BB18_14 Depth=1
	.loc	1 0 14                          @ ../Middlewares/Third_Party/FreeRTOS/Source/queue.c:0:14
	add	r0, sp, #24
.Ltmp501:
	.loc	1 1719 6 is_stmt 1              @ ../Middlewares/Third_Party/FreeRTOS/Source/queue.c:1719:6
	bl	vTaskInternalSetTimeOutState
	movs	r0, #1
	.loc	1 1720 20                       @ ../Middlewares/Third_Party/FreeRTOS/Source/queue.c:1720:20
	str	r0, [sp, #32]
	.loc	1 1721 5                        @ ../Middlewares/Third_Party/FreeRTOS/Source/queue.c:1721:5
	b	.LBB18_27
.Ltmp502:
.LBB18_26:                              @   in Loop: Header=BB18_14 Depth=1
	.loc	1 0 5 is_stmt 0                 @ ../Middlewares/Third_Party/FreeRTOS/Source/queue.c:0:5
	b	.LBB18_27
.LBB18_27:                              @   in Loop: Header=BB18_14 Depth=1
	b	.LBB18_28
.LBB18_28:                              @   in Loop: Header=BB18_14 Depth=1
	b	.LBB18_29
.LBB18_29:                              @   in Loop: Header=BB18_14 Depth=1
	.loc	1 1729 3 is_stmt 1              @ ../Middlewares/Third_Party/FreeRTOS/Source/queue.c:1729:3
	bl	vPortExitCritical
	.loc	1 1734 3                        @ ../Middlewares/Third_Party/FreeRTOS/Source/queue.c:1734:3
	bl	vTaskSuspendAll
	.loc	1 1735 3                        @ ../Middlewares/Third_Party/FreeRTOS/Source/queue.c:1735:3
	bl	vPortEnterCritical
.Ltmp503:
	.loc	1 1735 3 is_stmt 0              @ ../Middlewares/Third_Party/FreeRTOS/Source/queue.c:1735:3
	ldr	r0, [sp, #16]
	ldrsb.w	r0, [r0, #68]
.Ltmp504:
	.loc	1 1735 3                        @ ../Middlewares/Third_Party/FreeRTOS/Source/queue.c:1735:3
	adds	r0, #1
	cbnz	r0, .LBB18_31
	b	.LBB18_30
.LBB18_30:                              @   in Loop: Header=BB18_14 Depth=1
.Ltmp505:
	.loc	1 1735 3                        @ ../Middlewares/Third_Party/FreeRTOS/Source/queue.c:1735:3
	ldr	r1, [sp, #16]
	movs	r0, #0
	strb.w	r0, [r1, #68]
	b	.LBB18_31
.Ltmp506:
.LBB18_31:                              @   in Loop: Header=BB18_14 Depth=1
	.loc	1 1735 3                        @ ../Middlewares/Third_Party/FreeRTOS/Source/queue.c:1735:3
	ldr	r0, [sp, #16]
	ldrsb.w	r0, [r0, #69]
.Ltmp507:
	.loc	1 1735 3                        @ ../Middlewares/Third_Party/FreeRTOS/Source/queue.c:1735:3
	adds	r0, #1
	cbnz	r0, .LBB18_33
	b	.LBB18_32
.LBB18_32:                              @   in Loop: Header=BB18_14 Depth=1
.Ltmp508:
	.loc	1 1735 3                        @ ../Middlewares/Third_Party/FreeRTOS/Source/queue.c:1735:3
	ldr	r1, [sp, #16]
	movs	r0, #0
	strb.w	r0, [r1, #69]
	b	.LBB18_33
.Ltmp509:
.LBB18_33:                              @   in Loop: Header=BB18_14 Depth=1
	.loc	1 1735 3                        @ ../Middlewares/Third_Party/FreeRTOS/Source/queue.c:1735:3
	bl	vPortExitCritical
	add	r0, sp, #24
	add	r1, sp, #36
.Ltmp510:
	.loc	1 1738 7 is_stmt 1              @ ../Middlewares/Third_Party/FreeRTOS/Source/queue.c:1738:7
	bl	xTaskCheckForTimeOut
.Ltmp511:
	.loc	1 1738 7 is_stmt 0              @ ../Middlewares/Third_Party/FreeRTOS/Source/queue.c:1738:7
	cbnz	r0, .LBB18_41
	b	.LBB18_34
.LBB18_34:                              @   in Loop: Header=BB18_14 Depth=1
.Ltmp512:
	.loc	1 1742 25 is_stmt 1             @ ../Middlewares/Third_Party/FreeRTOS/Source/queue.c:1742:25
	ldr	r0, [sp, #16]
	.loc	1 1742 8 is_stmt 0              @ ../Middlewares/Third_Party/FreeRTOS/Source/queue.c:1742:8
	bl	prvIsQueueEmpty
.Ltmp513:
	.loc	1 1742 8                        @ ../Middlewares/Third_Party/FreeRTOS/Source/queue.c:1742:8
	cbz	r0, .LBB18_39
	b	.LBB18_35
.LBB18_35:                              @   in Loop: Header=BB18_14 Depth=1
.Ltmp514:
	.loc	1 1745 31 is_stmt 1             @ ../Middlewares/Third_Party/FreeRTOS/Source/queue.c:1745:31
	ldr	r0, [sp, #16]
	.loc	1 1745 40 is_stmt 0             @ ../Middlewares/Third_Party/FreeRTOS/Source/queue.c:1745:40
	adds	r0, #36
	.loc	1 1745 66                       @ ../Middlewares/Third_Party/FreeRTOS/Source/queue.c:1745:66
	ldr	r1, [sp, #36]
	.loc	1 1745 5                        @ ../Middlewares/Third_Party/FreeRTOS/Source/queue.c:1745:5
	bl	vTaskPlaceOnEventList
	.loc	1 1746 21 is_stmt 1             @ ../Middlewares/Third_Party/FreeRTOS/Source/queue.c:1746:21
	ldr	r0, [sp, #16]
	.loc	1 1746 5 is_stmt 0              @ ../Middlewares/Third_Party/FreeRTOS/Source/queue.c:1746:5
	bl	prvUnlockQueue
.Ltmp515:
	.loc	1 1747 9 is_stmt 1              @ ../Middlewares/Third_Party/FreeRTOS/Source/queue.c:1747:9
	bl	xTaskResumeAll
.Ltmp516:
	.loc	1 1747 9 is_stmt 0              @ ../Middlewares/Third_Party/FreeRTOS/Source/queue.c:1747:9
	cbnz	r0, .LBB18_37
	b	.LBB18_36
.LBB18_36:                              @   in Loop: Header=BB18_14 Depth=1
	.loc	1 0 9                           @ ../Middlewares/Third_Party/FreeRTOS/Source/queue.c:0:9
	movw	r1, #60676
	movt	r1, #57344
	mov.w	r0, #268435456
.Ltmp517:
	.loc	1 1749 6 is_stmt 1              @ ../Middlewares/Third_Party/FreeRTOS/Source/queue.c:1749:6
	str	r0, [r1]
	@APP
	dsb	sy
	@NO_APP
	@APP
	isb	sy
	@NO_APP
.Ltmp518:
	.loc	1 1750 5                        @ ../Middlewares/Third_Party/FreeRTOS/Source/queue.c:1750:5
	b	.LBB18_38
.Ltmp519:
.LBB18_37:                              @   in Loop: Header=BB18_14 Depth=1
	.loc	1 0 5 is_stmt 0                 @ ../Middlewares/Third_Party/FreeRTOS/Source/queue.c:0:5
	b	.LBB18_38
.LBB18_38:                              @   in Loop: Header=BB18_14 Depth=1
	.loc	1 1755 4 is_stmt 1              @ ../Middlewares/Third_Party/FreeRTOS/Source/queue.c:1755:4
	b	.LBB18_40
.Ltmp520:
.LBB18_39:                              @   in Loop: Header=BB18_14 Depth=1
	.loc	1 1760 21                       @ ../Middlewares/Third_Party/FreeRTOS/Source/queue.c:1760:21
	ldr	r0, [sp, #16]
	.loc	1 1760 5 is_stmt 0              @ ../Middlewares/Third_Party/FreeRTOS/Source/queue.c:1760:5
	bl	prvUnlockQueue
	.loc	1 1761 14 is_stmt 1             @ ../Middlewares/Third_Party/FreeRTOS/Source/queue.c:1761:14
	bl	xTaskResumeAll
	b	.LBB18_40
.Ltmp521:
.LBB18_40:                              @   in Loop: Header=BB18_14 Depth=1
	.loc	1 1763 3                        @ ../Middlewares/Third_Party/FreeRTOS/Source/queue.c:1763:3
	b	.LBB18_45
.Ltmp522:
.LBB18_41:                              @   in Loop: Header=BB18_14 Depth=1
	.loc	1 1768 20                       @ ../Middlewares/Third_Party/FreeRTOS/Source/queue.c:1768:20
	ldr	r0, [sp, #16]
	.loc	1 1768 4 is_stmt 0              @ ../Middlewares/Third_Party/FreeRTOS/Source/queue.c:1768:4
	bl	prvUnlockQueue
	.loc	1 1769 13 is_stmt 1             @ ../Middlewares/Third_Party/FreeRTOS/Source/queue.c:1769:13
	bl	xTaskResumeAll
.Ltmp523:
	.loc	1 1771 25                       @ ../Middlewares/Third_Party/FreeRTOS/Source/queue.c:1771:25
	ldr	r0, [sp, #16]
	.loc	1 1771 8 is_stmt 0              @ ../Middlewares/Third_Party/FreeRTOS/Source/queue.c:1771:8
	bl	prvIsQueueEmpty
.Ltmp524:
	.loc	1 1771 8                        @ ../Middlewares/Third_Party/FreeRTOS/Source/queue.c:1771:8
	cbz	r0, .LBB18_43
	b	.LBB18_42
.LBB18_42:
	.loc	1 0 8                           @ ../Middlewares/Third_Party/FreeRTOS/Source/queue.c:0:8
	movs	r0, #0
.Ltmp525:
	.loc	1 1774 5 is_stmt 1              @ ../Middlewares/Third_Party/FreeRTOS/Source/queue.c:1774:5
	str	r0, [sp, #48]
	b	.LBB18_46
.Ltmp526:
.LBB18_43:                              @   in Loop: Header=BB18_14 Depth=1
	.loc	1 0 5 is_stmt 0                 @ ../Middlewares/Third_Party/FreeRTOS/Source/queue.c:0:5
	b	.LBB18_44
.LBB18_44:                              @   in Loop: Header=BB18_14 Depth=1
	b	.LBB18_45
.LBB18_45:                              @   in Loop: Header=BB18_14 Depth=1
	.loc	1 1661 2 is_stmt 1              @ ../Middlewares/Third_Party/FreeRTOS/Source/queue.c:1661:2
	b	.LBB18_14
.Ltmp527:
.LBB18_46:
	.loc	1 1782 1                        @ ../Middlewares/Third_Party/FreeRTOS/Source/queue.c:1782:1
	ldr	r0, [sp, #48]
	.loc	1 1782 1 epilogue_begin is_stmt 0 @ ../Middlewares/Third_Party/FreeRTOS/Source/queue.c:1782:1
	add	sp, #64
	pop	{r7, pc}
.Ltmp528:
.Lfunc_end18:
	.size	xQueuePeek, .Lfunc_end18-xQueuePeek
	.cfi_endproc
	.cantunwind
	.fnend
                                        @ -- End function
	.section	.text.xQueueReceiveFromISR,"ax",%progbits
	.hidden	xQueueReceiveFromISR            @ -- Begin function xQueueReceiveFromISR
	.globl	xQueueReceiveFromISR
	.p2align	3
	.type	xQueueReceiveFromISR,%function
	.code	16                              @ @xQueueReceiveFromISR
	.thumb_func
xQueueReceiveFromISR:
.Lfunc_begin19:
	.loc	1 1786 0 is_stmt 1              @ ../Middlewares/Third_Party/FreeRTOS/Source/queue.c:1786:0
	.fnstart
	.cfi_startproc
@ %bb.0:
	.save	{r7, lr}
	push	{r7, lr}
	.cfi_def_cfa_offset 8
	.cfi_offset lr, -4
	.cfi_offset r7, -8
	.pad	#56
	sub	sp, #56
	.cfi_def_cfa_offset 64
	str	r0, [sp, #32]
	str	r1, [sp, #28]
	str	r2, [sp, #24]
.Ltmp529:
	.loc	1 1789 27 prologue_end          @ ../Middlewares/Third_Party/FreeRTOS/Source/queue.c:1789:27
	ldr	r0, [sp, #32]
	.loc	1 1789 17 is_stmt 0             @ ../Middlewares/Third_Party/FreeRTOS/Source/queue.c:1789:17
	str	r0, [sp, #12]
.Ltmp530:
	.loc	1 1791 2 is_stmt 1              @ ../Middlewares/Third_Party/FreeRTOS/Source/queue.c:1791:2
	ldr	r0, [sp, #12]
.Ltmp531:
	.loc	1 1791 2 is_stmt 0              @ ../Middlewares/Third_Party/FreeRTOS/Source/queue.c:1791:2
	cbnz	r0, .LBB19_3
	b	.LBB19_1
.LBB19_1:
.Ltmp532:
	.loc	4 195 2 is_stmt 1               @ ../Middlewares/Third_Party/FreeRTOS/Source/portable/RVDS/ARM_CM4F\portmacro.h:195:2
	@APP
	mov.w	r0, #80
	msr	basepri, r0
	isb	sy
	dsb	sy

	@NO_APP
	str	r0, [sp, #40]
.Ltmp533:
	.loc	1 1791 2                        @ ../Middlewares/Third_Party/FreeRTOS/Source/queue.c:1791:2
	b	.LBB19_2
.LBB19_2:                               @ =>This Inner Loop Header: Depth=1
.Ltmp534:
	.loc	1 1791 2 is_stmt 0              @ ../Middlewares/Third_Party/FreeRTOS/Source/queue.c:1791:2
	b	.LBB19_2
.Ltmp535:
.LBB19_3:
	.loc	1 1792 2 is_stmt 1              @ ../Middlewares/Third_Party/FreeRTOS/Source/queue.c:1792:2
	ldr	r1, [sp, #28]
	movs	r0, #0
	str	r0, [sp]                        @ 4-byte Spill
	cbnz	r1, .LBB19_5
	b	.LBB19_4
.LBB19_4:
	ldr	r0, [sp, #12]
	ldr	r0, [r0, #64]
	cmp	r0, #0
	it	ne
	movne	r0, #1
	str	r0, [sp]                        @ 4-byte Spill
	b	.LBB19_5
.LBB19_5:
	.loc	1 0 0 is_stmt 0                 @ ../Middlewares/Third_Party/FreeRTOS/Source/queue.c:0:0
	ldr	r0, [sp]                        @ 4-byte Reload
.Ltmp536:
	.loc	1 1792 2                        @ ../Middlewares/Third_Party/FreeRTOS/Source/queue.c:1792:2
	lsls	r0, r0, #31
	cbz	r0, .LBB19_8
	b	.LBB19_6
.LBB19_6:
.Ltmp537:
	.loc	4 195 2 is_stmt 1               @ ../Middlewares/Third_Party/FreeRTOS/Source/portable/RVDS/ARM_CM4F\portmacro.h:195:2
	@APP
	mov.w	r0, #80
	msr	basepri, r0
	isb	sy
	dsb	sy

	@NO_APP
	str	r0, [sp, #36]
.Ltmp538:
	.loc	1 1792 2                        @ ../Middlewares/Third_Party/FreeRTOS/Source/queue.c:1792:2
	b	.LBB19_7
.LBB19_7:                               @ =>This Inner Loop Header: Depth=1
.Ltmp539:
	.loc	1 1792 2 is_stmt 0              @ ../Middlewares/Third_Party/FreeRTOS/Source/queue.c:1792:2
	b	.LBB19_7
.Ltmp540:
.LBB19_8:
	.loc	1 1808 2 is_stmt 1              @ ../Middlewares/Third_Party/FreeRTOS/Source/queue.c:1808:2
	bl	vPortValidateInterruptPriority
.Ltmp541:
	.loc	4 211 2                         @ ../Middlewares/Third_Party/FreeRTOS/Source/portable/RVDS/ARM_CM4F\portmacro.h:211:2
	@APP
	mrs	r1, basepri
	mov.w	r0, #80
	msr	basepri, r0
	isb	sy
	dsb	sy

	@NO_APP
	str	r1, [sp, #48]
	str	r0, [sp, #44]
	.loc	4 223 9                         @ ../Middlewares/Third_Party/FreeRTOS/Source/portable/RVDS/ARM_CM4F\portmacro.h:223:9
	ldr	r0, [sp, #48]
.Ltmp542:
	.loc	1 1810 25                       @ ../Middlewares/Third_Party/FreeRTOS/Source/queue.c:1810:25
	str	r0, [sp, #16]
.Ltmp543:
	.loc	1 1812 41                       @ ../Middlewares/Third_Party/FreeRTOS/Source/queue.c:1812:41
	ldr	r0, [sp, #12]
	.loc	1 1812 50 is_stmt 0             @ ../Middlewares/Third_Party/FreeRTOS/Source/queue.c:1812:50
	ldr	r0, [r0, #56]
	.loc	1 1812 21                       @ ../Middlewares/Third_Party/FreeRTOS/Source/queue.c:1812:21
	str	r0, [sp, #8]
.Ltmp544:
	.loc	1 1815 7 is_stmt 1              @ ../Middlewares/Third_Party/FreeRTOS/Source/queue.c:1815:7
	ldr	r0, [sp, #8]
.Ltmp545:
	.loc	1 1815 7 is_stmt 0              @ ../Middlewares/Third_Party/FreeRTOS/Source/queue.c:1815:7
	cbz	r0, .LBB19_22
	b	.LBB19_9
.LBB19_9:
.Ltmp546:
	.loc	1 1817 27 is_stmt 1             @ ../Middlewares/Third_Party/FreeRTOS/Source/queue.c:1817:27
	ldr	r0, [sp, #12]
	.loc	1 1817 36 is_stmt 0             @ ../Middlewares/Third_Party/FreeRTOS/Source/queue.c:1817:36
	ldrb.w	r0, [r0, #68]
	.loc	1 1817 17                       @ ../Middlewares/Third_Party/FreeRTOS/Source/queue.c:1817:17
	strb.w	r0, [sp, #7]
	.loc	1 1821 26 is_stmt 1             @ ../Middlewares/Third_Party/FreeRTOS/Source/queue.c:1821:26
	ldr	r0, [sp, #12]
	.loc	1 1821 35 is_stmt 0             @ ../Middlewares/Third_Party/FreeRTOS/Source/queue.c:1821:35
	ldr	r1, [sp, #28]
	.loc	1 1821 4                        @ ../Middlewares/Third_Party/FreeRTOS/Source/queue.c:1821:4
	bl	prvCopyDataFromQueue
	.loc	1 1822 33 is_stmt 1             @ ../Middlewares/Third_Party/FreeRTOS/Source/queue.c:1822:33
	ldr	r0, [sp, #8]
	.loc	1 1822 51 is_stmt 0             @ ../Middlewares/Third_Party/FreeRTOS/Source/queue.c:1822:51
	subs	r0, #1
	.loc	1 1822 4                        @ ../Middlewares/Third_Party/FreeRTOS/Source/queue.c:1822:4
	ldr	r1, [sp, #12]
	.loc	1 1822 31                       @ ../Middlewares/Third_Party/FreeRTOS/Source/queue.c:1822:31
	str	r0, [r1, #56]
.Ltmp547:
	.loc	1 1828 8 is_stmt 1              @ ../Middlewares/Third_Party/FreeRTOS/Source/queue.c:1828:8
	ldrsb.w	r0, [sp, #7]
.Ltmp548:
	.loc	1 1828 8 is_stmt 0              @ ../Middlewares/Third_Party/FreeRTOS/Source/queue.c:1828:8
	adds	r0, #1
	cbnz	r0, .LBB19_20
	b	.LBB19_10
.LBB19_10:
.Ltmp549:
	.loc	1 1830 9 is_stmt 1              @ ../Middlewares/Third_Party/FreeRTOS/Source/queue.c:1830:9
	ldr	r0, [sp, #12]
	ldr	r0, [r0, #16]
.Ltmp550:
	.loc	1 1830 9 is_stmt 0              @ ../Middlewares/Third_Party/FreeRTOS/Source/queue.c:1830:9
	cbz	r0, .LBB19_18
	b	.LBB19_11
.LBB19_11:
.Ltmp551:
	.loc	1 1832 39 is_stmt 1             @ ../Middlewares/Third_Party/FreeRTOS/Source/queue.c:1832:39
	ldr	r0, [sp, #12]
	.loc	1 1832 48 is_stmt 0             @ ../Middlewares/Third_Party/FreeRTOS/Source/queue.c:1832:48
	adds	r0, #16
	.loc	1 1832 10                       @ ../Middlewares/Third_Party/FreeRTOS/Source/queue.c:1832:10
	bl	xTaskRemoveFromEventList
.Ltmp552:
	.loc	1 1832 10                       @ ../Middlewares/Third_Party/FreeRTOS/Source/queue.c:1832:10
	cbz	r0, .LBB19_16
	b	.LBB19_12
.LBB19_12:
.Ltmp553:
	.loc	1 1836 11 is_stmt 1             @ ../Middlewares/Third_Party/FreeRTOS/Source/queue.c:1836:11
	ldr	r0, [sp, #24]
.Ltmp554:
	.loc	1 1836 11 is_stmt 0             @ ../Middlewares/Third_Party/FreeRTOS/Source/queue.c:1836:11
	cbz	r0, .LBB19_14
	b	.LBB19_13
.LBB19_13:
.Ltmp555:
	.loc	1 1838 9 is_stmt 1              @ ../Middlewares/Third_Party/FreeRTOS/Source/queue.c:1838:9
	ldr	r1, [sp, #24]
	movs	r0, #1
	.loc	1 1838 35 is_stmt 0             @ ../Middlewares/Third_Party/FreeRTOS/Source/queue.c:1838:35
	str	r0, [r1]
	.loc	1 1839 7 is_stmt 1              @ ../Middlewares/Third_Party/FreeRTOS/Source/queue.c:1839:7
	b	.LBB19_15
.Ltmp556:
.LBB19_14:
	.loc	1 0 7 is_stmt 0                 @ ../Middlewares/Third_Party/FreeRTOS/Source/queue.c:0:7
	b	.LBB19_15
.LBB19_15:
	.loc	1 1844 6 is_stmt 1              @ ../Middlewares/Third_Party/FreeRTOS/Source/queue.c:1844:6
	b	.LBB19_17
.Ltmp557:
.LBB19_16:
	.loc	1 0 6 is_stmt 0                 @ ../Middlewares/Third_Party/FreeRTOS/Source/queue.c:0:6
	b	.LBB19_17
.LBB19_17:
	.loc	1 1849 5 is_stmt 1              @ ../Middlewares/Third_Party/FreeRTOS/Source/queue.c:1849:5
	b	.LBB19_19
.Ltmp558:
.LBB19_18:
	.loc	1 0 5 is_stmt 0                 @ ../Middlewares/Third_Party/FreeRTOS/Source/queue.c:0:5
	b	.LBB19_19
.LBB19_19:
	.loc	1 1854 4 is_stmt 1              @ ../Middlewares/Third_Party/FreeRTOS/Source/queue.c:1854:4
	b	.LBB19_21
.Ltmp559:
.LBB19_20:
	.loc	1 1859 37                       @ ../Middlewares/Third_Party/FreeRTOS/Source/queue.c:1859:37
	ldrb.w	r0, [sp, #7]
	.loc	1 1859 45 is_stmt 0             @ ../Middlewares/Third_Party/FreeRTOS/Source/queue.c:1859:45
	adds	r0, #1
	.loc	1 1859 5                        @ ../Middlewares/Third_Party/FreeRTOS/Source/queue.c:1859:5
	ldr	r1, [sp, #12]
	.loc	1 1859 22                       @ ../Middlewares/Third_Party/FreeRTOS/Source/queue.c:1859:22
	strb.w	r0, [r1, #68]
	b	.LBB19_21
.Ltmp560:
.LBB19_21:
	.loc	1 0 22                          @ ../Middlewares/Third_Party/FreeRTOS/Source/queue.c:0:22
	movs	r0, #1
	.loc	1 1862 12 is_stmt 1             @ ../Middlewares/Third_Party/FreeRTOS/Source/queue.c:1862:12
	str	r0, [sp, #20]
	.loc	1 1863 3                        @ ../Middlewares/Third_Party/FreeRTOS/Source/queue.c:1863:3
	b	.LBB19_23
.Ltmp561:
.LBB19_22:
	.loc	1 0 3 is_stmt 0                 @ ../Middlewares/Third_Party/FreeRTOS/Source/queue.c:0:3
	movs	r0, #0
.Ltmp562:
	.loc	1 1866 12 is_stmt 1             @ ../Middlewares/Third_Party/FreeRTOS/Source/queue.c:1866:12
	str	r0, [sp, #20]
	b	.LBB19_23
.Ltmp563:
.LBB19_23:
	.loc	1 1870 2                        @ ../Middlewares/Third_Party/FreeRTOS/Source/queue.c:1870:2
	ldr	r0, [sp, #16]
	str	r0, [sp, #52]
.Ltmp564:
	.loc	4 231 32                        @ ../Middlewares/Third_Party/FreeRTOS/Source/portable/RVDS/ARM_CM4F\portmacro.h:231:32
	ldr	r0, [sp, #52]
	.loc	4 229 2                         @ ../Middlewares/Third_Party/FreeRTOS/Source/portable/RVDS/ARM_CM4F\portmacro.h:229:2
	@APP
	msr	basepri, r0
	@NO_APP
.Ltmp565:
	.loc	1 1872 9                        @ ../Middlewares/Third_Party/FreeRTOS/Source/queue.c:1872:9
	ldr	r0, [sp, #20]
	.loc	1 1872 2 epilogue_begin is_stmt 0 @ ../Middlewares/Third_Party/FreeRTOS/Source/queue.c:1872:2
	add	sp, #56
	pop	{r7, pc}
.Ltmp566:
.Lfunc_end19:
	.size	xQueueReceiveFromISR, .Lfunc_end19-xQueueReceiveFromISR
	.cfi_endproc
	.cantunwind
	.fnend
                                        @ -- End function
	.section	.text.xQueuePeekFromISR,"ax",%progbits
	.hidden	xQueuePeekFromISR               @ -- Begin function xQueuePeekFromISR
	.globl	xQueuePeekFromISR
	.p2align	3
	.type	xQueuePeekFromISR,%function
	.code	16                              @ @xQueuePeekFromISR
	.thumb_func
xQueuePeekFromISR:
.Lfunc_begin20:
	.loc	1 1877 0 is_stmt 1              @ ../Middlewares/Third_Party/FreeRTOS/Source/queue.c:1877:0
	.fnstart
	.cfi_startproc
@ %bb.0:
	.save	{r7, lr}
	push	{r7, lr}
	.cfi_def_cfa_offset 8
	.cfi_offset lr, -4
	.cfi_offset r7, -8
	.pad	#56
	sub	sp, #56
	.cfi_def_cfa_offset 64
	str	r0, [sp, #28]
	str	r1, [sp, #24]
.Ltmp567:
	.loc	1 1881 27 prologue_end          @ ../Middlewares/Third_Party/FreeRTOS/Source/queue.c:1881:27
	ldr	r0, [sp, #28]
	.loc	1 1881 17 is_stmt 0             @ ../Middlewares/Third_Party/FreeRTOS/Source/queue.c:1881:17
	str	r0, [sp, #8]
.Ltmp568:
	.loc	1 1883 2 is_stmt 1              @ ../Middlewares/Third_Party/FreeRTOS/Source/queue.c:1883:2
	ldr	r0, [sp, #8]
.Ltmp569:
	.loc	1 1883 2 is_stmt 0              @ ../Middlewares/Third_Party/FreeRTOS/Source/queue.c:1883:2
	cbnz	r0, .LBB20_3
	b	.LBB20_1
.LBB20_1:
.Ltmp570:
	.loc	4 195 2 is_stmt 1               @ ../Middlewares/Third_Party/FreeRTOS/Source/portable/RVDS/ARM_CM4F\portmacro.h:195:2
	@APP
	mov.w	r0, #80
	msr	basepri, r0
	isb	sy
	dsb	sy

	@NO_APP
	str	r0, [sp, #40]
.Ltmp571:
	.loc	1 1883 2                        @ ../Middlewares/Third_Party/FreeRTOS/Source/queue.c:1883:2
	b	.LBB20_2
.LBB20_2:                               @ =>This Inner Loop Header: Depth=1
.Ltmp572:
	.loc	1 1883 2 is_stmt 0              @ ../Middlewares/Third_Party/FreeRTOS/Source/queue.c:1883:2
	b	.LBB20_2
.Ltmp573:
.LBB20_3:
	.loc	1 1884 2 is_stmt 1              @ ../Middlewares/Third_Party/FreeRTOS/Source/queue.c:1884:2
	ldr	r1, [sp, #24]
	movs	r0, #0
	str	r0, [sp, #4]                    @ 4-byte Spill
	cbnz	r1, .LBB20_5
	b	.LBB20_4
.LBB20_4:
	ldr	r0, [sp, #8]
	ldr	r0, [r0, #64]
	cmp	r0, #0
	it	ne
	movne	r0, #1
	str	r0, [sp, #4]                    @ 4-byte Spill
	b	.LBB20_5
.LBB20_5:
	.loc	1 0 0 is_stmt 0                 @ ../Middlewares/Third_Party/FreeRTOS/Source/queue.c:0:0
	ldr	r0, [sp, #4]                    @ 4-byte Reload
.Ltmp574:
	.loc	1 1884 2                        @ ../Middlewares/Third_Party/FreeRTOS/Source/queue.c:1884:2
	lsls	r0, r0, #31
	cbz	r0, .LBB20_8
	b	.LBB20_6
.LBB20_6:
.Ltmp575:
	.loc	4 195 2 is_stmt 1               @ ../Middlewares/Third_Party/FreeRTOS/Source/portable/RVDS/ARM_CM4F\portmacro.h:195:2
	@APP
	mov.w	r0, #80
	msr	basepri, r0
	isb	sy
	dsb	sy

	@NO_APP
	str	r0, [sp, #36]
.Ltmp576:
	.loc	1 1884 2                        @ ../Middlewares/Third_Party/FreeRTOS/Source/queue.c:1884:2
	b	.LBB20_7
.LBB20_7:                               @ =>This Inner Loop Header: Depth=1
.Ltmp577:
	.loc	1 1884 2 is_stmt 0              @ ../Middlewares/Third_Party/FreeRTOS/Source/queue.c:1884:2
	b	.LBB20_7
.Ltmp578:
.LBB20_8:
	.loc	1 1885 2 is_stmt 1              @ ../Middlewares/Third_Party/FreeRTOS/Source/queue.c:1885:2
	ldr	r0, [sp, #8]
	ldr	r0, [r0, #64]
.Ltmp579:
	.loc	1 1885 2 is_stmt 0              @ ../Middlewares/Third_Party/FreeRTOS/Source/queue.c:1885:2
	cbnz	r0, .LBB20_11
	b	.LBB20_9
.LBB20_9:
.Ltmp580:
	.loc	4 195 2 is_stmt 1               @ ../Middlewares/Third_Party/FreeRTOS/Source/portable/RVDS/ARM_CM4F\portmacro.h:195:2
	@APP
	mov.w	r0, #80
	msr	basepri, r0
	isb	sy
	dsb	sy

	@NO_APP
	str	r0, [sp, #32]
.Ltmp581:
	.loc	1 1885 2                        @ ../Middlewares/Third_Party/FreeRTOS/Source/queue.c:1885:2
	b	.LBB20_10
.LBB20_10:                              @ =>This Inner Loop Header: Depth=1
.Ltmp582:
	.loc	1 1885 2 is_stmt 0              @ ../Middlewares/Third_Party/FreeRTOS/Source/queue.c:1885:2
	b	.LBB20_10
.Ltmp583:
.LBB20_11:
	.loc	1 1901 2 is_stmt 1              @ ../Middlewares/Third_Party/FreeRTOS/Source/queue.c:1901:2
	bl	vPortValidateInterruptPriority
.Ltmp584:
	.loc	4 211 2                         @ ../Middlewares/Third_Party/FreeRTOS/Source/portable/RVDS/ARM_CM4F\portmacro.h:211:2
	@APP
	mrs	r1, basepri
	mov.w	r0, #80
	msr	basepri, r0
	isb	sy
	dsb	sy

	@NO_APP
	str	r1, [sp, #48]
	str	r0, [sp, #44]
	.loc	4 223 9                         @ ../Middlewares/Third_Party/FreeRTOS/Source/portable/RVDS/ARM_CM4F\portmacro.h:223:9
	ldr	r0, [sp, #48]
.Ltmp585:
	.loc	1 1903 25                       @ ../Middlewares/Third_Party/FreeRTOS/Source/queue.c:1903:25
	str	r0, [sp, #16]
.Ltmp586:
	.loc	1 1906 7                        @ ../Middlewares/Third_Party/FreeRTOS/Source/queue.c:1906:7
	ldr	r0, [sp, #8]
	.loc	1 1906 16 is_stmt 0             @ ../Middlewares/Third_Party/FreeRTOS/Source/queue.c:1906:16
	ldr	r0, [r0, #56]
.Ltmp587:
	.loc	1 1906 7                        @ ../Middlewares/Third_Party/FreeRTOS/Source/queue.c:1906:7
	cbz	r0, .LBB20_13
	b	.LBB20_12
.LBB20_12:
.Ltmp588:
	.loc	1 1912 29 is_stmt 1             @ ../Middlewares/Third_Party/FreeRTOS/Source/queue.c:1912:29
	ldr	r0, [sp, #8]
	.loc	1 1912 47 is_stmt 0             @ ../Middlewares/Third_Party/FreeRTOS/Source/queue.c:1912:47
	ldr	r0, [r0, #12]
	.loc	1 1912 27                       @ ../Middlewares/Third_Party/FreeRTOS/Source/queue.c:1912:27
	str	r0, [sp, #12]
	.loc	1 1913 26 is_stmt 1             @ ../Middlewares/Third_Party/FreeRTOS/Source/queue.c:1913:26
	ldr	r0, [sp, #8]
	.loc	1 1913 35 is_stmt 0             @ ../Middlewares/Third_Party/FreeRTOS/Source/queue.c:1913:35
	ldr	r1, [sp, #24]
	.loc	1 1913 4                        @ ../Middlewares/Third_Party/FreeRTOS/Source/queue.c:1913:4
	bl	prvCopyDataFromQueue
	.loc	1 1914 35 is_stmt 1             @ ../Middlewares/Third_Party/FreeRTOS/Source/queue.c:1914:35
	ldr	r0, [sp, #12]
	.loc	1 1914 4 is_stmt 0              @ ../Middlewares/Third_Party/FreeRTOS/Source/queue.c:1914:4
	ldr	r1, [sp, #8]
	.loc	1 1914 33                       @ ../Middlewares/Third_Party/FreeRTOS/Source/queue.c:1914:33
	str	r0, [r1, #12]
	movs	r0, #1
	.loc	1 1916 12 is_stmt 1             @ ../Middlewares/Third_Party/FreeRTOS/Source/queue.c:1916:12
	str	r0, [sp, #20]
	.loc	1 1917 3                        @ ../Middlewares/Third_Party/FreeRTOS/Source/queue.c:1917:3
	b	.LBB20_14
.Ltmp589:
.LBB20_13:
	.loc	1 0 3 is_stmt 0                 @ ../Middlewares/Third_Party/FreeRTOS/Source/queue.c:0:3
	movs	r0, #0
.Ltmp590:
	.loc	1 1920 12 is_stmt 1             @ ../Middlewares/Third_Party/FreeRTOS/Source/queue.c:1920:12
	str	r0, [sp, #20]
	b	.LBB20_14
.Ltmp591:
.LBB20_14:
	.loc	1 1924 2                        @ ../Middlewares/Third_Party/FreeRTOS/Source/queue.c:1924:2
	ldr	r0, [sp, #16]
	str	r0, [sp, #52]
.Ltmp592:
	.loc	4 231 32                        @ ../Middlewares/Third_Party/FreeRTOS/Source/portable/RVDS/ARM_CM4F\portmacro.h:231:32
	ldr	r0, [sp, #52]
	.loc	4 229 2                         @ ../Middlewares/Third_Party/FreeRTOS/Source/portable/RVDS/ARM_CM4F\portmacro.h:229:2
	@APP
	msr	basepri, r0
	@NO_APP
.Ltmp593:
	.loc	1 1926 9                        @ ../Middlewares/Third_Party/FreeRTOS/Source/queue.c:1926:9
	ldr	r0, [sp, #20]
	.loc	1 1926 2 epilogue_begin is_stmt 0 @ ../Middlewares/Third_Party/FreeRTOS/Source/queue.c:1926:2
	add	sp, #56
	pop	{r7, pc}
.Ltmp594:
.Lfunc_end20:
	.size	xQueuePeekFromISR, .Lfunc_end20-xQueuePeekFromISR
	.cfi_endproc
	.cantunwind
	.fnend
                                        @ -- End function
	.section	.text.uxQueueMessagesWaiting,"ax",%progbits
	.hidden	uxQueueMessagesWaiting          @ -- Begin function uxQueueMessagesWaiting
	.globl	uxQueueMessagesWaiting
	.p2align	3
	.type	uxQueueMessagesWaiting,%function
	.code	16                              @ @uxQueueMessagesWaiting
	.thumb_func
uxQueueMessagesWaiting:
.Lfunc_begin21:
	.loc	1 1931 0 is_stmt 1              @ ../Middlewares/Third_Party/FreeRTOS/Source/queue.c:1931:0
	.fnstart
	.cfi_startproc
@ %bb.0:
	.save	{r7, lr}
	push	{r7, lr}
	.cfi_def_cfa_offset 8
	.cfi_offset lr, -4
	.cfi_offset r7, -8
	.pad	#16
	sub	sp, #16
	.cfi_def_cfa_offset 24
	str	r0, [sp, #8]
.Ltmp595:
	.loc	1 1934 2 prologue_end           @ ../Middlewares/Third_Party/FreeRTOS/Source/queue.c:1934:2
	ldr	r0, [sp, #8]
.Ltmp596:
	.loc	1 1934 2 is_stmt 0              @ ../Middlewares/Third_Party/FreeRTOS/Source/queue.c:1934:2
	cbnz	r0, .LBB21_3
	b	.LBB21_1
.LBB21_1:
.Ltmp597:
	.loc	4 195 2 is_stmt 1               @ ../Middlewares/Third_Party/FreeRTOS/Source/portable/RVDS/ARM_CM4F\portmacro.h:195:2
	@APP
	mov.w	r0, #80
	msr	basepri, r0
	isb	sy
	dsb	sy

	@NO_APP
	str	r0, [sp, #12]
.Ltmp598:
	.loc	1 1934 2                        @ ../Middlewares/Third_Party/FreeRTOS/Source/queue.c:1934:2
	b	.LBB21_2
.LBB21_2:                               @ =>This Inner Loop Header: Depth=1
.Ltmp599:
	.loc	1 1934 2 is_stmt 0              @ ../Middlewares/Third_Party/FreeRTOS/Source/queue.c:1934:2
	b	.LBB21_2
.Ltmp600:
.LBB21_3:
	.loc	1 1936 2 is_stmt 1              @ ../Middlewares/Third_Party/FreeRTOS/Source/queue.c:1936:2
	bl	vPortEnterCritical
.Ltmp601:
	.loc	1 1938 30                       @ ../Middlewares/Third_Party/FreeRTOS/Source/queue.c:1938:30
	ldr	r0, [sp, #8]
	.loc	1 1938 40 is_stmt 0             @ ../Middlewares/Third_Party/FreeRTOS/Source/queue.c:1938:40
	ldr	r0, [r0, #56]
	.loc	1 1938 12                       @ ../Middlewares/Third_Party/FreeRTOS/Source/queue.c:1938:12
	str	r0, [sp, #4]
.Ltmp602:
	.loc	1 1940 2 is_stmt 1              @ ../Middlewares/Third_Party/FreeRTOS/Source/queue.c:1940:2
	bl	vPortExitCritical
	.loc	1 1942 9                        @ ../Middlewares/Third_Party/FreeRTOS/Source/queue.c:1942:9
	ldr	r0, [sp, #4]
	.loc	1 1942 2 epilogue_begin is_stmt 0 @ ../Middlewares/Third_Party/FreeRTOS/Source/queue.c:1942:2
	add	sp, #16
	pop	{r7, pc}
.Ltmp603:
.Lfunc_end21:
	.size	uxQueueMessagesWaiting, .Lfunc_end21-uxQueueMessagesWaiting
	.cfi_endproc
	.cantunwind
	.fnend
                                        @ -- End function
	.section	.text.uxQueueSpacesAvailable,"ax",%progbits
	.hidden	uxQueueSpacesAvailable          @ -- Begin function uxQueueSpacesAvailable
	.globl	uxQueueSpacesAvailable
	.p2align	3
	.type	uxQueueSpacesAvailable,%function
	.code	16                              @ @uxQueueSpacesAvailable
	.thumb_func
uxQueueSpacesAvailable:
.Lfunc_begin22:
	.loc	1 1947 0 is_stmt 1              @ ../Middlewares/Third_Party/FreeRTOS/Source/queue.c:1947:0
	.fnstart
	.cfi_startproc
@ %bb.0:
	.save	{r7, lr}
	push	{r7, lr}
	.cfi_def_cfa_offset 8
	.cfi_offset lr, -4
	.cfi_offset r7, -8
	.pad	#16
	sub	sp, #16
	.cfi_def_cfa_offset 24
	str	r0, [sp, #8]
.Ltmp604:
	.loc	1 1949 27 prologue_end          @ ../Middlewares/Third_Party/FreeRTOS/Source/queue.c:1949:27
	ldr	r0, [sp, #8]
	.loc	1 1949 17 is_stmt 0             @ ../Middlewares/Third_Party/FreeRTOS/Source/queue.c:1949:17
	str	r0, [sp]
.Ltmp605:
	.loc	1 1951 2 is_stmt 1              @ ../Middlewares/Third_Party/FreeRTOS/Source/queue.c:1951:2
	ldr	r0, [sp]
.Ltmp606:
	.loc	1 1951 2 is_stmt 0              @ ../Middlewares/Third_Party/FreeRTOS/Source/queue.c:1951:2
	cbnz	r0, .LBB22_3
	b	.LBB22_1
.LBB22_1:
.Ltmp607:
	.loc	4 195 2 is_stmt 1               @ ../Middlewares/Third_Party/FreeRTOS/Source/portable/RVDS/ARM_CM4F\portmacro.h:195:2
	@APP
	mov.w	r0, #80
	msr	basepri, r0
	isb	sy
	dsb	sy

	@NO_APP
	str	r0, [sp, #12]
.Ltmp608:
	.loc	1 1951 2                        @ ../Middlewares/Third_Party/FreeRTOS/Source/queue.c:1951:2
	b	.LBB22_2
.LBB22_2:                               @ =>This Inner Loop Header: Depth=1
.Ltmp609:
	.loc	1 1951 2 is_stmt 0              @ ../Middlewares/Third_Party/FreeRTOS/Source/queue.c:1951:2
	b	.LBB22_2
.Ltmp610:
.LBB22_3:
	.loc	1 1953 2 is_stmt 1              @ ../Middlewares/Third_Party/FreeRTOS/Source/queue.c:1953:2
	bl	vPortEnterCritical
.Ltmp611:
	.loc	1 1955 14                       @ ../Middlewares/Third_Party/FreeRTOS/Source/queue.c:1955:14
	ldr	r1, [sp]
	.loc	1 1955 23 is_stmt 0             @ ../Middlewares/Third_Party/FreeRTOS/Source/queue.c:1955:23
	ldr	r0, [r1, #60]
	.loc	1 1955 43                       @ ../Middlewares/Third_Party/FreeRTOS/Source/queue.c:1955:43
	ldr	r1, [r1, #56]
	.loc	1 1955 32                       @ ../Middlewares/Third_Party/FreeRTOS/Source/queue.c:1955:32
	subs	r0, r0, r1
	.loc	1 1955 12                       @ ../Middlewares/Third_Party/FreeRTOS/Source/queue.c:1955:12
	str	r0, [sp, #4]
.Ltmp612:
	.loc	1 1957 2 is_stmt 1              @ ../Middlewares/Third_Party/FreeRTOS/Source/queue.c:1957:2
	bl	vPortExitCritical
	.loc	1 1959 9                        @ ../Middlewares/Third_Party/FreeRTOS/Source/queue.c:1959:9
	ldr	r0, [sp, #4]
	.loc	1 1959 2 epilogue_begin is_stmt 0 @ ../Middlewares/Third_Party/FreeRTOS/Source/queue.c:1959:2
	add	sp, #16
	pop	{r7, pc}
.Ltmp613:
.Lfunc_end22:
	.size	uxQueueSpacesAvailable, .Lfunc_end22-uxQueueSpacesAvailable
	.cfi_endproc
	.cantunwind
	.fnend
                                        @ -- End function
	.section	.text.uxQueueMessagesWaitingFromISR,"ax",%progbits
	.hidden	uxQueueMessagesWaitingFromISR   @ -- Begin function uxQueueMessagesWaitingFromISR
	.globl	uxQueueMessagesWaitingFromISR
	.p2align	3
	.type	uxQueueMessagesWaitingFromISR,%function
	.code	16                              @ @uxQueueMessagesWaitingFromISR
	.thumb_func
uxQueueMessagesWaitingFromISR:
.Lfunc_begin23:
	.loc	1 1964 0 is_stmt 1              @ ../Middlewares/Third_Party/FreeRTOS/Source/queue.c:1964:0
	.fnstart
	.cfi_startproc
@ %bb.0:
	.pad	#16
	sub	sp, #16
	.cfi_def_cfa_offset 16
	str	r0, [sp, #8]
.Ltmp614:
	.loc	1 1966 27 prologue_end          @ ../Middlewares/Third_Party/FreeRTOS/Source/queue.c:1966:27
	ldr	r0, [sp, #8]
	.loc	1 1966 17 is_stmt 0             @ ../Middlewares/Third_Party/FreeRTOS/Source/queue.c:1966:17
	str	r0, [sp]
.Ltmp615:
	.loc	1 1968 2 is_stmt 1              @ ../Middlewares/Third_Party/FreeRTOS/Source/queue.c:1968:2
	ldr	r0, [sp]
.Ltmp616:
	.loc	1 1968 2 is_stmt 0              @ ../Middlewares/Third_Party/FreeRTOS/Source/queue.c:1968:2
	cbnz	r0, .LBB23_3
	b	.LBB23_1
.LBB23_1:
.Ltmp617:
	.loc	4 195 2 is_stmt 1               @ ../Middlewares/Third_Party/FreeRTOS/Source/portable/RVDS/ARM_CM4F\portmacro.h:195:2
	@APP
	mov.w	r0, #80
	msr	basepri, r0
	isb	sy
	dsb	sy

	@NO_APP
	str	r0, [sp, #12]
.Ltmp618:
	.loc	1 1968 2                        @ ../Middlewares/Third_Party/FreeRTOS/Source/queue.c:1968:2
	b	.LBB23_2
.LBB23_2:                               @ =>This Inner Loop Header: Depth=1
.Ltmp619:
	.loc	1 1968 2 is_stmt 0              @ ../Middlewares/Third_Party/FreeRTOS/Source/queue.c:1968:2
	b	.LBB23_2
.Ltmp620:
.LBB23_3:
	.loc	1 1969 13 is_stmt 1             @ ../Middlewares/Third_Party/FreeRTOS/Source/queue.c:1969:13
	ldr	r0, [sp]
	.loc	1 1969 22 is_stmt 0             @ ../Middlewares/Third_Party/FreeRTOS/Source/queue.c:1969:22
	ldr	r0, [r0, #56]
	.loc	1 1969 11                       @ ../Middlewares/Third_Party/FreeRTOS/Source/queue.c:1969:11
	str	r0, [sp, #4]
	.loc	1 1971 9 is_stmt 1              @ ../Middlewares/Third_Party/FreeRTOS/Source/queue.c:1971:9
	ldr	r0, [sp, #4]
	.loc	1 1971 2 epilogue_begin is_stmt 0 @ ../Middlewares/Third_Party/FreeRTOS/Source/queue.c:1971:2
	add	sp, #16
	bx	lr
.Ltmp621:
.Lfunc_end23:
	.size	uxQueueMessagesWaitingFromISR, .Lfunc_end23-uxQueueMessagesWaitingFromISR
	.cfi_endproc
	.cantunwind
	.fnend
                                        @ -- End function
	.section	.text.vQueueDelete,"ax",%progbits
	.hidden	vQueueDelete                    @ -- Begin function vQueueDelete
	.globl	vQueueDelete
	.p2align	3
	.type	vQueueDelete,%function
	.code	16                              @ @vQueueDelete
	.thumb_func
vQueueDelete:
.Lfunc_begin24:
	.loc	1 1976 0 is_stmt 1              @ ../Middlewares/Third_Party/FreeRTOS/Source/queue.c:1976:0
	.fnstart
	.cfi_startproc
@ %bb.0:
	.save	{r7, lr}
	push	{r7, lr}
	.cfi_def_cfa_offset 8
	.cfi_offset lr, -4
	.cfi_offset r7, -8
	.pad	#16
	sub	sp, #16
	.cfi_def_cfa_offset 24
	str	r0, [sp, #8]
.Ltmp622:
	.loc	1 1977 27 prologue_end          @ ../Middlewares/Third_Party/FreeRTOS/Source/queue.c:1977:27
	ldr	r0, [sp, #8]
	.loc	1 1977 17 is_stmt 0             @ ../Middlewares/Third_Party/FreeRTOS/Source/queue.c:1977:17
	str	r0, [sp, #4]
.Ltmp623:
	.loc	1 1979 2 is_stmt 1              @ ../Middlewares/Third_Party/FreeRTOS/Source/queue.c:1979:2
	ldr	r0, [sp, #4]
.Ltmp624:
	.loc	1 1979 2 is_stmt 0              @ ../Middlewares/Third_Party/FreeRTOS/Source/queue.c:1979:2
	cbnz	r0, .LBB24_3
	b	.LBB24_1
.LBB24_1:
.Ltmp625:
	.loc	4 195 2 is_stmt 1               @ ../Middlewares/Third_Party/FreeRTOS/Source/portable/RVDS/ARM_CM4F\portmacro.h:195:2
	@APP
	mov.w	r0, #80
	msr	basepri, r0
	isb	sy
	dsb	sy

	@NO_APP
	str	r0, [sp, #12]
.Ltmp626:
	.loc	1 1979 2                        @ ../Middlewares/Third_Party/FreeRTOS/Source/queue.c:1979:2
	b	.LBB24_2
.LBB24_2:                               @ =>This Inner Loop Header: Depth=1
.Ltmp627:
	.loc	1 1979 2 is_stmt 0              @ ../Middlewares/Third_Party/FreeRTOS/Source/queue.c:1979:2
	b	.LBB24_2
.Ltmp628:
.LBB24_3:
	.loc	1 1984 26 is_stmt 1             @ ../Middlewares/Third_Party/FreeRTOS/Source/queue.c:1984:26
	ldr	r0, [sp, #4]
	.loc	1 1984 3 is_stmt 0              @ ../Middlewares/Third_Party/FreeRTOS/Source/queue.c:1984:3
	bl	vQueueUnregisterQueue
.Ltmp629:
	.loc	1 1998 7 is_stmt 1              @ ../Middlewares/Third_Party/FreeRTOS/Source/queue.c:1998:7
	ldr	r0, [sp, #4]
	.loc	1 1998 16 is_stmt 0             @ ../Middlewares/Third_Party/FreeRTOS/Source/queue.c:1998:16
	ldrb.w	r0, [r0, #70]
.Ltmp630:
	.loc	1 1998 7                        @ ../Middlewares/Third_Party/FreeRTOS/Source/queue.c:1998:7
	cbnz	r0, .LBB24_5
	b	.LBB24_4
.LBB24_4:
.Ltmp631:
	.loc	1 2000 15 is_stmt 1             @ ../Middlewares/Third_Party/FreeRTOS/Source/queue.c:2000:15
	ldr	r0, [sp, #4]
	.loc	1 2000 4 is_stmt 0              @ ../Middlewares/Third_Party/FreeRTOS/Source/queue.c:2000:4
	bl	vPortFree
	.loc	1 2001 3 is_stmt 1              @ ../Middlewares/Third_Party/FreeRTOS/Source/queue.c:2001:3
	b	.LBB24_6
.Ltmp632:
.LBB24_5:
	.loc	1 0 3 is_stmt 0                 @ ../Middlewares/Third_Party/FreeRTOS/Source/queue.c:0:3
	b	.LBB24_6
.LBB24_6:
	.loc	1 2014 1 epilogue_begin is_stmt 1 @ ../Middlewares/Third_Party/FreeRTOS/Source/queue.c:2014:1
	add	sp, #16
	pop	{r7, pc}
.Ltmp633:
.Lfunc_end24:
	.size	vQueueDelete, .Lfunc_end24-vQueueDelete
	.cfi_endproc
	.cantunwind
	.fnend
                                        @ -- End function
	.section	.text.vQueueUnregisterQueue,"ax",%progbits
	.hidden	vQueueUnregisterQueue           @ -- Begin function vQueueUnregisterQueue
	.globl	vQueueUnregisterQueue
	.p2align	3
	.type	vQueueUnregisterQueue,%function
	.code	16                              @ @vQueueUnregisterQueue
	.thumb_func
vQueueUnregisterQueue:
.Lfunc_begin25:
	.loc	1 2706 0                        @ ../Middlewares/Third_Party/FreeRTOS/Source/queue.c:2706:0
	.fnstart
	.cfi_startproc
@ %bb.0:
	.pad	#8
	sub	sp, #8
	.cfi_def_cfa_offset 8
	str	r0, [sp, #4]
	movs	r0, #0
.Ltmp634:
	.loc	1 2711 11 prologue_end          @ ../Middlewares/Third_Party/FreeRTOS/Source/queue.c:2711:11
	str	r0, [sp]
	.loc	1 2711 8 is_stmt 0              @ ../Middlewares/Third_Party/FreeRTOS/Source/queue.c:2711:8
	b	.LBB25_1
.LBB25_1:                               @ =>This Inner Loop Header: Depth=1
.Ltmp635:
	.loc	1 2711 33                       @ ../Middlewares/Third_Party/FreeRTOS/Source/queue.c:2711:33
	ldr	r0, [sp]
.Ltmp636:
	.loc	1 2711 3                        @ ../Middlewares/Third_Party/FreeRTOS/Source/queue.c:2711:3
	cmp	r0, #7
	bhi	.LBB25_7
	b	.LBB25_2
.LBB25_2:                               @   in Loop: Header=BB25_1 Depth=1
.Ltmp637:
	.loc	1 2713 24 is_stmt 1             @ ../Middlewares/Third_Party/FreeRTOS/Source/queue.c:2713:24
	ldr	r1, [sp]
	.loc	1 2713 8 is_stmt 0              @ ../Middlewares/Third_Party/FreeRTOS/Source/queue.c:2713:8
	movw	r0, :lower16:xQueueRegistry
	movt	r0, :upper16:xQueueRegistry
	add.w	r0, r0, r1, lsl #3
	.loc	1 2713 29                       @ ../Middlewares/Third_Party/FreeRTOS/Source/queue.c:2713:29
	ldr	r0, [r0, #4]
	.loc	1 2713 40                       @ ../Middlewares/Third_Party/FreeRTOS/Source/queue.c:2713:40
	ldr	r1, [sp, #4]
.Ltmp638:
	.loc	1 2713 8                        @ ../Middlewares/Third_Party/FreeRTOS/Source/queue.c:2713:8
	cmp	r0, r1
	bne	.LBB25_4
	b	.LBB25_3
.LBB25_3:
.Ltmp639:
	.loc	1 2716 21 is_stmt 1             @ ../Middlewares/Third_Party/FreeRTOS/Source/queue.c:2716:21
	ldr	r2, [sp]
	.loc	1 2716 5 is_stmt 0              @ ../Middlewares/Third_Party/FreeRTOS/Source/queue.c:2716:5
	movw	r1, :lower16:xQueueRegistry
	movt	r1, :upper16:xQueueRegistry
	movs	r0, #0
	.loc	1 2716 38                       @ ../Middlewares/Third_Party/FreeRTOS/Source/queue.c:2716:38
	str.w	r0, [r1, r2, lsl #3]
	.loc	1 2721 21 is_stmt 1             @ ../Middlewares/Third_Party/FreeRTOS/Source/queue.c:2721:21
	ldr	r2, [sp]
	.loc	1 2721 5 is_stmt 0              @ ../Middlewares/Third_Party/FreeRTOS/Source/queue.c:2721:5
	add.w	r1, r1, r2, lsl #3
	.loc	1 2721 34                       @ ../Middlewares/Third_Party/FreeRTOS/Source/queue.c:2721:34
	str	r0, [r1, #4]
	.loc	1 2722 5 is_stmt 1              @ ../Middlewares/Third_Party/FreeRTOS/Source/queue.c:2722:5
	b	.LBB25_7
.Ltmp640:
.LBB25_4:                               @   in Loop: Header=BB25_1 Depth=1
	.loc	1 0 5 is_stmt 0                 @ ../Middlewares/Third_Party/FreeRTOS/Source/queue.c:0:5
	b	.LBB25_5
.LBB25_5:                               @   in Loop: Header=BB25_1 Depth=1
	.loc	1 2728 3 is_stmt 1              @ ../Middlewares/Third_Party/FreeRTOS/Source/queue.c:2728:3
	b	.LBB25_6
.Ltmp641:
.LBB25_6:                               @   in Loop: Header=BB25_1 Depth=1
	.loc	1 2711 83                       @ ../Middlewares/Third_Party/FreeRTOS/Source/queue.c:2711:83
	ldr	r0, [sp]
	adds	r0, #1
	str	r0, [sp]
	.loc	1 2711 3 is_stmt 0              @ ../Middlewares/Third_Party/FreeRTOS/Source/queue.c:2711:3
	b	.LBB25_1
.Ltmp642:
.LBB25_7:
	.loc	1 2730 2 epilogue_begin is_stmt 1 @ ../Middlewares/Third_Party/FreeRTOS/Source/queue.c:2730:2
	add	sp, #8
	bx	lr
.Ltmp643:
.Lfunc_end25:
	.size	vQueueUnregisterQueue, .Lfunc_end25-vQueueUnregisterQueue
	.cfi_endproc
	.cantunwind
	.fnend
                                        @ -- End function
	.section	.text.uxQueueGetQueueNumber,"ax",%progbits
	.hidden	uxQueueGetQueueNumber           @ -- Begin function uxQueueGetQueueNumber
	.globl	uxQueueGetQueueNumber
	.p2align	3
	.type	uxQueueGetQueueNumber,%function
	.code	16                              @ @uxQueueGetQueueNumber
	.thumb_func
uxQueueGetQueueNumber:
.Lfunc_begin26:
	.loc	1 2020 0                        @ ../Middlewares/Third_Party/FreeRTOS/Source/queue.c:2020:0
	.fnstart
	.cfi_startproc
@ %bb.0:
	.pad	#4
	sub	sp, #4
	.cfi_def_cfa_offset 4
	str	r0, [sp]
.Ltmp644:
	.loc	1 2021 26 prologue_end          @ ../Middlewares/Third_Party/FreeRTOS/Source/queue.c:2021:26
	ldr	r0, [sp]
	.loc	1 2021 36 is_stmt 0             @ ../Middlewares/Third_Party/FreeRTOS/Source/queue.c:2021:36
	ldr	r0, [r0, #72]
	.loc	1 2021 3 epilogue_begin         @ ../Middlewares/Third_Party/FreeRTOS/Source/queue.c:2021:3
	add	sp, #4
	bx	lr
.Ltmp645:
.Lfunc_end26:
	.size	uxQueueGetQueueNumber, .Lfunc_end26-uxQueueGetQueueNumber
	.cfi_endproc
	.cantunwind
	.fnend
                                        @ -- End function
	.section	.text.vQueueSetQueueNumber,"ax",%progbits
	.hidden	vQueueSetQueueNumber            @ -- Begin function vQueueSetQueueNumber
	.globl	vQueueSetQueueNumber
	.p2align	3
	.type	vQueueSetQueueNumber,%function
	.code	16                              @ @vQueueSetQueueNumber
	.thumb_func
vQueueSetQueueNumber:
.Lfunc_begin27:
	.loc	1 2030 0 is_stmt 1              @ ../Middlewares/Third_Party/FreeRTOS/Source/queue.c:2030:0
	.fnstart
	.cfi_startproc
@ %bb.0:
	.pad	#8
	sub	sp, #8
	.cfi_def_cfa_offset 8
	str	r0, [sp, #4]
	str	r1, [sp]
.Ltmp646:
	.loc	1 2031 45 prologue_end          @ ../Middlewares/Third_Party/FreeRTOS/Source/queue.c:2031:45
	ldr	r0, [sp]
	.loc	1 2031 19 is_stmt 0             @ ../Middlewares/Third_Party/FreeRTOS/Source/queue.c:2031:19
	ldr	r1, [sp, #4]
	.loc	1 2031 43                       @ ../Middlewares/Third_Party/FreeRTOS/Source/queue.c:2031:43
	str	r0, [r1, #72]
	.loc	1 2032 2 epilogue_begin is_stmt 1 @ ../Middlewares/Third_Party/FreeRTOS/Source/queue.c:2032:2
	add	sp, #8
	bx	lr
.Ltmp647:
.Lfunc_end27:
	.size	vQueueSetQueueNumber, .Lfunc_end27-vQueueSetQueueNumber
	.cfi_endproc
	.cantunwind
	.fnend
                                        @ -- End function
	.section	.text.ucQueueGetQueueType,"ax",%progbits
	.hidden	ucQueueGetQueueType             @ -- Begin function ucQueueGetQueueType
	.globl	ucQueueGetQueueType
	.p2align	3
	.type	ucQueueGetQueueType,%function
	.code	16                              @ @ucQueueGetQueueType
	.thumb_func
ucQueueGetQueueType:
.Lfunc_begin28:
	.loc	1 2040 0                        @ ../Middlewares/Third_Party/FreeRTOS/Source/queue.c:2040:0
	.fnstart
	.cfi_startproc
@ %bb.0:
	.pad	#4
	sub	sp, #4
	.cfi_def_cfa_offset 4
	str	r0, [sp]
.Ltmp648:
	.loc	1 2041 26 prologue_end          @ ../Middlewares/Third_Party/FreeRTOS/Source/queue.c:2041:26
	ldr	r0, [sp]
	.loc	1 2041 36 is_stmt 0             @ ../Middlewares/Third_Party/FreeRTOS/Source/queue.c:2041:36
	ldrb.w	r0, [r0, #76]
	.loc	1 2041 3 epilogue_begin         @ ../Middlewares/Third_Party/FreeRTOS/Source/queue.c:2041:3
	add	sp, #4
	bx	lr
.Ltmp649:
.Lfunc_end28:
	.size	ucQueueGetQueueType, .Lfunc_end28-ucQueueGetQueueType
	.cfi_endproc
	.cantunwind
	.fnend
                                        @ -- End function
	.section	.text.xQueueIsQueueEmptyFromISR,"ax",%progbits
	.hidden	xQueueIsQueueEmptyFromISR       @ -- Begin function xQueueIsQueueEmptyFromISR
	.globl	xQueueIsQueueEmptyFromISR
	.p2align	3
	.type	xQueueIsQueueEmptyFromISR,%function
	.code	16                              @ @xQueueIsQueueEmptyFromISR
	.thumb_func
xQueueIsQueueEmptyFromISR:
.Lfunc_begin29:
	.loc	1 2313 0 is_stmt 1              @ ../Middlewares/Third_Party/FreeRTOS/Source/queue.c:2313:0
	.fnstart
	.cfi_startproc
@ %bb.0:
	.pad	#16
	sub	sp, #16
	.cfi_def_cfa_offset 16
	str	r0, [sp, #8]
.Ltmp650:
	.loc	1 2315 27 prologue_end          @ ../Middlewares/Third_Party/FreeRTOS/Source/queue.c:2315:27
	ldr	r0, [sp, #8]
	.loc	1 2315 17 is_stmt 0             @ ../Middlewares/Third_Party/FreeRTOS/Source/queue.c:2315:17
	str	r0, [sp]
.Ltmp651:
	.loc	1 2317 2 is_stmt 1              @ ../Middlewares/Third_Party/FreeRTOS/Source/queue.c:2317:2
	ldr	r0, [sp]
.Ltmp652:
	.loc	1 2317 2 is_stmt 0              @ ../Middlewares/Third_Party/FreeRTOS/Source/queue.c:2317:2
	cbnz	r0, .LBB29_3
	b	.LBB29_1
.LBB29_1:
.Ltmp653:
	.loc	4 195 2 is_stmt 1               @ ../Middlewares/Third_Party/FreeRTOS/Source/portable/RVDS/ARM_CM4F\portmacro.h:195:2
	@APP
	mov.w	r0, #80
	msr	basepri, r0
	isb	sy
	dsb	sy

	@NO_APP
	str	r0, [sp, #12]
.Ltmp654:
	.loc	1 2317 2                        @ ../Middlewares/Third_Party/FreeRTOS/Source/queue.c:2317:2
	b	.LBB29_2
.LBB29_2:                               @ =>This Inner Loop Header: Depth=1
.Ltmp655:
	.loc	1 2317 2 is_stmt 0              @ ../Middlewares/Third_Party/FreeRTOS/Source/queue.c:2317:2
	b	.LBB29_2
.Ltmp656:
.LBB29_3:
	.loc	1 2318 6 is_stmt 1              @ ../Middlewares/Third_Party/FreeRTOS/Source/queue.c:2318:6
	ldr	r0, [sp]
	.loc	1 2318 15 is_stmt 0             @ ../Middlewares/Third_Party/FreeRTOS/Source/queue.c:2318:15
	ldr	r0, [r0, #56]
.Ltmp657:
	.loc	1 2318 6                        @ ../Middlewares/Third_Party/FreeRTOS/Source/queue.c:2318:6
	cbnz	r0, .LBB29_5
	b	.LBB29_4
.LBB29_4:
	.loc	1 0 6                           @ ../Middlewares/Third_Party/FreeRTOS/Source/queue.c:0:6
	movs	r0, #1
.Ltmp658:
	.loc	1 2320 11 is_stmt 1             @ ../Middlewares/Third_Party/FreeRTOS/Source/queue.c:2320:11
	str	r0, [sp, #4]
	.loc	1 2321 2                        @ ../Middlewares/Third_Party/FreeRTOS/Source/queue.c:2321:2
	b	.LBB29_6
.Ltmp659:
.LBB29_5:
	.loc	1 0 2 is_stmt 0                 @ ../Middlewares/Third_Party/FreeRTOS/Source/queue.c:0:2
	movs	r0, #0
.Ltmp660:
	.loc	1 2324 11 is_stmt 1             @ ../Middlewares/Third_Party/FreeRTOS/Source/queue.c:2324:11
	str	r0, [sp, #4]
	b	.LBB29_6
.Ltmp661:
.LBB29_6:
	.loc	1 2327 9                        @ ../Middlewares/Third_Party/FreeRTOS/Source/queue.c:2327:9
	ldr	r0, [sp, #4]
	.loc	1 2327 2 epilogue_begin is_stmt 0 @ ../Middlewares/Third_Party/FreeRTOS/Source/queue.c:2327:2
	add	sp, #16
	bx	lr
.Ltmp662:
.Lfunc_end29:
	.size	xQueueIsQueueEmptyFromISR, .Lfunc_end29-xQueueIsQueueEmptyFromISR
	.cfi_endproc
	.cantunwind
	.fnend
                                        @ -- End function
	.section	.text.xQueueIsQueueFullFromISR,"ax",%progbits
	.hidden	xQueueIsQueueFullFromISR        @ -- Begin function xQueueIsQueueFullFromISR
	.globl	xQueueIsQueueFullFromISR
	.p2align	3
	.type	xQueueIsQueueFullFromISR,%function
	.code	16                              @ @xQueueIsQueueFullFromISR
	.thumb_func
xQueueIsQueueFullFromISR:
.Lfunc_begin30:
	.loc	1 2353 0 is_stmt 1              @ ../Middlewares/Third_Party/FreeRTOS/Source/queue.c:2353:0
	.fnstart
	.cfi_startproc
@ %bb.0:
	.pad	#16
	sub	sp, #16
	.cfi_def_cfa_offset 16
	str	r0, [sp, #8]
.Ltmp663:
	.loc	1 2355 27 prologue_end          @ ../Middlewares/Third_Party/FreeRTOS/Source/queue.c:2355:27
	ldr	r0, [sp, #8]
	.loc	1 2355 17 is_stmt 0             @ ../Middlewares/Third_Party/FreeRTOS/Source/queue.c:2355:17
	str	r0, [sp]
.Ltmp664:
	.loc	1 2357 2 is_stmt 1              @ ../Middlewares/Third_Party/FreeRTOS/Source/queue.c:2357:2
	ldr	r0, [sp]
.Ltmp665:
	.loc	1 2357 2 is_stmt 0              @ ../Middlewares/Third_Party/FreeRTOS/Source/queue.c:2357:2
	cbnz	r0, .LBB30_3
	b	.LBB30_1
.LBB30_1:
.Ltmp666:
	.loc	4 195 2 is_stmt 1               @ ../Middlewares/Third_Party/FreeRTOS/Source/portable/RVDS/ARM_CM4F\portmacro.h:195:2
	@APP
	mov.w	r0, #80
	msr	basepri, r0
	isb	sy
	dsb	sy

	@NO_APP
	str	r0, [sp, #12]
.Ltmp667:
	.loc	1 2357 2                        @ ../Middlewares/Third_Party/FreeRTOS/Source/queue.c:2357:2
	b	.LBB30_2
.LBB30_2:                               @ =>This Inner Loop Header: Depth=1
.Ltmp668:
	.loc	1 2357 2 is_stmt 0              @ ../Middlewares/Third_Party/FreeRTOS/Source/queue.c:2357:2
	b	.LBB30_2
.Ltmp669:
.LBB30_3:
	.loc	1 2358 6 is_stmt 1              @ ../Middlewares/Third_Party/FreeRTOS/Source/queue.c:2358:6
	ldr	r0, [sp]
	.loc	1 2358 15 is_stmt 0             @ ../Middlewares/Third_Party/FreeRTOS/Source/queue.c:2358:15
	ldr	r0, [r0, #56]
	.loc	1 2358 36                       @ ../Middlewares/Third_Party/FreeRTOS/Source/queue.c:2358:36
	ldr	r1, [sp]
	.loc	1 2358 45                       @ ../Middlewares/Third_Party/FreeRTOS/Source/queue.c:2358:45
	ldr	r1, [r1, #60]
.Ltmp670:
	.loc	1 2358 6                        @ ../Middlewares/Third_Party/FreeRTOS/Source/queue.c:2358:6
	cmp	r0, r1
	bne	.LBB30_5
	b	.LBB30_4
.LBB30_4:
	.loc	1 0 6                           @ ../Middlewares/Third_Party/FreeRTOS/Source/queue.c:0:6
	movs	r0, #1
.Ltmp671:
	.loc	1 2360 11 is_stmt 1             @ ../Middlewares/Third_Party/FreeRTOS/Source/queue.c:2360:11
	str	r0, [sp, #4]
	.loc	1 2361 2                        @ ../Middlewares/Third_Party/FreeRTOS/Source/queue.c:2361:2
	b	.LBB30_6
.Ltmp672:
.LBB30_5:
	.loc	1 0 2 is_stmt 0                 @ ../Middlewares/Third_Party/FreeRTOS/Source/queue.c:0:2
	movs	r0, #0
.Ltmp673:
	.loc	1 2364 11 is_stmt 1             @ ../Middlewares/Third_Party/FreeRTOS/Source/queue.c:2364:11
	str	r0, [sp, #4]
	b	.LBB30_6
.Ltmp674:
.LBB30_6:
	.loc	1 2367 9                        @ ../Middlewares/Third_Party/FreeRTOS/Source/queue.c:2367:9
	ldr	r0, [sp, #4]
	.loc	1 2367 2 epilogue_begin is_stmt 0 @ ../Middlewares/Third_Party/FreeRTOS/Source/queue.c:2367:2
	add	sp, #16
	bx	lr
.Ltmp675:
.Lfunc_end30:
	.size	xQueueIsQueueFullFromISR, .Lfunc_end30-xQueueIsQueueFullFromISR
	.cfi_endproc
	.cantunwind
	.fnend
                                        @ -- End function
	.section	.text.vQueueAddToRegistry,"ax",%progbits
	.hidden	vQueueAddToRegistry             @ -- Begin function vQueueAddToRegistry
	.globl	vQueueAddToRegistry
	.p2align	3
	.type	vQueueAddToRegistry,%function
	.code	16                              @ @vQueueAddToRegistry
	.thumb_func
vQueueAddToRegistry:
.Lfunc_begin31:
	.loc	1 2649 0 is_stmt 1              @ ../Middlewares/Third_Party/FreeRTOS/Source/queue.c:2649:0
	.fnstart
	.cfi_startproc
@ %bb.0:
	.pad	#12
	sub	sp, #12
	.cfi_def_cfa_offset 12
	str	r0, [sp, #8]
	str	r1, [sp, #4]
	movs	r0, #0
.Ltmp676:
	.loc	1 2654 11 prologue_end          @ ../Middlewares/Third_Party/FreeRTOS/Source/queue.c:2654:11
	str	r0, [sp]
	.loc	1 2654 8 is_stmt 0              @ ../Middlewares/Third_Party/FreeRTOS/Source/queue.c:2654:8
	b	.LBB31_1
.LBB31_1:                               @ =>This Inner Loop Header: Depth=1
.Ltmp677:
	.loc	1 2654 33                       @ ../Middlewares/Third_Party/FreeRTOS/Source/queue.c:2654:33
	ldr	r0, [sp]
.Ltmp678:
	.loc	1 2654 3                        @ ../Middlewares/Third_Party/FreeRTOS/Source/queue.c:2654:3
	cmp	r0, #7
	bhi	.LBB31_7
	b	.LBB31_2
.LBB31_2:                               @   in Loop: Header=BB31_1 Depth=1
.Ltmp679:
	.loc	1 2656 24 is_stmt 1             @ ../Middlewares/Third_Party/FreeRTOS/Source/queue.c:2656:24
	ldr	r1, [sp]
	.loc	1 2656 8 is_stmt 0              @ ../Middlewares/Third_Party/FreeRTOS/Source/queue.c:2656:8
	movw	r0, :lower16:xQueueRegistry
	movt	r0, :upper16:xQueueRegistry
	.loc	1 2656 29                       @ ../Middlewares/Third_Party/FreeRTOS/Source/queue.c:2656:29
	ldr.w	r0, [r0, r1, lsl #3]
.Ltmp680:
	.loc	1 2656 8                        @ ../Middlewares/Third_Party/FreeRTOS/Source/queue.c:2656:8
	cbnz	r0, .LBB31_4
	b	.LBB31_3
.LBB31_3:
.Ltmp681:
	.loc	1 2659 40 is_stmt 1             @ ../Middlewares/Third_Party/FreeRTOS/Source/queue.c:2659:40
	ldr	r0, [sp, #4]
	.loc	1 2659 21 is_stmt 0             @ ../Middlewares/Third_Party/FreeRTOS/Source/queue.c:2659:21
	ldr	r2, [sp]
	.loc	1 2659 5                        @ ../Middlewares/Third_Party/FreeRTOS/Source/queue.c:2659:5
	movw	r1, :lower16:xQueueRegistry
	movt	r1, :upper16:xQueueRegistry
	.loc	1 2659 38                       @ ../Middlewares/Third_Party/FreeRTOS/Source/queue.c:2659:38
	str.w	r0, [r1, r2, lsl #3]
	.loc	1 2660 36 is_stmt 1             @ ../Middlewares/Third_Party/FreeRTOS/Source/queue.c:2660:36
	ldr	r0, [sp, #8]
	.loc	1 2660 21 is_stmt 0             @ ../Middlewares/Third_Party/FreeRTOS/Source/queue.c:2660:21
	ldr	r2, [sp]
	.loc	1 2660 5                        @ ../Middlewares/Third_Party/FreeRTOS/Source/queue.c:2660:5
	add.w	r1, r1, r2, lsl #3
	.loc	1 2660 34                       @ ../Middlewares/Third_Party/FreeRTOS/Source/queue.c:2660:34
	str	r0, [r1, #4]
	.loc	1 2663 5 is_stmt 1              @ ../Middlewares/Third_Party/FreeRTOS/Source/queue.c:2663:5
	b	.LBB31_7
.Ltmp682:
.LBB31_4:                               @   in Loop: Header=BB31_1 Depth=1
	.loc	1 0 5 is_stmt 0                 @ ../Middlewares/Third_Party/FreeRTOS/Source/queue.c:0:5
	b	.LBB31_5
.LBB31_5:                               @   in Loop: Header=BB31_1 Depth=1
	.loc	1 2669 3 is_stmt 1              @ ../Middlewares/Third_Party/FreeRTOS/Source/queue.c:2669:3
	b	.LBB31_6
.Ltmp683:
.LBB31_6:                               @   in Loop: Header=BB31_1 Depth=1
	.loc	1 2654 83                       @ ../Middlewares/Third_Party/FreeRTOS/Source/queue.c:2654:83
	ldr	r0, [sp]
	adds	r0, #1
	str	r0, [sp]
	.loc	1 2654 3 is_stmt 0              @ ../Middlewares/Third_Party/FreeRTOS/Source/queue.c:2654:3
	b	.LBB31_1
.Ltmp684:
.LBB31_7:
	.loc	1 2670 2 epilogue_begin is_stmt 1 @ ../Middlewares/Third_Party/FreeRTOS/Source/queue.c:2670:2
	add	sp, #12
	bx	lr
.Ltmp685:
.Lfunc_end31:
	.size	vQueueAddToRegistry, .Lfunc_end31-vQueueAddToRegistry
	.cfi_endproc
	.cantunwind
	.fnend
                                        @ -- End function
	.section	.text.pcQueueGetName,"ax",%progbits
	.hidden	pcQueueGetName                  @ -- Begin function pcQueueGetName
	.globl	pcQueueGetName
	.p2align	3
	.type	pcQueueGetName,%function
	.code	16                              @ @pcQueueGetName
	.thumb_func
pcQueueGetName:
.Lfunc_begin32:
	.loc	1 2678 0                        @ ../Middlewares/Third_Party/FreeRTOS/Source/queue.c:2678:0
	.fnstart
	.cfi_startproc
@ %bb.0:
	.pad	#12
	sub	sp, #12
	.cfi_def_cfa_offset 12
	str	r0, [sp, #8]
	movs	r0, #0
.Ltmp686:
	.loc	1 2680 14 prologue_end          @ ../Middlewares/Third_Party/FreeRTOS/Source/queue.c:2680:14
	str	r0, [sp]
.Ltmp687:
	.loc	1 2684 11                       @ ../Middlewares/Third_Party/FreeRTOS/Source/queue.c:2684:11
	str	r0, [sp, #4]
	.loc	1 2684 8 is_stmt 0              @ ../Middlewares/Third_Party/FreeRTOS/Source/queue.c:2684:8
	b	.LBB32_1
.LBB32_1:                               @ =>This Inner Loop Header: Depth=1
.Ltmp688:
	.loc	1 2684 33                       @ ../Middlewares/Third_Party/FreeRTOS/Source/queue.c:2684:33
	ldr	r0, [sp, #4]
.Ltmp689:
	.loc	1 2684 3                        @ ../Middlewares/Third_Party/FreeRTOS/Source/queue.c:2684:3
	cmp	r0, #7
	bhi	.LBB32_7
	b	.LBB32_2
.LBB32_2:                               @   in Loop: Header=BB32_1 Depth=1
.Ltmp690:
	.loc	1 2686 24 is_stmt 1             @ ../Middlewares/Third_Party/FreeRTOS/Source/queue.c:2686:24
	ldr	r1, [sp, #4]
	.loc	1 2686 8 is_stmt 0              @ ../Middlewares/Third_Party/FreeRTOS/Source/queue.c:2686:8
	movw	r0, :lower16:xQueueRegistry
	movt	r0, :upper16:xQueueRegistry
	add.w	r0, r0, r1, lsl #3
	.loc	1 2686 29                       @ ../Middlewares/Third_Party/FreeRTOS/Source/queue.c:2686:29
	ldr	r0, [r0, #4]
	.loc	1 2686 40                       @ ../Middlewares/Third_Party/FreeRTOS/Source/queue.c:2686:40
	ldr	r1, [sp, #8]
.Ltmp691:
	.loc	1 2686 8                        @ ../Middlewares/Third_Party/FreeRTOS/Source/queue.c:2686:8
	cmp	r0, r1
	bne	.LBB32_4
	b	.LBB32_3
.LBB32_3:
.Ltmp692:
	.loc	1 2688 32 is_stmt 1             @ ../Middlewares/Third_Party/FreeRTOS/Source/queue.c:2688:32
	ldr	r1, [sp, #4]
	.loc	1 2688 16 is_stmt 0             @ ../Middlewares/Third_Party/FreeRTOS/Source/queue.c:2688:16
	movw	r0, :lower16:xQueueRegistry
	movt	r0, :upper16:xQueueRegistry
	.loc	1 2688 37                       @ ../Middlewares/Third_Party/FreeRTOS/Source/queue.c:2688:37
	ldr.w	r0, [r0, r1, lsl #3]
	.loc	1 2688 14                       @ ../Middlewares/Third_Party/FreeRTOS/Source/queue.c:2688:14
	str	r0, [sp]
	.loc	1 2689 5 is_stmt 1              @ ../Middlewares/Third_Party/FreeRTOS/Source/queue.c:2689:5
	b	.LBB32_7
.Ltmp693:
.LBB32_4:                               @   in Loop: Header=BB32_1 Depth=1
	.loc	1 0 5 is_stmt 0                 @ ../Middlewares/Third_Party/FreeRTOS/Source/queue.c:0:5
	b	.LBB32_5
.LBB32_5:                               @   in Loop: Header=BB32_1 Depth=1
	.loc	1 2695 3 is_stmt 1              @ ../Middlewares/Third_Party/FreeRTOS/Source/queue.c:2695:3
	b	.LBB32_6
.Ltmp694:
.LBB32_6:                               @   in Loop: Header=BB32_1 Depth=1
	.loc	1 2684 83                       @ ../Middlewares/Third_Party/FreeRTOS/Source/queue.c:2684:83
	ldr	r0, [sp, #4]
	adds	r0, #1
	str	r0, [sp, #4]
	.loc	1 2684 3 is_stmt 0              @ ../Middlewares/Third_Party/FreeRTOS/Source/queue.c:2684:3
	b	.LBB32_1
.Ltmp695:
.LBB32_7:
	.loc	1 2697 10 is_stmt 1             @ ../Middlewares/Third_Party/FreeRTOS/Source/queue.c:2697:10
	ldr	r0, [sp]
	.loc	1 2697 3 epilogue_begin is_stmt 0 @ ../Middlewares/Third_Party/FreeRTOS/Source/queue.c:2697:3
	add	sp, #12
	bx	lr
.Ltmp696:
.Lfunc_end32:
	.size	pcQueueGetName, .Lfunc_end32-pcQueueGetName
	.cfi_endproc
	.cantunwind
	.fnend
                                        @ -- End function
	.hidden	xQueueRegistry                  @ @xQueueRegistry
	.type	xQueueRegistry,%object
	.section	.bss.xQueueRegistry,"aw",%nobits
	.globl	xQueueRegistry
	.p2align	2, 0x0
xQueueRegistry:
	.zero	64
	.size	xQueueRegistry, 64

	.file	8 "D:\\stm32_project\\daily_work\\new_bubing\\cod_update_2.0\\COD_H7_Template\\MDK-ARM" "../Middlewares/Third_Party/FreeRTOS/Source/include\\FreeRTOS.h"
	.section	.debug_abbrev,"",%progbits
	.byte	1                               @ Abbreviation Code
	.byte	17                              @ DW_TAG_compile_unit
	.byte	1                               @ DW_CHILDREN_yes
	.byte	37                              @ DW_AT_producer
	.byte	14                              @ DW_FORM_strp
	.byte	19                              @ DW_AT_language
	.byte	5                               @ DW_FORM_data2
	.byte	3                               @ DW_AT_name
	.byte	14                              @ DW_FORM_strp
	.byte	16                              @ DW_AT_stmt_list
	.byte	23                              @ DW_FORM_sec_offset
	.byte	27                              @ DW_AT_comp_dir
	.byte	14                              @ DW_FORM_strp
	.byte	17                              @ DW_AT_low_pc
	.byte	1                               @ DW_FORM_addr
	.byte	85                              @ DW_AT_ranges
	.byte	23                              @ DW_FORM_sec_offset
	.byte	0                               @ EOM(1)
	.byte	0                               @ EOM(2)
	.byte	2                               @ Abbreviation Code
	.byte	52                              @ DW_TAG_variable
	.byte	0                               @ DW_CHILDREN_no
	.byte	3                               @ DW_AT_name
	.byte	14                              @ DW_FORM_strp
	.byte	73                              @ DW_AT_type
	.byte	19                              @ DW_FORM_ref4
	.byte	63                              @ DW_AT_external
	.byte	25                              @ DW_FORM_flag_present
	.byte	58                              @ DW_AT_decl_file
	.byte	11                              @ DW_FORM_data1
	.byte	59                              @ DW_AT_decl_line
	.byte	11                              @ DW_FORM_data1
	.byte	2                               @ DW_AT_location
	.byte	24                              @ DW_FORM_exprloc
	.byte	0                               @ EOM(1)
	.byte	0                               @ EOM(2)
	.byte	3                               @ Abbreviation Code
	.byte	1                               @ DW_TAG_array_type
	.byte	1                               @ DW_CHILDREN_yes
	.byte	73                              @ DW_AT_type
	.byte	19                              @ DW_FORM_ref4
	.byte	0                               @ EOM(1)
	.byte	0                               @ EOM(2)
	.byte	4                               @ Abbreviation Code
	.byte	33                              @ DW_TAG_subrange_type
	.byte	0                               @ DW_CHILDREN_no
	.byte	73                              @ DW_AT_type
	.byte	19                              @ DW_FORM_ref4
	.byte	55                              @ DW_AT_count
	.byte	11                              @ DW_FORM_data1
	.byte	0                               @ EOM(1)
	.byte	0                               @ EOM(2)
	.byte	5                               @ Abbreviation Code
	.byte	22                              @ DW_TAG_typedef
	.byte	0                               @ DW_CHILDREN_no
	.byte	73                              @ DW_AT_type
	.byte	19                              @ DW_FORM_ref4
	.byte	3                               @ DW_AT_name
	.byte	14                              @ DW_FORM_strp
	.byte	58                              @ DW_AT_decl_file
	.byte	11                              @ DW_FORM_data1
	.byte	59                              @ DW_AT_decl_line
	.byte	11                              @ DW_FORM_data1
	.byte	0                               @ EOM(1)
	.byte	0                               @ EOM(2)
	.byte	6                               @ Abbreviation Code
	.byte	19                              @ DW_TAG_structure_type
	.byte	1                               @ DW_CHILDREN_yes
	.byte	3                               @ DW_AT_name
	.byte	14                              @ DW_FORM_strp
	.byte	11                              @ DW_AT_byte_size
	.byte	11                              @ DW_FORM_data1
	.byte	58                              @ DW_AT_decl_file
	.byte	11                              @ DW_FORM_data1
	.byte	59                              @ DW_AT_decl_line
	.byte	11                              @ DW_FORM_data1
	.byte	0                               @ EOM(1)
	.byte	0                               @ EOM(2)
	.byte	7                               @ Abbreviation Code
	.byte	13                              @ DW_TAG_member
	.byte	0                               @ DW_CHILDREN_no
	.byte	3                               @ DW_AT_name
	.byte	14                              @ DW_FORM_strp
	.byte	73                              @ DW_AT_type
	.byte	19                              @ DW_FORM_ref4
	.byte	58                              @ DW_AT_decl_file
	.byte	11                              @ DW_FORM_data1
	.byte	59                              @ DW_AT_decl_line
	.byte	11                              @ DW_FORM_data1
	.byte	56                              @ DW_AT_data_member_location
	.byte	11                              @ DW_FORM_data1
	.byte	0                               @ EOM(1)
	.byte	0                               @ EOM(2)
	.byte	8                               @ Abbreviation Code
	.byte	15                              @ DW_TAG_pointer_type
	.byte	0                               @ DW_CHILDREN_no
	.byte	73                              @ DW_AT_type
	.byte	19                              @ DW_FORM_ref4
	.byte	0                               @ EOM(1)
	.byte	0                               @ EOM(2)
	.byte	9                               @ Abbreviation Code
	.byte	38                              @ DW_TAG_const_type
	.byte	0                               @ DW_CHILDREN_no
	.byte	73                              @ DW_AT_type
	.byte	19                              @ DW_FORM_ref4
	.byte	0                               @ EOM(1)
	.byte	0                               @ EOM(2)
	.byte	10                              @ Abbreviation Code
	.byte	36                              @ DW_TAG_base_type
	.byte	0                               @ DW_CHILDREN_no
	.byte	3                               @ DW_AT_name
	.byte	14                              @ DW_FORM_strp
	.byte	62                              @ DW_AT_encoding
	.byte	11                              @ DW_FORM_data1
	.byte	11                              @ DW_AT_byte_size
	.byte	11                              @ DW_FORM_data1
	.byte	0                               @ EOM(1)
	.byte	0                               @ EOM(2)
	.byte	11                              @ Abbreviation Code
	.byte	23                              @ DW_TAG_union_type
	.byte	1                               @ DW_CHILDREN_yes
	.byte	11                              @ DW_AT_byte_size
	.byte	11                              @ DW_FORM_data1
	.byte	58                              @ DW_AT_decl_file
	.byte	11                              @ DW_FORM_data1
	.byte	59                              @ DW_AT_decl_line
	.byte	11                              @ DW_FORM_data1
	.byte	0                               @ EOM(1)
	.byte	0                               @ EOM(2)
	.byte	12                              @ Abbreviation Code
	.byte	19                              @ DW_TAG_structure_type
	.byte	0                               @ DW_CHILDREN_no
	.byte	3                               @ DW_AT_name
	.byte	14                              @ DW_FORM_strp
	.byte	60                              @ DW_AT_declaration
	.byte	25                              @ DW_FORM_flag_present
	.byte	0                               @ EOM(1)
	.byte	0                               @ EOM(2)
	.byte	13                              @ Abbreviation Code
	.byte	53                              @ DW_TAG_volatile_type
	.byte	0                               @ DW_CHILDREN_no
	.byte	73                              @ DW_AT_type
	.byte	19                              @ DW_FORM_ref4
	.byte	0                               @ EOM(1)
	.byte	0                               @ EOM(2)
	.byte	14                              @ Abbreviation Code
	.byte	15                              @ DW_TAG_pointer_type
	.byte	0                               @ DW_CHILDREN_no
	.byte	0                               @ EOM(1)
	.byte	0                               @ EOM(2)
	.byte	15                              @ Abbreviation Code
	.byte	36                              @ DW_TAG_base_type
	.byte	0                               @ DW_CHILDREN_no
	.byte	3                               @ DW_AT_name
	.byte	14                              @ DW_FORM_strp
	.byte	11                              @ DW_AT_byte_size
	.byte	11                              @ DW_FORM_data1
	.byte	62                              @ DW_AT_encoding
	.byte	11                              @ DW_FORM_data1
	.byte	0                               @ EOM(1)
	.byte	0                               @ EOM(2)
	.byte	16                              @ Abbreviation Code
	.byte	46                              @ DW_TAG_subprogram
	.byte	1                               @ DW_CHILDREN_yes
	.byte	3                               @ DW_AT_name
	.byte	14                              @ DW_FORM_strp
	.byte	58                              @ DW_AT_decl_file
	.byte	11                              @ DW_FORM_data1
	.byte	59                              @ DW_AT_decl_line
	.byte	11                              @ DW_FORM_data1
	.byte	39                              @ DW_AT_prototyped
	.byte	25                              @ DW_FORM_flag_present
	.byte	32                              @ DW_AT_inline
	.byte	11                              @ DW_FORM_data1
	.byte	0                               @ EOM(1)
	.byte	0                               @ EOM(2)
	.byte	17                              @ Abbreviation Code
	.byte	52                              @ DW_TAG_variable
	.byte	0                               @ DW_CHILDREN_no
	.byte	3                               @ DW_AT_name
	.byte	14                              @ DW_FORM_strp
	.byte	58                              @ DW_AT_decl_file
	.byte	11                              @ DW_FORM_data1
	.byte	59                              @ DW_AT_decl_line
	.byte	11                              @ DW_FORM_data1
	.byte	73                              @ DW_AT_type
	.byte	19                              @ DW_FORM_ref4
	.byte	0                               @ EOM(1)
	.byte	0                               @ EOM(2)
	.byte	18                              @ Abbreviation Code
	.byte	46                              @ DW_TAG_subprogram
	.byte	1                               @ DW_CHILDREN_yes
	.byte	17                              @ DW_AT_low_pc
	.byte	1                               @ DW_FORM_addr
	.byte	18                              @ DW_AT_high_pc
	.byte	6                               @ DW_FORM_data4
	.byte	64                              @ DW_AT_frame_base
	.byte	24                              @ DW_FORM_exprloc
	.byte	3                               @ DW_AT_name
	.byte	14                              @ DW_FORM_strp
	.byte	58                              @ DW_AT_decl_file
	.byte	11                              @ DW_FORM_data1
	.byte	59                              @ DW_AT_decl_line
	.byte	11                              @ DW_FORM_data1
	.byte	39                              @ DW_AT_prototyped
	.byte	25                              @ DW_FORM_flag_present
	.byte	73                              @ DW_AT_type
	.byte	19                              @ DW_FORM_ref4
	.byte	63                              @ DW_AT_external
	.byte	25                              @ DW_FORM_flag_present
	.byte	0                               @ EOM(1)
	.byte	0                               @ EOM(2)
	.byte	19                              @ Abbreviation Code
	.byte	5                               @ DW_TAG_formal_parameter
	.byte	0                               @ DW_CHILDREN_no
	.byte	2                               @ DW_AT_location
	.byte	24                              @ DW_FORM_exprloc
	.byte	3                               @ DW_AT_name
	.byte	14                              @ DW_FORM_strp
	.byte	58                              @ DW_AT_decl_file
	.byte	11                              @ DW_FORM_data1
	.byte	59                              @ DW_AT_decl_line
	.byte	11                              @ DW_FORM_data1
	.byte	73                              @ DW_AT_type
	.byte	19                              @ DW_FORM_ref4
	.byte	0                               @ EOM(1)
	.byte	0                               @ EOM(2)
	.byte	20                              @ Abbreviation Code
	.byte	52                              @ DW_TAG_variable
	.byte	0                               @ DW_CHILDREN_no
	.byte	2                               @ DW_AT_location
	.byte	24                              @ DW_FORM_exprloc
	.byte	3                               @ DW_AT_name
	.byte	14                              @ DW_FORM_strp
	.byte	58                              @ DW_AT_decl_file
	.byte	11                              @ DW_FORM_data1
	.byte	59                              @ DW_AT_decl_line
	.byte	5                               @ DW_FORM_data2
	.byte	73                              @ DW_AT_type
	.byte	19                              @ DW_FORM_ref4
	.byte	0                               @ EOM(1)
	.byte	0                               @ EOM(2)
	.byte	21                              @ Abbreviation Code
	.byte	29                              @ DW_TAG_inlined_subroutine
	.byte	1                               @ DW_CHILDREN_yes
	.byte	49                              @ DW_AT_abstract_origin
	.byte	19                              @ DW_FORM_ref4
	.byte	17                              @ DW_AT_low_pc
	.byte	1                               @ DW_FORM_addr
	.byte	18                              @ DW_AT_high_pc
	.byte	6                               @ DW_FORM_data4
	.byte	88                              @ DW_AT_call_file
	.byte	11                              @ DW_FORM_data1
	.byte	89                              @ DW_AT_call_line
	.byte	5                               @ DW_FORM_data2
	.byte	87                              @ DW_AT_call_column
	.byte	11                              @ DW_FORM_data1
	.byte	0                               @ EOM(1)
	.byte	0                               @ EOM(2)
	.byte	22                              @ Abbreviation Code
	.byte	52                              @ DW_TAG_variable
	.byte	0                               @ DW_CHILDREN_no
	.byte	2                               @ DW_AT_location
	.byte	24                              @ DW_FORM_exprloc
	.byte	49                              @ DW_AT_abstract_origin
	.byte	19                              @ DW_FORM_ref4
	.byte	0                               @ EOM(1)
	.byte	0                               @ EOM(2)
	.byte	23                              @ Abbreviation Code
	.byte	46                              @ DW_TAG_subprogram
	.byte	1                               @ DW_CHILDREN_yes
	.byte	17                              @ DW_AT_low_pc
	.byte	1                               @ DW_FORM_addr
	.byte	18                              @ DW_AT_high_pc
	.byte	6                               @ DW_FORM_data4
	.byte	64                              @ DW_AT_frame_base
	.byte	24                              @ DW_FORM_exprloc
	.byte	3                               @ DW_AT_name
	.byte	14                              @ DW_FORM_strp
	.byte	58                              @ DW_AT_decl_file
	.byte	11                              @ DW_FORM_data1
	.byte	59                              @ DW_AT_decl_line
	.byte	5                               @ DW_FORM_data2
	.byte	39                              @ DW_AT_prototyped
	.byte	25                              @ DW_FORM_flag_present
	.byte	73                              @ DW_AT_type
	.byte	19                              @ DW_FORM_ref4
	.byte	63                              @ DW_AT_external
	.byte	25                              @ DW_FORM_flag_present
	.byte	0                               @ EOM(1)
	.byte	0                               @ EOM(2)
	.byte	24                              @ Abbreviation Code
	.byte	5                               @ DW_TAG_formal_parameter
	.byte	0                               @ DW_CHILDREN_no
	.byte	2                               @ DW_AT_location
	.byte	24                              @ DW_FORM_exprloc
	.byte	3                               @ DW_AT_name
	.byte	14                              @ DW_FORM_strp
	.byte	58                              @ DW_AT_decl_file
	.byte	11                              @ DW_FORM_data1
	.byte	59                              @ DW_AT_decl_line
	.byte	5                               @ DW_FORM_data2
	.byte	73                              @ DW_AT_type
	.byte	19                              @ DW_FORM_ref4
	.byte	0                               @ EOM(1)
	.byte	0                               @ EOM(2)
	.byte	25                              @ Abbreviation Code
	.byte	11                              @ DW_TAG_lexical_block
	.byte	1                               @ DW_CHILDREN_yes
	.byte	17                              @ DW_AT_low_pc
	.byte	1                               @ DW_FORM_addr
	.byte	18                              @ DW_AT_high_pc
	.byte	6                               @ DW_FORM_data4
	.byte	0                               @ EOM(1)
	.byte	0                               @ EOM(2)
	.byte	26                              @ Abbreviation Code
	.byte	46                              @ DW_TAG_subprogram
	.byte	1                               @ DW_CHILDREN_yes
	.byte	17                              @ DW_AT_low_pc
	.byte	1                               @ DW_FORM_addr
	.byte	18                              @ DW_AT_high_pc
	.byte	6                               @ DW_FORM_data4
	.byte	64                              @ DW_AT_frame_base
	.byte	24                              @ DW_FORM_exprloc
	.byte	3                               @ DW_AT_name
	.byte	14                              @ DW_FORM_strp
	.byte	58                              @ DW_AT_decl_file
	.byte	11                              @ DW_FORM_data1
	.byte	59                              @ DW_AT_decl_line
	.byte	5                               @ DW_FORM_data2
	.byte	39                              @ DW_AT_prototyped
	.byte	25                              @ DW_FORM_flag_present
	.byte	0                               @ EOM(1)
	.byte	0                               @ EOM(2)
	.byte	27                              @ Abbreviation Code
	.byte	46                              @ DW_TAG_subprogram
	.byte	1                               @ DW_CHILDREN_yes
	.byte	17                              @ DW_AT_low_pc
	.byte	1                               @ DW_FORM_addr
	.byte	18                              @ DW_AT_high_pc
	.byte	6                               @ DW_FORM_data4
	.byte	64                              @ DW_AT_frame_base
	.byte	24                              @ DW_FORM_exprloc
	.byte	3                               @ DW_AT_name
	.byte	14                              @ DW_FORM_strp
	.byte	58                              @ DW_AT_decl_file
	.byte	11                              @ DW_FORM_data1
	.byte	59                              @ DW_AT_decl_line
	.byte	5                               @ DW_FORM_data2
	.byte	39                              @ DW_AT_prototyped
	.byte	25                              @ DW_FORM_flag_present
	.byte	73                              @ DW_AT_type
	.byte	19                              @ DW_FORM_ref4
	.byte	0                               @ EOM(1)
	.byte	0                               @ EOM(2)
	.byte	28                              @ Abbreviation Code
	.byte	46                              @ DW_TAG_subprogram
	.byte	1                               @ DW_CHILDREN_yes
	.byte	3                               @ DW_AT_name
	.byte	14                              @ DW_FORM_strp
	.byte	58                              @ DW_AT_decl_file
	.byte	11                              @ DW_FORM_data1
	.byte	59                              @ DW_AT_decl_line
	.byte	11                              @ DW_FORM_data1
	.byte	39                              @ DW_AT_prototyped
	.byte	25                              @ DW_FORM_flag_present
	.byte	73                              @ DW_AT_type
	.byte	19                              @ DW_FORM_ref4
	.byte	32                              @ DW_AT_inline
	.byte	11                              @ DW_FORM_data1
	.byte	0                               @ EOM(1)
	.byte	0                               @ EOM(2)
	.byte	29                              @ Abbreviation Code
	.byte	5                               @ DW_TAG_formal_parameter
	.byte	0                               @ DW_CHILDREN_no
	.byte	3                               @ DW_AT_name
	.byte	14                              @ DW_FORM_strp
	.byte	58                              @ DW_AT_decl_file
	.byte	11                              @ DW_FORM_data1
	.byte	59                              @ DW_AT_decl_line
	.byte	11                              @ DW_FORM_data1
	.byte	73                              @ DW_AT_type
	.byte	19                              @ DW_FORM_ref4
	.byte	0                               @ EOM(1)
	.byte	0                               @ EOM(2)
	.byte	30                              @ Abbreviation Code
	.byte	5                               @ DW_TAG_formal_parameter
	.byte	0                               @ DW_CHILDREN_no
	.byte	2                               @ DW_AT_location
	.byte	24                              @ DW_FORM_exprloc
	.byte	49                              @ DW_AT_abstract_origin
	.byte	19                              @ DW_FORM_ref4
	.byte	0                               @ EOM(1)
	.byte	0                               @ EOM(2)
	.byte	31                              @ Abbreviation Code
	.byte	46                              @ DW_TAG_subprogram
	.byte	1                               @ DW_CHILDREN_yes
	.byte	17                              @ DW_AT_low_pc
	.byte	1                               @ DW_FORM_addr
	.byte	18                              @ DW_AT_high_pc
	.byte	6                               @ DW_FORM_data4
	.byte	64                              @ DW_AT_frame_base
	.byte	24                              @ DW_FORM_exprloc
	.byte	3                               @ DW_AT_name
	.byte	14                              @ DW_FORM_strp
	.byte	58                              @ DW_AT_decl_file
	.byte	11                              @ DW_FORM_data1
	.byte	59                              @ DW_AT_decl_line
	.byte	5                               @ DW_FORM_data2
	.byte	39                              @ DW_AT_prototyped
	.byte	25                              @ DW_FORM_flag_present
	.byte	63                              @ DW_AT_external
	.byte	25                              @ DW_FORM_flag_present
	.byte	0                               @ EOM(1)
	.byte	0                               @ EOM(2)
	.byte	32                              @ Abbreviation Code
	.byte	22                              @ DW_TAG_typedef
	.byte	0                               @ DW_CHILDREN_no
	.byte	73                              @ DW_AT_type
	.byte	19                              @ DW_FORM_ref4
	.byte	3                               @ DW_AT_name
	.byte	14                              @ DW_FORM_strp
	.byte	58                              @ DW_AT_decl_file
	.byte	11                              @ DW_FORM_data1
	.byte	59                              @ DW_AT_decl_line
	.byte	5                               @ DW_FORM_data2
	.byte	0                               @ EOM(1)
	.byte	0                               @ EOM(2)
	.byte	33                              @ Abbreviation Code
	.byte	19                              @ DW_TAG_structure_type
	.byte	1                               @ DW_CHILDREN_yes
	.byte	3                               @ DW_AT_name
	.byte	14                              @ DW_FORM_strp
	.byte	11                              @ DW_AT_byte_size
	.byte	11                              @ DW_FORM_data1
	.byte	58                              @ DW_AT_decl_file
	.byte	11                              @ DW_FORM_data1
	.byte	59                              @ DW_AT_decl_line
	.byte	5                               @ DW_FORM_data2
	.byte	0                               @ EOM(1)
	.byte	0                               @ EOM(2)
	.byte	34                              @ Abbreviation Code
	.byte	13                              @ DW_TAG_member
	.byte	0                               @ DW_CHILDREN_no
	.byte	3                               @ DW_AT_name
	.byte	14                              @ DW_FORM_strp
	.byte	73                              @ DW_AT_type
	.byte	19                              @ DW_FORM_ref4
	.byte	58                              @ DW_AT_decl_file
	.byte	11                              @ DW_FORM_data1
	.byte	59                              @ DW_AT_decl_line
	.byte	5                               @ DW_FORM_data2
	.byte	56                              @ DW_AT_data_member_location
	.byte	11                              @ DW_FORM_data1
	.byte	0                               @ EOM(1)
	.byte	0                               @ EOM(2)
	.byte	35                              @ Abbreviation Code
	.byte	23                              @ DW_TAG_union_type
	.byte	1                               @ DW_CHILDREN_yes
	.byte	11                              @ DW_AT_byte_size
	.byte	11                              @ DW_FORM_data1
	.byte	58                              @ DW_AT_decl_file
	.byte	11                              @ DW_FORM_data1
	.byte	59                              @ DW_AT_decl_line
	.byte	5                               @ DW_FORM_data2
	.byte	0                               @ EOM(1)
	.byte	0                               @ EOM(2)
	.byte	36                              @ Abbreviation Code
	.byte	38                              @ DW_TAG_const_type
	.byte	0                               @ DW_CHILDREN_no
	.byte	0                               @ EOM(1)
	.byte	0                               @ EOM(2)
	.byte	0                               @ EOM(3)
	.section	.debug_info,"",%progbits
.Lcu_begin0:
	.long	.Ldebug_info_end0-.Ldebug_info_start0 @ Length of Unit
.Ldebug_info_start0:
	.short	4                               @ DWARF version number
	.long	.debug_abbrev                   @ Offset Into Abbrev. Section
	.byte	4                               @ Address Size (in bytes)
	.byte	1                               @ Abbrev [1] 0xb:0x1563 DW_TAG_compile_unit
	.long	.Linfo_string0                  @ DW_AT_producer
	.short	12                              @ DW_AT_language
	.long	.Linfo_string1                  @ DW_AT_name
	.long	.Lline_table_start0             @ DW_AT_stmt_list
	.long	.Linfo_string2                  @ DW_AT_comp_dir
	.long	0                               @ DW_AT_low_pc
	.long	.Ldebug_ranges0                 @ DW_AT_ranges
	.byte	2                               @ Abbrev [2] 0x26:0x11 DW_TAG_variable
	.long	.Linfo_string3                  @ DW_AT_name
	.long	55                              @ DW_AT_type
                                        @ DW_AT_external
	.byte	1                               @ DW_AT_decl_file
	.byte	162                             @ DW_AT_decl_line
	.byte	5                               @ DW_AT_location
	.byte	3
	.long	xQueueRegistry
	.byte	3                               @ Abbrev [3] 0x37:0xc DW_TAG_array_type
	.long	67                              @ DW_AT_type
	.byte	4                               @ Abbrev [4] 0x3c:0x6 DW_TAG_subrange_type
	.long	764                             @ DW_AT_type
	.byte	8                               @ DW_AT_count
	.byte	0                               @ End Of Children Mark
	.byte	5                               @ Abbrev [5] 0x43:0xb DW_TAG_typedef
	.long	78                              @ DW_AT_type
	.long	.Linfo_string59                 @ DW_AT_name
	.byte	1                               @ DW_AT_decl_file
	.byte	157                             @ DW_AT_decl_line
	.byte	5                               @ Abbrev [5] 0x4e:0xb DW_TAG_typedef
	.long	89                              @ DW_AT_type
	.long	.Linfo_string58                 @ DW_AT_name
	.byte	1                               @ DW_AT_decl_file
	.byte	152                             @ DW_AT_decl_line
	.byte	6                               @ Abbrev [6] 0x59:0x21 DW_TAG_structure_type
	.long	.Linfo_string57                 @ DW_AT_name
	.byte	8                               @ DW_AT_byte_size
	.byte	1                               @ DW_AT_decl_file
	.byte	148                             @ DW_AT_decl_line
	.byte	7                               @ Abbrev [7] 0x61:0xc DW_TAG_member
	.long	.Linfo_string4                  @ DW_AT_name
	.long	122                             @ DW_AT_type
	.byte	1                               @ DW_AT_decl_file
	.byte	150                             @ DW_AT_decl_line
	.byte	0                               @ DW_AT_data_member_location
	.byte	7                               @ Abbrev [7] 0x6d:0xc DW_TAG_member
	.long	.Linfo_string6                  @ DW_AT_name
	.long	139                             @ DW_AT_type
	.byte	1                               @ DW_AT_decl_file
	.byte	151                             @ DW_AT_decl_line
	.byte	4                               @ DW_AT_data_member_location
	.byte	0                               @ End Of Children Mark
	.byte	8                               @ Abbrev [8] 0x7a:0x5 DW_TAG_pointer_type
	.long	127                             @ DW_AT_type
	.byte	9                               @ Abbrev [9] 0x7f:0x5 DW_TAG_const_type
	.long	132                             @ DW_AT_type
	.byte	10                              @ Abbrev [10] 0x84:0x7 DW_TAG_base_type
	.long	.Linfo_string5                  @ DW_AT_name
	.byte	8                               @ DW_AT_encoding
	.byte	1                               @ DW_AT_byte_size
	.byte	5                               @ Abbrev [5] 0x8b:0xb DW_TAG_typedef
	.long	150                             @ DW_AT_type
	.long	.Linfo_string56                 @ DW_AT_name
	.byte	6                               @ DW_AT_decl_file
	.byte	48                              @ DW_AT_decl_line
	.byte	8                               @ Abbrev [8] 0x96:0x5 DW_TAG_pointer_type
	.long	155                             @ DW_AT_type
	.byte	6                               @ Abbrev [6] 0x9b:0xc2 DW_TAG_structure_type
	.long	.Linfo_string55                 @ DW_AT_name
	.byte	80                              @ DW_AT_byte_size
	.byte	1                               @ DW_AT_decl_file
	.byte	97                              @ DW_AT_decl_line
	.byte	7                               @ Abbrev [7] 0xa3:0xc DW_TAG_member
	.long	.Linfo_string7                  @ DW_AT_name
	.long	349                             @ DW_AT_type
	.byte	1                               @ DW_AT_decl_file
	.byte	99                              @ DW_AT_decl_line
	.byte	0                               @ DW_AT_data_member_location
	.byte	7                               @ Abbrev [7] 0xaf:0xc DW_TAG_member
	.long	.Linfo_string10                 @ DW_AT_name
	.long	349                             @ DW_AT_type
	.byte	1                               @ DW_AT_decl_file
	.byte	100                             @ DW_AT_decl_line
	.byte	4                               @ DW_AT_data_member_location
	.byte	7                               @ Abbrev [7] 0xbb:0xc DW_TAG_member
	.long	.Linfo_string11                 @ DW_AT_name
	.long	199                             @ DW_AT_type
	.byte	1                               @ DW_AT_decl_file
	.byte	106                             @ DW_AT_decl_line
	.byte	8                               @ DW_AT_data_member_location
	.byte	11                              @ Abbrev [11] 0xc7:0x1d DW_TAG_union_type
	.byte	8                               @ DW_AT_byte_size
	.byte	1                               @ DW_AT_decl_file
	.byte	102                             @ DW_AT_decl_line
	.byte	7                               @ Abbrev [7] 0xcb:0xc DW_TAG_member
	.long	.Linfo_string12                 @ DW_AT_name
	.long	372                             @ DW_AT_type
	.byte	1                               @ DW_AT_decl_file
	.byte	104                             @ DW_AT_decl_line
	.byte	0                               @ DW_AT_data_member_location
	.byte	7                               @ Abbrev [7] 0xd7:0xc DW_TAG_member
	.long	.Linfo_string17                 @ DW_AT_name
	.long	416                             @ DW_AT_type
	.byte	1                               @ DW_AT_decl_file
	.byte	105                             @ DW_AT_decl_line
	.byte	0                               @ DW_AT_data_member_location
	.byte	0                               @ End Of Children Mark
	.byte	7                               @ Abbrev [7] 0xe4:0xc DW_TAG_member
	.long	.Linfo_string26                 @ DW_AT_name
	.long	499                             @ DW_AT_type
	.byte	1                               @ DW_AT_decl_file
	.byte	108                             @ DW_AT_decl_line
	.byte	16                              @ DW_AT_data_member_location
	.byte	7                               @ Abbrev [7] 0xf0:0xc DW_TAG_member
	.long	.Linfo_string44                 @ DW_AT_name
	.long	499                             @ DW_AT_type
	.byte	1                               @ DW_AT_decl_file
	.byte	109                             @ DW_AT_decl_line
	.byte	36                              @ DW_AT_data_member_location
	.byte	7                               @ Abbrev [7] 0xfc:0xc DW_TAG_member
	.long	.Linfo_string45                 @ DW_AT_name
	.long	555                             @ DW_AT_type
	.byte	1                               @ DW_AT_decl_file
	.byte	111                             @ DW_AT_decl_line
	.byte	56                              @ DW_AT_data_member_location
	.byte	7                               @ Abbrev [7] 0x108:0xc DW_TAG_member
	.long	.Linfo_string46                 @ DW_AT_name
	.long	481                             @ DW_AT_type
	.byte	1                               @ DW_AT_decl_file
	.byte	112                             @ DW_AT_decl_line
	.byte	60                              @ DW_AT_data_member_location
	.byte	7                               @ Abbrev [7] 0x114:0xc DW_TAG_member
	.long	.Linfo_string47                 @ DW_AT_name
	.long	481                             @ DW_AT_type
	.byte	1                               @ DW_AT_decl_file
	.byte	113                             @ DW_AT_decl_line
	.byte	64                              @ DW_AT_data_member_location
	.byte	7                               @ Abbrev [7] 0x120:0xc DW_TAG_member
	.long	.Linfo_string48                 @ DW_AT_name
	.long	741                             @ DW_AT_type
	.byte	1                               @ DW_AT_decl_file
	.byte	115                             @ DW_AT_decl_line
	.byte	68                              @ DW_AT_data_member_location
	.byte	7                               @ Abbrev [7] 0x12c:0xc DW_TAG_member
	.long	.Linfo_string49                 @ DW_AT_name
	.long	741                             @ DW_AT_type
	.byte	1                               @ DW_AT_decl_file
	.byte	116                             @ DW_AT_decl_line
	.byte	69                              @ DW_AT_data_member_location
	.byte	7                               @ Abbrev [7] 0x138:0xc DW_TAG_member
	.long	.Linfo_string50                 @ DW_AT_name
	.long	746                             @ DW_AT_type
	.byte	1                               @ DW_AT_decl_file
	.byte	119                             @ DW_AT_decl_line
	.byte	70                              @ DW_AT_data_member_location
	.byte	7                               @ Abbrev [7] 0x144:0xc DW_TAG_member
	.long	.Linfo_string53                 @ DW_AT_name
	.long	481                             @ DW_AT_type
	.byte	1                               @ DW_AT_decl_file
	.byte	127                             @ DW_AT_decl_line
	.byte	72                              @ DW_AT_data_member_location
	.byte	7                               @ Abbrev [7] 0x150:0xc DW_TAG_member
	.long	.Linfo_string54                 @ DW_AT_name
	.long	746                             @ DW_AT_type
	.byte	1                               @ DW_AT_decl_file
	.byte	128                             @ DW_AT_decl_line
	.byte	76                              @ DW_AT_data_member_location
	.byte	0                               @ End Of Children Mark
	.byte	8                               @ Abbrev [8] 0x15d:0x5 DW_TAG_pointer_type
	.long	354                             @ DW_AT_type
	.byte	5                               @ Abbrev [5] 0x162:0xb DW_TAG_typedef
	.long	365                             @ DW_AT_type
	.long	.Linfo_string9                  @ DW_AT_name
	.byte	2                               @ DW_AT_decl_file
	.byte	56                              @ DW_AT_decl_line
	.byte	10                              @ Abbrev [10] 0x16d:0x7 DW_TAG_base_type
	.long	.Linfo_string8                  @ DW_AT_name
	.byte	6                               @ DW_AT_encoding
	.byte	1                               @ DW_AT_byte_size
	.byte	5                               @ Abbrev [5] 0x174:0xb DW_TAG_typedef
	.long	383                             @ DW_AT_type
	.long	.Linfo_string16                 @ DW_AT_name
	.byte	1                               @ DW_AT_decl_file
	.byte	71                              @ DW_AT_decl_line
	.byte	6                               @ Abbrev [6] 0x17f:0x21 DW_TAG_structure_type
	.long	.Linfo_string15                 @ DW_AT_name
	.byte	8                               @ DW_AT_byte_size
	.byte	1                               @ DW_AT_decl_file
	.byte	67                              @ DW_AT_decl_line
	.byte	7                               @ Abbrev [7] 0x187:0xc DW_TAG_member
	.long	.Linfo_string13                 @ DW_AT_name
	.long	349                             @ DW_AT_type
	.byte	1                               @ DW_AT_decl_file
	.byte	69                              @ DW_AT_decl_line
	.byte	0                               @ DW_AT_data_member_location
	.byte	7                               @ Abbrev [7] 0x193:0xc DW_TAG_member
	.long	.Linfo_string14                 @ DW_AT_name
	.long	349                             @ DW_AT_type
	.byte	1                               @ DW_AT_decl_file
	.byte	70                              @ DW_AT_decl_line
	.byte	4                               @ DW_AT_data_member_location
	.byte	0                               @ End Of Children Mark
	.byte	5                               @ Abbrev [5] 0x1a0:0xb DW_TAG_typedef
	.long	427                             @ DW_AT_type
	.long	.Linfo_string25                 @ DW_AT_name
	.byte	1                               @ DW_AT_decl_file
	.byte	77                              @ DW_AT_decl_line
	.byte	6                               @ Abbrev [6] 0x1ab:0x21 DW_TAG_structure_type
	.long	.Linfo_string24                 @ DW_AT_name
	.byte	8                               @ DW_AT_byte_size
	.byte	1                               @ DW_AT_decl_file
	.byte	73                              @ DW_AT_decl_line
	.byte	7                               @ Abbrev [7] 0x1b3:0xc DW_TAG_member
	.long	.Linfo_string18                 @ DW_AT_name
	.long	460                             @ DW_AT_type
	.byte	1                               @ DW_AT_decl_file
	.byte	75                              @ DW_AT_decl_line
	.byte	0                               @ DW_AT_data_member_location
	.byte	7                               @ Abbrev [7] 0x1bf:0xc DW_TAG_member
	.long	.Linfo_string21                 @ DW_AT_name
	.long	481                             @ DW_AT_type
	.byte	1                               @ DW_AT_decl_file
	.byte	76                              @ DW_AT_decl_line
	.byte	4                               @ DW_AT_data_member_location
	.byte	0                               @ End Of Children Mark
	.byte	5                               @ Abbrev [5] 0x1cc:0xb DW_TAG_typedef
	.long	471                             @ DW_AT_type
	.long	.Linfo_string20                 @ DW_AT_name
	.byte	3                               @ DW_AT_decl_file
	.byte	70                              @ DW_AT_decl_line
	.byte	8                               @ Abbrev [8] 0x1d7:0x5 DW_TAG_pointer_type
	.long	476                             @ DW_AT_type
	.byte	12                              @ Abbrev [12] 0x1dc:0x5 DW_TAG_structure_type
	.long	.Linfo_string19                 @ DW_AT_name
                                        @ DW_AT_declaration
	.byte	5                               @ Abbrev [5] 0x1e1:0xb DW_TAG_typedef
	.long	492                             @ DW_AT_type
	.long	.Linfo_string23                 @ DW_AT_name
	.byte	4                               @ DW_AT_decl_file
	.byte	57                              @ DW_AT_decl_line
	.byte	10                              @ Abbrev [10] 0x1ec:0x7 DW_TAG_base_type
	.long	.Linfo_string22                 @ DW_AT_name
	.byte	7                               @ DW_AT_encoding
	.byte	4                               @ DW_AT_byte_size
	.byte	5                               @ Abbrev [5] 0x1f3:0xb DW_TAG_typedef
	.long	510                             @ DW_AT_type
	.long	.Linfo_string43                 @ DW_AT_name
	.byte	5                               @ DW_AT_decl_file
	.byte	171                             @ DW_AT_decl_line
	.byte	6                               @ Abbrev [6] 0x1fe:0x2d DW_TAG_structure_type
	.long	.Linfo_string42                 @ DW_AT_name
	.byte	20                              @ DW_AT_byte_size
	.byte	5                               @ DW_AT_decl_file
	.byte	164                             @ DW_AT_decl_line
	.byte	7                               @ Abbrev [7] 0x206:0xc DW_TAG_member
	.long	.Linfo_string27                 @ DW_AT_name
	.long	555                             @ DW_AT_type
	.byte	5                               @ DW_AT_decl_file
	.byte	167                             @ DW_AT_decl_line
	.byte	0                               @ DW_AT_data_member_location
	.byte	7                               @ Abbrev [7] 0x212:0xc DW_TAG_member
	.long	.Linfo_string28                 @ DW_AT_name
	.long	560                             @ DW_AT_type
	.byte	5                               @ DW_AT_decl_file
	.byte	168                             @ DW_AT_decl_line
	.byte	4                               @ DW_AT_data_member_location
	.byte	7                               @ Abbrev [7] 0x21e:0xc DW_TAG_member
	.long	.Linfo_string39                 @ DW_AT_name
	.long	685                             @ DW_AT_type
	.byte	5                               @ DW_AT_decl_file
	.byte	169                             @ DW_AT_decl_line
	.byte	8                               @ DW_AT_data_member_location
	.byte	0                               @ End Of Children Mark
	.byte	13                              @ Abbrev [13] 0x22b:0x5 DW_TAG_volatile_type
	.long	481                             @ DW_AT_type
	.byte	8                               @ Abbrev [8] 0x230:0x5 DW_TAG_pointer_type
	.long	565                             @ DW_AT_type
	.byte	5                               @ Abbrev [5] 0x235:0xb DW_TAG_typedef
	.long	576                             @ DW_AT_type
	.long	.Linfo_string38                 @ DW_AT_name
	.byte	5                               @ DW_AT_decl_file
	.byte	150                             @ DW_AT_decl_line
	.byte	6                               @ Abbrev [6] 0x240:0x45 DW_TAG_structure_type
	.long	.Linfo_string37                 @ DW_AT_name
	.byte	20                              @ DW_AT_byte_size
	.byte	5                               @ DW_AT_decl_file
	.byte	140                             @ DW_AT_decl_line
	.byte	7                               @ Abbrev [7] 0x248:0xc DW_TAG_member
	.long	.Linfo_string29                 @ DW_AT_name
	.long	645                             @ DW_AT_type
	.byte	5                               @ DW_AT_decl_file
	.byte	143                             @ DW_AT_decl_line
	.byte	0                               @ DW_AT_data_member_location
	.byte	7                               @ Abbrev [7] 0x254:0xc DW_TAG_member
	.long	.Linfo_string33                 @ DW_AT_name
	.long	674                             @ DW_AT_type
	.byte	5                               @ DW_AT_decl_file
	.byte	144                             @ DW_AT_decl_line
	.byte	4                               @ DW_AT_data_member_location
	.byte	7                               @ Abbrev [7] 0x260:0xc DW_TAG_member
	.long	.Linfo_string34                 @ DW_AT_name
	.long	674                             @ DW_AT_type
	.byte	5                               @ DW_AT_decl_file
	.byte	145                             @ DW_AT_decl_line
	.byte	8                               @ DW_AT_data_member_location
	.byte	7                               @ Abbrev [7] 0x26c:0xc DW_TAG_member
	.long	.Linfo_string35                 @ DW_AT_name
	.long	679                             @ DW_AT_type
	.byte	5                               @ DW_AT_decl_file
	.byte	146                             @ DW_AT_decl_line
	.byte	12                              @ DW_AT_data_member_location
	.byte	7                               @ Abbrev [7] 0x278:0xc DW_TAG_member
	.long	.Linfo_string36                 @ DW_AT_name
	.long	680                             @ DW_AT_type
	.byte	5                               @ DW_AT_decl_file
	.byte	147                             @ DW_AT_decl_line
	.byte	16                              @ DW_AT_data_member_location
	.byte	0                               @ End Of Children Mark
	.byte	5                               @ Abbrev [5] 0x285:0xb DW_TAG_typedef
	.long	656                             @ DW_AT_type
	.long	.Linfo_string32                 @ DW_AT_name
	.byte	4                               @ DW_AT_decl_file
	.byte	63                              @ DW_AT_decl_line
	.byte	5                               @ Abbrev [5] 0x290:0xb DW_TAG_typedef
	.long	667                             @ DW_AT_type
	.long	.Linfo_string31                 @ DW_AT_name
	.byte	2                               @ DW_AT_decl_file
	.byte	64                              @ DW_AT_decl_line
	.byte	10                              @ Abbrev [10] 0x29b:0x7 DW_TAG_base_type
	.long	.Linfo_string30                 @ DW_AT_name
	.byte	7                               @ DW_AT_encoding
	.byte	4                               @ DW_AT_byte_size
	.byte	8                               @ Abbrev [8] 0x2a2:0x5 DW_TAG_pointer_type
	.long	576                             @ DW_AT_type
	.byte	14                              @ Abbrev [14] 0x2a7:0x1 DW_TAG_pointer_type
	.byte	8                               @ Abbrev [8] 0x2a8:0x5 DW_TAG_pointer_type
	.long	510                             @ DW_AT_type
	.byte	5                               @ Abbrev [5] 0x2ad:0xb DW_TAG_typedef
	.long	696                             @ DW_AT_type
	.long	.Linfo_string41                 @ DW_AT_name
	.byte	5                               @ DW_AT_decl_file
	.byte	159                             @ DW_AT_decl_line
	.byte	6                               @ Abbrev [6] 0x2b8:0x2d DW_TAG_structure_type
	.long	.Linfo_string40                 @ DW_AT_name
	.byte	12                              @ DW_AT_byte_size
	.byte	5                               @ DW_AT_decl_file
	.byte	152                             @ DW_AT_decl_line
	.byte	7                               @ Abbrev [7] 0x2c0:0xc DW_TAG_member
	.long	.Linfo_string29                 @ DW_AT_name
	.long	645                             @ DW_AT_type
	.byte	5                               @ DW_AT_decl_file
	.byte	155                             @ DW_AT_decl_line
	.byte	0                               @ DW_AT_data_member_location
	.byte	7                               @ Abbrev [7] 0x2cc:0xc DW_TAG_member
	.long	.Linfo_string33                 @ DW_AT_name
	.long	674                             @ DW_AT_type
	.byte	5                               @ DW_AT_decl_file
	.byte	156                             @ DW_AT_decl_line
	.byte	4                               @ DW_AT_data_member_location
	.byte	7                               @ Abbrev [7] 0x2d8:0xc DW_TAG_member
	.long	.Linfo_string34                 @ DW_AT_name
	.long	674                             @ DW_AT_type
	.byte	5                               @ DW_AT_decl_file
	.byte	157                             @ DW_AT_decl_line
	.byte	8                               @ DW_AT_data_member_location
	.byte	0                               @ End Of Children Mark
	.byte	13                              @ Abbrev [13] 0x2e5:0x5 DW_TAG_volatile_type
	.long	354                             @ DW_AT_type
	.byte	5                               @ Abbrev [5] 0x2ea:0xb DW_TAG_typedef
	.long	757                             @ DW_AT_type
	.long	.Linfo_string52                 @ DW_AT_name
	.byte	2                               @ DW_AT_decl_file
	.byte	62                              @ DW_AT_decl_line
	.byte	10                              @ Abbrev [10] 0x2f5:0x7 DW_TAG_base_type
	.long	.Linfo_string51                 @ DW_AT_name
	.byte	8                               @ DW_AT_encoding
	.byte	1                               @ DW_AT_byte_size
	.byte	15                              @ Abbrev [15] 0x2fc:0x7 DW_TAG_base_type
	.long	.Linfo_string60                 @ DW_AT_name
	.byte	8                               @ DW_AT_byte_size
	.byte	7                               @ DW_AT_encoding
	.byte	5                               @ Abbrev [5] 0x303:0xb DW_TAG_typedef
	.long	782                             @ DW_AT_type
	.long	.Linfo_string62                 @ DW_AT_name
	.byte	4                               @ DW_AT_decl_file
	.byte	56                              @ DW_AT_decl_line
	.byte	10                              @ Abbrev [10] 0x30e:0x7 DW_TAG_base_type
	.long	.Linfo_string61                 @ DW_AT_name
	.byte	5                               @ DW_AT_encoding
	.byte	4                               @ DW_AT_byte_size
	.byte	8                               @ Abbrev [8] 0x315:0x5 DW_TAG_pointer_type
	.long	794                             @ DW_AT_type
	.byte	13                              @ Abbrev [13] 0x31a:0x5 DW_TAG_volatile_type
	.long	656                             @ DW_AT_type
	.byte	8                               @ Abbrev [8] 0x31f:0x5 DW_TAG_pointer_type
	.long	804                             @ DW_AT_type
	.byte	5                               @ Abbrev [5] 0x324:0xb DW_TAG_typedef
	.long	815                             @ DW_AT_type
	.long	.Linfo_string64                 @ DW_AT_name
	.byte	1                               @ DW_AT_decl_file
	.byte	135                             @ DW_AT_decl_line
	.byte	5                               @ Abbrev [5] 0x32f:0xb DW_TAG_typedef
	.long	155                             @ DW_AT_type
	.long	.Linfo_string63                 @ DW_AT_name
	.byte	1                               @ DW_AT_decl_file
	.byte	131                             @ DW_AT_decl_line
	.byte	5                               @ Abbrev [5] 0x33a:0xb DW_TAG_typedef
	.long	667                             @ DW_AT_type
	.long	.Linfo_string65                 @ DW_AT_name
	.byte	7                               @ DW_AT_decl_file
	.byte	71                              @ DW_AT_decl_line
	.byte	8                               @ Abbrev [8] 0x345:0x5 DW_TAG_pointer_type
	.long	746                             @ DW_AT_type
	.byte	16                              @ Abbrev [16] 0x34a:0x14 DW_TAG_subprogram
	.long	.Linfo_string66                 @ DW_AT_name
	.byte	4                               @ DW_AT_decl_file
	.byte	191                             @ DW_AT_decl_line
                                        @ DW_AT_prototyped
	.byte	1                               @ DW_AT_inline
	.byte	17                              @ Abbrev [17] 0x352:0xb DW_TAG_variable
	.long	.Linfo_string67                 @ DW_AT_name
	.byte	4                               @ DW_AT_decl_file
	.byte	193                             @ DW_AT_decl_line
	.long	656                             @ DW_AT_type
	.byte	0                               @ End Of Children Mark
	.byte	18                              @ Abbrev [18] 0x35e:0x5b DW_TAG_subprogram
	.long	.Lfunc_begin0                   @ DW_AT_low_pc
	.long	.Lfunc_end0-.Lfunc_begin0       @ DW_AT_high_pc
	.byte	1                               @ DW_AT_frame_base
	.byte	93
	.long	.Linfo_string72                 @ DW_AT_name
	.byte	1                               @ DW_AT_decl_file
	.byte	255                             @ DW_AT_decl_line
                                        @ DW_AT_prototyped
	.long	771                             @ DW_AT_type
                                        @ DW_AT_external
	.byte	19                              @ Abbrev [19] 0x373:0xe DW_TAG_formal_parameter
	.byte	2                               @ DW_AT_location
	.byte	145
	.byte	8
	.long	.Linfo_string12                 @ DW_AT_name
	.byte	1                               @ DW_AT_decl_file
	.byte	255                             @ DW_AT_decl_line
	.long	139                             @ DW_AT_type
	.byte	19                              @ Abbrev [19] 0x381:0xe DW_TAG_formal_parameter
	.byte	2                               @ DW_AT_location
	.byte	145
	.byte	4
	.long	.Linfo_string105                @ DW_AT_name
	.byte	1                               @ DW_AT_decl_file
	.byte	255                             @ DW_AT_decl_line
	.long	771                             @ DW_AT_type
	.byte	20                              @ Abbrev [20] 0x38f:0xf DW_TAG_variable
	.byte	2                               @ DW_AT_location
	.byte	145
	.byte	0
	.long	.Linfo_string106                @ DW_AT_name
	.byte	1                               @ DW_AT_decl_file
	.short	257                             @ DW_AT_decl_line
	.long	5033                            @ DW_AT_type
	.byte	21                              @ Abbrev [21] 0x39e:0x1a DW_TAG_inlined_subroutine
	.long	842                             @ DW_AT_abstract_origin
	.long	.Ltmp3                          @ DW_AT_low_pc
	.long	.Ltmp4-.Ltmp3                   @ DW_AT_high_pc
	.byte	1                               @ DW_AT_call_file
	.short	259                             @ DW_AT_call_line
	.byte	2                               @ DW_AT_call_column
	.byte	22                              @ Abbrev [22] 0x3af:0x8 DW_TAG_variable
	.byte	2                               @ DW_AT_location
	.byte	145
	.byte	12
	.long	850                             @ DW_AT_abstract_origin
	.byte	0                               @ End Of Children Mark
	.byte	0                               @ End Of Children Mark
	.byte	23                              @ Abbrev [23] 0x3b9:0x10c DW_TAG_subprogram
	.long	.Lfunc_begin1                   @ DW_AT_low_pc
	.long	.Lfunc_end1-.Lfunc_begin1       @ DW_AT_high_pc
	.byte	1                               @ DW_AT_frame_base
	.byte	93
	.long	.Linfo_string73                 @ DW_AT_name
	.byte	1                               @ DW_AT_decl_file
	.short	310                             @ DW_AT_decl_line
                                        @ DW_AT_prototyped
	.long	139                             @ DW_AT_type
                                        @ DW_AT_external
	.byte	24                              @ Abbrev [24] 0x3cf:0xf DW_TAG_formal_parameter
	.byte	2                               @ DW_AT_location
	.byte	145
	.byte	40
	.long	.Linfo_string107                @ DW_AT_name
	.byte	1                               @ DW_AT_decl_file
	.short	310                             @ DW_AT_decl_line
	.long	5038                            @ DW_AT_type
	.byte	24                              @ Abbrev [24] 0x3de:0xf DW_TAG_formal_parameter
	.byte	2                               @ DW_AT_location
	.byte	145
	.byte	36
	.long	.Linfo_string47                 @ DW_AT_name
	.byte	1                               @ DW_AT_decl_file
	.short	310                             @ DW_AT_decl_line
	.long	5038                            @ DW_AT_type
	.byte	24                              @ Abbrev [24] 0x3ed:0xf DW_TAG_formal_parameter
	.byte	2                               @ DW_AT_location
	.byte	145
	.byte	32
	.long	.Linfo_string108                @ DW_AT_name
	.byte	1                               @ DW_AT_decl_file
	.short	310                             @ DW_AT_decl_line
	.long	837                             @ DW_AT_type
	.byte	24                              @ Abbrev [24] 0x3fc:0xf DW_TAG_formal_parameter
	.byte	2                               @ DW_AT_location
	.byte	145
	.byte	28
	.long	.Linfo_string109                @ DW_AT_name
	.byte	1                               @ DW_AT_decl_file
	.short	310                             @ DW_AT_decl_line
	.long	5043                            @ DW_AT_type
	.byte	24                              @ Abbrev [24] 0x40b:0xf DW_TAG_formal_parameter
	.byte	2                               @ DW_AT_location
	.byte	145
	.byte	27
	.long	.Linfo_string54                 @ DW_AT_name
	.byte	1                               @ DW_AT_decl_file
	.short	310                             @ DW_AT_decl_line
	.long	5375                            @ DW_AT_type
	.byte	20                              @ Abbrev [20] 0x41a:0xf DW_TAG_variable
	.byte	2                               @ DW_AT_location
	.byte	145
	.byte	20
	.long	.Linfo_string128                @ DW_AT_name
	.byte	1                               @ DW_AT_decl_file
	.short	312                             @ DW_AT_decl_line
	.long	799                             @ DW_AT_type
	.byte	21                              @ Abbrev [21] 0x429:0x1a DW_TAG_inlined_subroutine
	.long	842                             @ DW_AT_abstract_origin
	.long	.Ltmp23                         @ DW_AT_low_pc
	.long	.Ltmp24-.Ltmp23                 @ DW_AT_high_pc
	.byte	1                               @ DW_AT_call_file
	.short	314                             @ DW_AT_call_line
	.byte	3                               @ DW_AT_call_column
	.byte	22                              @ Abbrev [22] 0x43a:0x8 DW_TAG_variable
	.byte	2                               @ DW_AT_location
	.byte	145
	.byte	60
	.long	850                             @ DW_AT_abstract_origin
	.byte	0                               @ End Of Children Mark
	.byte	21                              @ Abbrev [21] 0x443:0x1a DW_TAG_inlined_subroutine
	.long	842                             @ DW_AT_abstract_origin
	.long	.Ltmp28                         @ DW_AT_low_pc
	.long	.Ltmp29-.Ltmp28                 @ DW_AT_high_pc
	.byte	1                               @ DW_AT_call_file
	.short	318                             @ DW_AT_call_line
	.byte	3                               @ DW_AT_call_column
	.byte	22                              @ Abbrev [22] 0x454:0x8 DW_TAG_variable
	.byte	2                               @ DW_AT_location
	.byte	145
	.byte	56
	.long	850                             @ DW_AT_abstract_origin
	.byte	0                               @ End Of Children Mark
	.byte	21                              @ Abbrev [21] 0x45d:0x1a DW_TAG_inlined_subroutine
	.long	842                             @ DW_AT_abstract_origin
	.long	.Ltmp33                         @ DW_AT_low_pc
	.long	.Ltmp34-.Ltmp33                 @ DW_AT_high_pc
	.byte	1                               @ DW_AT_call_file
	.short	322                             @ DW_AT_call_line
	.byte	3                               @ DW_AT_call_column
	.byte	22                              @ Abbrev [22] 0x46e:0x8 DW_TAG_variable
	.byte	2                               @ DW_AT_location
	.byte	145
	.byte	52
	.long	850                             @ DW_AT_abstract_origin
	.byte	0                               @ End Of Children Mark
	.byte	21                              @ Abbrev [21] 0x477:0x1a DW_TAG_inlined_subroutine
	.long	842                             @ DW_AT_abstract_origin
	.long	.Ltmp38                         @ DW_AT_low_pc
	.long	.Ltmp39-.Ltmp38                 @ DW_AT_high_pc
	.byte	1                               @ DW_AT_call_file
	.short	323                             @ DW_AT_call_line
	.byte	3                               @ DW_AT_call_column
	.byte	22                              @ Abbrev [22] 0x488:0x8 DW_TAG_variable
	.byte	2                               @ DW_AT_location
	.byte	145
	.byte	48
	.long	850                             @ DW_AT_abstract_origin
	.byte	0                               @ End Of Children Mark
	.byte	25                              @ Abbrev [25] 0x491:0x33 DW_TAG_lexical_block
	.long	.Ltmp42                         @ DW_AT_low_pc
	.long	.Ltmp49-.Ltmp42                 @ DW_AT_high_pc
	.byte	20                              @ Abbrev [20] 0x49a:0xf DW_TAG_variable
	.byte	2                               @ DW_AT_location
	.byte	145
	.byte	16
	.long	.Linfo_string129                @ DW_AT_name
	.byte	1                               @ DW_AT_decl_file
	.short	330                             @ DW_AT_decl_line
	.long	5380                            @ DW_AT_type
	.byte	21                              @ Abbrev [21] 0x4a9:0x1a DW_TAG_inlined_subroutine
	.long	842                             @ DW_AT_abstract_origin
	.long	.Ltmp45                         @ DW_AT_low_pc
	.long	.Ltmp46-.Ltmp45                 @ DW_AT_high_pc
	.byte	1                               @ DW_AT_call_file
	.short	331                             @ DW_AT_call_line
	.byte	4                               @ DW_AT_call_column
	.byte	22                              @ Abbrev [22] 0x4ba:0x8 DW_TAG_variable
	.byte	2                               @ DW_AT_location
	.byte	145
	.byte	44
	.long	850                             @ DW_AT_abstract_origin
	.byte	0                               @ End Of Children Mark
	.byte	0                               @ End Of Children Mark
	.byte	0                               @ End Of Children Mark
	.byte	26                              @ Abbrev [26] 0x4c5:0x5e DW_TAG_subprogram
	.long	.Lfunc_begin2                   @ DW_AT_low_pc
	.long	.Lfunc_end2-.Lfunc_begin2       @ DW_AT_high_pc
	.byte	1                               @ DW_AT_frame_base
	.byte	93
	.long	.Linfo_string74                 @ DW_AT_name
	.byte	1                               @ DW_AT_decl_file
	.short	422                             @ DW_AT_decl_line
                                        @ DW_AT_prototyped
	.byte	24                              @ Abbrev [24] 0x4d7:0xf DW_TAG_formal_parameter
	.byte	2                               @ DW_AT_location
	.byte	145
	.byte	12
	.long	.Linfo_string107                @ DW_AT_name
	.byte	1                               @ DW_AT_decl_file
	.short	422                             @ DW_AT_decl_line
	.long	5038                            @ DW_AT_type
	.byte	24                              @ Abbrev [24] 0x4e6:0xf DW_TAG_formal_parameter
	.byte	2                               @ DW_AT_location
	.byte	145
	.byte	8
	.long	.Linfo_string47                 @ DW_AT_name
	.byte	1                               @ DW_AT_decl_file
	.short	422                             @ DW_AT_decl_line
	.long	5038                            @ DW_AT_type
	.byte	24                              @ Abbrev [24] 0x4f5:0xf DW_TAG_formal_parameter
	.byte	2                               @ DW_AT_location
	.byte	145
	.byte	4
	.long	.Linfo_string108                @ DW_AT_name
	.byte	1                               @ DW_AT_decl_file
	.short	422                             @ DW_AT_decl_line
	.long	837                             @ DW_AT_type
	.byte	24                              @ Abbrev [24] 0x504:0xf DW_TAG_formal_parameter
	.byte	2                               @ DW_AT_location
	.byte	145
	.byte	3
	.long	.Linfo_string54                 @ DW_AT_name
	.byte	1                               @ DW_AT_decl_file
	.short	422                             @ DW_AT_decl_line
	.long	5375                            @ DW_AT_type
	.byte	24                              @ Abbrev [24] 0x513:0xf DW_TAG_formal_parameter
	.byte	2                               @ DW_AT_location
	.byte	145
	.byte	24
	.long	.Linfo_string128                @ DW_AT_name
	.byte	1                               @ DW_AT_decl_file
	.short	422                             @ DW_AT_decl_line
	.long	799                             @ DW_AT_type
	.byte	0                               @ End Of Children Mark
	.byte	23                              @ Abbrev [23] 0x523:0x8b DW_TAG_subprogram
	.long	.Lfunc_begin3                   @ DW_AT_low_pc
	.long	.Lfunc_end3-.Lfunc_begin3       @ DW_AT_high_pc
	.byte	1                               @ DW_AT_frame_base
	.byte	93
	.long	.Linfo_string75                 @ DW_AT_name
	.byte	1                               @ DW_AT_decl_file
	.short	368                             @ DW_AT_decl_line
                                        @ DW_AT_prototyped
	.long	139                             @ DW_AT_type
                                        @ DW_AT_external
	.byte	24                              @ Abbrev [24] 0x539:0xf DW_TAG_formal_parameter
	.byte	2                               @ DW_AT_location
	.byte	145
	.byte	24
	.long	.Linfo_string107                @ DW_AT_name
	.byte	1                               @ DW_AT_decl_file
	.short	368                             @ DW_AT_decl_line
	.long	5038                            @ DW_AT_type
	.byte	24                              @ Abbrev [24] 0x548:0xf DW_TAG_formal_parameter
	.byte	2                               @ DW_AT_location
	.byte	145
	.byte	20
	.long	.Linfo_string47                 @ DW_AT_name
	.byte	1                               @ DW_AT_decl_file
	.short	368                             @ DW_AT_decl_line
	.long	5038                            @ DW_AT_type
	.byte	24                              @ Abbrev [24] 0x557:0xf DW_TAG_formal_parameter
	.byte	2                               @ DW_AT_location
	.byte	145
	.byte	19
	.long	.Linfo_string54                 @ DW_AT_name
	.byte	1                               @ DW_AT_decl_file
	.short	368                             @ DW_AT_decl_line
	.long	5375                            @ DW_AT_type
	.byte	20                              @ Abbrev [20] 0x566:0xf DW_TAG_variable
	.byte	2                               @ DW_AT_location
	.byte	145
	.byte	12
	.long	.Linfo_string128                @ DW_AT_name
	.byte	1                               @ DW_AT_decl_file
	.short	370                             @ DW_AT_decl_line
	.long	799                             @ DW_AT_type
	.byte	20                              @ Abbrev [20] 0x575:0xf DW_TAG_variable
	.byte	2                               @ DW_AT_location
	.byte	145
	.byte	8
	.long	.Linfo_string130                @ DW_AT_name
	.byte	1                               @ DW_AT_decl_file
	.short	371                             @ DW_AT_decl_line
	.long	826                             @ DW_AT_type
	.byte	20                              @ Abbrev [20] 0x584:0xf DW_TAG_variable
	.byte	2                               @ DW_AT_location
	.byte	145
	.byte	4
	.long	.Linfo_string108                @ DW_AT_name
	.byte	1                               @ DW_AT_decl_file
	.short	372                             @ DW_AT_decl_line
	.long	837                             @ DW_AT_type
	.byte	21                              @ Abbrev [21] 0x593:0x1a DW_TAG_inlined_subroutine
	.long	842                             @ DW_AT_abstract_origin
	.long	.Ltmp66                         @ DW_AT_low_pc
	.long	.Ltmp67-.Ltmp66                 @ DW_AT_high_pc
	.byte	1                               @ DW_AT_call_file
	.short	374                             @ DW_AT_call_line
	.byte	3                               @ DW_AT_call_column
	.byte	22                              @ Abbrev [22] 0x5a4:0x8 DW_TAG_variable
	.byte	2                               @ DW_AT_location
	.byte	145
	.byte	28
	.long	850                             @ DW_AT_abstract_origin
	.byte	0                               @ End Of Children Mark
	.byte	0                               @ End Of Children Mark
	.byte	23                              @ Abbrev [23] 0x5ae:0x53 DW_TAG_subprogram
	.long	.Lfunc_begin4                   @ DW_AT_low_pc
	.long	.Lfunc_end4-.Lfunc_begin4       @ DW_AT_high_pc
	.byte	1                               @ DW_AT_frame_base
	.byte	93
	.long	.Linfo_string76                 @ DW_AT_name
	.byte	1                               @ DW_AT_decl_file
	.short	496                             @ DW_AT_decl_line
                                        @ DW_AT_prototyped
	.long	139                             @ DW_AT_type
                                        @ DW_AT_external
	.byte	24                              @ Abbrev [24] 0x5c4:0xf DW_TAG_formal_parameter
	.byte	2                               @ DW_AT_location
	.byte	145
	.byte	15
	.long	.Linfo_string54                 @ DW_AT_name
	.byte	1                               @ DW_AT_decl_file
	.short	496                             @ DW_AT_decl_line
	.long	5375                            @ DW_AT_type
	.byte	20                              @ Abbrev [20] 0x5d3:0xf DW_TAG_variable
	.byte	2                               @ DW_AT_location
	.byte	145
	.byte	8
	.long	.Linfo_string105                @ DW_AT_name
	.byte	1                               @ DW_AT_decl_file
	.short	498                             @ DW_AT_decl_line
	.long	139                             @ DW_AT_type
	.byte	20                              @ Abbrev [20] 0x5e2:0xf DW_TAG_variable
	.byte	2                               @ DW_AT_location
	.byte	145
	.byte	4
	.long	.Linfo_string131                @ DW_AT_name
	.byte	1                               @ DW_AT_decl_file
	.short	499                             @ DW_AT_decl_line
	.long	5038                            @ DW_AT_type
	.byte	20                              @ Abbrev [20] 0x5f1:0xf DW_TAG_variable
	.byte	2                               @ DW_AT_location
	.byte	145
	.byte	0
	.long	.Linfo_string132                @ DW_AT_name
	.byte	1                               @ DW_AT_decl_file
	.short	499                             @ DW_AT_decl_line
	.long	5038                            @ DW_AT_type
	.byte	0                               @ End Of Children Mark
	.byte	26                              @ Abbrev [26] 0x601:0x22 DW_TAG_subprogram
	.long	.Lfunc_begin5                   @ DW_AT_low_pc
	.long	.Lfunc_end5-.Lfunc_begin5       @ DW_AT_high_pc
	.byte	1                               @ DW_AT_frame_base
	.byte	93
	.long	.Linfo_string77                 @ DW_AT_name
	.byte	1                               @ DW_AT_decl_file
	.short	466                             @ DW_AT_decl_line
                                        @ DW_AT_prototyped
	.byte	24                              @ Abbrev [24] 0x613:0xf DW_TAG_formal_parameter
	.byte	2                               @ DW_AT_location
	.byte	145
	.byte	4
	.long	.Linfo_string128                @ DW_AT_name
	.byte	1                               @ DW_AT_decl_file
	.short	466                             @ DW_AT_decl_line
	.long	799                             @ DW_AT_type
	.byte	0                               @ End Of Children Mark
	.byte	23                              @ Abbrev [23] 0x623:0x62 DW_TAG_subprogram
	.long	.Lfunc_begin6                   @ DW_AT_low_pc
	.long	.Lfunc_end6-.Lfunc_begin6       @ DW_AT_high_pc
	.byte	1                               @ DW_AT_frame_base
	.byte	93
	.long	.Linfo_string78                 @ DW_AT_name
	.byte	1                               @ DW_AT_decl_file
	.short	512                             @ DW_AT_decl_line
                                        @ DW_AT_prototyped
	.long	139                             @ DW_AT_type
                                        @ DW_AT_external
	.byte	24                              @ Abbrev [24] 0x639:0xf DW_TAG_formal_parameter
	.byte	2                               @ DW_AT_location
	.byte	145
	.byte	23
	.long	.Linfo_string54                 @ DW_AT_name
	.byte	1                               @ DW_AT_decl_file
	.short	512                             @ DW_AT_decl_line
	.long	5375                            @ DW_AT_type
	.byte	24                              @ Abbrev [24] 0x648:0xf DW_TAG_formal_parameter
	.byte	2                               @ DW_AT_location
	.byte	145
	.byte	16
	.long	.Linfo_string109                @ DW_AT_name
	.byte	1                               @ DW_AT_decl_file
	.short	512                             @ DW_AT_decl_line
	.long	5043                            @ DW_AT_type
	.byte	20                              @ Abbrev [20] 0x657:0xf DW_TAG_variable
	.byte	2                               @ DW_AT_location
	.byte	145
	.byte	12
	.long	.Linfo_string105                @ DW_AT_name
	.byte	1                               @ DW_AT_decl_file
	.short	514                             @ DW_AT_decl_line
	.long	139                             @ DW_AT_type
	.byte	20                              @ Abbrev [20] 0x666:0xf DW_TAG_variable
	.byte	2                               @ DW_AT_location
	.byte	145
	.byte	8
	.long	.Linfo_string131                @ DW_AT_name
	.byte	1                               @ DW_AT_decl_file
	.short	515                             @ DW_AT_decl_line
	.long	5038                            @ DW_AT_type
	.byte	20                              @ Abbrev [20] 0x675:0xf DW_TAG_variable
	.byte	2                               @ DW_AT_location
	.byte	145
	.byte	4
	.long	.Linfo_string132                @ DW_AT_name
	.byte	1                               @ DW_AT_decl_file
	.short	515                             @ DW_AT_decl_line
	.long	5038                            @ DW_AT_type
	.byte	0                               @ End Of Children Mark
	.byte	23                              @ Abbrev [23] 0x685:0xf9 DW_TAG_subprogram
	.long	.Lfunc_begin7                   @ DW_AT_low_pc
	.long	.Lfunc_end7-.Lfunc_begin7       @ DW_AT_high_pc
	.byte	1                               @ DW_AT_frame_base
	.byte	93
	.long	.Linfo_string79                 @ DW_AT_name
	.byte	1                               @ DW_AT_decl_file
	.short	740                             @ DW_AT_decl_line
                                        @ DW_AT_prototyped
	.long	771                             @ DW_AT_type
                                        @ DW_AT_external
	.byte	24                              @ Abbrev [24] 0x69b:0xf DW_TAG_formal_parameter
	.byte	2                               @ DW_AT_location
	.byte	145
	.byte	48
	.long	.Linfo_string12                 @ DW_AT_name
	.byte	1                               @ DW_AT_decl_file
	.short	740                             @ DW_AT_decl_line
	.long	139                             @ DW_AT_type
	.byte	24                              @ Abbrev [24] 0x6aa:0xf DW_TAG_formal_parameter
	.byte	2                               @ DW_AT_location
	.byte	145
	.byte	44
	.long	.Linfo_string133                @ DW_AT_name
	.byte	1                               @ DW_AT_decl_file
	.short	740                             @ DW_AT_decl_line
	.long	5385                            @ DW_AT_type
	.byte	24                              @ Abbrev [24] 0x6b9:0xf DW_TAG_formal_parameter
	.byte	2                               @ DW_AT_location
	.byte	145
	.byte	40
	.long	.Linfo_string134                @ DW_AT_name
	.byte	1                               @ DW_AT_decl_file
	.short	740                             @ DW_AT_decl_line
	.long	645                             @ DW_AT_type
	.byte	24                              @ Abbrev [24] 0x6c8:0xf DW_TAG_formal_parameter
	.byte	2                               @ DW_AT_location
	.byte	145
	.byte	36
	.long	.Linfo_string135                @ DW_AT_name
	.byte	1                               @ DW_AT_decl_file
	.short	740                             @ DW_AT_decl_line
	.long	5396                            @ DW_AT_type
	.byte	20                              @ Abbrev [20] 0x6d7:0xf DW_TAG_variable
	.byte	2                               @ DW_AT_location
	.byte	145
	.byte	32
	.long	.Linfo_string136                @ DW_AT_name
	.byte	1                               @ DW_AT_decl_file
	.short	742                             @ DW_AT_decl_line
	.long	771                             @ DW_AT_type
	.byte	20                              @ Abbrev [20] 0x6e6:0xf DW_TAG_variable
	.byte	2                               @ DW_AT_location
	.byte	145
	.byte	28
	.long	.Linfo_string137                @ DW_AT_name
	.byte	1                               @ DW_AT_decl_file
	.short	742                             @ DW_AT_decl_line
	.long	771                             @ DW_AT_type
	.byte	20                              @ Abbrev [20] 0x6f5:0xf DW_TAG_variable
	.byte	2                               @ DW_AT_location
	.byte	145
	.byte	20
	.long	.Linfo_string138                @ DW_AT_name
	.byte	1                               @ DW_AT_decl_file
	.short	743                             @ DW_AT_decl_line
	.long	5401                            @ DW_AT_type
	.byte	20                              @ Abbrev [20] 0x704:0xf DW_TAG_variable
	.byte	2                               @ DW_AT_location
	.byte	145
	.byte	16
	.long	.Linfo_string106                @ DW_AT_name
	.byte	1                               @ DW_AT_decl_file
	.short	744                             @ DW_AT_decl_line
	.long	5033                            @ DW_AT_type
	.byte	21                              @ Abbrev [21] 0x713:0x1b DW_TAG_inlined_subroutine
	.long	842                             @ DW_AT_abstract_origin
	.long	.Ltmp89                         @ DW_AT_low_pc
	.long	.Ltmp90-.Ltmp89                 @ DW_AT_high_pc
	.byte	1                               @ DW_AT_call_file
	.short	746                             @ DW_AT_call_line
	.byte	2                               @ DW_AT_call_column
	.byte	22                              @ Abbrev [22] 0x724:0x9 DW_TAG_variable
	.byte	3                               @ DW_AT_location
	.byte	145
	.asciz	"\304"
	.long	850                             @ DW_AT_abstract_origin
	.byte	0                               @ End Of Children Mark
	.byte	21                              @ Abbrev [21] 0x72e:0x1b DW_TAG_inlined_subroutine
	.long	842                             @ DW_AT_abstract_origin
	.long	.Ltmp94                         @ DW_AT_low_pc
	.long	.Ltmp95-.Ltmp94                 @ DW_AT_high_pc
	.byte	1                               @ DW_AT_call_file
	.short	747                             @ DW_AT_call_line
	.byte	2                               @ DW_AT_call_column
	.byte	22                              @ Abbrev [22] 0x73f:0x9 DW_TAG_variable
	.byte	3                               @ DW_AT_location
	.byte	145
	.asciz	"\300"
	.long	850                             @ DW_AT_abstract_origin
	.byte	0                               @ End Of Children Mark
	.byte	21                              @ Abbrev [21] 0x749:0x1a DW_TAG_inlined_subroutine
	.long	842                             @ DW_AT_abstract_origin
	.long	.Ltmp99                         @ DW_AT_low_pc
	.long	.Ltmp100-.Ltmp99                @ DW_AT_high_pc
	.byte	1                               @ DW_AT_call_file
	.short	748                             @ DW_AT_call_line
	.byte	2                               @ DW_AT_call_column
	.byte	22                              @ Abbrev [22] 0x75a:0x8 DW_TAG_variable
	.byte	2                               @ DW_AT_location
	.byte	145
	.byte	60
	.long	850                             @ DW_AT_abstract_origin
	.byte	0                               @ End Of Children Mark
	.byte	21                              @ Abbrev [21] 0x763:0x1a DW_TAG_inlined_subroutine
	.long	842                             @ DW_AT_abstract_origin
	.long	.Ltmp104                        @ DW_AT_low_pc
	.long	.Ltmp105-.Ltmp104               @ DW_AT_high_pc
	.byte	1                               @ DW_AT_call_file
	.short	751                             @ DW_AT_call_line
	.byte	3                               @ DW_AT_call_column
	.byte	22                              @ Abbrev [22] 0x774:0x8 DW_TAG_variable
	.byte	2                               @ DW_AT_location
	.byte	145
	.byte	56
	.long	850                             @ DW_AT_abstract_origin
	.byte	0                               @ End Of Children Mark
	.byte	0                               @ End Of Children Mark
	.byte	27                              @ Abbrev [27] 0x77e:0x62 DW_TAG_subprogram
	.long	.Lfunc_begin8                   @ DW_AT_low_pc
	.long	.Lfunc_end8-.Lfunc_begin8       @ DW_AT_high_pc
	.byte	1                               @ DW_AT_frame_base
	.byte	93
	.long	.Linfo_string80                 @ DW_AT_name
	.byte	1                               @ DW_AT_decl_file
	.short	2074                            @ DW_AT_decl_line
                                        @ DW_AT_prototyped
	.long	771                             @ DW_AT_type
	.byte	24                              @ Abbrev [24] 0x794:0xf DW_TAG_formal_parameter
	.byte	2                               @ DW_AT_location
	.byte	145
	.byte	20
	.long	.Linfo_string106                @ DW_AT_name
	.byte	1                               @ DW_AT_decl_file
	.short	2074                            @ DW_AT_decl_line
	.long	5033                            @ DW_AT_type
	.byte	24                              @ Abbrev [24] 0x7a3:0xf DW_TAG_formal_parameter
	.byte	2                               @ DW_AT_location
	.byte	145
	.byte	16
	.long	.Linfo_string133                @ DW_AT_name
	.byte	1                               @ DW_AT_decl_file
	.short	2074                            @ DW_AT_decl_line
	.long	5390                            @ DW_AT_type
	.byte	24                              @ Abbrev [24] 0x7b2:0xf DW_TAG_formal_parameter
	.byte	2                               @ DW_AT_location
	.byte	145
	.byte	12
	.long	.Linfo_string143                @ DW_AT_name
	.byte	1                               @ DW_AT_decl_file
	.short	2074                            @ DW_AT_decl_line
	.long	5396                            @ DW_AT_type
	.byte	20                              @ Abbrev [20] 0x7c1:0xf DW_TAG_variable
	.byte	2                               @ DW_AT_location
	.byte	145
	.byte	8
	.long	.Linfo_string144                @ DW_AT_name
	.byte	1                               @ DW_AT_decl_file
	.short	2076                            @ DW_AT_decl_line
	.long	771                             @ DW_AT_type
	.byte	20                              @ Abbrev [20] 0x7d0:0xf DW_TAG_variable
	.byte	2                               @ DW_AT_location
	.byte	145
	.byte	4
	.long	.Linfo_string45                 @ DW_AT_name
	.byte	1                               @ DW_AT_decl_file
	.short	2077                            @ DW_AT_decl_line
	.long	481                             @ DW_AT_type
	.byte	0                               @ End Of Children Mark
	.byte	27                              @ Abbrev [27] 0x7e0:0x35 DW_TAG_subprogram
	.long	.Lfunc_begin9                   @ DW_AT_low_pc
	.long	.Lfunc_end9-.Lfunc_begin9       @ DW_AT_high_pc
	.byte	1                               @ DW_AT_frame_base
	.byte	93
	.long	.Linfo_string81                 @ DW_AT_name
	.byte	1                               @ DW_AT_decl_file
	.short	2331                            @ DW_AT_decl_line
                                        @ DW_AT_prototyped
	.long	771                             @ DW_AT_type
	.byte	24                              @ Abbrev [24] 0x7f6:0xf DW_TAG_formal_parameter
	.byte	2                               @ DW_AT_location
	.byte	145
	.byte	4
	.long	.Linfo_string106                @ DW_AT_name
	.byte	1                               @ DW_AT_decl_file
	.short	2331                            @ DW_AT_decl_line
	.long	5445                            @ DW_AT_type
	.byte	20                              @ Abbrev [20] 0x805:0xf DW_TAG_variable
	.byte	2                               @ DW_AT_location
	.byte	145
	.byte	0
	.long	.Linfo_string144                @ DW_AT_name
	.byte	1                               @ DW_AT_decl_file
	.short	2333                            @ DW_AT_decl_line
	.long	771                             @ DW_AT_type
	.byte	0                               @ End Of Children Mark
	.byte	26                              @ Abbrev [26] 0x815:0x54 DW_TAG_subprogram
	.long	.Lfunc_begin10                  @ DW_AT_low_pc
	.long	.Lfunc_end10-.Lfunc_begin10     @ DW_AT_high_pc
	.byte	1                               @ DW_AT_frame_base
	.byte	93
	.long	.Linfo_string82                 @ DW_AT_name
	.byte	1                               @ DW_AT_decl_file
	.short	2171                            @ DW_AT_decl_line
                                        @ DW_AT_prototyped
	.byte	24                              @ Abbrev [24] 0x827:0xf DW_TAG_formal_parameter
	.byte	2                               @ DW_AT_location
	.byte	145
	.byte	4
	.long	.Linfo_string106                @ DW_AT_name
	.byte	1                               @ DW_AT_decl_file
	.short	2171                            @ DW_AT_decl_line
	.long	5033                            @ DW_AT_type
	.byte	25                              @ Abbrev [25] 0x836:0x19 DW_TAG_lexical_block
	.long	.Ltmp190                        @ DW_AT_low_pc
	.long	.Ltmp200-.Ltmp190               @ DW_AT_high_pc
	.byte	20                              @ Abbrev [20] 0x83f:0xf DW_TAG_variable
	.byte	2                               @ DW_AT_location
	.byte	145
	.byte	3
	.long	.Linfo_string49                 @ DW_AT_name
	.byte	1                               @ DW_AT_decl_file
	.short	2181                            @ DW_AT_decl_line
	.long	354                             @ DW_AT_type
	.byte	0                               @ End Of Children Mark
	.byte	25                              @ Abbrev [25] 0x84f:0x19 DW_TAG_lexical_block
	.long	.Ltmp201                        @ DW_AT_low_pc
	.long	.Ltmp210-.Ltmp201               @ DW_AT_high_pc
	.byte	20                              @ Abbrev [20] 0x858:0xf DW_TAG_variable
	.byte	2                               @ DW_AT_location
	.byte	145
	.byte	2
	.long	.Linfo_string48                 @ DW_AT_name
	.byte	1                               @ DW_AT_decl_file
	.short	2262                            @ DW_AT_decl_line
	.long	354                             @ DW_AT_type
	.byte	0                               @ End Of Children Mark
	.byte	0                               @ End Of Children Mark
	.byte	28                              @ Abbrev [28] 0x869:0x23 DW_TAG_subprogram
	.long	.Linfo_string68                 @ DW_AT_name
	.byte	4                               @ DW_AT_decl_file
	.byte	207                             @ DW_AT_decl_line
                                        @ DW_AT_prototyped
	.long	656                             @ DW_AT_type
	.byte	1                               @ DW_AT_inline
	.byte	17                              @ Abbrev [17] 0x875:0xb DW_TAG_variable
	.long	.Linfo_string69                 @ DW_AT_name
	.byte	4                               @ DW_AT_decl_file
	.byte	209                             @ DW_AT_decl_line
	.long	656                             @ DW_AT_type
	.byte	17                              @ Abbrev [17] 0x880:0xb DW_TAG_variable
	.long	.Linfo_string67                 @ DW_AT_name
	.byte	4                               @ DW_AT_decl_file
	.byte	209                             @ DW_AT_decl_line
	.long	656                             @ DW_AT_type
	.byte	0                               @ End Of Children Mark
	.byte	16                              @ Abbrev [16] 0x88c:0x14 DW_TAG_subprogram
	.long	.Linfo_string70                 @ DW_AT_name
	.byte	4                               @ DW_AT_decl_file
	.byte	227                             @ DW_AT_decl_line
                                        @ DW_AT_prototyped
	.byte	1                               @ DW_AT_inline
	.byte	29                              @ Abbrev [29] 0x894:0xb DW_TAG_formal_parameter
	.long	.Linfo_string71                 @ DW_AT_name
	.byte	4                               @ DW_AT_decl_file
	.byte	227                             @ DW_AT_decl_line
	.long	656                             @ DW_AT_type
	.byte	0                               @ End Of Children Mark
	.byte	23                              @ Abbrev [23] 0x8a0:0x134 DW_TAG_subprogram
	.long	.Lfunc_begin11                  @ DW_AT_low_pc
	.long	.Lfunc_end11-.Lfunc_begin11     @ DW_AT_high_pc
	.byte	1                               @ DW_AT_frame_base
	.byte	93
	.long	.Linfo_string83                 @ DW_AT_name
	.byte	1                               @ DW_AT_decl_file
	.short	950                             @ DW_AT_decl_line
                                        @ DW_AT_prototyped
	.long	771                             @ DW_AT_type
                                        @ DW_AT_external
	.byte	24                              @ Abbrev [24] 0x8b6:0xf DW_TAG_formal_parameter
	.byte	2                               @ DW_AT_location
	.byte	145
	.byte	44
	.long	.Linfo_string12                 @ DW_AT_name
	.byte	1                               @ DW_AT_decl_file
	.short	950                             @ DW_AT_decl_line
	.long	139                             @ DW_AT_type
	.byte	24                              @ Abbrev [24] 0x8c5:0xf DW_TAG_formal_parameter
	.byte	2                               @ DW_AT_location
	.byte	145
	.byte	40
	.long	.Linfo_string133                @ DW_AT_name
	.byte	1                               @ DW_AT_decl_file
	.short	950                             @ DW_AT_decl_line
	.long	5385                            @ DW_AT_type
	.byte	24                              @ Abbrev [24] 0x8d4:0xf DW_TAG_formal_parameter
	.byte	2                               @ DW_AT_location
	.byte	145
	.byte	36
	.long	.Linfo_string145                @ DW_AT_name
	.byte	1                               @ DW_AT_decl_file
	.short	950                             @ DW_AT_decl_line
	.long	5455                            @ DW_AT_type
	.byte	24                              @ Abbrev [24] 0x8e3:0xf DW_TAG_formal_parameter
	.byte	2                               @ DW_AT_location
	.byte	145
	.byte	32
	.long	.Linfo_string135                @ DW_AT_name
	.byte	1                               @ DW_AT_decl_file
	.short	950                             @ DW_AT_decl_line
	.long	5396                            @ DW_AT_type
	.byte	20                              @ Abbrev [20] 0x8f2:0xf DW_TAG_variable
	.byte	2                               @ DW_AT_location
	.byte	145
	.byte	28
	.long	.Linfo_string144                @ DW_AT_name
	.byte	1                               @ DW_AT_decl_file
	.short	952                             @ DW_AT_decl_line
	.long	771                             @ DW_AT_type
	.byte	20                              @ Abbrev [20] 0x901:0xf DW_TAG_variable
	.byte	2                               @ DW_AT_location
	.byte	145
	.byte	24
	.long	.Linfo_string146                @ DW_AT_name
	.byte	1                               @ DW_AT_decl_file
	.short	953                             @ DW_AT_decl_line
	.long	481                             @ DW_AT_type
	.byte	20                              @ Abbrev [20] 0x910:0xf DW_TAG_variable
	.byte	2                               @ DW_AT_location
	.byte	145
	.byte	20
	.long	.Linfo_string106                @ DW_AT_name
	.byte	1                               @ DW_AT_decl_file
	.short	954                             @ DW_AT_decl_line
	.long	5033                            @ DW_AT_type
	.byte	21                              @ Abbrev [21] 0x91f:0x1a DW_TAG_inlined_subroutine
	.long	842                             @ DW_AT_abstract_origin
	.long	.Ltmp215                        @ DW_AT_low_pc
	.long	.Ltmp216-.Ltmp215               @ DW_AT_high_pc
	.byte	1                               @ DW_AT_call_file
	.short	956                             @ DW_AT_call_line
	.byte	2                               @ DW_AT_call_column
	.byte	22                              @ Abbrev [22] 0x930:0x8 DW_TAG_variable
	.byte	2                               @ DW_AT_location
	.byte	145
	.byte	56
	.long	850                             @ DW_AT_abstract_origin
	.byte	0                               @ End Of Children Mark
	.byte	21                              @ Abbrev [21] 0x939:0x1a DW_TAG_inlined_subroutine
	.long	842                             @ DW_AT_abstract_origin
	.long	.Ltmp220                        @ DW_AT_low_pc
	.long	.Ltmp221-.Ltmp220               @ DW_AT_high_pc
	.byte	1                               @ DW_AT_call_file
	.short	957                             @ DW_AT_call_line
	.byte	2                               @ DW_AT_call_column
	.byte	22                              @ Abbrev [22] 0x94a:0x8 DW_TAG_variable
	.byte	2                               @ DW_AT_location
	.byte	145
	.byte	52
	.long	850                             @ DW_AT_abstract_origin
	.byte	0                               @ End Of Children Mark
	.byte	21                              @ Abbrev [21] 0x953:0x1a DW_TAG_inlined_subroutine
	.long	842                             @ DW_AT_abstract_origin
	.long	.Ltmp225                        @ DW_AT_low_pc
	.long	.Ltmp226-.Ltmp225               @ DW_AT_high_pc
	.byte	1                               @ DW_AT_call_file
	.short	958                             @ DW_AT_call_line
	.byte	2                               @ DW_AT_call_column
	.byte	22                              @ Abbrev [22] 0x964:0x8 DW_TAG_variable
	.byte	2                               @ DW_AT_location
	.byte	145
	.byte	48
	.long	850                             @ DW_AT_abstract_origin
	.byte	0                               @ End Of Children Mark
	.byte	21                              @ Abbrev [21] 0x96d:0x23 DW_TAG_inlined_subroutine
	.long	2153                            @ DW_AT_abstract_origin
	.long	.Ltmp229                        @ DW_AT_low_pc
	.long	.Ltmp230-.Ltmp229               @ DW_AT_high_pc
	.byte	1                               @ DW_AT_call_file
	.short	981                             @ DW_AT_call_line
	.byte	27                              @ DW_AT_call_column
	.byte	22                              @ Abbrev [22] 0x97e:0x9 DW_TAG_variable
	.byte	3                               @ DW_AT_location
	.byte	145
	.asciz	"\300"
	.long	2165                            @ DW_AT_abstract_origin
	.byte	22                              @ Abbrev [22] 0x987:0x8 DW_TAG_variable
	.byte	2                               @ DW_AT_location
	.byte	145
	.byte	60
	.long	2176                            @ DW_AT_abstract_origin
	.byte	0                               @ End Of Children Mark
	.byte	25                              @ Abbrev [25] 0x990:0x28 DW_TAG_lexical_block
	.long	.Ltmp233                        @ DW_AT_low_pc
	.long	.Ltmp248-.Ltmp233               @ DW_AT_high_pc
	.byte	20                              @ Abbrev [20] 0x999:0xf DW_TAG_variable
	.byte	2                               @ DW_AT_location
	.byte	145
	.byte	19
	.long	.Linfo_string49                 @ DW_AT_name
	.byte	1                               @ DW_AT_decl_file
	.short	985                             @ DW_AT_decl_line
	.long	5465                            @ DW_AT_type
	.byte	20                              @ Abbrev [20] 0x9a8:0xf DW_TAG_variable
	.byte	2                               @ DW_AT_location
	.byte	145
	.byte	12
	.long	.Linfo_string147                @ DW_AT_name
	.byte	1                               @ DW_AT_decl_file
	.short	986                             @ DW_AT_decl_line
	.long	5038                            @ DW_AT_type
	.byte	0                               @ End Of Children Mark
	.byte	21                              @ Abbrev [21] 0x9b8:0x1b DW_TAG_inlined_subroutine
	.long	2188                            @ DW_AT_abstract_origin
	.long	.Ltmp251                        @ DW_AT_low_pc
	.long	.Ltmp252-.Ltmp251               @ DW_AT_high_pc
	.byte	1                               @ DW_AT_call_file
	.short	1106                            @ DW_AT_call_line
	.byte	2                               @ DW_AT_call_column
	.byte	30                              @ Abbrev [30] 0x9c9:0x9 DW_TAG_formal_parameter
	.byte	3                               @ DW_AT_location
	.byte	145
	.asciz	"\304"
	.long	2196                            @ DW_AT_abstract_origin
	.byte	0                               @ End Of Children Mark
	.byte	0                               @ End Of Children Mark
	.byte	23                              @ Abbrev [23] 0x9d4:0x11e DW_TAG_subprogram
	.long	.Lfunc_begin12                  @ DW_AT_low_pc
	.long	.Lfunc_end12-.Lfunc_begin12     @ DW_AT_high_pc
	.byte	1                               @ DW_AT_frame_base
	.byte	93
	.long	.Linfo_string84                 @ DW_AT_name
	.byte	1                               @ DW_AT_decl_file
	.short	1112                            @ DW_AT_decl_line
                                        @ DW_AT_prototyped
	.long	771                             @ DW_AT_type
                                        @ DW_AT_external
	.byte	24                              @ Abbrev [24] 0x9ea:0xf DW_TAG_formal_parameter
	.byte	2                               @ DW_AT_location
	.byte	145
	.byte	28
	.long	.Linfo_string12                 @ DW_AT_name
	.byte	1                               @ DW_AT_decl_file
	.short	1112                            @ DW_AT_decl_line
	.long	139                             @ DW_AT_type
	.byte	24                              @ Abbrev [24] 0x9f9:0xf DW_TAG_formal_parameter
	.byte	2                               @ DW_AT_location
	.byte	145
	.byte	24
	.long	.Linfo_string145                @ DW_AT_name
	.byte	1                               @ DW_AT_decl_file
	.short	1112                            @ DW_AT_decl_line
	.long	5455                            @ DW_AT_type
	.byte	20                              @ Abbrev [20] 0xa08:0xf DW_TAG_variable
	.byte	2                               @ DW_AT_location
	.byte	145
	.byte	20
	.long	.Linfo_string144                @ DW_AT_name
	.byte	1                               @ DW_AT_decl_file
	.short	1114                            @ DW_AT_decl_line
	.long	771                             @ DW_AT_type
	.byte	20                              @ Abbrev [20] 0xa17:0xf DW_TAG_variable
	.byte	2                               @ DW_AT_location
	.byte	145
	.byte	16
	.long	.Linfo_string146                @ DW_AT_name
	.byte	1                               @ DW_AT_decl_file
	.short	1115                            @ DW_AT_decl_line
	.long	481                             @ DW_AT_type
	.byte	20                              @ Abbrev [20] 0xa26:0xf DW_TAG_variable
	.byte	2                               @ DW_AT_location
	.byte	145
	.byte	12
	.long	.Linfo_string106                @ DW_AT_name
	.byte	1                               @ DW_AT_decl_file
	.short	1116                            @ DW_AT_decl_line
	.long	5033                            @ DW_AT_type
	.byte	21                              @ Abbrev [21] 0xa35:0x1a DW_TAG_inlined_subroutine
	.long	842                             @ DW_AT_abstract_origin
	.long	.Ltmp257                        @ DW_AT_low_pc
	.long	.Ltmp258-.Ltmp257               @ DW_AT_high_pc
	.byte	1                               @ DW_AT_call_file
	.short	1124                            @ DW_AT_call_line
	.byte	2                               @ DW_AT_call_column
	.byte	22                              @ Abbrev [22] 0xa46:0x8 DW_TAG_variable
	.byte	2                               @ DW_AT_location
	.byte	145
	.byte	40
	.long	850                             @ DW_AT_abstract_origin
	.byte	0                               @ End Of Children Mark
	.byte	21                              @ Abbrev [21] 0xa4f:0x1a DW_TAG_inlined_subroutine
	.long	842                             @ DW_AT_abstract_origin
	.long	.Ltmp262                        @ DW_AT_low_pc
	.long	.Ltmp263-.Ltmp262               @ DW_AT_high_pc
	.byte	1                               @ DW_AT_call_file
	.short	1128                            @ DW_AT_call_line
	.byte	2                               @ DW_AT_call_column
	.byte	22                              @ Abbrev [22] 0xa60:0x8 DW_TAG_variable
	.byte	2                               @ DW_AT_location
	.byte	145
	.byte	36
	.long	850                             @ DW_AT_abstract_origin
	.byte	0                               @ End Of Children Mark
	.byte	21                              @ Abbrev [21] 0xa69:0x1a DW_TAG_inlined_subroutine
	.long	842                             @ DW_AT_abstract_origin
	.long	.Ltmp267                        @ DW_AT_low_pc
	.long	.Ltmp268-.Ltmp267               @ DW_AT_high_pc
	.byte	1                               @ DW_AT_call_file
	.short	1133                            @ DW_AT_call_line
	.byte	2                               @ DW_AT_call_column
	.byte	22                              @ Abbrev [22] 0xa7a:0x8 DW_TAG_variable
	.byte	2                               @ DW_AT_location
	.byte	145
	.byte	32
	.long	850                             @ DW_AT_abstract_origin
	.byte	0                               @ End Of Children Mark
	.byte	21                              @ Abbrev [21] 0xa83:0x22 DW_TAG_inlined_subroutine
	.long	2153                            @ DW_AT_abstract_origin
	.long	.Ltmp271                        @ DW_AT_low_pc
	.long	.Ltmp272-.Ltmp271               @ DW_AT_high_pc
	.byte	1                               @ DW_AT_call_file
	.short	1151                            @ DW_AT_call_line
	.byte	27                              @ DW_AT_call_column
	.byte	22                              @ Abbrev [22] 0xa94:0x8 DW_TAG_variable
	.byte	2                               @ DW_AT_location
	.byte	145
	.byte	48
	.long	2165                            @ DW_AT_abstract_origin
	.byte	22                              @ Abbrev [22] 0xa9c:0x8 DW_TAG_variable
	.byte	2                               @ DW_AT_location
	.byte	145
	.byte	44
	.long	2176                            @ DW_AT_abstract_origin
	.byte	0                               @ End Of Children Mark
	.byte	25                              @ Abbrev [25] 0xaa5:0x32 DW_TAG_lexical_block
	.long	.Ltmp273                        @ DW_AT_low_pc
	.long	.Ltmp293-.Ltmp273               @ DW_AT_high_pc
	.byte	20                              @ Abbrev [20] 0xaae:0xf DW_TAG_variable
	.byte	2                               @ DW_AT_location
	.byte	145
	.byte	8
	.long	.Linfo_string45                 @ DW_AT_name
	.byte	1                               @ DW_AT_decl_file
	.short	1153                            @ DW_AT_decl_line
	.long	5038                            @ DW_AT_type
	.byte	25                              @ Abbrev [25] 0xabd:0x19 DW_TAG_lexical_block
	.long	.Ltmp276                        @ DW_AT_low_pc
	.long	.Ltmp291-.Ltmp276               @ DW_AT_high_pc
	.byte	20                              @ Abbrev [20] 0xac6:0xf DW_TAG_variable
	.byte	2                               @ DW_AT_location
	.byte	145
	.byte	7
	.long	.Linfo_string49                 @ DW_AT_name
	.byte	1                               @ DW_AT_decl_file
	.short	1160                            @ DW_AT_decl_line
	.long	5465                            @ DW_AT_type
	.byte	0                               @ End Of Children Mark
	.byte	0                               @ End Of Children Mark
	.byte	21                              @ Abbrev [21] 0xad7:0x1a DW_TAG_inlined_subroutine
	.long	2188                            @ DW_AT_abstract_origin
	.long	.Ltmp294                        @ DW_AT_low_pc
	.long	.Ltmp295-.Ltmp294               @ DW_AT_high_pc
	.byte	1                               @ DW_AT_call_file
	.short	1271                            @ DW_AT_call_line
	.byte	2                               @ DW_AT_call_column
	.byte	30                              @ Abbrev [30] 0xae8:0x8 DW_TAG_formal_parameter
	.byte	2                               @ DW_AT_location
	.byte	145
	.byte	52
	.long	2196                            @ DW_AT_abstract_origin
	.byte	0                               @ End Of Children Mark
	.byte	0                               @ End Of Children Mark
	.byte	23                              @ Abbrev [23] 0xaf2:0xd8 DW_TAG_subprogram
	.long	.Lfunc_begin13                  @ DW_AT_low_pc
	.long	.Lfunc_end13-.Lfunc_begin13     @ DW_AT_high_pc
	.byte	1                               @ DW_AT_frame_base
	.byte	93
	.long	.Linfo_string85                 @ DW_AT_name
	.byte	1                               @ DW_AT_decl_file
	.short	1277                            @ DW_AT_decl_line
                                        @ DW_AT_prototyped
	.long	771                             @ DW_AT_type
                                        @ DW_AT_external
	.byte	24                              @ Abbrev [24] 0xb08:0xf DW_TAG_formal_parameter
	.byte	2                               @ DW_AT_location
	.byte	145
	.byte	36
	.long	.Linfo_string12                 @ DW_AT_name
	.byte	1                               @ DW_AT_decl_file
	.short	1277                            @ DW_AT_decl_line
	.long	139                             @ DW_AT_type
	.byte	24                              @ Abbrev [24] 0xb17:0xf DW_TAG_formal_parameter
	.byte	2                               @ DW_AT_location
	.byte	145
	.byte	32
	.long	.Linfo_string148                @ DW_AT_name
	.byte	1                               @ DW_AT_decl_file
	.short	1277                            @ DW_AT_decl_line
	.long	5470                            @ DW_AT_type
	.byte	24                              @ Abbrev [24] 0xb26:0xf DW_TAG_formal_parameter
	.byte	2                               @ DW_AT_location
	.byte	145
	.byte	28
	.long	.Linfo_string134                @ DW_AT_name
	.byte	1                               @ DW_AT_decl_file
	.short	1277                            @ DW_AT_decl_line
	.long	645                             @ DW_AT_type
	.byte	20                              @ Abbrev [20] 0xb35:0xf DW_TAG_variable
	.byte	2                               @ DW_AT_location
	.byte	145
	.byte	24
	.long	.Linfo_string136                @ DW_AT_name
	.byte	1                               @ DW_AT_decl_file
	.short	1279                            @ DW_AT_decl_line
	.long	771                             @ DW_AT_type
	.byte	20                              @ Abbrev [20] 0xb44:0xf DW_TAG_variable
	.byte	2                               @ DW_AT_location
	.byte	145
	.byte	16
	.long	.Linfo_string138                @ DW_AT_name
	.byte	1                               @ DW_AT_decl_file
	.short	1280                            @ DW_AT_decl_line
	.long	5401                            @ DW_AT_type
	.byte	20                              @ Abbrev [20] 0xb53:0xf DW_TAG_variable
	.byte	2                               @ DW_AT_location
	.byte	145
	.byte	12
	.long	.Linfo_string106                @ DW_AT_name
	.byte	1                               @ DW_AT_decl_file
	.short	1281                            @ DW_AT_decl_line
	.long	5033                            @ DW_AT_type
	.byte	21                              @ Abbrev [21] 0xb62:0x1a DW_TAG_inlined_subroutine
	.long	842                             @ DW_AT_abstract_origin
	.long	.Ltmp300                        @ DW_AT_low_pc
	.long	.Ltmp301-.Ltmp300               @ DW_AT_high_pc
	.byte	1                               @ DW_AT_call_file
	.short	1284                            @ DW_AT_call_line
	.byte	2                               @ DW_AT_call_column
	.byte	22                              @ Abbrev [22] 0xb73:0x8 DW_TAG_variable
	.byte	2                               @ DW_AT_location
	.byte	145
	.byte	52
	.long	850                             @ DW_AT_abstract_origin
	.byte	0                               @ End Of Children Mark
	.byte	21                              @ Abbrev [21] 0xb7c:0x1a DW_TAG_inlined_subroutine
	.long	842                             @ DW_AT_abstract_origin
	.long	.Ltmp305                        @ DW_AT_low_pc
	.long	.Ltmp306-.Ltmp305               @ DW_AT_high_pc
	.byte	1                               @ DW_AT_call_file
	.short	1288                            @ DW_AT_call_line
	.byte	2                               @ DW_AT_call_column
	.byte	22                              @ Abbrev [22] 0xb8d:0x8 DW_TAG_variable
	.byte	2                               @ DW_AT_location
	.byte	145
	.byte	48
	.long	850                             @ DW_AT_abstract_origin
	.byte	0                               @ End Of Children Mark
	.byte	21                              @ Abbrev [21] 0xb96:0x1a DW_TAG_inlined_subroutine
	.long	842                             @ DW_AT_abstract_origin
	.long	.Ltmp310                        @ DW_AT_low_pc
	.long	.Ltmp311-.Ltmp310               @ DW_AT_high_pc
	.byte	1                               @ DW_AT_call_file
	.short	1293                            @ DW_AT_call_line
	.byte	3                               @ DW_AT_call_column
	.byte	22                              @ Abbrev [22] 0xba7:0x8 DW_TAG_variable
	.byte	2                               @ DW_AT_location
	.byte	145
	.byte	44
	.long	850                             @ DW_AT_abstract_origin
	.byte	0                               @ End Of Children Mark
	.byte	25                              @ Abbrev [25] 0xbb0:0x19 DW_TAG_lexical_block
	.long	.Ltmp315                        @ DW_AT_low_pc
	.long	.Ltmp333-.Ltmp315               @ DW_AT_high_pc
	.byte	20                              @ Abbrev [20] 0xbb9:0xf DW_TAG_variable
	.byte	2                               @ DW_AT_location
	.byte	145
	.byte	8
	.long	.Linfo_string45                 @ DW_AT_name
	.byte	1                               @ DW_AT_decl_file
	.short	1305                            @ DW_AT_decl_line
	.long	5038                            @ DW_AT_type
	.byte	0                               @ End Of Children Mark
	.byte	0                               @ End Of Children Mark
	.byte	26                              @ Abbrev [26] 0xbca:0x31 DW_TAG_subprogram
	.long	.Lfunc_begin14                  @ DW_AT_low_pc
	.long	.Lfunc_end14-.Lfunc_begin14     @ DW_AT_high_pc
	.byte	1                               @ DW_AT_frame_base
	.byte	93
	.long	.Linfo_string86                 @ DW_AT_name
	.byte	1                               @ DW_AT_decl_file
	.short	2153                            @ DW_AT_decl_line
                                        @ DW_AT_prototyped
	.byte	24                              @ Abbrev [24] 0xbdc:0xf DW_TAG_formal_parameter
	.byte	2                               @ DW_AT_location
	.byte	145
	.byte	4
	.long	.Linfo_string106                @ DW_AT_name
	.byte	1                               @ DW_AT_decl_file
	.short	2153                            @ DW_AT_decl_line
	.long	5033                            @ DW_AT_type
	.byte	24                              @ Abbrev [24] 0xbeb:0xf DW_TAG_formal_parameter
	.byte	2                               @ DW_AT_location
	.byte	145
	.byte	0
	.long	.Linfo_string148                @ DW_AT_name
	.byte	1                               @ DW_AT_decl_file
	.short	2153                            @ DW_AT_decl_line
	.long	5470                            @ DW_AT_type
	.byte	0                               @ End Of Children Mark
	.byte	27                              @ Abbrev [27] 0xbfb:0x35 DW_TAG_subprogram
	.long	.Lfunc_begin15                  @ DW_AT_low_pc
	.long	.Lfunc_end15-.Lfunc_begin15     @ DW_AT_high_pc
	.byte	1                               @ DW_AT_frame_base
	.byte	93
	.long	.Linfo_string87                 @ DW_AT_name
	.byte	1                               @ DW_AT_decl_file
	.short	2291                            @ DW_AT_decl_line
                                        @ DW_AT_prototyped
	.long	771                             @ DW_AT_type
	.byte	24                              @ Abbrev [24] 0xc11:0xf DW_TAG_formal_parameter
	.byte	2                               @ DW_AT_location
	.byte	145
	.byte	4
	.long	.Linfo_string106                @ DW_AT_name
	.byte	1                               @ DW_AT_decl_file
	.short	2291                            @ DW_AT_decl_line
	.long	5445                            @ DW_AT_type
	.byte	20                              @ Abbrev [20] 0xc20:0xf DW_TAG_variable
	.byte	2                               @ DW_AT_location
	.byte	145
	.byte	0
	.long	.Linfo_string144                @ DW_AT_name
	.byte	1                               @ DW_AT_decl_file
	.short	2293                            @ DW_AT_decl_line
	.long	771                             @ DW_AT_type
	.byte	0                               @ End Of Children Mark
	.byte	23                              @ Abbrev [23] 0xc30:0x10b DW_TAG_subprogram
	.long	.Lfunc_begin16                  @ DW_AT_low_pc
	.long	.Lfunc_end16-.Lfunc_begin16     @ DW_AT_high_pc
	.byte	1                               @ DW_AT_frame_base
	.byte	93
	.long	.Linfo_string88                 @ DW_AT_name
	.byte	1                               @ DW_AT_decl_file
	.short	1418                            @ DW_AT_decl_line
                                        @ DW_AT_prototyped
	.long	771                             @ DW_AT_type
                                        @ DW_AT_external
	.byte	24                              @ Abbrev [24] 0xc46:0xf DW_TAG_formal_parameter
	.byte	2                               @ DW_AT_location
	.byte	145
	.byte	40
	.long	.Linfo_string12                 @ DW_AT_name
	.byte	1                               @ DW_AT_decl_file
	.short	1418                            @ DW_AT_decl_line
	.long	139                             @ DW_AT_type
	.byte	24                              @ Abbrev [24] 0xc55:0xf DW_TAG_formal_parameter
	.byte	2                               @ DW_AT_location
	.byte	145
	.byte	36
	.long	.Linfo_string134                @ DW_AT_name
	.byte	1                               @ DW_AT_decl_file
	.short	1418                            @ DW_AT_decl_line
	.long	645                             @ DW_AT_type
	.byte	20                              @ Abbrev [20] 0xc64:0xf DW_TAG_variable
	.byte	2                               @ DW_AT_location
	.byte	145
	.byte	32
	.long	.Linfo_string136                @ DW_AT_name
	.byte	1                               @ DW_AT_decl_file
	.short	1420                            @ DW_AT_decl_line
	.long	771                             @ DW_AT_type
	.byte	20                              @ Abbrev [20] 0xc73:0xf DW_TAG_variable
	.byte	2                               @ DW_AT_location
	.byte	145
	.byte	24
	.long	.Linfo_string138                @ DW_AT_name
	.byte	1                               @ DW_AT_decl_file
	.short	1421                            @ DW_AT_decl_line
	.long	5401                            @ DW_AT_type
	.byte	20                              @ Abbrev [20] 0xc82:0xf DW_TAG_variable
	.byte	2                               @ DW_AT_location
	.byte	145
	.byte	20
	.long	.Linfo_string106                @ DW_AT_name
	.byte	1                               @ DW_AT_decl_file
	.short	1422                            @ DW_AT_decl_line
	.long	5033                            @ DW_AT_type
	.byte	20                              @ Abbrev [20] 0xc91:0xf DW_TAG_variable
	.byte	2                               @ DW_AT_location
	.byte	145
	.byte	16
	.long	.Linfo_string149                @ DW_AT_name
	.byte	1                               @ DW_AT_decl_file
	.short	1425                            @ DW_AT_decl_line
	.long	771                             @ DW_AT_type
	.byte	21                              @ Abbrev [21] 0xca0:0x1a DW_TAG_inlined_subroutine
	.long	842                             @ DW_AT_abstract_origin
	.long	.Ltmp380                        @ DW_AT_low_pc
	.long	.Ltmp381-.Ltmp380               @ DW_AT_high_pc
	.byte	1                               @ DW_AT_call_file
	.short	1429                            @ DW_AT_call_line
	.byte	2                               @ DW_AT_call_column
	.byte	22                              @ Abbrev [22] 0xcb1:0x8 DW_TAG_variable
	.byte	2                               @ DW_AT_location
	.byte	145
	.byte	60
	.long	850                             @ DW_AT_abstract_origin
	.byte	0                               @ End Of Children Mark
	.byte	21                              @ Abbrev [21] 0xcba:0x1a DW_TAG_inlined_subroutine
	.long	842                             @ DW_AT_abstract_origin
	.long	.Ltmp385                        @ DW_AT_low_pc
	.long	.Ltmp386-.Ltmp385               @ DW_AT_high_pc
	.byte	1                               @ DW_AT_call_file
	.short	1433                            @ DW_AT_call_line
	.byte	2                               @ DW_AT_call_column
	.byte	22                              @ Abbrev [22] 0xccb:0x8 DW_TAG_variable
	.byte	2                               @ DW_AT_location
	.byte	145
	.byte	56
	.long	850                             @ DW_AT_abstract_origin
	.byte	0                               @ End Of Children Mark
	.byte	21                              @ Abbrev [21] 0xcd4:0x1a DW_TAG_inlined_subroutine
	.long	842                             @ DW_AT_abstract_origin
	.long	.Ltmp390                        @ DW_AT_low_pc
	.long	.Ltmp391-.Ltmp390               @ DW_AT_high_pc
	.byte	1                               @ DW_AT_call_file
	.short	1438                            @ DW_AT_call_line
	.byte	3                               @ DW_AT_call_column
	.byte	22                              @ Abbrev [22] 0xce5:0x8 DW_TAG_variable
	.byte	2                               @ DW_AT_location
	.byte	145
	.byte	52
	.long	850                             @ DW_AT_abstract_origin
	.byte	0                               @ End Of Children Mark
	.byte	25                              @ Abbrev [25] 0xcee:0x33 DW_TAG_lexical_block
	.long	.Ltmp395                        @ DW_AT_low_pc
	.long	.Ltmp422-.Ltmp395               @ DW_AT_high_pc
	.byte	20                              @ Abbrev [20] 0xcf7:0xf DW_TAG_variable
	.byte	2                               @ DW_AT_location
	.byte	145
	.byte	12
	.long	.Linfo_string150                @ DW_AT_name
	.byte	1                               @ DW_AT_decl_file
	.short	1452                            @ DW_AT_decl_line
	.long	5038                            @ DW_AT_type
	.byte	21                              @ Abbrev [21] 0xd06:0x1a DW_TAG_inlined_subroutine
	.long	842                             @ DW_AT_abstract_origin
	.long	.Ltmp415                        @ DW_AT_low_pc
	.long	.Ltmp416-.Ltmp415               @ DW_AT_high_pc
	.byte	1                               @ DW_AT_call_file
	.short	1509                            @ DW_AT_call_line
	.byte	7                               @ DW_AT_call_column
	.byte	22                              @ Abbrev [22] 0xd17:0x8 DW_TAG_variable
	.byte	2                               @ DW_AT_location
	.byte	145
	.byte	48
	.long	850                             @ DW_AT_abstract_origin
	.byte	0                               @ End Of Children Mark
	.byte	0                               @ End Of Children Mark
	.byte	25                              @ Abbrev [25] 0xd21:0x19 DW_TAG_lexical_block
	.long	.Ltmp453                        @ DW_AT_low_pc
	.long	.Ltmp454-.Ltmp453               @ DW_AT_high_pc
	.byte	20                              @ Abbrev [20] 0xd2a:0xf DW_TAG_variable
	.byte	2                               @ DW_AT_location
	.byte	145
	.byte	8
	.long	.Linfo_string151                @ DW_AT_name
	.byte	1                               @ DW_AT_decl_file
	.short	1609                            @ DW_AT_decl_line
	.long	481                             @ DW_AT_type
	.byte	0                               @ End Of Children Mark
	.byte	0                               @ End Of Children Mark
	.byte	27                              @ Abbrev [27] 0xd3b:0x35 DW_TAG_subprogram
	.long	.Lfunc_begin17                  @ DW_AT_low_pc
	.long	.Lfunc_end17-.Lfunc_begin17     @ DW_AT_high_pc
	.byte	1                               @ DW_AT_frame_base
	.byte	93
	.long	.Linfo_string89                 @ DW_AT_name
	.byte	1                               @ DW_AT_decl_file
	.short	2049                            @ DW_AT_decl_line
                                        @ DW_AT_prototyped
	.long	481                             @ DW_AT_type
	.byte	24                              @ Abbrev [24] 0xd51:0xf DW_TAG_formal_parameter
	.byte	2                               @ DW_AT_location
	.byte	145
	.byte	4
	.long	.Linfo_string106                @ DW_AT_name
	.byte	1                               @ DW_AT_decl_file
	.short	2049                            @ DW_AT_decl_line
	.long	5475                            @ DW_AT_type
	.byte	20                              @ Abbrev [20] 0xd60:0xf DW_TAG_variable
	.byte	2                               @ DW_AT_location
	.byte	145
	.byte	0
	.long	.Linfo_string152                @ DW_AT_name
	.byte	1                               @ DW_AT_decl_file
	.short	2051                            @ DW_AT_decl_line
	.long	481                             @ DW_AT_type
	.byte	0                               @ End Of Children Mark
	.byte	23                              @ Abbrev [23] 0xd70:0xe7 DW_TAG_subprogram
	.long	.Lfunc_begin18                  @ DW_AT_low_pc
	.long	.Lfunc_end18-.Lfunc_begin18     @ DW_AT_high_pc
	.byte	1                               @ DW_AT_frame_base
	.byte	93
	.long	.Linfo_string90                 @ DW_AT_name
	.byte	1                               @ DW_AT_decl_file
	.short	1636                            @ DW_AT_decl_line
                                        @ DW_AT_prototyped
	.long	771                             @ DW_AT_type
                                        @ DW_AT_external
	.byte	24                              @ Abbrev [24] 0xd86:0xf DW_TAG_formal_parameter
	.byte	2                               @ DW_AT_location
	.byte	145
	.byte	44
	.long	.Linfo_string12                 @ DW_AT_name
	.byte	1                               @ DW_AT_decl_file
	.short	1636                            @ DW_AT_decl_line
	.long	139                             @ DW_AT_type
	.byte	24                              @ Abbrev [24] 0xd95:0xf DW_TAG_formal_parameter
	.byte	2                               @ DW_AT_location
	.byte	145
	.byte	40
	.long	.Linfo_string148                @ DW_AT_name
	.byte	1                               @ DW_AT_decl_file
	.short	1636                            @ DW_AT_decl_line
	.long	5470                            @ DW_AT_type
	.byte	24                              @ Abbrev [24] 0xda4:0xf DW_TAG_formal_parameter
	.byte	2                               @ DW_AT_location
	.byte	145
	.byte	36
	.long	.Linfo_string134                @ DW_AT_name
	.byte	1                               @ DW_AT_decl_file
	.short	1636                            @ DW_AT_decl_line
	.long	645                             @ DW_AT_type
	.byte	20                              @ Abbrev [20] 0xdb3:0xf DW_TAG_variable
	.byte	2                               @ DW_AT_location
	.byte	145
	.byte	32
	.long	.Linfo_string136                @ DW_AT_name
	.byte	1                               @ DW_AT_decl_file
	.short	1638                            @ DW_AT_decl_line
	.long	771                             @ DW_AT_type
	.byte	20                              @ Abbrev [20] 0xdc2:0xf DW_TAG_variable
	.byte	2                               @ DW_AT_location
	.byte	145
	.byte	24
	.long	.Linfo_string138                @ DW_AT_name
	.byte	1                               @ DW_AT_decl_file
	.short	1639                            @ DW_AT_decl_line
	.long	5401                            @ DW_AT_type
	.byte	20                              @ Abbrev [20] 0xdd1:0xf DW_TAG_variable
	.byte	2                               @ DW_AT_location
	.byte	145
	.byte	20
	.long	.Linfo_string153                @ DW_AT_name
	.byte	1                               @ DW_AT_decl_file
	.short	1640                            @ DW_AT_decl_line
	.long	349                             @ DW_AT_type
	.byte	20                              @ Abbrev [20] 0xde0:0xf DW_TAG_variable
	.byte	2                               @ DW_AT_location
	.byte	145
	.byte	16
	.long	.Linfo_string106                @ DW_AT_name
	.byte	1                               @ DW_AT_decl_file
	.short	1641                            @ DW_AT_decl_line
	.long	5033                            @ DW_AT_type
	.byte	21                              @ Abbrev [21] 0xdef:0x1a DW_TAG_inlined_subroutine
	.long	842                             @ DW_AT_abstract_origin
	.long	.Ltmp469                        @ DW_AT_low_pc
	.long	.Ltmp470-.Ltmp469               @ DW_AT_high_pc
	.byte	1                               @ DW_AT_call_file
	.short	1644                            @ DW_AT_call_line
	.byte	2                               @ DW_AT_call_column
	.byte	22                              @ Abbrev [22] 0xe00:0x8 DW_TAG_variable
	.byte	2                               @ DW_AT_location
	.byte	145
	.byte	60
	.long	850                             @ DW_AT_abstract_origin
	.byte	0                               @ End Of Children Mark
	.byte	21                              @ Abbrev [21] 0xe09:0x1a DW_TAG_inlined_subroutine
	.long	842                             @ DW_AT_abstract_origin
	.long	.Ltmp474                        @ DW_AT_low_pc
	.long	.Ltmp475-.Ltmp474               @ DW_AT_high_pc
	.byte	1                               @ DW_AT_call_file
	.short	1648                            @ DW_AT_call_line
	.byte	2                               @ DW_AT_call_column
	.byte	22                              @ Abbrev [22] 0xe1a:0x8 DW_TAG_variable
	.byte	2                               @ DW_AT_location
	.byte	145
	.byte	56
	.long	850                             @ DW_AT_abstract_origin
	.byte	0                               @ End Of Children Mark
	.byte	21                              @ Abbrev [21] 0xe23:0x1a DW_TAG_inlined_subroutine
	.long	842                             @ DW_AT_abstract_origin
	.long	.Ltmp479                        @ DW_AT_low_pc
	.long	.Ltmp480-.Ltmp479               @ DW_AT_high_pc
	.byte	1                               @ DW_AT_call_file
	.short	1653                            @ DW_AT_call_line
	.byte	3                               @ DW_AT_call_column
	.byte	22                              @ Abbrev [22] 0xe34:0x8 DW_TAG_variable
	.byte	2                               @ DW_AT_location
	.byte	145
	.byte	52
	.long	850                             @ DW_AT_abstract_origin
	.byte	0                               @ End Of Children Mark
	.byte	25                              @ Abbrev [25] 0xe3d:0x19 DW_TAG_lexical_block
	.long	.Ltmp484                        @ DW_AT_low_pc
	.long	.Ltmp502-.Ltmp484               @ DW_AT_high_pc
	.byte	20                              @ Abbrev [20] 0xe46:0xf DW_TAG_variable
	.byte	2                               @ DW_AT_location
	.byte	145
	.byte	12
	.long	.Linfo_string45                 @ DW_AT_name
	.byte	1                               @ DW_AT_decl_file
	.short	1665                            @ DW_AT_decl_line
	.long	5038                            @ DW_AT_type
	.byte	0                               @ End Of Children Mark
	.byte	0                               @ End Of Children Mark
	.byte	23                              @ Abbrev [23] 0xe57:0x113 DW_TAG_subprogram
	.long	.Lfunc_begin19                  @ DW_AT_low_pc
	.long	.Lfunc_end19-.Lfunc_begin19     @ DW_AT_high_pc
	.byte	1                               @ DW_AT_frame_base
	.byte	93
	.long	.Linfo_string91                 @ DW_AT_name
	.byte	1                               @ DW_AT_decl_file
	.short	1785                            @ DW_AT_decl_line
                                        @ DW_AT_prototyped
	.long	771                             @ DW_AT_type
                                        @ DW_AT_external
	.byte	24                              @ Abbrev [24] 0xe6d:0xf DW_TAG_formal_parameter
	.byte	2                               @ DW_AT_location
	.byte	145
	.byte	32
	.long	.Linfo_string12                 @ DW_AT_name
	.byte	1                               @ DW_AT_decl_file
	.short	1785                            @ DW_AT_decl_line
	.long	139                             @ DW_AT_type
	.byte	24                              @ Abbrev [24] 0xe7c:0xf DW_TAG_formal_parameter
	.byte	2                               @ DW_AT_location
	.byte	145
	.byte	28
	.long	.Linfo_string148                @ DW_AT_name
	.byte	1                               @ DW_AT_decl_file
	.short	1785                            @ DW_AT_decl_line
	.long	5470                            @ DW_AT_type
	.byte	24                              @ Abbrev [24] 0xe8b:0xf DW_TAG_formal_parameter
	.byte	2                               @ DW_AT_location
	.byte	145
	.byte	24
	.long	.Linfo_string145                @ DW_AT_name
	.byte	1                               @ DW_AT_decl_file
	.short	1785                            @ DW_AT_decl_line
	.long	5455                            @ DW_AT_type
	.byte	20                              @ Abbrev [20] 0xe9a:0xf DW_TAG_variable
	.byte	2                               @ DW_AT_location
	.byte	145
	.byte	20
	.long	.Linfo_string144                @ DW_AT_name
	.byte	1                               @ DW_AT_decl_file
	.short	1787                            @ DW_AT_decl_line
	.long	771                             @ DW_AT_type
	.byte	20                              @ Abbrev [20] 0xea9:0xf DW_TAG_variable
	.byte	2                               @ DW_AT_location
	.byte	145
	.byte	16
	.long	.Linfo_string146                @ DW_AT_name
	.byte	1                               @ DW_AT_decl_file
	.short	1788                            @ DW_AT_decl_line
	.long	481                             @ DW_AT_type
	.byte	20                              @ Abbrev [20] 0xeb8:0xf DW_TAG_variable
	.byte	2                               @ DW_AT_location
	.byte	145
	.byte	12
	.long	.Linfo_string106                @ DW_AT_name
	.byte	1                               @ DW_AT_decl_file
	.short	1789                            @ DW_AT_decl_line
	.long	5033                            @ DW_AT_type
	.byte	21                              @ Abbrev [21] 0xec7:0x1a DW_TAG_inlined_subroutine
	.long	842                             @ DW_AT_abstract_origin
	.long	.Ltmp532                        @ DW_AT_low_pc
	.long	.Ltmp533-.Ltmp532               @ DW_AT_high_pc
	.byte	1                               @ DW_AT_call_file
	.short	1791                            @ DW_AT_call_line
	.byte	2                               @ DW_AT_call_column
	.byte	22                              @ Abbrev [22] 0xed8:0x8 DW_TAG_variable
	.byte	2                               @ DW_AT_location
	.byte	145
	.byte	40
	.long	850                             @ DW_AT_abstract_origin
	.byte	0                               @ End Of Children Mark
	.byte	21                              @ Abbrev [21] 0xee1:0x1a DW_TAG_inlined_subroutine
	.long	842                             @ DW_AT_abstract_origin
	.long	.Ltmp537                        @ DW_AT_low_pc
	.long	.Ltmp538-.Ltmp537               @ DW_AT_high_pc
	.byte	1                               @ DW_AT_call_file
	.short	1792                            @ DW_AT_call_line
	.byte	2                               @ DW_AT_call_column
	.byte	22                              @ Abbrev [22] 0xef2:0x8 DW_TAG_variable
	.byte	2                               @ DW_AT_location
	.byte	145
	.byte	36
	.long	850                             @ DW_AT_abstract_origin
	.byte	0                               @ End Of Children Mark
	.byte	21                              @ Abbrev [21] 0xefb:0x22 DW_TAG_inlined_subroutine
	.long	2153                            @ DW_AT_abstract_origin
	.long	.Ltmp541                        @ DW_AT_low_pc
	.long	.Ltmp542-.Ltmp541               @ DW_AT_high_pc
	.byte	1                               @ DW_AT_call_file
	.short	1810                            @ DW_AT_call_line
	.byte	27                              @ DW_AT_call_column
	.byte	22                              @ Abbrev [22] 0xf0c:0x8 DW_TAG_variable
	.byte	2                               @ DW_AT_location
	.byte	145
	.byte	48
	.long	2165                            @ DW_AT_abstract_origin
	.byte	22                              @ Abbrev [22] 0xf14:0x8 DW_TAG_variable
	.byte	2                               @ DW_AT_location
	.byte	145
	.byte	44
	.long	2176                            @ DW_AT_abstract_origin
	.byte	0                               @ End Of Children Mark
	.byte	25                              @ Abbrev [25] 0xf1d:0x32 DW_TAG_lexical_block
	.long	.Ltmp543                        @ DW_AT_low_pc
	.long	.Ltmp563-.Ltmp543               @ DW_AT_high_pc
	.byte	20                              @ Abbrev [20] 0xf26:0xf DW_TAG_variable
	.byte	2                               @ DW_AT_location
	.byte	145
	.byte	8
	.long	.Linfo_string45                 @ DW_AT_name
	.byte	1                               @ DW_AT_decl_file
	.short	1812                            @ DW_AT_decl_line
	.long	5038                            @ DW_AT_type
	.byte	25                              @ Abbrev [25] 0xf35:0x19 DW_TAG_lexical_block
	.long	.Ltmp546                        @ DW_AT_low_pc
	.long	.Ltmp561-.Ltmp546               @ DW_AT_high_pc
	.byte	20                              @ Abbrev [20] 0xf3e:0xf DW_TAG_variable
	.byte	2                               @ DW_AT_location
	.byte	145
	.byte	7
	.long	.Linfo_string48                 @ DW_AT_name
	.byte	1                               @ DW_AT_decl_file
	.short	1817                            @ DW_AT_decl_line
	.long	5465                            @ DW_AT_type
	.byte	0                               @ End Of Children Mark
	.byte	0                               @ End Of Children Mark
	.byte	21                              @ Abbrev [21] 0xf4f:0x1a DW_TAG_inlined_subroutine
	.long	2188                            @ DW_AT_abstract_origin
	.long	.Ltmp564                        @ DW_AT_low_pc
	.long	.Ltmp565-.Ltmp564               @ DW_AT_high_pc
	.byte	1                               @ DW_AT_call_file
	.short	1870                            @ DW_AT_call_line
	.byte	2                               @ DW_AT_call_column
	.byte	30                              @ Abbrev [30] 0xf60:0x8 DW_TAG_formal_parameter
	.byte	2                               @ DW_AT_location
	.byte	145
	.byte	52
	.long	2196                            @ DW_AT_abstract_origin
	.byte	0                               @ End Of Children Mark
	.byte	0                               @ End Of Children Mark
	.byte	23                              @ Abbrev [23] 0xf6a:0xfb DW_TAG_subprogram
	.long	.Lfunc_begin20                  @ DW_AT_low_pc
	.long	.Lfunc_end20-.Lfunc_begin20     @ DW_AT_high_pc
	.byte	1                               @ DW_AT_frame_base
	.byte	93
	.long	.Linfo_string92                 @ DW_AT_name
	.byte	1                               @ DW_AT_decl_file
	.short	1876                            @ DW_AT_decl_line
                                        @ DW_AT_prototyped
	.long	771                             @ DW_AT_type
                                        @ DW_AT_external
	.byte	24                              @ Abbrev [24] 0xf80:0xf DW_TAG_formal_parameter
	.byte	2                               @ DW_AT_location
	.byte	145
	.byte	28
	.long	.Linfo_string12                 @ DW_AT_name
	.byte	1                               @ DW_AT_decl_file
	.short	1876                            @ DW_AT_decl_line
	.long	139                             @ DW_AT_type
	.byte	24                              @ Abbrev [24] 0xf8f:0xf DW_TAG_formal_parameter
	.byte	2                               @ DW_AT_location
	.byte	145
	.byte	24
	.long	.Linfo_string148                @ DW_AT_name
	.byte	1                               @ DW_AT_decl_file
	.short	1876                            @ DW_AT_decl_line
	.long	5470                            @ DW_AT_type
	.byte	20                              @ Abbrev [20] 0xf9e:0xf DW_TAG_variable
	.byte	2                               @ DW_AT_location
	.byte	145
	.byte	20
	.long	.Linfo_string144                @ DW_AT_name
	.byte	1                               @ DW_AT_decl_file
	.short	1878                            @ DW_AT_decl_line
	.long	771                             @ DW_AT_type
	.byte	20                              @ Abbrev [20] 0xfad:0xf DW_TAG_variable
	.byte	2                               @ DW_AT_location
	.byte	145
	.byte	16
	.long	.Linfo_string146                @ DW_AT_name
	.byte	1                               @ DW_AT_decl_file
	.short	1879                            @ DW_AT_decl_line
	.long	481                             @ DW_AT_type
	.byte	20                              @ Abbrev [20] 0xfbc:0xf DW_TAG_variable
	.byte	2                               @ DW_AT_location
	.byte	145
	.byte	12
	.long	.Linfo_string153                @ DW_AT_name
	.byte	1                               @ DW_AT_decl_file
	.short	1880                            @ DW_AT_decl_line
	.long	349                             @ DW_AT_type
	.byte	20                              @ Abbrev [20] 0xfcb:0xf DW_TAG_variable
	.byte	2                               @ DW_AT_location
	.byte	145
	.byte	8
	.long	.Linfo_string106                @ DW_AT_name
	.byte	1                               @ DW_AT_decl_file
	.short	1881                            @ DW_AT_decl_line
	.long	5033                            @ DW_AT_type
	.byte	21                              @ Abbrev [21] 0xfda:0x1a DW_TAG_inlined_subroutine
	.long	842                             @ DW_AT_abstract_origin
	.long	.Ltmp570                        @ DW_AT_low_pc
	.long	.Ltmp571-.Ltmp570               @ DW_AT_high_pc
	.byte	1                               @ DW_AT_call_file
	.short	1883                            @ DW_AT_call_line
	.byte	2                               @ DW_AT_call_column
	.byte	22                              @ Abbrev [22] 0xfeb:0x8 DW_TAG_variable
	.byte	2                               @ DW_AT_location
	.byte	145
	.byte	40
	.long	850                             @ DW_AT_abstract_origin
	.byte	0                               @ End Of Children Mark
	.byte	21                              @ Abbrev [21] 0xff4:0x1a DW_TAG_inlined_subroutine
	.long	842                             @ DW_AT_abstract_origin
	.long	.Ltmp575                        @ DW_AT_low_pc
	.long	.Ltmp576-.Ltmp575               @ DW_AT_high_pc
	.byte	1                               @ DW_AT_call_file
	.short	1884                            @ DW_AT_call_line
	.byte	2                               @ DW_AT_call_column
	.byte	22                              @ Abbrev [22] 0x1005:0x8 DW_TAG_variable
	.byte	2                               @ DW_AT_location
	.byte	145
	.byte	36
	.long	850                             @ DW_AT_abstract_origin
	.byte	0                               @ End Of Children Mark
	.byte	21                              @ Abbrev [21] 0x100e:0x1a DW_TAG_inlined_subroutine
	.long	842                             @ DW_AT_abstract_origin
	.long	.Ltmp580                        @ DW_AT_low_pc
	.long	.Ltmp581-.Ltmp580               @ DW_AT_high_pc
	.byte	1                               @ DW_AT_call_file
	.short	1885                            @ DW_AT_call_line
	.byte	2                               @ DW_AT_call_column
	.byte	22                              @ Abbrev [22] 0x101f:0x8 DW_TAG_variable
	.byte	2                               @ DW_AT_location
	.byte	145
	.byte	32
	.long	850                             @ DW_AT_abstract_origin
	.byte	0                               @ End Of Children Mark
	.byte	21                              @ Abbrev [21] 0x1028:0x22 DW_TAG_inlined_subroutine
	.long	2153                            @ DW_AT_abstract_origin
	.long	.Ltmp584                        @ DW_AT_low_pc
	.long	.Ltmp585-.Ltmp584               @ DW_AT_high_pc
	.byte	1                               @ DW_AT_call_file
	.short	1903                            @ DW_AT_call_line
	.byte	27                              @ DW_AT_call_column
	.byte	22                              @ Abbrev [22] 0x1039:0x8 DW_TAG_variable
	.byte	2                               @ DW_AT_location
	.byte	145
	.byte	48
	.long	2165                            @ DW_AT_abstract_origin
	.byte	22                              @ Abbrev [22] 0x1041:0x8 DW_TAG_variable
	.byte	2                               @ DW_AT_location
	.byte	145
	.byte	44
	.long	2176                            @ DW_AT_abstract_origin
	.byte	0                               @ End Of Children Mark
	.byte	21                              @ Abbrev [21] 0x104a:0x1a DW_TAG_inlined_subroutine
	.long	2188                            @ DW_AT_abstract_origin
	.long	.Ltmp592                        @ DW_AT_low_pc
	.long	.Ltmp593-.Ltmp592               @ DW_AT_high_pc
	.byte	1                               @ DW_AT_call_file
	.short	1924                            @ DW_AT_call_line
	.byte	2                               @ DW_AT_call_column
	.byte	30                              @ Abbrev [30] 0x105b:0x8 DW_TAG_formal_parameter
	.byte	2                               @ DW_AT_location
	.byte	145
	.byte	52
	.long	2196                            @ DW_AT_abstract_origin
	.byte	0                               @ End Of Children Mark
	.byte	0                               @ End Of Children Mark
	.byte	23                              @ Abbrev [23] 0x1065:0x4f DW_TAG_subprogram
	.long	.Lfunc_begin21                  @ DW_AT_low_pc
	.long	.Lfunc_end21-.Lfunc_begin21     @ DW_AT_high_pc
	.byte	1                               @ DW_AT_frame_base
	.byte	93
	.long	.Linfo_string93                 @ DW_AT_name
	.byte	1                               @ DW_AT_decl_file
	.short	1930                            @ DW_AT_decl_line
                                        @ DW_AT_prototyped
	.long	481                             @ DW_AT_type
                                        @ DW_AT_external
	.byte	24                              @ Abbrev [24] 0x107b:0xf DW_TAG_formal_parameter
	.byte	2                               @ DW_AT_location
	.byte	145
	.byte	8
	.long	.Linfo_string12                 @ DW_AT_name
	.byte	1                               @ DW_AT_decl_file
	.short	1930                            @ DW_AT_decl_line
	.long	5480                            @ DW_AT_type
	.byte	20                              @ Abbrev [20] 0x108a:0xf DW_TAG_variable
	.byte	2                               @ DW_AT_location
	.byte	145
	.byte	4
	.long	.Linfo_string154                @ DW_AT_name
	.byte	1                               @ DW_AT_decl_file
	.short	1932                            @ DW_AT_decl_line
	.long	481                             @ DW_AT_type
	.byte	21                              @ Abbrev [21] 0x1099:0x1a DW_TAG_inlined_subroutine
	.long	842                             @ DW_AT_abstract_origin
	.long	.Ltmp597                        @ DW_AT_low_pc
	.long	.Ltmp598-.Ltmp597               @ DW_AT_high_pc
	.byte	1                               @ DW_AT_call_file
	.short	1934                            @ DW_AT_call_line
	.byte	2                               @ DW_AT_call_column
	.byte	22                              @ Abbrev [22] 0x10aa:0x8 DW_TAG_variable
	.byte	2                               @ DW_AT_location
	.byte	145
	.byte	12
	.long	850                             @ DW_AT_abstract_origin
	.byte	0                               @ End Of Children Mark
	.byte	0                               @ End Of Children Mark
	.byte	23                              @ Abbrev [23] 0x10b4:0x5e DW_TAG_subprogram
	.long	.Lfunc_begin22                  @ DW_AT_low_pc
	.long	.Lfunc_end22-.Lfunc_begin22     @ DW_AT_high_pc
	.byte	1                               @ DW_AT_frame_base
	.byte	93
	.long	.Linfo_string94                 @ DW_AT_name
	.byte	1                               @ DW_AT_decl_file
	.short	1946                            @ DW_AT_decl_line
                                        @ DW_AT_prototyped
	.long	481                             @ DW_AT_type
                                        @ DW_AT_external
	.byte	24                              @ Abbrev [24] 0x10ca:0xf DW_TAG_formal_parameter
	.byte	2                               @ DW_AT_location
	.byte	145
	.byte	8
	.long	.Linfo_string12                 @ DW_AT_name
	.byte	1                               @ DW_AT_decl_file
	.short	1946                            @ DW_AT_decl_line
	.long	5480                            @ DW_AT_type
	.byte	20                              @ Abbrev [20] 0x10d9:0xf DW_TAG_variable
	.byte	2                               @ DW_AT_location
	.byte	145
	.byte	4
	.long	.Linfo_string154                @ DW_AT_name
	.byte	1                               @ DW_AT_decl_file
	.short	1948                            @ DW_AT_decl_line
	.long	481                             @ DW_AT_type
	.byte	20                              @ Abbrev [20] 0x10e8:0xf DW_TAG_variable
	.byte	2                               @ DW_AT_location
	.byte	145
	.byte	0
	.long	.Linfo_string106                @ DW_AT_name
	.byte	1                               @ DW_AT_decl_file
	.short	1949                            @ DW_AT_decl_line
	.long	5033                            @ DW_AT_type
	.byte	21                              @ Abbrev [21] 0x10f7:0x1a DW_TAG_inlined_subroutine
	.long	842                             @ DW_AT_abstract_origin
	.long	.Ltmp607                        @ DW_AT_low_pc
	.long	.Ltmp608-.Ltmp607               @ DW_AT_high_pc
	.byte	1                               @ DW_AT_call_file
	.short	1951                            @ DW_AT_call_line
	.byte	2                               @ DW_AT_call_column
	.byte	22                              @ Abbrev [22] 0x1108:0x8 DW_TAG_variable
	.byte	2                               @ DW_AT_location
	.byte	145
	.byte	12
	.long	850                             @ DW_AT_abstract_origin
	.byte	0                               @ End Of Children Mark
	.byte	0                               @ End Of Children Mark
	.byte	23                              @ Abbrev [23] 0x1112:0x5e DW_TAG_subprogram
	.long	.Lfunc_begin23                  @ DW_AT_low_pc
	.long	.Lfunc_end23-.Lfunc_begin23     @ DW_AT_high_pc
	.byte	1                               @ DW_AT_frame_base
	.byte	93
	.long	.Linfo_string95                 @ DW_AT_name
	.byte	1                               @ DW_AT_decl_file
	.short	1963                            @ DW_AT_decl_line
                                        @ DW_AT_prototyped
	.long	481                             @ DW_AT_type
                                        @ DW_AT_external
	.byte	24                              @ Abbrev [24] 0x1128:0xf DW_TAG_formal_parameter
	.byte	2                               @ DW_AT_location
	.byte	145
	.byte	8
	.long	.Linfo_string12                 @ DW_AT_name
	.byte	1                               @ DW_AT_decl_file
	.short	1963                            @ DW_AT_decl_line
	.long	5480                            @ DW_AT_type
	.byte	20                              @ Abbrev [20] 0x1137:0xf DW_TAG_variable
	.byte	2                               @ DW_AT_location
	.byte	145
	.byte	4
	.long	.Linfo_string154                @ DW_AT_name
	.byte	1                               @ DW_AT_decl_file
	.short	1965                            @ DW_AT_decl_line
	.long	481                             @ DW_AT_type
	.byte	20                              @ Abbrev [20] 0x1146:0xf DW_TAG_variable
	.byte	2                               @ DW_AT_location
	.byte	145
	.byte	0
	.long	.Linfo_string106                @ DW_AT_name
	.byte	1                               @ DW_AT_decl_file
	.short	1966                            @ DW_AT_decl_line
	.long	5033                            @ DW_AT_type
	.byte	21                              @ Abbrev [21] 0x1155:0x1a DW_TAG_inlined_subroutine
	.long	842                             @ DW_AT_abstract_origin
	.long	.Ltmp617                        @ DW_AT_low_pc
	.long	.Ltmp618-.Ltmp617               @ DW_AT_high_pc
	.byte	1                               @ DW_AT_call_file
	.short	1968                            @ DW_AT_call_line
	.byte	2                               @ DW_AT_call_column
	.byte	22                              @ Abbrev [22] 0x1166:0x8 DW_TAG_variable
	.byte	2                               @ DW_AT_location
	.byte	145
	.byte	12
	.long	850                             @ DW_AT_abstract_origin
	.byte	0                               @ End Of Children Mark
	.byte	0                               @ End Of Children Mark
	.byte	31                              @ Abbrev [31] 0x1170:0x4b DW_TAG_subprogram
	.long	.Lfunc_begin24                  @ DW_AT_low_pc
	.long	.Lfunc_end24-.Lfunc_begin24     @ DW_AT_high_pc
	.byte	1                               @ DW_AT_frame_base
	.byte	93
	.long	.Linfo_string96                 @ DW_AT_name
	.byte	1                               @ DW_AT_decl_file
	.short	1975                            @ DW_AT_decl_line
                                        @ DW_AT_prototyped
                                        @ DW_AT_external
	.byte	24                              @ Abbrev [24] 0x1182:0xf DW_TAG_formal_parameter
	.byte	2                               @ DW_AT_location
	.byte	145
	.byte	8
	.long	.Linfo_string12                 @ DW_AT_name
	.byte	1                               @ DW_AT_decl_file
	.short	1975                            @ DW_AT_decl_line
	.long	139                             @ DW_AT_type
	.byte	20                              @ Abbrev [20] 0x1191:0xf DW_TAG_variable
	.byte	2                               @ DW_AT_location
	.byte	145
	.byte	4
	.long	.Linfo_string106                @ DW_AT_name
	.byte	1                               @ DW_AT_decl_file
	.short	1977                            @ DW_AT_decl_line
	.long	5033                            @ DW_AT_type
	.byte	21                              @ Abbrev [21] 0x11a0:0x1a DW_TAG_inlined_subroutine
	.long	842                             @ DW_AT_abstract_origin
	.long	.Ltmp625                        @ DW_AT_low_pc
	.long	.Ltmp626-.Ltmp625               @ DW_AT_high_pc
	.byte	1                               @ DW_AT_call_file
	.short	1979                            @ DW_AT_call_line
	.byte	2                               @ DW_AT_call_column
	.byte	22                              @ Abbrev [22] 0x11b1:0x8 DW_TAG_variable
	.byte	2                               @ DW_AT_location
	.byte	145
	.byte	12
	.long	850                             @ DW_AT_abstract_origin
	.byte	0                               @ End Of Children Mark
	.byte	0                               @ End Of Children Mark
	.byte	31                              @ Abbrev [31] 0x11bb:0x31 DW_TAG_subprogram
	.long	.Lfunc_begin25                  @ DW_AT_low_pc
	.long	.Lfunc_end25-.Lfunc_begin25     @ DW_AT_high_pc
	.byte	1                               @ DW_AT_frame_base
	.byte	93
	.long	.Linfo_string97                 @ DW_AT_name
	.byte	1                               @ DW_AT_decl_file
	.short	2705                            @ DW_AT_decl_line
                                        @ DW_AT_prototyped
                                        @ DW_AT_external
	.byte	24                              @ Abbrev [24] 0x11cd:0xf DW_TAG_formal_parameter
	.byte	2                               @ DW_AT_location
	.byte	145
	.byte	4
	.long	.Linfo_string12                 @ DW_AT_name
	.byte	1                               @ DW_AT_decl_file
	.short	2705                            @ DW_AT_decl_line
	.long	139                             @ DW_AT_type
	.byte	20                              @ Abbrev [20] 0x11dc:0xf DW_TAG_variable
	.byte	2                               @ DW_AT_location
	.byte	145
	.byte	0
	.long	.Linfo_string155                @ DW_AT_name
	.byte	1                               @ DW_AT_decl_file
	.short	2707                            @ DW_AT_decl_line
	.long	481                             @ DW_AT_type
	.byte	0                               @ End Of Children Mark
	.byte	23                              @ Abbrev [23] 0x11ec:0x26 DW_TAG_subprogram
	.long	.Lfunc_begin26                  @ DW_AT_low_pc
	.long	.Lfunc_end26-.Lfunc_begin26     @ DW_AT_high_pc
	.byte	1                               @ DW_AT_frame_base
	.byte	93
	.long	.Linfo_string98                 @ DW_AT_name
	.byte	1                               @ DW_AT_decl_file
	.short	2019                            @ DW_AT_decl_line
                                        @ DW_AT_prototyped
	.long	481                             @ DW_AT_type
                                        @ DW_AT_external
	.byte	24                              @ Abbrev [24] 0x1202:0xf DW_TAG_formal_parameter
	.byte	2                               @ DW_AT_location
	.byte	145
	.byte	0
	.long	.Linfo_string12                 @ DW_AT_name
	.byte	1                               @ DW_AT_decl_file
	.short	2019                            @ DW_AT_decl_line
	.long	139                             @ DW_AT_type
	.byte	0                               @ End Of Children Mark
	.byte	31                              @ Abbrev [31] 0x1212:0x31 DW_TAG_subprogram
	.long	.Lfunc_begin27                  @ DW_AT_low_pc
	.long	.Lfunc_end27-.Lfunc_begin27     @ DW_AT_high_pc
	.byte	1                               @ DW_AT_frame_base
	.byte	93
	.long	.Linfo_string99                 @ DW_AT_name
	.byte	1                               @ DW_AT_decl_file
	.short	2029                            @ DW_AT_decl_line
                                        @ DW_AT_prototyped
                                        @ DW_AT_external
	.byte	24                              @ Abbrev [24] 0x1224:0xf DW_TAG_formal_parameter
	.byte	2                               @ DW_AT_location
	.byte	145
	.byte	4
	.long	.Linfo_string12                 @ DW_AT_name
	.byte	1                               @ DW_AT_decl_file
	.short	2029                            @ DW_AT_decl_line
	.long	139                             @ DW_AT_type
	.byte	24                              @ Abbrev [24] 0x1233:0xf DW_TAG_formal_parameter
	.byte	2                               @ DW_AT_location
	.byte	145
	.byte	0
	.long	.Linfo_string53                 @ DW_AT_name
	.byte	1                               @ DW_AT_decl_file
	.short	2029                            @ DW_AT_decl_line
	.long	481                             @ DW_AT_type
	.byte	0                               @ End Of Children Mark
	.byte	23                              @ Abbrev [23] 0x1243:0x26 DW_TAG_subprogram
	.long	.Lfunc_begin28                  @ DW_AT_low_pc
	.long	.Lfunc_end28-.Lfunc_begin28     @ DW_AT_high_pc
	.byte	1                               @ DW_AT_frame_base
	.byte	93
	.long	.Linfo_string100                @ DW_AT_name
	.byte	1                               @ DW_AT_decl_file
	.short	2039                            @ DW_AT_decl_line
                                        @ DW_AT_prototyped
	.long	746                             @ DW_AT_type
                                        @ DW_AT_external
	.byte	24                              @ Abbrev [24] 0x1259:0xf DW_TAG_formal_parameter
	.byte	2                               @ DW_AT_location
	.byte	145
	.byte	0
	.long	.Linfo_string12                 @ DW_AT_name
	.byte	1                               @ DW_AT_decl_file
	.short	2039                            @ DW_AT_decl_line
	.long	139                             @ DW_AT_type
	.byte	0                               @ End Of Children Mark
	.byte	23                              @ Abbrev [23] 0x1269:0x5e DW_TAG_subprogram
	.long	.Lfunc_begin29                  @ DW_AT_low_pc
	.long	.Lfunc_end29-.Lfunc_begin29     @ DW_AT_high_pc
	.byte	1                               @ DW_AT_frame_base
	.byte	93
	.long	.Linfo_string101                @ DW_AT_name
	.byte	1                               @ DW_AT_decl_file
	.short	2312                            @ DW_AT_decl_line
                                        @ DW_AT_prototyped
	.long	771                             @ DW_AT_type
                                        @ DW_AT_external
	.byte	24                              @ Abbrev [24] 0x127f:0xf DW_TAG_formal_parameter
	.byte	2                               @ DW_AT_location
	.byte	145
	.byte	8
	.long	.Linfo_string12                 @ DW_AT_name
	.byte	1                               @ DW_AT_decl_file
	.short	2312                            @ DW_AT_decl_line
	.long	5480                            @ DW_AT_type
	.byte	20                              @ Abbrev [20] 0x128e:0xf DW_TAG_variable
	.byte	2                               @ DW_AT_location
	.byte	145
	.byte	4
	.long	.Linfo_string144                @ DW_AT_name
	.byte	1                               @ DW_AT_decl_file
	.short	2314                            @ DW_AT_decl_line
	.long	771                             @ DW_AT_type
	.byte	20                              @ Abbrev [20] 0x129d:0xf DW_TAG_variable
	.byte	2                               @ DW_AT_location
	.byte	145
	.byte	0
	.long	.Linfo_string106                @ DW_AT_name
	.byte	1                               @ DW_AT_decl_file
	.short	2315                            @ DW_AT_decl_line
	.long	5033                            @ DW_AT_type
	.byte	21                              @ Abbrev [21] 0x12ac:0x1a DW_TAG_inlined_subroutine
	.long	842                             @ DW_AT_abstract_origin
	.long	.Ltmp653                        @ DW_AT_low_pc
	.long	.Ltmp654-.Ltmp653               @ DW_AT_high_pc
	.byte	1                               @ DW_AT_call_file
	.short	2317                            @ DW_AT_call_line
	.byte	2                               @ DW_AT_call_column
	.byte	22                              @ Abbrev [22] 0x12bd:0x8 DW_TAG_variable
	.byte	2                               @ DW_AT_location
	.byte	145
	.byte	12
	.long	850                             @ DW_AT_abstract_origin
	.byte	0                               @ End Of Children Mark
	.byte	0                               @ End Of Children Mark
	.byte	23                              @ Abbrev [23] 0x12c7:0x5e DW_TAG_subprogram
	.long	.Lfunc_begin30                  @ DW_AT_low_pc
	.long	.Lfunc_end30-.Lfunc_begin30     @ DW_AT_high_pc
	.byte	1                               @ DW_AT_frame_base
	.byte	93
	.long	.Linfo_string102                @ DW_AT_name
	.byte	1                               @ DW_AT_decl_file
	.short	2352                            @ DW_AT_decl_line
                                        @ DW_AT_prototyped
	.long	771                             @ DW_AT_type
                                        @ DW_AT_external
	.byte	24                              @ Abbrev [24] 0x12dd:0xf DW_TAG_formal_parameter
	.byte	2                               @ DW_AT_location
	.byte	145
	.byte	8
	.long	.Linfo_string12                 @ DW_AT_name
	.byte	1                               @ DW_AT_decl_file
	.short	2352                            @ DW_AT_decl_line
	.long	5480                            @ DW_AT_type
	.byte	20                              @ Abbrev [20] 0x12ec:0xf DW_TAG_variable
	.byte	2                               @ DW_AT_location
	.byte	145
	.byte	4
	.long	.Linfo_string144                @ DW_AT_name
	.byte	1                               @ DW_AT_decl_file
	.short	2354                            @ DW_AT_decl_line
	.long	771                             @ DW_AT_type
	.byte	20                              @ Abbrev [20] 0x12fb:0xf DW_TAG_variable
	.byte	2                               @ DW_AT_location
	.byte	145
	.byte	0
	.long	.Linfo_string106                @ DW_AT_name
	.byte	1                               @ DW_AT_decl_file
	.short	2355                            @ DW_AT_decl_line
	.long	5033                            @ DW_AT_type
	.byte	21                              @ Abbrev [21] 0x130a:0x1a DW_TAG_inlined_subroutine
	.long	842                             @ DW_AT_abstract_origin
	.long	.Ltmp666                        @ DW_AT_low_pc
	.long	.Ltmp667-.Ltmp666               @ DW_AT_high_pc
	.byte	1                               @ DW_AT_call_file
	.short	2357                            @ DW_AT_call_line
	.byte	2                               @ DW_AT_call_column
	.byte	22                              @ Abbrev [22] 0x131b:0x8 DW_TAG_variable
	.byte	2                               @ DW_AT_location
	.byte	145
	.byte	12
	.long	850                             @ DW_AT_abstract_origin
	.byte	0                               @ End Of Children Mark
	.byte	0                               @ End Of Children Mark
	.byte	31                              @ Abbrev [31] 0x1325:0x40 DW_TAG_subprogram
	.long	.Lfunc_begin31                  @ DW_AT_low_pc
	.long	.Lfunc_end31-.Lfunc_begin31     @ DW_AT_high_pc
	.byte	1                               @ DW_AT_frame_base
	.byte	93
	.long	.Linfo_string103                @ DW_AT_name
	.byte	1                               @ DW_AT_decl_file
	.short	2648                            @ DW_AT_decl_line
                                        @ DW_AT_prototyped
                                        @ DW_AT_external
	.byte	24                              @ Abbrev [24] 0x1337:0xf DW_TAG_formal_parameter
	.byte	2                               @ DW_AT_location
	.byte	145
	.byte	8
	.long	.Linfo_string12                 @ DW_AT_name
	.byte	1                               @ DW_AT_decl_file
	.short	2648                            @ DW_AT_decl_line
	.long	139                             @ DW_AT_type
	.byte	24                              @ Abbrev [24] 0x1346:0xf DW_TAG_formal_parameter
	.byte	2                               @ DW_AT_location
	.byte	145
	.byte	4
	.long	.Linfo_string4                  @ DW_AT_name
	.byte	1                               @ DW_AT_decl_file
	.short	2648                            @ DW_AT_decl_line
	.long	122                             @ DW_AT_type
	.byte	20                              @ Abbrev [20] 0x1355:0xf DW_TAG_variable
	.byte	2                               @ DW_AT_location
	.byte	145
	.byte	0
	.long	.Linfo_string155                @ DW_AT_name
	.byte	1                               @ DW_AT_decl_file
	.short	2650                            @ DW_AT_decl_line
	.long	481                             @ DW_AT_type
	.byte	0                               @ End Of Children Mark
	.byte	23                              @ Abbrev [23] 0x1365:0x44 DW_TAG_subprogram
	.long	.Lfunc_begin32                  @ DW_AT_low_pc
	.long	.Lfunc_end32-.Lfunc_begin32     @ DW_AT_high_pc
	.byte	1                               @ DW_AT_frame_base
	.byte	93
	.long	.Linfo_string104                @ DW_AT_name
	.byte	1                               @ DW_AT_decl_file
	.short	2677                            @ DW_AT_decl_line
                                        @ DW_AT_prototyped
	.long	122                             @ DW_AT_type
                                        @ DW_AT_external
	.byte	24                              @ Abbrev [24] 0x137b:0xf DW_TAG_formal_parameter
	.byte	2                               @ DW_AT_location
	.byte	145
	.byte	8
	.long	.Linfo_string12                 @ DW_AT_name
	.byte	1                               @ DW_AT_decl_file
	.short	2677                            @ DW_AT_decl_line
	.long	139                             @ DW_AT_type
	.byte	20                              @ Abbrev [20] 0x138a:0xf DW_TAG_variable
	.byte	2                               @ DW_AT_location
	.byte	145
	.byte	4
	.long	.Linfo_string155                @ DW_AT_name
	.byte	1                               @ DW_AT_decl_file
	.short	2679                            @ DW_AT_decl_line
	.long	481                             @ DW_AT_type
	.byte	20                              @ Abbrev [20] 0x1399:0xf DW_TAG_variable
	.byte	2                               @ DW_AT_location
	.byte	145
	.byte	0
	.long	.Linfo_string156                @ DW_AT_name
	.byte	1                               @ DW_AT_decl_file
	.short	2680                            @ DW_AT_decl_line
	.long	122                             @ DW_AT_type
	.byte	0                               @ End Of Children Mark
	.byte	9                               @ Abbrev [9] 0x13a9:0x5 DW_TAG_const_type
	.long	799                             @ DW_AT_type
	.byte	9                               @ Abbrev [9] 0x13ae:0x5 DW_TAG_const_type
	.long	481                             @ DW_AT_type
	.byte	8                               @ Abbrev [8] 0x13b3:0x5 DW_TAG_pointer_type
	.long	5048                            @ DW_AT_type
	.byte	32                              @ Abbrev [32] 0x13b8:0xc DW_TAG_typedef
	.long	5060                            @ DW_AT_type
	.long	.Linfo_string127                @ DW_AT_name
	.byte	8                               @ DW_AT_decl_file
	.short	1203                            @ DW_AT_decl_line
	.byte	33                              @ Abbrev [33] 0x13c4:0x92 DW_TAG_structure_type
	.long	.Linfo_string126                @ DW_AT_name
	.byte	80                              @ DW_AT_byte_size
	.byte	8                               @ DW_AT_decl_file
	.short	1176                            @ DW_AT_decl_line
	.byte	34                              @ Abbrev [34] 0x13cd:0xd DW_TAG_member
	.long	.Linfo_string110                @ DW_AT_name
	.long	5206                            @ DW_AT_type
	.byte	8                               @ DW_AT_decl_file
	.short	1178                            @ DW_AT_decl_line
	.byte	0                               @ DW_AT_data_member_location
	.byte	34                              @ Abbrev [34] 0x13da:0xd DW_TAG_member
	.long	.Linfo_string11                 @ DW_AT_name
	.long	5095                            @ DW_AT_type
	.byte	8                               @ DW_AT_decl_file
	.short	1184                            @ DW_AT_decl_line
	.byte	12                              @ DW_AT_data_member_location
	.byte	35                              @ Abbrev [35] 0x13e7:0x20 DW_TAG_union_type
	.byte	4                               @ DW_AT_byte_size
	.byte	8                               @ DW_AT_decl_file
	.short	1180                            @ DW_AT_decl_line
	.byte	34                              @ Abbrev [34] 0x13ec:0xd DW_TAG_member
	.long	.Linfo_string111                @ DW_AT_name
	.long	679                             @ DW_AT_type
	.byte	8                               @ DW_AT_decl_file
	.short	1182                            @ DW_AT_decl_line
	.byte	0                               @ DW_AT_data_member_location
	.byte	34                              @ Abbrev [34] 0x13f9:0xd DW_TAG_member
	.long	.Linfo_string112                @ DW_AT_name
	.long	481                             @ DW_AT_type
	.byte	8                               @ DW_AT_decl_file
	.short	1183                            @ DW_AT_decl_line
	.byte	0                               @ DW_AT_data_member_location
	.byte	0                               @ End Of Children Mark
	.byte	34                              @ Abbrev [34] 0x1407:0xd DW_TAG_member
	.long	.Linfo_string113                @ DW_AT_name
	.long	5218                            @ DW_AT_type
	.byte	8                               @ DW_AT_decl_file
	.short	1186                            @ DW_AT_decl_line
	.byte	16                              @ DW_AT_data_member_location
	.byte	34                              @ Abbrev [34] 0x1414:0xd DW_TAG_member
	.long	.Linfo_string121                @ DW_AT_name
	.long	5351                            @ DW_AT_type
	.byte	8                               @ DW_AT_decl_file
	.short	1187                            @ DW_AT_decl_line
	.byte	56                              @ DW_AT_data_member_location
	.byte	34                              @ Abbrev [34] 0x1421:0xd DW_TAG_member
	.long	.Linfo_string122                @ DW_AT_name
	.long	5363                            @ DW_AT_type
	.byte	8                               @ DW_AT_decl_file
	.short	1188                            @ DW_AT_decl_line
	.byte	68                              @ DW_AT_data_member_location
	.byte	34                              @ Abbrev [34] 0x142e:0xd DW_TAG_member
	.long	.Linfo_string123                @ DW_AT_name
	.long	746                             @ DW_AT_type
	.byte	8                               @ DW_AT_decl_file
	.short	1191                            @ DW_AT_decl_line
	.byte	70                              @ DW_AT_data_member_location
	.byte	34                              @ Abbrev [34] 0x143b:0xd DW_TAG_member
	.long	.Linfo_string124                @ DW_AT_name
	.long	481                             @ DW_AT_type
	.byte	8                               @ DW_AT_decl_file
	.short	1199                            @ DW_AT_decl_line
	.byte	72                              @ DW_AT_data_member_location
	.byte	34                              @ Abbrev [34] 0x1448:0xd DW_TAG_member
	.long	.Linfo_string125                @ DW_AT_name
	.long	746                             @ DW_AT_type
	.byte	8                               @ DW_AT_decl_file
	.short	1200                            @ DW_AT_decl_line
	.byte	76                              @ DW_AT_data_member_location
	.byte	0                               @ End Of Children Mark
	.byte	3                               @ Abbrev [3] 0x1456:0xc DW_TAG_array_type
	.long	679                             @ DW_AT_type
	.byte	4                               @ Abbrev [4] 0x145b:0x6 DW_TAG_subrange_type
	.long	764                             @ DW_AT_type
	.byte	3                               @ DW_AT_count
	.byte	0                               @ End Of Children Mark
	.byte	3                               @ Abbrev [3] 0x1462:0xc DW_TAG_array_type
	.long	5230                            @ DW_AT_type
	.byte	4                               @ Abbrev [4] 0x1467:0x6 DW_TAG_subrange_type
	.long	764                             @ DW_AT_type
	.byte	2                               @ DW_AT_count
	.byte	0                               @ End Of Children Mark
	.byte	32                              @ Abbrev [32] 0x146e:0xc DW_TAG_typedef
	.long	5242                            @ DW_AT_type
	.long	.Linfo_string120                @ DW_AT_name
	.byte	8                               @ DW_AT_decl_file
	.short	1097                            @ DW_AT_decl_line
	.byte	33                              @ Abbrev [33] 0x147a:0x31 DW_TAG_structure_type
	.long	.Linfo_string119                @ DW_AT_name
	.byte	20                              @ DW_AT_byte_size
	.byte	8                               @ DW_AT_decl_file
	.short	1086                            @ DW_AT_decl_line
	.byte	34                              @ Abbrev [34] 0x1483:0xd DW_TAG_member
	.long	.Linfo_string112                @ DW_AT_name
	.long	481                             @ DW_AT_type
	.byte	8                               @ DW_AT_decl_file
	.short	1091                            @ DW_AT_decl_line
	.byte	0                               @ DW_AT_data_member_location
	.byte	34                              @ Abbrev [34] 0x1490:0xd DW_TAG_member
	.long	.Linfo_string114                @ DW_AT_name
	.long	679                             @ DW_AT_type
	.byte	8                               @ DW_AT_decl_file
	.short	1092                            @ DW_AT_decl_line
	.byte	4                               @ DW_AT_data_member_location
	.byte	34                              @ Abbrev [34] 0x149d:0xd DW_TAG_member
	.long	.Linfo_string115                @ DW_AT_name
	.long	5291                            @ DW_AT_type
	.byte	8                               @ DW_AT_decl_file
	.short	1093                            @ DW_AT_decl_line
	.byte	8                               @ DW_AT_data_member_location
	.byte	0                               @ End Of Children Mark
	.byte	32                              @ Abbrev [32] 0x14ab:0xc DW_TAG_typedef
	.long	5303                            @ DW_AT_type
	.long	.Linfo_string118                @ DW_AT_name
	.byte	8                               @ DW_AT_decl_file
	.short	1083                            @ DW_AT_decl_line
	.byte	33                              @ Abbrev [33] 0x14b7:0x24 DW_TAG_structure_type
	.long	.Linfo_string117                @ DW_AT_name
	.byte	12                              @ DW_AT_byte_size
	.byte	8                               @ DW_AT_decl_file
	.short	1075                            @ DW_AT_decl_line
	.byte	34                              @ Abbrev [34] 0x14c0:0xd DW_TAG_member
	.long	.Linfo_string116                @ DW_AT_name
	.long	645                             @ DW_AT_type
	.byte	8                               @ DW_AT_decl_file
	.short	1080                            @ DW_AT_decl_line
	.byte	0                               @ DW_AT_data_member_location
	.byte	34                              @ Abbrev [34] 0x14cd:0xd DW_TAG_member
	.long	.Linfo_string114                @ DW_AT_name
	.long	5339                            @ DW_AT_type
	.byte	8                               @ DW_AT_decl_file
	.short	1081                            @ DW_AT_decl_line
	.byte	4                               @ DW_AT_data_member_location
	.byte	0                               @ End Of Children Mark
	.byte	3                               @ Abbrev [3] 0x14db:0xc DW_TAG_array_type
	.long	679                             @ DW_AT_type
	.byte	4                               @ Abbrev [4] 0x14e0:0x6 DW_TAG_subrange_type
	.long	764                             @ DW_AT_type
	.byte	2                               @ DW_AT_count
	.byte	0                               @ End Of Children Mark
	.byte	3                               @ Abbrev [3] 0x14e7:0xc DW_TAG_array_type
	.long	481                             @ DW_AT_type
	.byte	4                               @ Abbrev [4] 0x14ec:0x6 DW_TAG_subrange_type
	.long	764                             @ DW_AT_type
	.byte	3                               @ DW_AT_count
	.byte	0                               @ End Of Children Mark
	.byte	3                               @ Abbrev [3] 0x14f3:0xc DW_TAG_array_type
	.long	746                             @ DW_AT_type
	.byte	4                               @ Abbrev [4] 0x14f8:0x6 DW_TAG_subrange_type
	.long	764                             @ DW_AT_type
	.byte	2                               @ DW_AT_count
	.byte	0                               @ End Of Children Mark
	.byte	9                               @ Abbrev [9] 0x14ff:0x5 DW_TAG_const_type
	.long	746                             @ DW_AT_type
	.byte	13                              @ Abbrev [13] 0x1504:0x5 DW_TAG_volatile_type
	.long	826                             @ DW_AT_type
	.byte	9                               @ Abbrev [9] 0x1509:0x5 DW_TAG_const_type
	.long	5390                            @ DW_AT_type
	.byte	8                               @ Abbrev [8] 0x150e:0x5 DW_TAG_pointer_type
	.long	5395                            @ DW_AT_type
	.byte	36                              @ Abbrev [36] 0x1513:0x1 DW_TAG_const_type
	.byte	9                               @ Abbrev [9] 0x1514:0x5 DW_TAG_const_type
	.long	771                             @ DW_AT_type
	.byte	5                               @ Abbrev [5] 0x1519:0xb DW_TAG_typedef
	.long	5412                            @ DW_AT_type
	.long	.Linfo_string142                @ DW_AT_name
	.byte	3                               @ DW_AT_decl_file
	.byte	106                             @ DW_AT_decl_line
	.byte	6                               @ Abbrev [6] 0x1524:0x21 DW_TAG_structure_type
	.long	.Linfo_string141                @ DW_AT_name
	.byte	8                               @ DW_AT_byte_size
	.byte	3                               @ DW_AT_decl_file
	.byte	102                             @ DW_AT_decl_line
	.byte	7                               @ Abbrev [7] 0x152c:0xc DW_TAG_member
	.long	.Linfo_string139                @ DW_AT_name
	.long	771                             @ DW_AT_type
	.byte	3                               @ DW_AT_decl_file
	.byte	104                             @ DW_AT_decl_line
	.byte	0                               @ DW_AT_data_member_location
	.byte	7                               @ Abbrev [7] 0x1538:0xc DW_TAG_member
	.long	.Linfo_string140                @ DW_AT_name
	.long	645                             @ DW_AT_type
	.byte	3                               @ DW_AT_decl_file
	.byte	105                             @ DW_AT_decl_line
	.byte	4                               @ DW_AT_data_member_location
	.byte	0                               @ End Of Children Mark
	.byte	8                               @ Abbrev [8] 0x1545:0x5 DW_TAG_pointer_type
	.long	5450                            @ DW_AT_type
	.byte	9                               @ Abbrev [9] 0x154a:0x5 DW_TAG_const_type
	.long	804                             @ DW_AT_type
	.byte	9                               @ Abbrev [9] 0x154f:0x5 DW_TAG_const_type
	.long	5460                            @ DW_AT_type
	.byte	8                               @ Abbrev [8] 0x1554:0x5 DW_TAG_pointer_type
	.long	771                             @ DW_AT_type
	.byte	9                               @ Abbrev [9] 0x1559:0x5 DW_TAG_const_type
	.long	354                             @ DW_AT_type
	.byte	9                               @ Abbrev [9] 0x155e:0x5 DW_TAG_const_type
	.long	679                             @ DW_AT_type
	.byte	9                               @ Abbrev [9] 0x1563:0x5 DW_TAG_const_type
	.long	5445                            @ DW_AT_type
	.byte	9                               @ Abbrev [9] 0x1568:0x5 DW_TAG_const_type
	.long	139                             @ DW_AT_type
	.byte	0                               @ End Of Children Mark
.Ldebug_info_end0:
	.section	.debug_ranges,"",%progbits
.Ldebug_ranges0:
	.long	.Lfunc_begin0
	.long	.Lfunc_end0
	.long	.Lfunc_begin1
	.long	.Lfunc_end1
	.long	.Lfunc_begin2
	.long	.Lfunc_end2
	.long	.Lfunc_begin3
	.long	.Lfunc_end3
	.long	.Lfunc_begin4
	.long	.Lfunc_end4
	.long	.Lfunc_begin5
	.long	.Lfunc_end5
	.long	.Lfunc_begin6
	.long	.Lfunc_end6
	.long	.Lfunc_begin7
	.long	.Lfunc_end7
	.long	.Lfunc_begin8
	.long	.Lfunc_end8
	.long	.Lfunc_begin9
	.long	.Lfunc_end9
	.long	.Lfunc_begin10
	.long	.Lfunc_end10
	.long	.Lfunc_begin11
	.long	.Lfunc_end11
	.long	.Lfunc_begin12
	.long	.Lfunc_end12
	.long	.Lfunc_begin13
	.long	.Lfunc_end13
	.long	.Lfunc_begin14
	.long	.Lfunc_end14
	.long	.Lfunc_begin15
	.long	.Lfunc_end15
	.long	.Lfunc_begin16
	.long	.Lfunc_end16
	.long	.Lfunc_begin17
	.long	.Lfunc_end17
	.long	.Lfunc_begin18
	.long	.Lfunc_end18
	.long	.Lfunc_begin19
	.long	.Lfunc_end19
	.long	.Lfunc_begin20
	.long	.Lfunc_end20
	.long	.Lfunc_begin21
	.long	.Lfunc_end21
	.long	.Lfunc_begin22
	.long	.Lfunc_end22
	.long	.Lfunc_begin23
	.long	.Lfunc_end23
	.long	.Lfunc_begin24
	.long	.Lfunc_end24
	.long	.Lfunc_begin25
	.long	.Lfunc_end25
	.long	.Lfunc_begin26
	.long	.Lfunc_end26
	.long	.Lfunc_begin27
	.long	.Lfunc_end27
	.long	.Lfunc_begin28
	.long	.Lfunc_end28
	.long	.Lfunc_begin29
	.long	.Lfunc_end29
	.long	.Lfunc_begin30
	.long	.Lfunc_end30
	.long	.Lfunc_begin31
	.long	.Lfunc_end31
	.long	.Lfunc_begin32
	.long	.Lfunc_end32
	.long	0
	.long	0
	.section	.debug_str,"MS",%progbits,1
.Linfo_string0:
	.asciz	"Component: Arm Compiler for Embedded 6.24 Tool: armclang [5f371800]" @ string offset=0
.Linfo_string1:
	.asciz	"../Middlewares/Third_Party/FreeRTOS/Source\\queue.c" @ string offset=68
.Linfo_string2:
	.asciz	"D:\\stm32_project\\daily_work\\new_bubing\\cod_update_2.0\\COD_H7_Template\\MDK-ARM" @ string offset=119
.Linfo_string3:
	.asciz	"xQueueRegistry"                @ string offset=197
.Linfo_string4:
	.asciz	"pcQueueName"                   @ string offset=212
.Linfo_string5:
	.asciz	"char"                          @ string offset=224
.Linfo_string6:
	.asciz	"xHandle"                       @ string offset=229
.Linfo_string7:
	.asciz	"pcHead"                        @ string offset=237
.Linfo_string8:
	.asciz	"signed char"                   @ string offset=244
.Linfo_string9:
	.asciz	"int8_t"                        @ string offset=256
.Linfo_string10:
	.asciz	"pcWriteTo"                     @ string offset=263
.Linfo_string11:
	.asciz	"u"                             @ string offset=273
.Linfo_string12:
	.asciz	"xQueue"                        @ string offset=275
.Linfo_string13:
	.asciz	"pcTail"                        @ string offset=282
.Linfo_string14:
	.asciz	"pcReadFrom"                    @ string offset=289
.Linfo_string15:
	.asciz	"QueuePointers"                 @ string offset=300
.Linfo_string16:
	.asciz	"QueuePointers_t"               @ string offset=314
.Linfo_string17:
	.asciz	"xSemaphore"                    @ string offset=330
.Linfo_string18:
	.asciz	"xMutexHolder"                  @ string offset=341
.Linfo_string19:
	.asciz	"tskTaskControlBlock"           @ string offset=354
.Linfo_string20:
	.asciz	"TaskHandle_t"                  @ string offset=374
.Linfo_string21:
	.asciz	"uxRecursiveCallCount"          @ string offset=387
.Linfo_string22:
	.asciz	"unsigned long"                 @ string offset=408
.Linfo_string23:
	.asciz	"UBaseType_t"                   @ string offset=422
.Linfo_string24:
	.asciz	"SemaphoreData"                 @ string offset=434
.Linfo_string25:
	.asciz	"SemaphoreData_t"               @ string offset=448
.Linfo_string26:
	.asciz	"xTasksWaitingToSend"           @ string offset=464
.Linfo_string27:
	.asciz	"uxNumberOfItems"               @ string offset=484
.Linfo_string28:
	.asciz	"pxIndex"                       @ string offset=500
.Linfo_string29:
	.asciz	"xItemValue"                    @ string offset=508
.Linfo_string30:
	.asciz	"unsigned int"                  @ string offset=519
.Linfo_string31:
	.asciz	"uint32_t"                      @ string offset=532
.Linfo_string32:
	.asciz	"TickType_t"                    @ string offset=541
.Linfo_string33:
	.asciz	"pxNext"                        @ string offset=552
.Linfo_string34:
	.asciz	"pxPrevious"                    @ string offset=559
.Linfo_string35:
	.asciz	"pvOwner"                       @ string offset=570
.Linfo_string36:
	.asciz	"pvContainer"                   @ string offset=578
.Linfo_string37:
	.asciz	"xLIST_ITEM"                    @ string offset=590
.Linfo_string38:
	.asciz	"ListItem_t"                    @ string offset=601
.Linfo_string39:
	.asciz	"xListEnd"                      @ string offset=612
.Linfo_string40:
	.asciz	"xMINI_LIST_ITEM"               @ string offset=621
.Linfo_string41:
	.asciz	"MiniListItem_t"                @ string offset=637
.Linfo_string42:
	.asciz	"xLIST"                         @ string offset=652
.Linfo_string43:
	.asciz	"List_t"                        @ string offset=658
.Linfo_string44:
	.asciz	"xTasksWaitingToReceive"        @ string offset=665
.Linfo_string45:
	.asciz	"uxMessagesWaiting"             @ string offset=688
.Linfo_string46:
	.asciz	"uxLength"                      @ string offset=706
.Linfo_string47:
	.asciz	"uxItemSize"                    @ string offset=715
.Linfo_string48:
	.asciz	"cRxLock"                       @ string offset=726
.Linfo_string49:
	.asciz	"cTxLock"                       @ string offset=734
.Linfo_string50:
	.asciz	"ucStaticallyAllocated"         @ string offset=742
.Linfo_string51:
	.asciz	"unsigned char"                 @ string offset=764
.Linfo_string52:
	.asciz	"uint8_t"                       @ string offset=778
.Linfo_string53:
	.asciz	"uxQueueNumber"                 @ string offset=786
.Linfo_string54:
	.asciz	"ucQueueType"                   @ string offset=800
.Linfo_string55:
	.asciz	"QueueDefinition"               @ string offset=812
.Linfo_string56:
	.asciz	"QueueHandle_t"                 @ string offset=828
.Linfo_string57:
	.asciz	"QUEUE_REGISTRY_ITEM"           @ string offset=842
.Linfo_string58:
	.asciz	"xQueueRegistryItem"            @ string offset=862
.Linfo_string59:
	.asciz	"QueueRegistryItem_t"           @ string offset=881
.Linfo_string60:
	.asciz	"__ARRAY_SIZE_TYPE__"           @ string offset=901
.Linfo_string61:
	.asciz	"long"                          @ string offset=921
.Linfo_string62:
	.asciz	"BaseType_t"                    @ string offset=926
.Linfo_string63:
	.asciz	"xQUEUE"                        @ string offset=937
.Linfo_string64:
	.asciz	"Queue_t"                       @ string offset=944
.Linfo_string65:
	.asciz	"size_t"                        @ string offset=952
.Linfo_string66:
	.asciz	"vPortRaiseBASEPRI"             @ string offset=959
.Linfo_string67:
	.asciz	"ulNewBASEPRI"                  @ string offset=977
.Linfo_string68:
	.asciz	"ulPortRaiseBASEPRI"            @ string offset=990
.Linfo_string69:
	.asciz	"ulOriginalBASEPRI"             @ string offset=1009
.Linfo_string70:
	.asciz	"vPortSetBASEPRI"               @ string offset=1027
.Linfo_string71:
	.asciz	"ulNewMaskValue"                @ string offset=1043
.Linfo_string72:
	.asciz	"xQueueGenericReset"            @ string offset=1058
.Linfo_string73:
	.asciz	"xQueueGenericCreateStatic"     @ string offset=1077
.Linfo_string74:
	.asciz	"prvInitialiseNewQueue"         @ string offset=1103
.Linfo_string75:
	.asciz	"xQueueGenericCreate"           @ string offset=1125
.Linfo_string76:
	.asciz	"xQueueCreateMutex"             @ string offset=1145
.Linfo_string77:
	.asciz	"prvInitialiseMutex"            @ string offset=1163
.Linfo_string78:
	.asciz	"xQueueCreateMutexStatic"       @ string offset=1182
.Linfo_string79:
	.asciz	"xQueueGenericSend"             @ string offset=1206
.Linfo_string80:
	.asciz	"prvCopyDataToQueue"            @ string offset=1224
.Linfo_string81:
	.asciz	"prvIsQueueFull"                @ string offset=1243
.Linfo_string82:
	.asciz	"prvUnlockQueue"                @ string offset=1258
.Linfo_string83:
	.asciz	"xQueueGenericSendFromISR"      @ string offset=1273
.Linfo_string84:
	.asciz	"xQueueGiveFromISR"             @ string offset=1298
.Linfo_string85:
	.asciz	"xQueueReceive"                 @ string offset=1316
.Linfo_string86:
	.asciz	"prvCopyDataFromQueue"          @ string offset=1330
.Linfo_string87:
	.asciz	"prvIsQueueEmpty"               @ string offset=1351
.Linfo_string88:
	.asciz	"xQueueSemaphoreTake"           @ string offset=1367
.Linfo_string89:
	.asciz	"prvGetDisinheritPriorityAfterTimeout" @ string offset=1387
.Linfo_string90:
	.asciz	"xQueuePeek"                    @ string offset=1424
.Linfo_string91:
	.asciz	"xQueueReceiveFromISR"          @ string offset=1435
.Linfo_string92:
	.asciz	"xQueuePeekFromISR"             @ string offset=1456
.Linfo_string93:
	.asciz	"uxQueueMessagesWaiting"        @ string offset=1474
.Linfo_string94:
	.asciz	"uxQueueSpacesAvailable"        @ string offset=1497
.Linfo_string95:
	.asciz	"uxQueueMessagesWaitingFromISR" @ string offset=1520
.Linfo_string96:
	.asciz	"vQueueDelete"                  @ string offset=1550
.Linfo_string97:
	.asciz	"vQueueUnregisterQueue"         @ string offset=1563
.Linfo_string98:
	.asciz	"uxQueueGetQueueNumber"         @ string offset=1585
.Linfo_string99:
	.asciz	"vQueueSetQueueNumber"          @ string offset=1607
.Linfo_string100:
	.asciz	"ucQueueGetQueueType"           @ string offset=1628
.Linfo_string101:
	.asciz	"xQueueIsQueueEmptyFromISR"     @ string offset=1648
.Linfo_string102:
	.asciz	"xQueueIsQueueFullFromISR"      @ string offset=1674
.Linfo_string103:
	.asciz	"vQueueAddToRegistry"           @ string offset=1699
.Linfo_string104:
	.asciz	"pcQueueGetName"                @ string offset=1719
.Linfo_string105:
	.asciz	"xNewQueue"                     @ string offset=1734
.Linfo_string106:
	.asciz	"pxQueue"                       @ string offset=1744
.Linfo_string107:
	.asciz	"uxQueueLength"                 @ string offset=1752
.Linfo_string108:
	.asciz	"pucQueueStorage"               @ string offset=1766
.Linfo_string109:
	.asciz	"pxStaticQueue"                 @ string offset=1782
.Linfo_string110:
	.asciz	"pvDummy1"                      @ string offset=1796
.Linfo_string111:
	.asciz	"pvDummy2"                      @ string offset=1805
.Linfo_string112:
	.asciz	"uxDummy2"                      @ string offset=1814
.Linfo_string113:
	.asciz	"xDummy3"                       @ string offset=1823
.Linfo_string114:
	.asciz	"pvDummy3"                      @ string offset=1831
.Linfo_string115:
	.asciz	"xDummy4"                       @ string offset=1840
.Linfo_string116:
	.asciz	"xDummy2"                       @ string offset=1848
.Linfo_string117:
	.asciz	"xSTATIC_MINI_LIST_ITEM"        @ string offset=1856
.Linfo_string118:
	.asciz	"StaticMiniListItem_t"          @ string offset=1879
.Linfo_string119:
	.asciz	"xSTATIC_LIST"                  @ string offset=1900
.Linfo_string120:
	.asciz	"StaticList_t"                  @ string offset=1913
.Linfo_string121:
	.asciz	"uxDummy4"                      @ string offset=1926
.Linfo_string122:
	.asciz	"ucDummy5"                      @ string offset=1935
.Linfo_string123:
	.asciz	"ucDummy6"                      @ string offset=1944
.Linfo_string124:
	.asciz	"uxDummy8"                      @ string offset=1953
.Linfo_string125:
	.asciz	"ucDummy9"                      @ string offset=1962
.Linfo_string126:
	.asciz	"xSTATIC_QUEUE"                 @ string offset=1971
.Linfo_string127:
	.asciz	"StaticQueue_t"                 @ string offset=1985
.Linfo_string128:
	.asciz	"pxNewQueue"                    @ string offset=1999
.Linfo_string129:
	.asciz	"xSize"                         @ string offset=2010
.Linfo_string130:
	.asciz	"xQueueSizeInBytes"             @ string offset=2016
.Linfo_string131:
	.asciz	"uxMutexLength"                 @ string offset=2034
.Linfo_string132:
	.asciz	"uxMutexSize"                   @ string offset=2048
.Linfo_string133:
	.asciz	"pvItemToQueue"                 @ string offset=2060
.Linfo_string134:
	.asciz	"xTicksToWait"                  @ string offset=2074
.Linfo_string135:
	.asciz	"xCopyPosition"                 @ string offset=2087
.Linfo_string136:
	.asciz	"xEntryTimeSet"                 @ string offset=2101
.Linfo_string137:
	.asciz	"xYieldRequired"                @ string offset=2115
.Linfo_string138:
	.asciz	"xTimeOut"                      @ string offset=2130
.Linfo_string139:
	.asciz	"xOverflowCount"                @ string offset=2139
.Linfo_string140:
	.asciz	"xTimeOnEntering"               @ string offset=2154
.Linfo_string141:
	.asciz	"xTIME_OUT"                     @ string offset=2170
.Linfo_string142:
	.asciz	"TimeOut_t"                     @ string offset=2180
.Linfo_string143:
	.asciz	"xPosition"                     @ string offset=2190
.Linfo_string144:
	.asciz	"xReturn"                       @ string offset=2200
.Linfo_string145:
	.asciz	"pxHigherPriorityTaskWoken"     @ string offset=2208
.Linfo_string146:
	.asciz	"uxSavedInterruptStatus"        @ string offset=2234
.Linfo_string147:
	.asciz	"uxPreviousMessagesWaiting"     @ string offset=2257
.Linfo_string148:
	.asciz	"pvBuffer"                      @ string offset=2283
.Linfo_string149:
	.asciz	"xInheritanceOccurred"          @ string offset=2292
.Linfo_string150:
	.asciz	"uxSemaphoreCount"              @ string offset=2313
.Linfo_string151:
	.asciz	"uxHighestWaitingPriority"      @ string offset=2330
.Linfo_string152:
	.asciz	"uxHighestPriorityOfWaitingTasks" @ string offset=2355
.Linfo_string153:
	.asciz	"pcOriginalReadPosition"        @ string offset=2387
.Linfo_string154:
	.asciz	"uxReturn"                      @ string offset=2410
.Linfo_string155:
	.asciz	"ux"                            @ string offset=2419
.Linfo_string156:
	.asciz	"pcReturn"                      @ string offset=2422
	.ident	"Component: Arm Compiler for Embedded 6.24 Tool: armclang [5f371800]"
	.section	".note.GNU-stack","",%progbits
	.eabi_attribute	30, 6	@ Tag_ABI_optimization_goals
	.ARM_attribute	16, 1	@ Tag_AV_eba
	.section	.debug_line,"",%progbits
.Lline_table_start0:
