	.text
	.syntax unified
	.eabi_attribute	67, "2.09"	@ Tag_conformance
	.cpu	cortex-m7
	.eabi_attribute	6, 13	@ Tag_CPU_arch
	.eabi_attribute	7, 77	@ Tag_CPU_arch_profile
	.eabi_attribute	8, 0	@ Tag_ARM_ISA_use
	.eabi_attribute	9, 2	@ Tag_THUMB_ISA_use
	.fpu	fpv5-d16
	.eabi_attribute	36, 1	@ Tag_FP_HP_extension
	.eabi_attribute	34, 1	@ Tag_CPU_unaligned_access
	.eabi_attribute	17, 1	@ Tag_ABI_PCS_GOT_use
	.eabi_attribute	20, 2	@ Tag_ABI_FP_denormal
	.eabi_attribute	21, 0	@ Tag_ABI_FP_exceptions
	.eabi_attribute	23, 1	@ Tag_ABI_FP_number_model
	.eabi_attribute	24, 1	@ Tag_ABI_align_needed
	.eabi_attribute	25, 1	@ Tag_ABI_align_preserved
	.eabi_attribute	28, 1	@ Tag_ABI_VFP_args
	.eabi_attribute	38, 1	@ Tag_ABI_FP_16bit_format
	.eabi_attribute	18, 2	@ Tag_ABI_PCS_wchar_t
	.eabi_attribute	26, 1	@ Tag_ABI_enum_size
	.eabi_attribute	14, 0	@ Tag_ABI_PCS_R9_use
	.file	"stm32h7xx_hal_rcc_ex.c"
	.file	1 "D:\\stm32_project\\daily_work\\new_bubing\\cod_update_2.0\\COD_H7_Template\\MDK-ARM" "../Drivers/STM32H7xx_HAL_Driver/Inc\\stm32h7xx_hal_def.h"
	.file	2 "D:\\keil5_app\\Keil_v5\\ARM\\ARMCLANG\\bin\\..\\include" "stdint.h"
	.file	3 "D:\\stm32_project\\daily_work\\new_bubing\\cod_update_2.0\\COD_H7_Template\\MDK-ARM" "../Drivers/CMSIS/Device/ST/STM32H7xx/Include\\stm32h723xx.h"
	.file	4 "D:\\keil5_app\\Keil_v5\\ARM\\ARMCLANG\\bin\\..\\include" "math.h"
	.section	.text.HAL_RCCEx_PeriphCLKConfig,"ax",%progbits
	.hidden	HAL_RCCEx_PeriphCLKConfig       @ -- Begin function HAL_RCCEx_PeriphCLKConfig
	.globl	HAL_RCCEx_PeriphCLKConfig
	.p2align	3
	.type	HAL_RCCEx_PeriphCLKConfig,%function
	.code	16                              @ @HAL_RCCEx_PeriphCLKConfig
	.thumb_func
HAL_RCCEx_PeriphCLKConfig:
.Lfunc_begin0:
	.file	5 "D:\\stm32_project\\daily_work\\new_bubing\\cod_update_2.0\\COD_H7_Template\\MDK-ARM" "../Drivers/STM32H7xx_HAL_Driver/Src/stm32h7xx_hal_rcc_ex.c"
	.loc	5 106 0                         @ ../Drivers/STM32H7xx_HAL_Driver/Src/stm32h7xx_hal_rcc_ex.c:106:0
	.fnstart
	.cfi_sections .debug_frame
	.cfi_startproc
@ %bb.0:
	.save	{r7, lr}
	push	{r7, lr}
	.cfi_def_cfa_offset 8
	.cfi_offset lr, -4
	.cfi_offset r7, -8
	.pad	#104
	sub	sp, #104
	.cfi_def_cfa_offset 112
	str	r0, [sp, #96]
	movs	r0, #0
.Ltmp0:
	.loc	5 109 21 prologue_end           @ ../Drivers/STM32H7xx_HAL_Driver/Src/stm32h7xx_hal_rcc_ex.c:109:21
	strb.w	r0, [sp, #87]
	.loc	5 110 21                        @ ../Drivers/STM32H7xx_HAL_Driver/Src/stm32h7xx_hal_rcc_ex.c:110:21
	strb.w	r0, [sp, #86]
.Ltmp1:
	.loc	5 114 9                         @ ../Drivers/STM32H7xx_HAL_Driver/Src/stm32h7xx_hal_rcc_ex.c:114:9
	ldr	r0, [sp, #96]
	.loc	5 114 71 is_stmt 0              @ ../Drivers/STM32H7xx_HAL_Driver/Src/stm32h7xx_hal_rcc_ex.c:114:71
	ldrb	r0, [r0, #3]
.Ltmp2:
	.loc	5 114 7                         @ ../Drivers/STM32H7xx_HAL_Driver/Src/stm32h7xx_hal_rcc_ex.c:114:7
	lsls	r0, r0, #28
	cmp	r0, #0
	bpl	.LBB0_14
	b	.LBB0_1
.LBB0_1:
.Ltmp3:
	.loc	5 117 13 is_stmt 1              @ ../Drivers/STM32H7xx_HAL_Driver/Src/stm32h7xx_hal_rcc_ex.c:117:13
	ldr	r0, [sp, #96]
	.loc	5 117 28 is_stmt 0              @ ../Drivers/STM32H7xx_HAL_Driver/Src/stm32h7xx_hal_rcc_ex.c:117:28
	ldr	r0, [r0, #100]
	.loc	5 117 5                         @ ../Drivers/STM32H7xx_HAL_Driver/Src/stm32h7xx_hal_rcc_ex.c:117:5
	str	r0, [sp, #80]                   @ 4-byte Spill
	cbz	r0, .LBB0_5
	b	.LBB0_2
.LBB0_2:
	ldr	r0, [sp, #80]                   @ 4-byte Reload
	cmp.w	r0, #1048576
	beq	.LBB0_6
	b	.LBB0_3
.LBB0_3:
	ldr	r0, [sp, #80]                   @ 4-byte Reload
	cmp.w	r0, #2097152
	beq	.LBB0_7
	b	.LBB0_4
.LBB0_4:
	ldr	r0, [sp, #80]                   @ 4-byte Reload
	cmp.w	r0, #3145728
	beq	.LBB0_8
	b	.LBB0_9
.LBB0_5:
	.loc	5 0 5                           @ ../Drivers/STM32H7xx_HAL_Driver/Src/stm32h7xx_hal_rcc_ex.c:0:5
	movw	r1, #17452
	movt	r1, #22530
.Ltmp4:
	.loc	5 121 9 is_stmt 1               @ ../Drivers/STM32H7xx_HAL_Driver/Src/stm32h7xx_hal_rcc_ex.c:121:9
	ldr	r0, [r1]
	orr	r0, r0, #131072
	str	r0, [r1]
	.loc	5 124 9                         @ ../Drivers/STM32H7xx_HAL_Driver/Src/stm32h7xx_hal_rcc_ex.c:124:9
	b	.LBB0_10
.LBB0_6:
	.loc	5 128 35                        @ ../Drivers/STM32H7xx_HAL_Driver/Src/stm32h7xx_hal_rcc_ex.c:128:35
	ldr	r0, [sp, #96]
	.loc	5 128 50 is_stmt 0              @ ../Drivers/STM32H7xx_HAL_Driver/Src/stm32h7xx_hal_rcc_ex.c:128:50
	adds	r0, #8
	movs	r1, #2
	.loc	5 128 15                        @ ../Drivers/STM32H7xx_HAL_Driver/Src/stm32h7xx_hal_rcc_ex.c:128:15
	bl	RCCEx_PLL2_Config
	.loc	5 128 13                        @ ../Drivers/STM32H7xx_HAL_Driver/Src/stm32h7xx_hal_rcc_ex.c:128:13
	strb.w	r0, [sp, #87]
	.loc	5 131 9 is_stmt 1               @ ../Drivers/STM32H7xx_HAL_Driver/Src/stm32h7xx_hal_rcc_ex.c:131:9
	b	.LBB0_10
.LBB0_7:
	.loc	5 134 35                        @ ../Drivers/STM32H7xx_HAL_Driver/Src/stm32h7xx_hal_rcc_ex.c:134:35
	ldr	r0, [sp, #96]
	.loc	5 134 50 is_stmt 0              @ ../Drivers/STM32H7xx_HAL_Driver/Src/stm32h7xx_hal_rcc_ex.c:134:50
	adds	r0, #40
	movs	r1, #2
	.loc	5 134 15                        @ ../Drivers/STM32H7xx_HAL_Driver/Src/stm32h7xx_hal_rcc_ex.c:134:15
	bl	RCCEx_PLL3_Config
	.loc	5 134 13                        @ ../Drivers/STM32H7xx_HAL_Driver/Src/stm32h7xx_hal_rcc_ex.c:134:13
	strb.w	r0, [sp, #87]
	.loc	5 137 9 is_stmt 1               @ ../Drivers/STM32H7xx_HAL_Driver/Src/stm32h7xx_hal_rcc_ex.c:137:9
	b	.LBB0_10
.LBB0_8:
	.loc	5 142 9                         @ ../Drivers/STM32H7xx_HAL_Driver/Src/stm32h7xx_hal_rcc_ex.c:142:9
	b	.LBB0_10
.LBB0_9:
	.loc	5 0 9 is_stmt 0                 @ ../Drivers/STM32H7xx_HAL_Driver/Src/stm32h7xx_hal_rcc_ex.c:0:9
	movs	r0, #1
	.loc	5 145 13 is_stmt 1              @ ../Drivers/STM32H7xx_HAL_Driver/Src/stm32h7xx_hal_rcc_ex.c:145:13
	strb.w	r0, [sp, #87]
	.loc	5 146 9                         @ ../Drivers/STM32H7xx_HAL_Driver/Src/stm32h7xx_hal_rcc_ex.c:146:9
	b	.LBB0_10
.Ltmp5:
.LBB0_10:
	.loc	5 149 9                         @ ../Drivers/STM32H7xx_HAL_Driver/Src/stm32h7xx_hal_rcc_ex.c:149:9
	ldrb.w	r0, [sp, #87]
.Ltmp6:
	.loc	5 149 9 is_stmt 0               @ ../Drivers/STM32H7xx_HAL_Driver/Src/stm32h7xx_hal_rcc_ex.c:149:9
	cbnz	r0, .LBB0_12
	b	.LBB0_11
.LBB0_11:
	.loc	5 0 9                           @ ../Drivers/STM32H7xx_HAL_Driver/Src/stm32h7xx_hal_rcc_ex.c:0:9
	movw	r1, #17488
	movt	r1, #22530
.Ltmp7:
	.loc	5 152 7 is_stmt 1               @ ../Drivers/STM32H7xx_HAL_Driver/Src/stm32h7xx_hal_rcc_ex.c:152:7
	ldr	r0, [r1]
	bic	r0, r0, #3145728
	ldr	r2, [sp, #96]
	ldr	r2, [r2, #100]
	orrs	r0, r2
	str	r0, [r1]
	.loc	5 153 5                         @ ../Drivers/STM32H7xx_HAL_Driver/Src/stm32h7xx_hal_rcc_ex.c:153:5
	b	.LBB0_13
.Ltmp8:
.LBB0_12:
	.loc	5 157 16                        @ ../Drivers/STM32H7xx_HAL_Driver/Src/stm32h7xx_hal_rcc_ex.c:157:16
	ldrb.w	r0, [sp, #87]
	.loc	5 157 14 is_stmt 0              @ ../Drivers/STM32H7xx_HAL_Driver/Src/stm32h7xx_hal_rcc_ex.c:157:14
	strb.w	r0, [sp, #86]
	b	.LBB0_13
.Ltmp9:
.LBB0_13:
	.loc	5 159 3 is_stmt 1               @ ../Drivers/STM32H7xx_HAL_Driver/Src/stm32h7xx_hal_rcc_ex.c:159:3
	b	.LBB0_14
.Ltmp10:
.LBB0_14:
	.loc	5 162 9                         @ ../Drivers/STM32H7xx_HAL_Driver/Src/stm32h7xx_hal_rcc_ex.c:162:9
	ldr	r0, [sp, #96]
	.loc	5 162 68 is_stmt 0              @ ../Drivers/STM32H7xx_HAL_Driver/Src/stm32h7xx_hal_rcc_ex.c:162:68
	ldrb	r0, [r0, #1]
.Ltmp11:
	.loc	5 162 7                         @ ../Drivers/STM32H7xx_HAL_Driver/Src/stm32h7xx_hal_rcc_ex.c:162:7
	lsls	r0, r0, #31
	cmp	r0, #0
	beq	.LBB0_28
	b	.LBB0_15
.LBB0_15:
.Ltmp12:
	.loc	5 164 13 is_stmt 1              @ ../Drivers/STM32H7xx_HAL_Driver/Src/stm32h7xx_hal_rcc_ex.c:164:13
	ldr	r0, [sp, #96]
	.loc	5 164 28 is_stmt 0              @ ../Drivers/STM32H7xx_HAL_Driver/Src/stm32h7xx_hal_rcc_ex.c:164:28
	ldr	r0, [r0, #88]
	.loc	5 164 5                         @ ../Drivers/STM32H7xx_HAL_Driver/Src/stm32h7xx_hal_rcc_ex.c:164:5
	str	r0, [sp, #76]                   @ 4-byte Spill
	cmp	r0, #4
	bhi	.LBB0_23
@ %bb.16:
	ldr	r1, [sp, #76]                   @ 4-byte Reload
.LCPI0_0:
	tbb	[pc, r1]
@ %bb.17:
	.loc	5 0 5                           @ ../Drivers/STM32H7xx_HAL_Driver/Src/stm32h7xx_hal_rcc_ex.c:0:5
.LJTI0_0:
	.byte	(.LBB0_18-(.LCPI0_0+4))/2
	.byte	(.LBB0_19-(.LCPI0_0+4))/2
	.byte	(.LBB0_20-(.LCPI0_0+4))/2
	.byte	(.LBB0_21-(.LCPI0_0+4))/2
	.byte	(.LBB0_22-(.LCPI0_0+4))/2
	.p2align	1
.LBB0_18:
	movw	r1, #17452
	movt	r1, #22530
.Ltmp13:
	.loc	5 168 9 is_stmt 1               @ ../Drivers/STM32H7xx_HAL_Driver/Src/stm32h7xx_hal_rcc_ex.c:168:9
	ldr	r0, [r1]
	orr	r0, r0, #131072
	str	r0, [r1]
	.loc	5 171 9                         @ ../Drivers/STM32H7xx_HAL_Driver/Src/stm32h7xx_hal_rcc_ex.c:171:9
	b	.LBB0_24
.LBB0_19:
	.loc	5 175 35                        @ ../Drivers/STM32H7xx_HAL_Driver/Src/stm32h7xx_hal_rcc_ex.c:175:35
	ldr	r0, [sp, #96]
	.loc	5 175 50 is_stmt 0              @ ../Drivers/STM32H7xx_HAL_Driver/Src/stm32h7xx_hal_rcc_ex.c:175:50
	adds	r0, #8
	movs	r1, #0
	.loc	5 175 15                        @ ../Drivers/STM32H7xx_HAL_Driver/Src/stm32h7xx_hal_rcc_ex.c:175:15
	bl	RCCEx_PLL2_Config
	.loc	5 175 13                        @ ../Drivers/STM32H7xx_HAL_Driver/Src/stm32h7xx_hal_rcc_ex.c:175:13
	strb.w	r0, [sp, #87]
	.loc	5 178 9 is_stmt 1               @ ../Drivers/STM32H7xx_HAL_Driver/Src/stm32h7xx_hal_rcc_ex.c:178:9
	b	.LBB0_24
.LBB0_20:
	.loc	5 181 35                        @ ../Drivers/STM32H7xx_HAL_Driver/Src/stm32h7xx_hal_rcc_ex.c:181:35
	ldr	r0, [sp, #96]
	.loc	5 181 50 is_stmt 0              @ ../Drivers/STM32H7xx_HAL_Driver/Src/stm32h7xx_hal_rcc_ex.c:181:50
	adds	r0, #40
	movs	r1, #0
	.loc	5 181 15                        @ ../Drivers/STM32H7xx_HAL_Driver/Src/stm32h7xx_hal_rcc_ex.c:181:15
	bl	RCCEx_PLL3_Config
	.loc	5 181 13                        @ ../Drivers/STM32H7xx_HAL_Driver/Src/stm32h7xx_hal_rcc_ex.c:181:13
	strb.w	r0, [sp, #87]
	.loc	5 184 9 is_stmt 1               @ ../Drivers/STM32H7xx_HAL_Driver/Src/stm32h7xx_hal_rcc_ex.c:184:9
	b	.LBB0_24
.LBB0_21:
	.loc	5 189 9                         @ ../Drivers/STM32H7xx_HAL_Driver/Src/stm32h7xx_hal_rcc_ex.c:189:9
	b	.LBB0_24
.LBB0_22:
	.loc	5 194 9                         @ ../Drivers/STM32H7xx_HAL_Driver/Src/stm32h7xx_hal_rcc_ex.c:194:9
	b	.LBB0_24
.LBB0_23:
	.loc	5 0 9 is_stmt 0                 @ ../Drivers/STM32H7xx_HAL_Driver/Src/stm32h7xx_hal_rcc_ex.c:0:9
	movs	r0, #1
	.loc	5 197 13 is_stmt 1              @ ../Drivers/STM32H7xx_HAL_Driver/Src/stm32h7xx_hal_rcc_ex.c:197:13
	strb.w	r0, [sp, #87]
	.loc	5 198 9                         @ ../Drivers/STM32H7xx_HAL_Driver/Src/stm32h7xx_hal_rcc_ex.c:198:9
	b	.LBB0_24
.Ltmp14:
.LBB0_24:
	.loc	5 201 9                         @ ../Drivers/STM32H7xx_HAL_Driver/Src/stm32h7xx_hal_rcc_ex.c:201:9
	ldrb.w	r0, [sp, #87]
.Ltmp15:
	.loc	5 201 9 is_stmt 0               @ ../Drivers/STM32H7xx_HAL_Driver/Src/stm32h7xx_hal_rcc_ex.c:201:9
	cbnz	r0, .LBB0_26
	b	.LBB0_25
.LBB0_25:
	.loc	5 0 9                           @ ../Drivers/STM32H7xx_HAL_Driver/Src/stm32h7xx_hal_rcc_ex.c:0:9
	movw	r1, #17488
	movt	r1, #22530
.Ltmp16:
	.loc	5 204 7 is_stmt 1               @ ../Drivers/STM32H7xx_HAL_Driver/Src/stm32h7xx_hal_rcc_ex.c:204:7
	ldr	r0, [r1]
	bic	r0, r0, #7
	ldr	r2, [sp, #96]
	ldr	r2, [r2, #88]
	orrs	r0, r2
	str	r0, [r1]
	.loc	5 205 5                         @ ../Drivers/STM32H7xx_HAL_Driver/Src/stm32h7xx_hal_rcc_ex.c:205:5
	b	.LBB0_27
.Ltmp17:
.LBB0_26:
	.loc	5 209 16                        @ ../Drivers/STM32H7xx_HAL_Driver/Src/stm32h7xx_hal_rcc_ex.c:209:16
	ldrb.w	r0, [sp, #87]
	.loc	5 209 14 is_stmt 0              @ ../Drivers/STM32H7xx_HAL_Driver/Src/stm32h7xx_hal_rcc_ex.c:209:14
	strb.w	r0, [sp, #86]
	b	.LBB0_27
.Ltmp18:
.LBB0_27:
	.loc	5 211 3 is_stmt 1               @ ../Drivers/STM32H7xx_HAL_Driver/Src/stm32h7xx_hal_rcc_ex.c:211:3
	b	.LBB0_28
.Ltmp19:
.LBB0_28:
	.loc	5 389 9                         @ ../Drivers/STM32H7xx_HAL_Driver/Src/stm32h7xx_hal_rcc_ex.c:389:9
	ldr	r0, [sp, #96]
	.loc	5 389 69 is_stmt 0              @ ../Drivers/STM32H7xx_HAL_Driver/Src/stm32h7xx_hal_rcc_ex.c:389:69
	ldrb	r0, [r0, #1]
.Ltmp20:
	.loc	5 389 7                         @ ../Drivers/STM32H7xx_HAL_Driver/Src/stm32h7xx_hal_rcc_ex.c:389:7
	lsls	r0, r0, #29
	cmp	r0, #0
	bpl	.LBB0_46
	b	.LBB0_29
.LBB0_29:
.Ltmp21:
	.loc	5 391 13 is_stmt 1              @ ../Drivers/STM32H7xx_HAL_Driver/Src/stm32h7xx_hal_rcc_ex.c:391:13
	ldr	r0, [sp, #96]
	.loc	5 391 28 is_stmt 0              @ ../Drivers/STM32H7xx_HAL_Driver/Src/stm32h7xx_hal_rcc_ex.c:391:28
	ldr.w	r0, [r0, #164]
	.loc	5 391 5                         @ ../Drivers/STM32H7xx_HAL_Driver/Src/stm32h7xx_hal_rcc_ex.c:391:5
	str	r0, [sp, #72]                   @ 4-byte Spill
	cbz	r0, .LBB0_35
	b	.LBB0_30
.LBB0_30:
	ldr	r0, [sp, #72]                   @ 4-byte Reload
	cmp.w	r0, #2097152
	beq	.LBB0_36
	b	.LBB0_31
.LBB0_31:
	ldr	r0, [sp, #72]                   @ 4-byte Reload
	cmp.w	r0, #4194304
	beq	.LBB0_37
	b	.LBB0_32
.LBB0_32:
	ldr	r0, [sp, #72]                   @ 4-byte Reload
	cmp.w	r0, #6291456
	beq	.LBB0_38
	b	.LBB0_33
.LBB0_33:
	ldr	r0, [sp, #72]                   @ 4-byte Reload
	cmp.w	r0, #8388608
	beq	.LBB0_39
	b	.LBB0_34
.LBB0_34:
	ldr	r0, [sp, #72]                   @ 4-byte Reload
	cmp.w	r0, #10485760
	beq	.LBB0_40
	b	.LBB0_41
.LBB0_35:
	.loc	5 0 5                           @ ../Drivers/STM32H7xx_HAL_Driver/Src/stm32h7xx_hal_rcc_ex.c:0:5
	movw	r1, #17452
	movt	r1, #22530
.Ltmp22:
	.loc	5 395 9 is_stmt 1               @ ../Drivers/STM32H7xx_HAL_Driver/Src/stm32h7xx_hal_rcc_ex.c:395:9
	ldr	r0, [r1]
	orr	r0, r0, #131072
	str	r0, [r1]
	.loc	5 398 9                         @ ../Drivers/STM32H7xx_HAL_Driver/Src/stm32h7xx_hal_rcc_ex.c:398:9
	b	.LBB0_42
.LBB0_36:
	.loc	5 402 35                        @ ../Drivers/STM32H7xx_HAL_Driver/Src/stm32h7xx_hal_rcc_ex.c:402:35
	ldr	r0, [sp, #96]
	.loc	5 402 50 is_stmt 0              @ ../Drivers/STM32H7xx_HAL_Driver/Src/stm32h7xx_hal_rcc_ex.c:402:50
	adds	r0, #8
	movs	r1, #0
	.loc	5 402 15                        @ ../Drivers/STM32H7xx_HAL_Driver/Src/stm32h7xx_hal_rcc_ex.c:402:15
	bl	RCCEx_PLL2_Config
	.loc	5 402 13                        @ ../Drivers/STM32H7xx_HAL_Driver/Src/stm32h7xx_hal_rcc_ex.c:402:13
	strb.w	r0, [sp, #87]
	.loc	5 405 9 is_stmt 1               @ ../Drivers/STM32H7xx_HAL_Driver/Src/stm32h7xx_hal_rcc_ex.c:405:9
	b	.LBB0_42
.LBB0_37:
	.loc	5 408 35                        @ ../Drivers/STM32H7xx_HAL_Driver/Src/stm32h7xx_hal_rcc_ex.c:408:35
	ldr	r0, [sp, #96]
	.loc	5 408 50 is_stmt 0              @ ../Drivers/STM32H7xx_HAL_Driver/Src/stm32h7xx_hal_rcc_ex.c:408:50
	adds	r0, #40
	movs	r1, #0
	.loc	5 408 15                        @ ../Drivers/STM32H7xx_HAL_Driver/Src/stm32h7xx_hal_rcc_ex.c:408:15
	bl	RCCEx_PLL3_Config
	.loc	5 408 13                        @ ../Drivers/STM32H7xx_HAL_Driver/Src/stm32h7xx_hal_rcc_ex.c:408:13
	strb.w	r0, [sp, #87]
	.loc	5 411 9 is_stmt 1               @ ../Drivers/STM32H7xx_HAL_Driver/Src/stm32h7xx_hal_rcc_ex.c:411:9
	b	.LBB0_42
.LBB0_38:
	.loc	5 416 9                         @ ../Drivers/STM32H7xx_HAL_Driver/Src/stm32h7xx_hal_rcc_ex.c:416:9
	b	.LBB0_42
.LBB0_39:
	.loc	5 421 9                         @ ../Drivers/STM32H7xx_HAL_Driver/Src/stm32h7xx_hal_rcc_ex.c:421:9
	b	.LBB0_42
.LBB0_40:
	.loc	5 427 9                         @ ../Drivers/STM32H7xx_HAL_Driver/Src/stm32h7xx_hal_rcc_ex.c:427:9
	b	.LBB0_42
.LBB0_41:
	.loc	5 0 9 is_stmt 0                 @ ../Drivers/STM32H7xx_HAL_Driver/Src/stm32h7xx_hal_rcc_ex.c:0:9
	movs	r0, #1
	.loc	5 431 13 is_stmt 1              @ ../Drivers/STM32H7xx_HAL_Driver/Src/stm32h7xx_hal_rcc_ex.c:431:13
	strb.w	r0, [sp, #87]
	.loc	5 432 9                         @ ../Drivers/STM32H7xx_HAL_Driver/Src/stm32h7xx_hal_rcc_ex.c:432:9
	b	.LBB0_42
.Ltmp23:
.LBB0_42:
	.loc	5 435 9                         @ ../Drivers/STM32H7xx_HAL_Driver/Src/stm32h7xx_hal_rcc_ex.c:435:9
	ldrb.w	r0, [sp, #87]
.Ltmp24:
	.loc	5 435 9 is_stmt 0               @ ../Drivers/STM32H7xx_HAL_Driver/Src/stm32h7xx_hal_rcc_ex.c:435:9
	cbnz	r0, .LBB0_44
	b	.LBB0_43
.LBB0_43:
	.loc	5 0 9                           @ ../Drivers/STM32H7xx_HAL_Driver/Src/stm32h7xx_hal_rcc_ex.c:0:9
	movw	r1, #17496
	movt	r1, #22530
.Ltmp25:
	.loc	5 438 7 is_stmt 1               @ ../Drivers/STM32H7xx_HAL_Driver/Src/stm32h7xx_hal_rcc_ex.c:438:7
	ldr	r0, [r1]
	bic	r0, r0, #14680064
	ldr	r2, [sp, #96]
	ldr.w	r2, [r2, #164]
	orrs	r0, r2
	str	r0, [r1]
	.loc	5 439 5                         @ ../Drivers/STM32H7xx_HAL_Driver/Src/stm32h7xx_hal_rcc_ex.c:439:5
	b	.LBB0_45
.Ltmp26:
.LBB0_44:
	.loc	5 443 16                        @ ../Drivers/STM32H7xx_HAL_Driver/Src/stm32h7xx_hal_rcc_ex.c:443:16
	ldrb.w	r0, [sp, #87]
	.loc	5 443 14 is_stmt 0              @ ../Drivers/STM32H7xx_HAL_Driver/Src/stm32h7xx_hal_rcc_ex.c:443:14
	strb.w	r0, [sp, #86]
	b	.LBB0_45
.Ltmp27:
.LBB0_45:
	.loc	5 445 3 is_stmt 1               @ ../Drivers/STM32H7xx_HAL_Driver/Src/stm32h7xx_hal_rcc_ex.c:445:3
	b	.LBB0_46
.Ltmp28:
.LBB0_46:
	.loc	5 447 9                         @ ../Drivers/STM32H7xx_HAL_Driver/Src/stm32h7xx_hal_rcc_ex.c:447:9
	ldr	r0, [sp, #96]
	.loc	5 447 69 is_stmt 0              @ ../Drivers/STM32H7xx_HAL_Driver/Src/stm32h7xx_hal_rcc_ex.c:447:69
	ldrb	r0, [r0, #1]
.Ltmp29:
	.loc	5 447 7                         @ ../Drivers/STM32H7xx_HAL_Driver/Src/stm32h7xx_hal_rcc_ex.c:447:7
	lsls	r0, r0, #28
	cmp	r0, #0
	bpl	.LBB0_64
	b	.LBB0_47
.LBB0_47:
.Ltmp30:
	.loc	5 449 13 is_stmt 1              @ ../Drivers/STM32H7xx_HAL_Driver/Src/stm32h7xx_hal_rcc_ex.c:449:13
	ldr	r0, [sp, #96]
	.loc	5 449 28 is_stmt 0              @ ../Drivers/STM32H7xx_HAL_Driver/Src/stm32h7xx_hal_rcc_ex.c:449:28
	ldr.w	r0, [r0, #168]
	.loc	5 449 5                         @ ../Drivers/STM32H7xx_HAL_Driver/Src/stm32h7xx_hal_rcc_ex.c:449:5
	str	r0, [sp, #68]                   @ 4-byte Spill
	cbz	r0, .LBB0_53
	b	.LBB0_48
.LBB0_48:
	ldr	r0, [sp, #68]                   @ 4-byte Reload
	cmp.w	r0, #16777216
	beq	.LBB0_54
	b	.LBB0_49
.LBB0_49:
	ldr	r0, [sp, #68]                   @ 4-byte Reload
	cmp.w	r0, #33554432
	beq	.LBB0_55
	b	.LBB0_50
.LBB0_50:
	ldr	r0, [sp, #68]                   @ 4-byte Reload
	cmp.w	r0, #50331648
	beq	.LBB0_56
	b	.LBB0_51
.LBB0_51:
	ldr	r0, [sp, #68]                   @ 4-byte Reload
	cmp.w	r0, #67108864
	beq	.LBB0_57
	b	.LBB0_52
.LBB0_52:
	ldr	r0, [sp, #68]                   @ 4-byte Reload
	cmp.w	r0, #83886080
	beq	.LBB0_58
	b	.LBB0_59
.LBB0_53:
	.loc	5 0 5                           @ ../Drivers/STM32H7xx_HAL_Driver/Src/stm32h7xx_hal_rcc_ex.c:0:5
	movw	r1, #17452
	movt	r1, #22530
.Ltmp31:
	.loc	5 453 9 is_stmt 1               @ ../Drivers/STM32H7xx_HAL_Driver/Src/stm32h7xx_hal_rcc_ex.c:453:9
	ldr	r0, [r1]
	orr	r0, r0, #131072
	str	r0, [r1]
	.loc	5 456 9                         @ ../Drivers/STM32H7xx_HAL_Driver/Src/stm32h7xx_hal_rcc_ex.c:456:9
	b	.LBB0_60
.LBB0_54:
	.loc	5 460 35                        @ ../Drivers/STM32H7xx_HAL_Driver/Src/stm32h7xx_hal_rcc_ex.c:460:35
	ldr	r0, [sp, #96]
	.loc	5 460 50 is_stmt 0              @ ../Drivers/STM32H7xx_HAL_Driver/Src/stm32h7xx_hal_rcc_ex.c:460:50
	adds	r0, #8
	movs	r1, #0
	.loc	5 460 15                        @ ../Drivers/STM32H7xx_HAL_Driver/Src/stm32h7xx_hal_rcc_ex.c:460:15
	bl	RCCEx_PLL2_Config
	.loc	5 460 13                        @ ../Drivers/STM32H7xx_HAL_Driver/Src/stm32h7xx_hal_rcc_ex.c:460:13
	strb.w	r0, [sp, #87]
	.loc	5 463 9 is_stmt 1               @ ../Drivers/STM32H7xx_HAL_Driver/Src/stm32h7xx_hal_rcc_ex.c:463:9
	b	.LBB0_60
.LBB0_55:
	.loc	5 466 35                        @ ../Drivers/STM32H7xx_HAL_Driver/Src/stm32h7xx_hal_rcc_ex.c:466:35
	ldr	r0, [sp, #96]
	.loc	5 466 50 is_stmt 0              @ ../Drivers/STM32H7xx_HAL_Driver/Src/stm32h7xx_hal_rcc_ex.c:466:50
	adds	r0, #40
	movs	r1, #0
	.loc	5 466 15                        @ ../Drivers/STM32H7xx_HAL_Driver/Src/stm32h7xx_hal_rcc_ex.c:466:15
	bl	RCCEx_PLL3_Config
	.loc	5 466 13                        @ ../Drivers/STM32H7xx_HAL_Driver/Src/stm32h7xx_hal_rcc_ex.c:466:13
	strb.w	r0, [sp, #87]
	.loc	5 469 9 is_stmt 1               @ ../Drivers/STM32H7xx_HAL_Driver/Src/stm32h7xx_hal_rcc_ex.c:469:9
	b	.LBB0_60
.LBB0_56:
	.loc	5 474 9                         @ ../Drivers/STM32H7xx_HAL_Driver/Src/stm32h7xx_hal_rcc_ex.c:474:9
	b	.LBB0_60
.LBB0_57:
	.loc	5 479 9                         @ ../Drivers/STM32H7xx_HAL_Driver/Src/stm32h7xx_hal_rcc_ex.c:479:9
	b	.LBB0_60
.LBB0_58:
	.loc	5 485 9                         @ ../Drivers/STM32H7xx_HAL_Driver/Src/stm32h7xx_hal_rcc_ex.c:485:9
	b	.LBB0_60
.LBB0_59:
	.loc	5 0 9 is_stmt 0                 @ ../Drivers/STM32H7xx_HAL_Driver/Src/stm32h7xx_hal_rcc_ex.c:0:9
	movs	r0, #1
	.loc	5 489 13 is_stmt 1              @ ../Drivers/STM32H7xx_HAL_Driver/Src/stm32h7xx_hal_rcc_ex.c:489:13
	strb.w	r0, [sp, #87]
	.loc	5 490 9                         @ ../Drivers/STM32H7xx_HAL_Driver/Src/stm32h7xx_hal_rcc_ex.c:490:9
	b	.LBB0_60
.Ltmp32:
.LBB0_60:
	.loc	5 493 9                         @ ../Drivers/STM32H7xx_HAL_Driver/Src/stm32h7xx_hal_rcc_ex.c:493:9
	ldrb.w	r0, [sp, #87]
.Ltmp33:
	.loc	5 493 9 is_stmt 0               @ ../Drivers/STM32H7xx_HAL_Driver/Src/stm32h7xx_hal_rcc_ex.c:493:9
	cbnz	r0, .LBB0_62
	b	.LBB0_61
.LBB0_61:
	.loc	5 0 9                           @ ../Drivers/STM32H7xx_HAL_Driver/Src/stm32h7xx_hal_rcc_ex.c:0:9
	movw	r1, #17496
	movt	r1, #22530
.Ltmp34:
	.loc	5 496 7 is_stmt 1               @ ../Drivers/STM32H7xx_HAL_Driver/Src/stm32h7xx_hal_rcc_ex.c:496:7
	ldr	r0, [r1]
	bic	r0, r0, #117440512
	ldr	r2, [sp, #96]
	ldr.w	r2, [r2, #168]
	orrs	r0, r2
	str	r0, [r1]
	.loc	5 497 5                         @ ../Drivers/STM32H7xx_HAL_Driver/Src/stm32h7xx_hal_rcc_ex.c:497:5
	b	.LBB0_63
.Ltmp35:
.LBB0_62:
	.loc	5 501 16                        @ ../Drivers/STM32H7xx_HAL_Driver/Src/stm32h7xx_hal_rcc_ex.c:501:16
	ldrb.w	r0, [sp, #87]
	.loc	5 501 14 is_stmt 0              @ ../Drivers/STM32H7xx_HAL_Driver/Src/stm32h7xx_hal_rcc_ex.c:501:14
	strb.w	r0, [sp, #86]
	b	.LBB0_63
.Ltmp36:
.LBB0_63:
	.loc	5 503 3 is_stmt 1               @ ../Drivers/STM32H7xx_HAL_Driver/Src/stm32h7xx_hal_rcc_ex.c:503:3
	b	.LBB0_64
.Ltmp37:
.LBB0_64:
	.loc	5 556 9                         @ ../Drivers/STM32H7xx_HAL_Driver/Src/stm32h7xx_hal_rcc_ex.c:556:9
	ldr	r0, [sp, #96]
	.loc	5 556 68 is_stmt 0              @ ../Drivers/STM32H7xx_HAL_Driver/Src/stm32h7xx_hal_rcc_ex.c:556:68
	ldrb	r0, [r0, #3]
.Ltmp38:
	.loc	5 556 7                         @ ../Drivers/STM32H7xx_HAL_Driver/Src/stm32h7xx_hal_rcc_ex.c:556:7
	lsls	r0, r0, #30
	cmp	r0, #0
	bpl	.LBB0_78
	b	.LBB0_65
.LBB0_65:
.Ltmp39:
	.loc	5 558 13 is_stmt 1              @ ../Drivers/STM32H7xx_HAL_Driver/Src/stm32h7xx_hal_rcc_ex.c:558:13
	ldr	r0, [sp, #96]
	.loc	5 558 28 is_stmt 0              @ ../Drivers/STM32H7xx_HAL_Driver/Src/stm32h7xx_hal_rcc_ex.c:558:28
	ldr	r0, [r0, #76]
	.loc	5 558 5                         @ ../Drivers/STM32H7xx_HAL_Driver/Src/stm32h7xx_hal_rcc_ex.c:558:5
	str	r0, [sp, #64]                   @ 4-byte Spill
	cbz	r0, .LBB0_72
	b	.LBB0_66
.LBB0_66:
	ldr	r0, [sp, #64]                   @ 4-byte Reload
	cmp	r0, #16
	beq	.LBB0_69
	b	.LBB0_67
.LBB0_67:
	ldr	r0, [sp, #64]                   @ 4-byte Reload
	cmp	r0, #32
	beq	.LBB0_70
	b	.LBB0_68
.LBB0_68:
	ldr	r0, [sp, #64]                   @ 4-byte Reload
	cmp	r0, #48
	beq	.LBB0_71
	b	.LBB0_73
.LBB0_69:
	.loc	5 0 5                           @ ../Drivers/STM32H7xx_HAL_Driver/Src/stm32h7xx_hal_rcc_ex.c:0:5
	movw	r1, #17452
	movt	r1, #22530
.Ltmp40:
	.loc	5 562 9 is_stmt 1               @ ../Drivers/STM32H7xx_HAL_Driver/Src/stm32h7xx_hal_rcc_ex.c:562:9
	ldr	r0, [r1]
	orr	r0, r0, #131072
	str	r0, [r1]
	.loc	5 565 9                         @ ../Drivers/STM32H7xx_HAL_Driver/Src/stm32h7xx_hal_rcc_ex.c:565:9
	b	.LBB0_74
.LBB0_70:
	.loc	5 569 35                        @ ../Drivers/STM32H7xx_HAL_Driver/Src/stm32h7xx_hal_rcc_ex.c:569:35
	ldr	r0, [sp, #96]
	.loc	5 569 50 is_stmt 0              @ ../Drivers/STM32H7xx_HAL_Driver/Src/stm32h7xx_hal_rcc_ex.c:569:50
	adds	r0, #8
	movs	r1, #2
	.loc	5 569 15                        @ ../Drivers/STM32H7xx_HAL_Driver/Src/stm32h7xx_hal_rcc_ex.c:569:15
	bl	RCCEx_PLL2_Config
	.loc	5 569 13                        @ ../Drivers/STM32H7xx_HAL_Driver/Src/stm32h7xx_hal_rcc_ex.c:569:13
	strb.w	r0, [sp, #87]
	.loc	5 572 9 is_stmt 1               @ ../Drivers/STM32H7xx_HAL_Driver/Src/stm32h7xx_hal_rcc_ex.c:572:9
	b	.LBB0_74
.LBB0_71:
	.loc	5 578 9                         @ ../Drivers/STM32H7xx_HAL_Driver/Src/stm32h7xx_hal_rcc_ex.c:578:9
	b	.LBB0_74
.LBB0_72:
	.loc	5 582 9                         @ ../Drivers/STM32H7xx_HAL_Driver/Src/stm32h7xx_hal_rcc_ex.c:582:9
	b	.LBB0_74
.LBB0_73:
	.loc	5 0 9 is_stmt 0                 @ ../Drivers/STM32H7xx_HAL_Driver/Src/stm32h7xx_hal_rcc_ex.c:0:9
	movs	r0, #1
	.loc	5 585 13 is_stmt 1              @ ../Drivers/STM32H7xx_HAL_Driver/Src/stm32h7xx_hal_rcc_ex.c:585:13
	strb.w	r0, [sp, #87]
	.loc	5 586 9                         @ ../Drivers/STM32H7xx_HAL_Driver/Src/stm32h7xx_hal_rcc_ex.c:586:9
	b	.LBB0_74
.Ltmp41:
.LBB0_74:
	.loc	5 589 9                         @ ../Drivers/STM32H7xx_HAL_Driver/Src/stm32h7xx_hal_rcc_ex.c:589:9
	ldrb.w	r0, [sp, #87]
.Ltmp42:
	.loc	5 589 9 is_stmt 0               @ ../Drivers/STM32H7xx_HAL_Driver/Src/stm32h7xx_hal_rcc_ex.c:589:9
	cbnz	r0, .LBB0_76
	b	.LBB0_75
.LBB0_75:
	.loc	5 0 9                           @ ../Drivers/STM32H7xx_HAL_Driver/Src/stm32h7xx_hal_rcc_ex.c:0:9
	movw	r1, #17484
	movt	r1, #22530
.Ltmp43:
	.loc	5 592 7 is_stmt 1               @ ../Drivers/STM32H7xx_HAL_Driver/Src/stm32h7xx_hal_rcc_ex.c:592:7
	ldr	r0, [r1]
	bic	r0, r0, #48
	ldr	r2, [sp, #96]
	ldr	r2, [r2, #76]
	orrs	r0, r2
	str	r0, [r1]
	.loc	5 593 5                         @ ../Drivers/STM32H7xx_HAL_Driver/Src/stm32h7xx_hal_rcc_ex.c:593:5
	b	.LBB0_77
.Ltmp44:
.LBB0_76:
	.loc	5 597 16                        @ ../Drivers/STM32H7xx_HAL_Driver/Src/stm32h7xx_hal_rcc_ex.c:597:16
	ldrb.w	r0, [sp, #87]
	.loc	5 597 14 is_stmt 0              @ ../Drivers/STM32H7xx_HAL_Driver/Src/stm32h7xx_hal_rcc_ex.c:597:14
	strb.w	r0, [sp, #86]
	b	.LBB0_77
.Ltmp45:
.LBB0_77:
	.loc	5 599 3 is_stmt 1               @ ../Drivers/STM32H7xx_HAL_Driver/Src/stm32h7xx_hal_rcc_ex.c:599:3
	b	.LBB0_78
.Ltmp46:
.LBB0_78:
	.loc	5 603 9                         @ ../Drivers/STM32H7xx_HAL_Driver/Src/stm32h7xx_hal_rcc_ex.c:603:9
	ldr	r0, [sp, #96]
	.loc	5 603 70 is_stmt 0              @ ../Drivers/STM32H7xx_HAL_Driver/Src/stm32h7xx_hal_rcc_ex.c:603:70
	ldrb	r0, [r0, #1]
.Ltmp47:
	.loc	5 603 7                         @ ../Drivers/STM32H7xx_HAL_Driver/Src/stm32h7xx_hal_rcc_ex.c:603:7
	lsls	r0, r0, #27
	cmp	r0, #0
	bpl	.LBB0_94
	b	.LBB0_79
.LBB0_79:
.Ltmp48:
	.loc	5 605 13 is_stmt 1              @ ../Drivers/STM32H7xx_HAL_Driver/Src/stm32h7xx_hal_rcc_ex.c:605:13
	ldr	r0, [sp, #96]
	.loc	5 605 28 is_stmt 0              @ ../Drivers/STM32H7xx_HAL_Driver/Src/stm32h7xx_hal_rcc_ex.c:605:28
	ldr	r0, [r0, #92]
	.loc	5 605 5                         @ ../Drivers/STM32H7xx_HAL_Driver/Src/stm32h7xx_hal_rcc_ex.c:605:5
	str	r0, [sp, #60]                   @ 4-byte Spill
	cbz	r0, .LBB0_84
	b	.LBB0_80
.LBB0_80:
	ldr	r0, [sp, #60]                   @ 4-byte Reload
	cmp.w	r0, #4096
	beq	.LBB0_85
	b	.LBB0_81
.LBB0_81:
	ldr	r0, [sp, #60]                   @ 4-byte Reload
	cmp.w	r0, #8192
	beq	.LBB0_86
	b	.LBB0_82
.LBB0_82:
	ldr	r0, [sp, #60]                   @ 4-byte Reload
	cmp.w	r0, #12288
	beq	.LBB0_87
	b	.LBB0_83
.LBB0_83:
	ldr	r0, [sp, #60]                   @ 4-byte Reload
	cmp.w	r0, #16384
	beq	.LBB0_88
	b	.LBB0_89
.LBB0_84:
	.loc	5 0 5                           @ ../Drivers/STM32H7xx_HAL_Driver/Src/stm32h7xx_hal_rcc_ex.c:0:5
	movw	r1, #17452
	movt	r1, #22530
.Ltmp49:
	.loc	5 609 9 is_stmt 1               @ ../Drivers/STM32H7xx_HAL_Driver/Src/stm32h7xx_hal_rcc_ex.c:609:9
	ldr	r0, [r1]
	orr	r0, r0, #131072
	str	r0, [r1]
	.loc	5 612 9                         @ ../Drivers/STM32H7xx_HAL_Driver/Src/stm32h7xx_hal_rcc_ex.c:612:9
	b	.LBB0_90
.LBB0_85:
	.loc	5 615 35                        @ ../Drivers/STM32H7xx_HAL_Driver/Src/stm32h7xx_hal_rcc_ex.c:615:35
	ldr	r0, [sp, #96]
	.loc	5 615 50 is_stmt 0              @ ../Drivers/STM32H7xx_HAL_Driver/Src/stm32h7xx_hal_rcc_ex.c:615:50
	adds	r0, #8
	movs	r1, #0
	.loc	5 615 15                        @ ../Drivers/STM32H7xx_HAL_Driver/Src/stm32h7xx_hal_rcc_ex.c:615:15
	bl	RCCEx_PLL2_Config
	.loc	5 615 13                        @ ../Drivers/STM32H7xx_HAL_Driver/Src/stm32h7xx_hal_rcc_ex.c:615:13
	strb.w	r0, [sp, #87]
	.loc	5 618 9 is_stmt 1               @ ../Drivers/STM32H7xx_HAL_Driver/Src/stm32h7xx_hal_rcc_ex.c:618:9
	b	.LBB0_90
.LBB0_86:
	.loc	5 621 35                        @ ../Drivers/STM32H7xx_HAL_Driver/Src/stm32h7xx_hal_rcc_ex.c:621:35
	ldr	r0, [sp, #96]
	.loc	5 621 50 is_stmt 0              @ ../Drivers/STM32H7xx_HAL_Driver/Src/stm32h7xx_hal_rcc_ex.c:621:50
	adds	r0, #40
	movs	r1, #0
	.loc	5 621 15                        @ ../Drivers/STM32H7xx_HAL_Driver/Src/stm32h7xx_hal_rcc_ex.c:621:15
	bl	RCCEx_PLL3_Config
	.loc	5 621 13                        @ ../Drivers/STM32H7xx_HAL_Driver/Src/stm32h7xx_hal_rcc_ex.c:621:13
	strb.w	r0, [sp, #87]
	.loc	5 624 9 is_stmt 1               @ ../Drivers/STM32H7xx_HAL_Driver/Src/stm32h7xx_hal_rcc_ex.c:624:9
	b	.LBB0_90
.LBB0_87:
	.loc	5 629 9                         @ ../Drivers/STM32H7xx_HAL_Driver/Src/stm32h7xx_hal_rcc_ex.c:629:9
	b	.LBB0_90
.LBB0_88:
	.loc	5 634 9                         @ ../Drivers/STM32H7xx_HAL_Driver/Src/stm32h7xx_hal_rcc_ex.c:634:9
	b	.LBB0_90
.LBB0_89:
	.loc	5 0 9 is_stmt 0                 @ ../Drivers/STM32H7xx_HAL_Driver/Src/stm32h7xx_hal_rcc_ex.c:0:9
	movs	r0, #1
	.loc	5 637 13 is_stmt 1              @ ../Drivers/STM32H7xx_HAL_Driver/Src/stm32h7xx_hal_rcc_ex.c:637:13
	strb.w	r0, [sp, #87]
	.loc	5 638 9                         @ ../Drivers/STM32H7xx_HAL_Driver/Src/stm32h7xx_hal_rcc_ex.c:638:9
	b	.LBB0_90
.Ltmp50:
.LBB0_90:
	.loc	5 641 9                         @ ../Drivers/STM32H7xx_HAL_Driver/Src/stm32h7xx_hal_rcc_ex.c:641:9
	ldrb.w	r0, [sp, #87]
.Ltmp51:
	.loc	5 641 9 is_stmt 0               @ ../Drivers/STM32H7xx_HAL_Driver/Src/stm32h7xx_hal_rcc_ex.c:641:9
	cbnz	r0, .LBB0_92
	b	.LBB0_91
.LBB0_91:
	.loc	5 0 9                           @ ../Drivers/STM32H7xx_HAL_Driver/Src/stm32h7xx_hal_rcc_ex.c:0:9
	movw	r1, #17488
	movt	r1, #22530
.Ltmp52:
	.loc	5 644 7 is_stmt 1               @ ../Drivers/STM32H7xx_HAL_Driver/Src/stm32h7xx_hal_rcc_ex.c:644:7
	ldr	r0, [r1]
	bic	r0, r0, #28672
	ldr	r2, [sp, #96]
	ldr	r2, [r2, #92]
	orrs	r0, r2
	str	r0, [r1]
	.loc	5 645 5                         @ ../Drivers/STM32H7xx_HAL_Driver/Src/stm32h7xx_hal_rcc_ex.c:645:5
	b	.LBB0_93
.Ltmp53:
.LBB0_92:
	.loc	5 649 16                        @ ../Drivers/STM32H7xx_HAL_Driver/Src/stm32h7xx_hal_rcc_ex.c:649:16
	ldrb.w	r0, [sp, #87]
	.loc	5 649 14 is_stmt 0              @ ../Drivers/STM32H7xx_HAL_Driver/Src/stm32h7xx_hal_rcc_ex.c:649:14
	strb.w	r0, [sp, #86]
	b	.LBB0_93
.Ltmp54:
.LBB0_93:
	.loc	5 651 3 is_stmt 1               @ ../Drivers/STM32H7xx_HAL_Driver/Src/stm32h7xx_hal_rcc_ex.c:651:3
	b	.LBB0_94
.Ltmp55:
.LBB0_94:
	.loc	5 654 9                         @ ../Drivers/STM32H7xx_HAL_Driver/Src/stm32h7xx_hal_rcc_ex.c:654:9
	ldr	r0, [sp, #96]
	.loc	5 654 69 is_stmt 0              @ ../Drivers/STM32H7xx_HAL_Driver/Src/stm32h7xx_hal_rcc_ex.c:654:69
	ldrb	r0, [r0, #1]
.Ltmp56:
	.loc	5 654 7                         @ ../Drivers/STM32H7xx_HAL_Driver/Src/stm32h7xx_hal_rcc_ex.c:654:7
	lsls	r0, r0, #26
	cmp	r0, #0
	bpl	.LBB0_112
	b	.LBB0_95
.LBB0_95:
.Ltmp57:
	.loc	5 656 13 is_stmt 1              @ ../Drivers/STM32H7xx_HAL_Driver/Src/stm32h7xx_hal_rcc_ex.c:656:13
	ldr	r0, [sp, #96]
	.loc	5 656 28 is_stmt 0              @ ../Drivers/STM32H7xx_HAL_Driver/Src/stm32h7xx_hal_rcc_ex.c:656:28
	ldr	r0, [r0, #96]
	.loc	5 656 5                         @ ../Drivers/STM32H7xx_HAL_Driver/Src/stm32h7xx_hal_rcc_ex.c:656:5
	str	r0, [sp, #56]                   @ 4-byte Spill
	cbz	r0, .LBB0_101
	b	.LBB0_96
.LBB0_96:
	ldr	r0, [sp, #56]                   @ 4-byte Reload
	cmp.w	r0, #65536
	beq	.LBB0_102
	b	.LBB0_97
.LBB0_97:
	ldr	r0, [sp, #56]                   @ 4-byte Reload
	cmp.w	r0, #131072
	beq	.LBB0_103
	b	.LBB0_98
.LBB0_98:
	ldr	r0, [sp, #56]                   @ 4-byte Reload
	cmp.w	r0, #196608
	beq	.LBB0_104
	b	.LBB0_99
.LBB0_99:
	ldr	r0, [sp, #56]                   @ 4-byte Reload
	cmp.w	r0, #262144
	beq	.LBB0_105
	b	.LBB0_100
.LBB0_100:
	ldr	r0, [sp, #56]                   @ 4-byte Reload
	cmp.w	r0, #327680
	beq	.LBB0_106
	b	.LBB0_107
.LBB0_101:
.Ltmp58:
	.loc	5 660 9 is_stmt 1               @ ../Drivers/STM32H7xx_HAL_Driver/Src/stm32h7xx_hal_rcc_ex.c:660:9
	b	.LBB0_108
.LBB0_102:
	.loc	5 664 35                        @ ../Drivers/STM32H7xx_HAL_Driver/Src/stm32h7xx_hal_rcc_ex.c:664:35
	ldr	r0, [sp, #96]
	.loc	5 664 50 is_stmt 0              @ ../Drivers/STM32H7xx_HAL_Driver/Src/stm32h7xx_hal_rcc_ex.c:664:50
	adds	r0, #8
	movs	r1, #1
	.loc	5 664 15                        @ ../Drivers/STM32H7xx_HAL_Driver/Src/stm32h7xx_hal_rcc_ex.c:664:15
	bl	RCCEx_PLL2_Config
	.loc	5 664 13                        @ ../Drivers/STM32H7xx_HAL_Driver/Src/stm32h7xx_hal_rcc_ex.c:664:13
	strb.w	r0, [sp, #87]
	.loc	5 667 9 is_stmt 1               @ ../Drivers/STM32H7xx_HAL_Driver/Src/stm32h7xx_hal_rcc_ex.c:667:9
	b	.LBB0_108
.LBB0_103:
	.loc	5 669 35                        @ ../Drivers/STM32H7xx_HAL_Driver/Src/stm32h7xx_hal_rcc_ex.c:669:35
	ldr	r0, [sp, #96]
	.loc	5 669 50 is_stmt 0              @ ../Drivers/STM32H7xx_HAL_Driver/Src/stm32h7xx_hal_rcc_ex.c:669:50
	adds	r0, #40
	movs	r1, #1
	.loc	5 669 15                        @ ../Drivers/STM32H7xx_HAL_Driver/Src/stm32h7xx_hal_rcc_ex.c:669:15
	bl	RCCEx_PLL3_Config
	.loc	5 669 13                        @ ../Drivers/STM32H7xx_HAL_Driver/Src/stm32h7xx_hal_rcc_ex.c:669:13
	strb.w	r0, [sp, #87]
	.loc	5 671 9 is_stmt 1               @ ../Drivers/STM32H7xx_HAL_Driver/Src/stm32h7xx_hal_rcc_ex.c:671:9
	b	.LBB0_108
.LBB0_104:
	.loc	5 676 9                         @ ../Drivers/STM32H7xx_HAL_Driver/Src/stm32h7xx_hal_rcc_ex.c:676:9
	b	.LBB0_108
.LBB0_105:
	.loc	5 681 9                         @ ../Drivers/STM32H7xx_HAL_Driver/Src/stm32h7xx_hal_rcc_ex.c:681:9
	b	.LBB0_108
.LBB0_106:
	.loc	5 686 9                         @ ../Drivers/STM32H7xx_HAL_Driver/Src/stm32h7xx_hal_rcc_ex.c:686:9
	b	.LBB0_108
.LBB0_107:
	.loc	5 0 9 is_stmt 0                 @ ../Drivers/STM32H7xx_HAL_Driver/Src/stm32h7xx_hal_rcc_ex.c:0:9
	movs	r0, #1
	.loc	5 689 13 is_stmt 1              @ ../Drivers/STM32H7xx_HAL_Driver/Src/stm32h7xx_hal_rcc_ex.c:689:13
	strb.w	r0, [sp, #87]
	.loc	5 690 9                         @ ../Drivers/STM32H7xx_HAL_Driver/Src/stm32h7xx_hal_rcc_ex.c:690:9
	b	.LBB0_108
.Ltmp59:
.LBB0_108:
	.loc	5 693 9                         @ ../Drivers/STM32H7xx_HAL_Driver/Src/stm32h7xx_hal_rcc_ex.c:693:9
	ldrb.w	r0, [sp, #87]
.Ltmp60:
	.loc	5 693 9 is_stmt 0               @ ../Drivers/STM32H7xx_HAL_Driver/Src/stm32h7xx_hal_rcc_ex.c:693:9
	cbnz	r0, .LBB0_110
	b	.LBB0_109
.LBB0_109:
	.loc	5 0 9                           @ ../Drivers/STM32H7xx_HAL_Driver/Src/stm32h7xx_hal_rcc_ex.c:0:9
	movw	r1, #17488
	movt	r1, #22530
.Ltmp61:
	.loc	5 696 7 is_stmt 1               @ ../Drivers/STM32H7xx_HAL_Driver/Src/stm32h7xx_hal_rcc_ex.c:696:7
	ldr	r0, [r1]
	bic	r0, r0, #458752
	ldr	r2, [sp, #96]
	ldr	r2, [r2, #96]
	orrs	r0, r2
	str	r0, [r1]
	.loc	5 697 5                         @ ../Drivers/STM32H7xx_HAL_Driver/Src/stm32h7xx_hal_rcc_ex.c:697:5
	b	.LBB0_111
.Ltmp62:
.LBB0_110:
	.loc	5 701 16                        @ ../Drivers/STM32H7xx_HAL_Driver/Src/stm32h7xx_hal_rcc_ex.c:701:16
	ldrb.w	r0, [sp, #87]
	.loc	5 701 14 is_stmt 0              @ ../Drivers/STM32H7xx_HAL_Driver/Src/stm32h7xx_hal_rcc_ex.c:701:14
	strb.w	r0, [sp, #86]
	b	.LBB0_111
.Ltmp63:
.LBB0_111:
	.loc	5 703 3 is_stmt 1               @ ../Drivers/STM32H7xx_HAL_Driver/Src/stm32h7xx_hal_rcc_ex.c:703:3
	b	.LBB0_112
.Ltmp64:
.LBB0_112:
	.loc	5 706 9                         @ ../Drivers/STM32H7xx_HAL_Driver/Src/stm32h7xx_hal_rcc_ex.c:706:9
	ldr	r0, [sp, #96]
	.loc	5 706 68 is_stmt 0              @ ../Drivers/STM32H7xx_HAL_Driver/Src/stm32h7xx_hal_rcc_ex.c:706:68
	ldrb	r0, [r0, #1]
.Ltmp65:
	.loc	5 706 7                         @ ../Drivers/STM32H7xx_HAL_Driver/Src/stm32h7xx_hal_rcc_ex.c:706:7
	lsls	r0, r0, #25
	cmp	r0, #0
	bpl	.LBB0_130
	b	.LBB0_113
.LBB0_113:
.Ltmp66:
	.loc	5 708 13 is_stmt 1              @ ../Drivers/STM32H7xx_HAL_Driver/Src/stm32h7xx_hal_rcc_ex.c:708:13
	ldr	r0, [sp, #96]
	.loc	5 708 28 is_stmt 0              @ ../Drivers/STM32H7xx_HAL_Driver/Src/stm32h7xx_hal_rcc_ex.c:708:28
	ldr.w	r0, [r0, #172]
	.loc	5 708 5                         @ ../Drivers/STM32H7xx_HAL_Driver/Src/stm32h7xx_hal_rcc_ex.c:708:5
	str	r0, [sp, #52]                   @ 4-byte Spill
	cbz	r0, .LBB0_119
	b	.LBB0_114
.LBB0_114:
	ldr	r0, [sp, #52]                   @ 4-byte Reload
	cmp.w	r0, #268435456
	beq	.LBB0_120
	b	.LBB0_115
.LBB0_115:
	ldr	r0, [sp, #52]                   @ 4-byte Reload
	cmp.w	r0, #536870912
	beq	.LBB0_121
	b	.LBB0_116
.LBB0_116:
	ldr	r0, [sp, #52]                   @ 4-byte Reload
	cmp.w	r0, #805306368
	beq	.LBB0_122
	b	.LBB0_117
.LBB0_117:
	ldr	r0, [sp, #52]                   @ 4-byte Reload
	cmp.w	r0, #1073741824
	beq	.LBB0_123
	b	.LBB0_118
.LBB0_118:
	ldr	r0, [sp, #52]                   @ 4-byte Reload
	cmp.w	r0, #1342177280
	beq	.LBB0_124
	b	.LBB0_125
.LBB0_119:
.Ltmp67:
	.loc	5 712 9 is_stmt 1               @ ../Drivers/STM32H7xx_HAL_Driver/Src/stm32h7xx_hal_rcc_ex.c:712:9
	b	.LBB0_126
.LBB0_120:
	.loc	5 716 35                        @ ../Drivers/STM32H7xx_HAL_Driver/Src/stm32h7xx_hal_rcc_ex.c:716:35
	ldr	r0, [sp, #96]
	.loc	5 716 50 is_stmt 0              @ ../Drivers/STM32H7xx_HAL_Driver/Src/stm32h7xx_hal_rcc_ex.c:716:50
	adds	r0, #8
	movs	r1, #1
	.loc	5 716 15                        @ ../Drivers/STM32H7xx_HAL_Driver/Src/stm32h7xx_hal_rcc_ex.c:716:15
	bl	RCCEx_PLL2_Config
	.loc	5 716 13                        @ ../Drivers/STM32H7xx_HAL_Driver/Src/stm32h7xx_hal_rcc_ex.c:716:13
	strb.w	r0, [sp, #87]
	.loc	5 719 9 is_stmt 1               @ ../Drivers/STM32H7xx_HAL_Driver/Src/stm32h7xx_hal_rcc_ex.c:719:9
	b	.LBB0_126
.LBB0_121:
	.loc	5 721 35                        @ ../Drivers/STM32H7xx_HAL_Driver/Src/stm32h7xx_hal_rcc_ex.c:721:35
	ldr	r0, [sp, #96]
	.loc	5 721 50 is_stmt 0              @ ../Drivers/STM32H7xx_HAL_Driver/Src/stm32h7xx_hal_rcc_ex.c:721:50
	adds	r0, #40
	movs	r1, #1
	.loc	5 721 15                        @ ../Drivers/STM32H7xx_HAL_Driver/Src/stm32h7xx_hal_rcc_ex.c:721:15
	bl	RCCEx_PLL3_Config
	.loc	5 721 13                        @ ../Drivers/STM32H7xx_HAL_Driver/Src/stm32h7xx_hal_rcc_ex.c:721:13
	strb.w	r0, [sp, #87]
	.loc	5 723 9 is_stmt 1               @ ../Drivers/STM32H7xx_HAL_Driver/Src/stm32h7xx_hal_rcc_ex.c:723:9
	b	.LBB0_126
.LBB0_122:
	.loc	5 728 9                         @ ../Drivers/STM32H7xx_HAL_Driver/Src/stm32h7xx_hal_rcc_ex.c:728:9
	b	.LBB0_126
.LBB0_123:
	.loc	5 733 9                         @ ../Drivers/STM32H7xx_HAL_Driver/Src/stm32h7xx_hal_rcc_ex.c:733:9
	b	.LBB0_126
.LBB0_124:
	.loc	5 738 9                         @ ../Drivers/STM32H7xx_HAL_Driver/Src/stm32h7xx_hal_rcc_ex.c:738:9
	b	.LBB0_126
.LBB0_125:
	.loc	5 0 9 is_stmt 0                 @ ../Drivers/STM32H7xx_HAL_Driver/Src/stm32h7xx_hal_rcc_ex.c:0:9
	movs	r0, #1
	.loc	5 747 13 is_stmt 1              @ ../Drivers/STM32H7xx_HAL_Driver/Src/stm32h7xx_hal_rcc_ex.c:747:13
	strb.w	r0, [sp, #87]
	.loc	5 748 9                         @ ../Drivers/STM32H7xx_HAL_Driver/Src/stm32h7xx_hal_rcc_ex.c:748:9
	b	.LBB0_126
.Ltmp68:
.LBB0_126:
	.loc	5 751 9                         @ ../Drivers/STM32H7xx_HAL_Driver/Src/stm32h7xx_hal_rcc_ex.c:751:9
	ldrb.w	r0, [sp, #87]
.Ltmp69:
	.loc	5 751 9 is_stmt 0               @ ../Drivers/STM32H7xx_HAL_Driver/Src/stm32h7xx_hal_rcc_ex.c:751:9
	cbnz	r0, .LBB0_128
	b	.LBB0_127
.LBB0_127:
	.loc	5 0 9                           @ ../Drivers/STM32H7xx_HAL_Driver/Src/stm32h7xx_hal_rcc_ex.c:0:9
	movw	r1, #17496
	movt	r1, #22530
.Ltmp70:
	.loc	5 754 7 is_stmt 1               @ ../Drivers/STM32H7xx_HAL_Driver/Src/stm32h7xx_hal_rcc_ex.c:754:7
	ldr	r0, [r1]
	bic	r0, r0, #1879048192
	ldr	r2, [sp, #96]
	ldr.w	r2, [r2, #172]
	orrs	r0, r2
	str	r0, [r1]
	.loc	5 755 5                         @ ../Drivers/STM32H7xx_HAL_Driver/Src/stm32h7xx_hal_rcc_ex.c:755:5
	b	.LBB0_129
.Ltmp71:
.LBB0_128:
	.loc	5 759 16                        @ ../Drivers/STM32H7xx_HAL_Driver/Src/stm32h7xx_hal_rcc_ex.c:759:16
	ldrb.w	r0, [sp, #87]
	.loc	5 759 14 is_stmt 0              @ ../Drivers/STM32H7xx_HAL_Driver/Src/stm32h7xx_hal_rcc_ex.c:759:14
	strb.w	r0, [sp, #86]
	b	.LBB0_129
.Ltmp72:
.LBB0_129:
	.loc	5 761 3 is_stmt 1               @ ../Drivers/STM32H7xx_HAL_Driver/Src/stm32h7xx_hal_rcc_ex.c:761:3
	b	.LBB0_130
.Ltmp73:
.LBB0_130:
	.loc	5 802 9                         @ ../Drivers/STM32H7xx_HAL_Driver/Src/stm32h7xx_hal_rcc_ex.c:802:9
	ldr	r0, [sp, #96]
	.loc	5 802 69 is_stmt 0              @ ../Drivers/STM32H7xx_HAL_Driver/Src/stm32h7xx_hal_rcc_ex.c:802:69
	ldrb	r0, [r0, #1]
.Ltmp74:
	.loc	5 802 7                         @ ../Drivers/STM32H7xx_HAL_Driver/Src/stm32h7xx_hal_rcc_ex.c:802:7
	lsls	r0, r0, #24
	cmp	r0, #0
	bpl	.LBB0_142
	b	.LBB0_131
.LBB0_131:
.Ltmp75:
	.loc	5 804 13 is_stmt 1              @ ../Drivers/STM32H7xx_HAL_Driver/Src/stm32h7xx_hal_rcc_ex.c:804:13
	ldr	r0, [sp, #96]
	.loc	5 804 28 is_stmt 0              @ ../Drivers/STM32H7xx_HAL_Driver/Src/stm32h7xx_hal_rcc_ex.c:804:28
	ldr	r0, [r0, #108]
	.loc	5 804 5                         @ ../Drivers/STM32H7xx_HAL_Driver/Src/stm32h7xx_hal_rcc_ex.c:804:5
	str	r0, [sp, #48]                   @ 4-byte Spill
	cbz	r0, .LBB0_136
	b	.LBB0_132
.LBB0_132:
	ldr	r0, [sp, #48]                   @ 4-byte Reload
	cmp.w	r0, #268435456
	beq	.LBB0_134
	b	.LBB0_133
.LBB0_133:
	ldr	r0, [sp, #48]                   @ 4-byte Reload
	cmp.w	r0, #536870912
	beq	.LBB0_135
	b	.LBB0_137
.LBB0_134:
	.loc	5 0 5                           @ ../Drivers/STM32H7xx_HAL_Driver/Src/stm32h7xx_hal_rcc_ex.c:0:5
	movw	r1, #17452
	movt	r1, #22530
.Ltmp76:
	.loc	5 808 9 is_stmt 1               @ ../Drivers/STM32H7xx_HAL_Driver/Src/stm32h7xx_hal_rcc_ex.c:808:9
	ldr	r0, [r1]
	orr	r0, r0, #131072
	str	r0, [r1]
	.loc	5 811 9                         @ ../Drivers/STM32H7xx_HAL_Driver/Src/stm32h7xx_hal_rcc_ex.c:811:9
	b	.LBB0_138
.LBB0_135:
	.loc	5 815 35                        @ ../Drivers/STM32H7xx_HAL_Driver/Src/stm32h7xx_hal_rcc_ex.c:815:35
	ldr	r0, [sp, #96]
	.loc	5 815 50 is_stmt 0              @ ../Drivers/STM32H7xx_HAL_Driver/Src/stm32h7xx_hal_rcc_ex.c:815:50
	adds	r0, #8
	movs	r1, #1
	.loc	5 815 15                        @ ../Drivers/STM32H7xx_HAL_Driver/Src/stm32h7xx_hal_rcc_ex.c:815:15
	bl	RCCEx_PLL2_Config
	.loc	5 815 13                        @ ../Drivers/STM32H7xx_HAL_Driver/Src/stm32h7xx_hal_rcc_ex.c:815:13
	strb.w	r0, [sp, #87]
	.loc	5 818 9 is_stmt 1               @ ../Drivers/STM32H7xx_HAL_Driver/Src/stm32h7xx_hal_rcc_ex.c:818:9
	b	.LBB0_138
.LBB0_136:
	.loc	5 823 9                         @ ../Drivers/STM32H7xx_HAL_Driver/Src/stm32h7xx_hal_rcc_ex.c:823:9
	b	.LBB0_138
.LBB0_137:
	.loc	5 0 9 is_stmt 0                 @ ../Drivers/STM32H7xx_HAL_Driver/Src/stm32h7xx_hal_rcc_ex.c:0:9
	movs	r0, #1
	.loc	5 826 13 is_stmt 1              @ ../Drivers/STM32H7xx_HAL_Driver/Src/stm32h7xx_hal_rcc_ex.c:826:13
	strb.w	r0, [sp, #87]
	.loc	5 827 9                         @ ../Drivers/STM32H7xx_HAL_Driver/Src/stm32h7xx_hal_rcc_ex.c:827:9
	b	.LBB0_138
.Ltmp77:
.LBB0_138:
	.loc	5 830 9                         @ ../Drivers/STM32H7xx_HAL_Driver/Src/stm32h7xx_hal_rcc_ex.c:830:9
	ldrb.w	r0, [sp, #87]
.Ltmp78:
	.loc	5 830 9 is_stmt 0               @ ../Drivers/STM32H7xx_HAL_Driver/Src/stm32h7xx_hal_rcc_ex.c:830:9
	cbnz	r0, .LBB0_140
	b	.LBB0_139
.LBB0_139:
	.loc	5 0 9                           @ ../Drivers/STM32H7xx_HAL_Driver/Src/stm32h7xx_hal_rcc_ex.c:0:9
	movw	r1, #17488
	movt	r1, #22530
.Ltmp79:
	.loc	5 833 7 is_stmt 1               @ ../Drivers/STM32H7xx_HAL_Driver/Src/stm32h7xx_hal_rcc_ex.c:833:7
	ldr	r0, [r1]
	bic	r0, r0, #805306368
	ldr	r2, [sp, #96]
	ldr	r2, [r2, #108]
	orrs	r0, r2
	str	r0, [r1]
	.loc	5 834 5                         @ ../Drivers/STM32H7xx_HAL_Driver/Src/stm32h7xx_hal_rcc_ex.c:834:5
	b	.LBB0_141
.Ltmp80:
.LBB0_140:
	.loc	5 838 16                        @ ../Drivers/STM32H7xx_HAL_Driver/Src/stm32h7xx_hal_rcc_ex.c:838:16
	ldrb.w	r0, [sp, #87]
	.loc	5 838 14 is_stmt 0              @ ../Drivers/STM32H7xx_HAL_Driver/Src/stm32h7xx_hal_rcc_ex.c:838:14
	strb.w	r0, [sp, #86]
	b	.LBB0_141
.Ltmp81:
.LBB0_141:
	.loc	5 840 3 is_stmt 1               @ ../Drivers/STM32H7xx_HAL_Driver/Src/stm32h7xx_hal_rcc_ex.c:840:3
	b	.LBB0_142
.Ltmp82:
.LBB0_142:
	.loc	5 844 9                         @ ../Drivers/STM32H7xx_HAL_Driver/Src/stm32h7xx_hal_rcc_ex.c:844:9
	ldr	r0, [sp, #96]
	.loc	5 844 67 is_stmt 0              @ ../Drivers/STM32H7xx_HAL_Driver/Src/stm32h7xx_hal_rcc_ex.c:844:67
	ldrb	r0, [r0, #3]
.Ltmp83:
	.loc	5 844 7                         @ ../Drivers/STM32H7xx_HAL_Driver/Src/stm32h7xx_hal_rcc_ex.c:844:7
	lsls	r0, r0, #31
	cmp	r0, #0
	beq	.LBB0_155
	b	.LBB0_143
.LBB0_143:
.Ltmp84:
	.loc	5 846 13 is_stmt 1              @ ../Drivers/STM32H7xx_HAL_Driver/Src/stm32h7xx_hal_rcc_ex.c:846:13
	ldr	r0, [sp, #96]
	.loc	5 846 28 is_stmt 0              @ ../Drivers/STM32H7xx_HAL_Driver/Src/stm32h7xx_hal_rcc_ex.c:846:28
	ldr	r0, [r0, #72]
	.loc	5 846 5                         @ ../Drivers/STM32H7xx_HAL_Driver/Src/stm32h7xx_hal_rcc_ex.c:846:5
	str	r0, [sp, #44]                   @ 4-byte Spill
	cmp	r0, #3
	bhi	.LBB0_150
@ %bb.144:
	ldr	r1, [sp, #44]                   @ 4-byte Reload
.LCPI0_1:
	tbb	[pc, r1]
@ %bb.145:
	.loc	5 0 5                           @ ../Drivers/STM32H7xx_HAL_Driver/Src/stm32h7xx_hal_rcc_ex.c:0:5
.LJTI0_1:
	.byte	(.LBB0_149-(.LCPI0_1+4))/2
	.byte	(.LBB0_146-(.LCPI0_1+4))/2
	.byte	(.LBB0_147-(.LCPI0_1+4))/2
	.byte	(.LBB0_148-(.LCPI0_1+4))/2
	.p2align	1
.LBB0_146:
	movw	r1, #17452
	movt	r1, #22530
.Ltmp85:
	.loc	5 850 9 is_stmt 1               @ ../Drivers/STM32H7xx_HAL_Driver/Src/stm32h7xx_hal_rcc_ex.c:850:9
	ldr	r0, [r1]
	orr	r0, r0, #131072
	str	r0, [r1]
	.loc	5 853 9                         @ ../Drivers/STM32H7xx_HAL_Driver/Src/stm32h7xx_hal_rcc_ex.c:853:9
	b	.LBB0_151
.LBB0_147:
	.loc	5 857 35                        @ ../Drivers/STM32H7xx_HAL_Driver/Src/stm32h7xx_hal_rcc_ex.c:857:35
	ldr	r0, [sp, #96]
	.loc	5 857 50 is_stmt 0              @ ../Drivers/STM32H7xx_HAL_Driver/Src/stm32h7xx_hal_rcc_ex.c:857:50
	adds	r0, #8
	movs	r1, #2
	.loc	5 857 15                        @ ../Drivers/STM32H7xx_HAL_Driver/Src/stm32h7xx_hal_rcc_ex.c:857:15
	bl	RCCEx_PLL2_Config
	.loc	5 857 13                        @ ../Drivers/STM32H7xx_HAL_Driver/Src/stm32h7xx_hal_rcc_ex.c:857:13
	strb.w	r0, [sp, #87]
	.loc	5 860 9 is_stmt 1               @ ../Drivers/STM32H7xx_HAL_Driver/Src/stm32h7xx_hal_rcc_ex.c:860:9
	b	.LBB0_151
.LBB0_148:
	.loc	5 866 9                         @ ../Drivers/STM32H7xx_HAL_Driver/Src/stm32h7xx_hal_rcc_ex.c:866:9
	b	.LBB0_151
.LBB0_149:
	.loc	5 870 9                         @ ../Drivers/STM32H7xx_HAL_Driver/Src/stm32h7xx_hal_rcc_ex.c:870:9
	b	.LBB0_151
.LBB0_150:
	.loc	5 0 9 is_stmt 0                 @ ../Drivers/STM32H7xx_HAL_Driver/Src/stm32h7xx_hal_rcc_ex.c:0:9
	movs	r0, #1
	.loc	5 873 13 is_stmt 1              @ ../Drivers/STM32H7xx_HAL_Driver/Src/stm32h7xx_hal_rcc_ex.c:873:13
	strb.w	r0, [sp, #87]
	.loc	5 874 9                         @ ../Drivers/STM32H7xx_HAL_Driver/Src/stm32h7xx_hal_rcc_ex.c:874:9
	b	.LBB0_151
.Ltmp86:
.LBB0_151:
	.loc	5 877 9                         @ ../Drivers/STM32H7xx_HAL_Driver/Src/stm32h7xx_hal_rcc_ex.c:877:9
	ldrb.w	r0, [sp, #87]
.Ltmp87:
	.loc	5 877 9 is_stmt 0               @ ../Drivers/STM32H7xx_HAL_Driver/Src/stm32h7xx_hal_rcc_ex.c:877:9
	cbnz	r0, .LBB0_153
	b	.LBB0_152
.LBB0_152:
	.loc	5 0 9                           @ ../Drivers/STM32H7xx_HAL_Driver/Src/stm32h7xx_hal_rcc_ex.c:0:9
	movw	r1, #17484
	movt	r1, #22530
.Ltmp88:
	.loc	5 880 7 is_stmt 1               @ ../Drivers/STM32H7xx_HAL_Driver/Src/stm32h7xx_hal_rcc_ex.c:880:7
	ldr	r0, [r1]
	bic	r0, r0, #3
	ldr	r2, [sp, #96]
	ldr	r2, [r2, #72]
	orrs	r0, r2
	str	r0, [r1]
	.loc	5 881 5                         @ ../Drivers/STM32H7xx_HAL_Driver/Src/stm32h7xx_hal_rcc_ex.c:881:5
	b	.LBB0_154
.Ltmp89:
.LBB0_153:
	.loc	5 885 16                        @ ../Drivers/STM32H7xx_HAL_Driver/Src/stm32h7xx_hal_rcc_ex.c:885:16
	ldrb.w	r0, [sp, #87]
	.loc	5 885 14 is_stmt 0              @ ../Drivers/STM32H7xx_HAL_Driver/Src/stm32h7xx_hal_rcc_ex.c:885:14
	strb.w	r0, [sp, #86]
	b	.LBB0_154
.Ltmp90:
.LBB0_154:
	.loc	5 887 3 is_stmt 1               @ ../Drivers/STM32H7xx_HAL_Driver/Src/stm32h7xx_hal_rcc_ex.c:887:3
	b	.LBB0_155
.Ltmp91:
.LBB0_155:
	.loc	5 890 9                         @ ../Drivers/STM32H7xx_HAL_Driver/Src/stm32h7xx_hal_rcc_ex.c:890:9
	ldr	r0, [sp, #96]
	.loc	5 890 67 is_stmt 0              @ ../Drivers/STM32H7xx_HAL_Driver/Src/stm32h7xx_hal_rcc_ex.c:890:67
	ldrb	r0, [r0, #2]
.Ltmp92:
	.loc	5 890 7                         @ ../Drivers/STM32H7xx_HAL_Driver/Src/stm32h7xx_hal_rcc_ex.c:890:7
	lsls	r0, r0, #25
	cmp	r0, #0
	bpl.w	.LBB0_182
	b	.LBB0_156
.LBB0_156:
	.loc	5 0 7                           @ ../Drivers/STM32H7xx_HAL_Driver/Src/stm32h7xx_hal_rcc_ex.c:0:7
	movw	r1, #18432
	movt	r1, #22530
.Ltmp93:
	.loc	5 896 5 is_stmt 1               @ ../Drivers/STM32H7xx_HAL_Driver/Src/stm32h7xx_hal_rcc_ex.c:896:5
	ldr	r0, [r1]
	orr	r0, r0, #256
	str	r0, [r1]
	.loc	5 899 17                        @ ../Drivers/STM32H7xx_HAL_Driver/Src/stm32h7xx_hal_rcc_ex.c:899:17
	bl	HAL_GetTick
	.loc	5 899 15 is_stmt 0              @ ../Drivers/STM32H7xx_HAL_Driver/Src/stm32h7xx_hal_rcc_ex.c:899:15
	str	r0, [sp, #88]
	.loc	5 901 5 is_stmt 1               @ ../Drivers/STM32H7xx_HAL_Driver/Src/stm32h7xx_hal_rcc_ex.c:901:5
	b	.LBB0_157
.LBB0_157:                              @ =>This Inner Loop Header: Depth=1
	.loc	5 0 5 is_stmt 0                 @ ../Drivers/STM32H7xx_HAL_Driver/Src/stm32h7xx_hal_rcc_ex.c:0:5
	movw	r0, #18432
	movt	r0, #22530
	.loc	5 901 18                        @ ../Drivers/STM32H7xx_HAL_Driver/Src/stm32h7xx_hal_rcc_ex.c:901:18
	ldr	r0, [r0]
	.loc	5 901 5                         @ ../Drivers/STM32H7xx_HAL_Driver/Src/stm32h7xx_hal_rcc_ex.c:901:5
	lsls	r0, r0, #23
	cmp	r0, #0
	bmi	.LBB0_161
	b	.LBB0_158
.LBB0_158:                              @   in Loop: Header=BB0_157 Depth=1
.Ltmp94:
	.loc	5 903 12 is_stmt 1              @ ../Drivers/STM32H7xx_HAL_Driver/Src/stm32h7xx_hal_rcc_ex.c:903:12
	bl	HAL_GetTick
	.loc	5 903 28 is_stmt 0              @ ../Drivers/STM32H7xx_HAL_Driver/Src/stm32h7xx_hal_rcc_ex.c:903:28
	ldr	r1, [sp, #88]
	.loc	5 903 26                        @ ../Drivers/STM32H7xx_HAL_Driver/Src/stm32h7xx_hal_rcc_ex.c:903:26
	subs	r0, r0, r1
.Ltmp95:
	.loc	5 903 11                        @ ../Drivers/STM32H7xx_HAL_Driver/Src/stm32h7xx_hal_rcc_ex.c:903:11
	cmp	r0, #101
	blo	.LBB0_160
	b	.LBB0_159
.LBB0_159:
	.loc	5 0 11                          @ ../Drivers/STM32H7xx_HAL_Driver/Src/stm32h7xx_hal_rcc_ex.c:0:11
	movs	r0, #3
.Ltmp96:
	.loc	5 905 13 is_stmt 1              @ ../Drivers/STM32H7xx_HAL_Driver/Src/stm32h7xx_hal_rcc_ex.c:905:13
	strb.w	r0, [sp, #87]
	.loc	5 906 9                         @ ../Drivers/STM32H7xx_HAL_Driver/Src/stm32h7xx_hal_rcc_ex.c:906:9
	b	.LBB0_161
.Ltmp97:
.LBB0_160:                              @   in Loop: Header=BB0_157 Depth=1
	.loc	5 901 5                         @ ../Drivers/STM32H7xx_HAL_Driver/Src/stm32h7xx_hal_rcc_ex.c:901:5
	b	.LBB0_157
.LBB0_161:
.Ltmp98:
	.loc	5 910 9                         @ ../Drivers/STM32H7xx_HAL_Driver/Src/stm32h7xx_hal_rcc_ex.c:910:9
	ldrb.w	r0, [sp, #87]
.Ltmp99:
	.loc	5 910 9 is_stmt 0               @ ../Drivers/STM32H7xx_HAL_Driver/Src/stm32h7xx_hal_rcc_ex.c:910:9
	cmp	r0, #0
	bne.w	.LBB0_180
	b	.LBB0_162
.LBB0_162:
	.loc	5 0 9                           @ ../Drivers/STM32H7xx_HAL_Driver/Src/stm32h7xx_hal_rcc_ex.c:0:9
	movw	r0, #17520
	movt	r0, #22530
.Ltmp100:
	.loc	5 913 17 is_stmt 1              @ ../Drivers/STM32H7xx_HAL_Driver/Src/stm32h7xx_hal_rcc_ex.c:913:17
	ldr	r0, [r0]
	.loc	5 913 22 is_stmt 0              @ ../Drivers/STM32H7xx_HAL_Driver/Src/stm32h7xx_hal_rcc_ex.c:913:22
	and	r0, r0, #768
	.loc	5 913 45                        @ ../Drivers/STM32H7xx_HAL_Driver/Src/stm32h7xx_hal_rcc_ex.c:913:45
	ldr	r1, [sp, #96]
	.loc	5 913 60                        @ ../Drivers/STM32H7xx_HAL_Driver/Src/stm32h7xx_hal_rcc_ex.c:913:60
	ldr.w	r1, [r1, #176]
	.loc	5 913 78                        @ ../Drivers/STM32H7xx_HAL_Driver/Src/stm32h7xx_hal_rcc_ex.c:913:78
	and	r1, r1, #768
.Ltmp101:
	.loc	5 913 11                        @ ../Drivers/STM32H7xx_HAL_Driver/Src/stm32h7xx_hal_rcc_ex.c:913:11
	cmp	r0, r1
	beq	.LBB0_164
	b	.LBB0_163
.LBB0_163:
	.loc	5 0 11                          @ ../Drivers/STM32H7xx_HAL_Driver/Src/stm32h7xx_hal_rcc_ex.c:0:11
	movw	r1, #17520
	movt	r1, #22530
.Ltmp102:
	.loc	5 916 24 is_stmt 1              @ ../Drivers/STM32H7xx_HAL_Driver/Src/stm32h7xx_hal_rcc_ex.c:916:24
	ldr	r0, [r1]
	.loc	5 916 29 is_stmt 0              @ ../Drivers/STM32H7xx_HAL_Driver/Src/stm32h7xx_hal_rcc_ex.c:916:29
	bic	r0, r0, #768
	.loc	5 916 16                        @ ../Drivers/STM32H7xx_HAL_Driver/Src/stm32h7xx_hal_rcc_ex.c:916:16
	str	r0, [sp, #92]
	.loc	5 918 9 is_stmt 1               @ ../Drivers/STM32H7xx_HAL_Driver/Src/stm32h7xx_hal_rcc_ex.c:918:9
	ldr	r0, [r1]
	orr	r0, r0, #65536
	str	r0, [r1]
	.loc	5 919 9                         @ ../Drivers/STM32H7xx_HAL_Driver/Src/stm32h7xx_hal_rcc_ex.c:919:9
	ldr	r0, [r1]
	bic	r0, r0, #65536
	str	r0, [r1]
	.loc	5 921 21                        @ ../Drivers/STM32H7xx_HAL_Driver/Src/stm32h7xx_hal_rcc_ex.c:921:21
	ldr	r0, [sp, #92]
	.loc	5 921 19 is_stmt 0              @ ../Drivers/STM32H7xx_HAL_Driver/Src/stm32h7xx_hal_rcc_ex.c:921:19
	str	r0, [r1]
	.loc	5 922 7 is_stmt 1               @ ../Drivers/STM32H7xx_HAL_Driver/Src/stm32h7xx_hal_rcc_ex.c:922:7
	b	.LBB0_164
.Ltmp103:
.LBB0_164:
	.loc	5 925 11                        @ ../Drivers/STM32H7xx_HAL_Driver/Src/stm32h7xx_hal_rcc_ex.c:925:11
	ldr	r0, [sp, #96]
	.loc	5 925 26 is_stmt 0              @ ../Drivers/STM32H7xx_HAL_Driver/Src/stm32h7xx_hal_rcc_ex.c:925:26
	ldr.w	r0, [r0, #176]
.Ltmp104:
	.loc	5 925 11                        @ ../Drivers/STM32H7xx_HAL_Driver/Src/stm32h7xx_hal_rcc_ex.c:925:11
	cmp.w	r0, #256
	bne	.LBB0_171
	b	.LBB0_165
.LBB0_165:
.Ltmp105:
	.loc	5 928 21 is_stmt 1              @ ../Drivers/STM32H7xx_HAL_Driver/Src/stm32h7xx_hal_rcc_ex.c:928:21
	bl	HAL_GetTick
	.loc	5 928 19 is_stmt 0              @ ../Drivers/STM32H7xx_HAL_Driver/Src/stm32h7xx_hal_rcc_ex.c:928:19
	str	r0, [sp, #88]
	.loc	5 931 9 is_stmt 1               @ ../Drivers/STM32H7xx_HAL_Driver/Src/stm32h7xx_hal_rcc_ex.c:931:9
	b	.LBB0_166
.LBB0_166:                              @ =>This Inner Loop Header: Depth=1
	.loc	5 0 9 is_stmt 0                 @ ../Drivers/STM32H7xx_HAL_Driver/Src/stm32h7xx_hal_rcc_ex.c:0:9
	movw	r0, #17520
	movt	r0, #22530
	.loc	5 931 16                        @ ../Drivers/STM32H7xx_HAL_Driver/Src/stm32h7xx_hal_rcc_ex.c:931:16
	ldr	r0, [r0]
	and	r1, r0, #2
	movs	r0, #0
	.loc	5 931 9                         @ ../Drivers/STM32H7xx_HAL_Driver/Src/stm32h7xx_hal_rcc_ex.c:931:9
	cmp.w	r0, r1, lsr #1
	bne	.LBB0_170
	b	.LBB0_167
.LBB0_167:                              @   in Loop: Header=BB0_166 Depth=1
.Ltmp106:
	.loc	5 933 16 is_stmt 1              @ ../Drivers/STM32H7xx_HAL_Driver/Src/stm32h7xx_hal_rcc_ex.c:933:16
	bl	HAL_GetTick
	.loc	5 933 32 is_stmt 0              @ ../Drivers/STM32H7xx_HAL_Driver/Src/stm32h7xx_hal_rcc_ex.c:933:32
	ldr	r1, [sp, #88]
	.loc	5 933 30                        @ ../Drivers/STM32H7xx_HAL_Driver/Src/stm32h7xx_hal_rcc_ex.c:933:30
	subs	r0, r0, r1
	movw	r1, #5001
.Ltmp107:
	.loc	5 933 15                        @ ../Drivers/STM32H7xx_HAL_Driver/Src/stm32h7xx_hal_rcc_ex.c:933:15
	cmp	r0, r1
	blo	.LBB0_169
	b	.LBB0_168
.LBB0_168:
	.loc	5 0 15                          @ ../Drivers/STM32H7xx_HAL_Driver/Src/stm32h7xx_hal_rcc_ex.c:0:15
	movs	r0, #3
.Ltmp108:
	.loc	5 935 17 is_stmt 1              @ ../Drivers/STM32H7xx_HAL_Driver/Src/stm32h7xx_hal_rcc_ex.c:935:17
	strb.w	r0, [sp, #87]
	.loc	5 936 13                        @ ../Drivers/STM32H7xx_HAL_Driver/Src/stm32h7xx_hal_rcc_ex.c:936:13
	b	.LBB0_170
.Ltmp109:
.LBB0_169:                              @   in Loop: Header=BB0_166 Depth=1
	.loc	5 931 9                         @ ../Drivers/STM32H7xx_HAL_Driver/Src/stm32h7xx_hal_rcc_ex.c:931:9
	b	.LBB0_166
.LBB0_170:
	.loc	5 939 7                         @ ../Drivers/STM32H7xx_HAL_Driver/Src/stm32h7xx_hal_rcc_ex.c:939:7
	b	.LBB0_171
.Ltmp110:
.LBB0_171:
	.loc	5 941 11                        @ ../Drivers/STM32H7xx_HAL_Driver/Src/stm32h7xx_hal_rcc_ex.c:941:11
	ldrb.w	r0, [sp, #87]
.Ltmp111:
	.loc	5 941 11 is_stmt 0              @ ../Drivers/STM32H7xx_HAL_Driver/Src/stm32h7xx_hal_rcc_ex.c:941:11
	cbnz	r0, .LBB0_178
	b	.LBB0_172
.LBB0_172:
.Ltmp112:
	.loc	5 943 9 is_stmt 1               @ ../Drivers/STM32H7xx_HAL_Driver/Src/stm32h7xx_hal_rcc_ex.c:943:9
	b	.LBB0_173
.LBB0_173:
.Ltmp113:
	.loc	5 943 9 is_stmt 0               @ ../Drivers/STM32H7xx_HAL_Driver/Src/stm32h7xx_hal_rcc_ex.c:943:9
	ldr	r0, [sp, #96]
	ldr.w	r0, [r0, #176]
	and	r0, r0, #768
	cmp.w	r0, #768
	bne	.LBB0_175
	b	.LBB0_174
.LBB0_174:
	.loc	5 0 9                           @ ../Drivers/STM32H7xx_HAL_Driver/Src/stm32h7xx_hal_rcc_ex.c:0:9
	movw	r1, #17424
	movt	r1, #22530
	.loc	5 943 9                         @ ../Drivers/STM32H7xx_HAL_Driver/Src/stm32h7xx_hal_rcc_ex.c:943:9
	ldr	r0, [r1]
	bic	r0, r0, #16128
	ldr	r2, [sp, #96]
	ldr.w	r2, [r2, #176]
	movw	r3, #64752
	movt	r3, #4095
	ands	r2, r3
	orr.w	r0, r0, r2, lsr #4
                                        @ kill: def $r2 killed $r0
	str	r0, [r1]
	b	.LBB0_176
.LBB0_175:
	.loc	5 0 9                           @ ../Drivers/STM32H7xx_HAL_Driver/Src/stm32h7xx_hal_rcc_ex.c:0:9
	movw	r1, #17424
	movt	r1, #22530
	.loc	5 943 9                         @ ../Drivers/STM32H7xx_HAL_Driver/Src/stm32h7xx_hal_rcc_ex.c:943:9
	ldr	r0, [r1]
	bic	r0, r0, #16128
                                        @ kill: def $r2 killed $r0
	str	r0, [r1]
	b	.LBB0_176
.LBB0_176:
	ldr	r0, [sp, #96]
	ldr.w	r2, [r0, #176]
	bfc	r2, #12, #20
	movw	r1, #17520
	movt	r1, #22530
	ldr	r0, [r1]
	orrs	r0, r2
	str	r0, [r1]
	b	.LBB0_177
.Ltmp114:
.LBB0_177:
	.loc	5 944 7 is_stmt 1               @ ../Drivers/STM32H7xx_HAL_Driver/Src/stm32h7xx_hal_rcc_ex.c:944:7
	b	.LBB0_179
.Ltmp115:
.LBB0_178:
	.loc	5 948 18                        @ ../Drivers/STM32H7xx_HAL_Driver/Src/stm32h7xx_hal_rcc_ex.c:948:18
	ldrb.w	r0, [sp, #87]
	.loc	5 948 16 is_stmt 0              @ ../Drivers/STM32H7xx_HAL_Driver/Src/stm32h7xx_hal_rcc_ex.c:948:16
	strb.w	r0, [sp, #86]
	b	.LBB0_179
.Ltmp116:
.LBB0_179:
	.loc	5 950 5 is_stmt 1               @ ../Drivers/STM32H7xx_HAL_Driver/Src/stm32h7xx_hal_rcc_ex.c:950:5
	b	.LBB0_181
.Ltmp117:
.LBB0_180:
	.loc	5 954 16                        @ ../Drivers/STM32H7xx_HAL_Driver/Src/stm32h7xx_hal_rcc_ex.c:954:16
	ldrb.w	r0, [sp, #87]
	.loc	5 954 14 is_stmt 0              @ ../Drivers/STM32H7xx_HAL_Driver/Src/stm32h7xx_hal_rcc_ex.c:954:14
	strb.w	r0, [sp, #86]
	b	.LBB0_181
.Ltmp118:
.LBB0_181:
	.loc	5 956 3 is_stmt 1               @ ../Drivers/STM32H7xx_HAL_Driver/Src/stm32h7xx_hal_rcc_ex.c:956:3
	b	.LBB0_182
.Ltmp119:
.LBB0_182:
	.loc	5 960 9                         @ ../Drivers/STM32H7xx_HAL_Driver/Src/stm32h7xx_hal_rcc_ex.c:960:9
	ldr	r0, [sp, #96]
	.loc	5 960 24 is_stmt 0              @ ../Drivers/STM32H7xx_HAL_Driver/Src/stm32h7xx_hal_rcc_ex.c:960:24
	ldr	r0, [r0]
.Ltmp120:
	.loc	5 960 7                         @ ../Drivers/STM32H7xx_HAL_Driver/Src/stm32h7xx_hal_rcc_ex.c:960:7
	lsls	r0, r0, #31
	cmp	r0, #0
	beq.w	.LBB0_197
	b	.LBB0_183
.LBB0_183:
.Ltmp121:
	.loc	5 962 13 is_stmt 1              @ ../Drivers/STM32H7xx_HAL_Driver/Src/stm32h7xx_hal_rcc_ex.c:962:13
	ldr	r0, [sp, #96]
	.loc	5 962 28 is_stmt 0              @ ../Drivers/STM32H7xx_HAL_Driver/Src/stm32h7xx_hal_rcc_ex.c:962:28
	ldr	r0, [r0, #120]
	.loc	5 962 5                         @ ../Drivers/STM32H7xx_HAL_Driver/Src/stm32h7xx_hal_rcc_ex.c:962:5
	str	r0, [sp, #40]                   @ 4-byte Spill
	cmp	r0, #40
	bhi	.LBB0_192
@ %bb.184:
	ldr	r1, [sp, #40]                   @ 4-byte Reload
.LCPI0_2:
	tbb	[pc, r1]
@ %bb.185:
	.loc	5 0 5                           @ ../Drivers/STM32H7xx_HAL_Driver/Src/stm32h7xx_hal_rcc_ex.c:0:5
.LJTI0_2:
	.byte	(.LBB0_186-(.LCPI0_2+4))/2
	.byte	(.LBB0_192-(.LCPI0_2+4))/2
	.byte	(.LBB0_192-(.LCPI0_2+4))/2
	.byte	(.LBB0_192-(.LCPI0_2+4))/2
	.byte	(.LBB0_192-(.LCPI0_2+4))/2
	.byte	(.LBB0_192-(.LCPI0_2+4))/2
	.byte	(.LBB0_192-(.LCPI0_2+4))/2
	.byte	(.LBB0_192-(.LCPI0_2+4))/2
	.byte	(.LBB0_187-(.LCPI0_2+4))/2
	.byte	(.LBB0_192-(.LCPI0_2+4))/2
	.byte	(.LBB0_192-(.LCPI0_2+4))/2
	.byte	(.LBB0_192-(.LCPI0_2+4))/2
	.byte	(.LBB0_192-(.LCPI0_2+4))/2
	.byte	(.LBB0_192-(.LCPI0_2+4))/2
	.byte	(.LBB0_192-(.LCPI0_2+4))/2
	.byte	(.LBB0_192-(.LCPI0_2+4))/2
	.byte	(.LBB0_188-(.LCPI0_2+4))/2
	.byte	(.LBB0_192-(.LCPI0_2+4))/2
	.byte	(.LBB0_192-(.LCPI0_2+4))/2
	.byte	(.LBB0_192-(.LCPI0_2+4))/2
	.byte	(.LBB0_192-(.LCPI0_2+4))/2
	.byte	(.LBB0_192-(.LCPI0_2+4))/2
	.byte	(.LBB0_192-(.LCPI0_2+4))/2
	.byte	(.LBB0_192-(.LCPI0_2+4))/2
	.byte	(.LBB0_189-(.LCPI0_2+4))/2
	.byte	(.LBB0_192-(.LCPI0_2+4))/2
	.byte	(.LBB0_192-(.LCPI0_2+4))/2
	.byte	(.LBB0_192-(.LCPI0_2+4))/2
	.byte	(.LBB0_192-(.LCPI0_2+4))/2
	.byte	(.LBB0_192-(.LCPI0_2+4))/2
	.byte	(.LBB0_192-(.LCPI0_2+4))/2
	.byte	(.LBB0_192-(.LCPI0_2+4))/2
	.byte	(.LBB0_190-(.LCPI0_2+4))/2
	.byte	(.LBB0_192-(.LCPI0_2+4))/2
	.byte	(.LBB0_192-(.LCPI0_2+4))/2
	.byte	(.LBB0_192-(.LCPI0_2+4))/2
	.byte	(.LBB0_192-(.LCPI0_2+4))/2
	.byte	(.LBB0_192-(.LCPI0_2+4))/2
	.byte	(.LBB0_192-(.LCPI0_2+4))/2
	.byte	(.LBB0_192-(.LCPI0_2+4))/2
	.byte	(.LBB0_191-(.LCPI0_2+4))/2
	.p2align	1
.LBB0_186:
.Ltmp122:
	.loc	5 966 9 is_stmt 1               @ ../Drivers/STM32H7xx_HAL_Driver/Src/stm32h7xx_hal_rcc_ex.c:966:9
	b	.LBB0_193
.LBB0_187:
	.loc	5 969 35                        @ ../Drivers/STM32H7xx_HAL_Driver/Src/stm32h7xx_hal_rcc_ex.c:969:35
	ldr	r0, [sp, #96]
	.loc	5 969 50 is_stmt 0              @ ../Drivers/STM32H7xx_HAL_Driver/Src/stm32h7xx_hal_rcc_ex.c:969:50
	adds	r0, #8
	movs	r1, #1
	.loc	5 969 15                        @ ../Drivers/STM32H7xx_HAL_Driver/Src/stm32h7xx_hal_rcc_ex.c:969:15
	bl	RCCEx_PLL2_Config
	.loc	5 969 13                        @ ../Drivers/STM32H7xx_HAL_Driver/Src/stm32h7xx_hal_rcc_ex.c:969:13
	strb.w	r0, [sp, #87]
	.loc	5 971 9 is_stmt 1               @ ../Drivers/STM32H7xx_HAL_Driver/Src/stm32h7xx_hal_rcc_ex.c:971:9
	b	.LBB0_193
.LBB0_188:
	.loc	5 974 35                        @ ../Drivers/STM32H7xx_HAL_Driver/Src/stm32h7xx_hal_rcc_ex.c:974:35
	ldr	r0, [sp, #96]
	.loc	5 974 50 is_stmt 0              @ ../Drivers/STM32H7xx_HAL_Driver/Src/stm32h7xx_hal_rcc_ex.c:974:50
	adds	r0, #40
	movs	r1, #1
	.loc	5 974 15                        @ ../Drivers/STM32H7xx_HAL_Driver/Src/stm32h7xx_hal_rcc_ex.c:974:15
	bl	RCCEx_PLL3_Config
	.loc	5 974 13                        @ ../Drivers/STM32H7xx_HAL_Driver/Src/stm32h7xx_hal_rcc_ex.c:974:13
	strb.w	r0, [sp, #87]
	.loc	5 976 9 is_stmt 1               @ ../Drivers/STM32H7xx_HAL_Driver/Src/stm32h7xx_hal_rcc_ex.c:976:9
	b	.LBB0_193
.LBB0_189:
	.loc	5 981 9                         @ ../Drivers/STM32H7xx_HAL_Driver/Src/stm32h7xx_hal_rcc_ex.c:981:9
	b	.LBB0_193
.LBB0_190:
	.loc	5 986 9                         @ ../Drivers/STM32H7xx_HAL_Driver/Src/stm32h7xx_hal_rcc_ex.c:986:9
	b	.LBB0_193
.LBB0_191:
	.loc	5 991 9                         @ ../Drivers/STM32H7xx_HAL_Driver/Src/stm32h7xx_hal_rcc_ex.c:991:9
	b	.LBB0_193
.LBB0_192:
	.loc	5 0 9 is_stmt 0                 @ ../Drivers/STM32H7xx_HAL_Driver/Src/stm32h7xx_hal_rcc_ex.c:0:9
	movs	r0, #1
	.loc	5 994 13 is_stmt 1              @ ../Drivers/STM32H7xx_HAL_Driver/Src/stm32h7xx_hal_rcc_ex.c:994:13
	strb.w	r0, [sp, #87]
	.loc	5 995 9                         @ ../Drivers/STM32H7xx_HAL_Driver/Src/stm32h7xx_hal_rcc_ex.c:995:9
	b	.LBB0_193
.Ltmp123:
.LBB0_193:
	.loc	5 998 9                         @ ../Drivers/STM32H7xx_HAL_Driver/Src/stm32h7xx_hal_rcc_ex.c:998:9
	ldrb.w	r0, [sp, #87]
.Ltmp124:
	.loc	5 998 9 is_stmt 0               @ ../Drivers/STM32H7xx_HAL_Driver/Src/stm32h7xx_hal_rcc_ex.c:998:9
	cbnz	r0, .LBB0_195
	b	.LBB0_194
.LBB0_194:
	.loc	5 0 9                           @ ../Drivers/STM32H7xx_HAL_Driver/Src/stm32h7xx_hal_rcc_ex.c:0:9
	movw	r1, #17492
	movt	r1, #22530
.Ltmp125:
	.loc	5 1001 7 is_stmt 1              @ ../Drivers/STM32H7xx_HAL_Driver/Src/stm32h7xx_hal_rcc_ex.c:1001:7
	ldr	r0, [r1]
	bic	r0, r0, #56
	ldr	r2, [sp, #96]
	ldr	r2, [r2, #120]
	orrs	r0, r2
	str	r0, [r1]
	.loc	5 1002 5                        @ ../Drivers/STM32H7xx_HAL_Driver/Src/stm32h7xx_hal_rcc_ex.c:1002:5
	b	.LBB0_196
.Ltmp126:
.LBB0_195:
	.loc	5 1006 16                       @ ../Drivers/STM32H7xx_HAL_Driver/Src/stm32h7xx_hal_rcc_ex.c:1006:16
	ldrb.w	r0, [sp, #87]
	.loc	5 1006 14 is_stmt 0             @ ../Drivers/STM32H7xx_HAL_Driver/Src/stm32h7xx_hal_rcc_ex.c:1006:14
	strb.w	r0, [sp, #86]
	b	.LBB0_196
.Ltmp127:
.LBB0_196:
	.loc	5 1008 3 is_stmt 1              @ ../Drivers/STM32H7xx_HAL_Driver/Src/stm32h7xx_hal_rcc_ex.c:1008:3
	b	.LBB0_197
.Ltmp128:
.LBB0_197:
	.loc	5 1011 9                        @ ../Drivers/STM32H7xx_HAL_Driver/Src/stm32h7xx_hal_rcc_ex.c:1011:9
	ldr	r0, [sp, #96]
	.loc	5 1011 75 is_stmt 0             @ ../Drivers/STM32H7xx_HAL_Driver/Src/stm32h7xx_hal_rcc_ex.c:1011:75
	ldrb	r0, [r0]
.Ltmp129:
	.loc	5 1011 7                        @ ../Drivers/STM32H7xx_HAL_Driver/Src/stm32h7xx_hal_rcc_ex.c:1011:7
	lsls	r0, r0, #30
	cmp	r0, #0
	bpl	.LBB0_212
	b	.LBB0_198
.LBB0_198:
.Ltmp130:
	.loc	5 1013 13 is_stmt 1             @ ../Drivers/STM32H7xx_HAL_Driver/Src/stm32h7xx_hal_rcc_ex.c:1013:13
	ldr	r0, [sp, #96]
	.loc	5 1013 28 is_stmt 0             @ ../Drivers/STM32H7xx_HAL_Driver/Src/stm32h7xx_hal_rcc_ex.c:1013:28
	ldr	r0, [r0, #116]
	.loc	5 1013 5                        @ ../Drivers/STM32H7xx_HAL_Driver/Src/stm32h7xx_hal_rcc_ex.c:1013:5
	str	r0, [sp, #36]                   @ 4-byte Spill
	cmp	r0, #5
	bhi	.LBB0_207
@ %bb.199:
	ldr	r1, [sp, #36]                   @ 4-byte Reload
.LCPI0_3:
	tbb	[pc, r1]
@ %bb.200:
	.loc	5 0 5                           @ ../Drivers/STM32H7xx_HAL_Driver/Src/stm32h7xx_hal_rcc_ex.c:0:5
.LJTI0_3:
	.byte	(.LBB0_201-(.LCPI0_3+4))/2
	.byte	(.LBB0_202-(.LCPI0_3+4))/2
	.byte	(.LBB0_203-(.LCPI0_3+4))/2
	.byte	(.LBB0_204-(.LCPI0_3+4))/2
	.byte	(.LBB0_205-(.LCPI0_3+4))/2
	.byte	(.LBB0_206-(.LCPI0_3+4))/2
	.p2align	1
.LBB0_201:
.Ltmp131:
	.loc	5 1017 9 is_stmt 1              @ ../Drivers/STM32H7xx_HAL_Driver/Src/stm32h7xx_hal_rcc_ex.c:1017:9
	b	.LBB0_208
.LBB0_202:
	.loc	5 1020 35                       @ ../Drivers/STM32H7xx_HAL_Driver/Src/stm32h7xx_hal_rcc_ex.c:1020:35
	ldr	r0, [sp, #96]
	.loc	5 1020 50 is_stmt 0             @ ../Drivers/STM32H7xx_HAL_Driver/Src/stm32h7xx_hal_rcc_ex.c:1020:50
	adds	r0, #8
	movs	r1, #1
	.loc	5 1020 15                       @ ../Drivers/STM32H7xx_HAL_Driver/Src/stm32h7xx_hal_rcc_ex.c:1020:15
	bl	RCCEx_PLL2_Config
	.loc	5 1020 13                       @ ../Drivers/STM32H7xx_HAL_Driver/Src/stm32h7xx_hal_rcc_ex.c:1020:13
	strb.w	r0, [sp, #87]
	.loc	5 1022 9 is_stmt 1              @ ../Drivers/STM32H7xx_HAL_Driver/Src/stm32h7xx_hal_rcc_ex.c:1022:9
	b	.LBB0_208
.LBB0_203:
	.loc	5 1025 35                       @ ../Drivers/STM32H7xx_HAL_Driver/Src/stm32h7xx_hal_rcc_ex.c:1025:35
	ldr	r0, [sp, #96]
	.loc	5 1025 50 is_stmt 0             @ ../Drivers/STM32H7xx_HAL_Driver/Src/stm32h7xx_hal_rcc_ex.c:1025:50
	adds	r0, #40
	movs	r1, #1
	.loc	5 1025 15                       @ ../Drivers/STM32H7xx_HAL_Driver/Src/stm32h7xx_hal_rcc_ex.c:1025:15
	bl	RCCEx_PLL3_Config
	.loc	5 1025 13                       @ ../Drivers/STM32H7xx_HAL_Driver/Src/stm32h7xx_hal_rcc_ex.c:1025:13
	strb.w	r0, [sp, #87]
	.loc	5 1027 9 is_stmt 1              @ ../Drivers/STM32H7xx_HAL_Driver/Src/stm32h7xx_hal_rcc_ex.c:1027:9
	b	.LBB0_208
.LBB0_204:
	.loc	5 1032 9                        @ ../Drivers/STM32H7xx_HAL_Driver/Src/stm32h7xx_hal_rcc_ex.c:1032:9
	b	.LBB0_208
.LBB0_205:
	.loc	5 1037 9                        @ ../Drivers/STM32H7xx_HAL_Driver/Src/stm32h7xx_hal_rcc_ex.c:1037:9
	b	.LBB0_208
.LBB0_206:
	.loc	5 1042 9                        @ ../Drivers/STM32H7xx_HAL_Driver/Src/stm32h7xx_hal_rcc_ex.c:1042:9
	b	.LBB0_208
.LBB0_207:
	.loc	5 0 9 is_stmt 0                 @ ../Drivers/STM32H7xx_HAL_Driver/Src/stm32h7xx_hal_rcc_ex.c:0:9
	movs	r0, #1
	.loc	5 1045 13 is_stmt 1             @ ../Drivers/STM32H7xx_HAL_Driver/Src/stm32h7xx_hal_rcc_ex.c:1045:13
	strb.w	r0, [sp, #87]
	.loc	5 1046 9                        @ ../Drivers/STM32H7xx_HAL_Driver/Src/stm32h7xx_hal_rcc_ex.c:1046:9
	b	.LBB0_208
.Ltmp132:
.LBB0_208:
	.loc	5 1049 9                        @ ../Drivers/STM32H7xx_HAL_Driver/Src/stm32h7xx_hal_rcc_ex.c:1049:9
	ldrb.w	r0, [sp, #87]
.Ltmp133:
	.loc	5 1049 9 is_stmt 0              @ ../Drivers/STM32H7xx_HAL_Driver/Src/stm32h7xx_hal_rcc_ex.c:1049:9
	cbnz	r0, .LBB0_210
	b	.LBB0_209
.LBB0_209:
	.loc	5 0 9                           @ ../Drivers/STM32H7xx_HAL_Driver/Src/stm32h7xx_hal_rcc_ex.c:0:9
	movw	r1, #17492
	movt	r1, #22530
.Ltmp134:
	.loc	5 1052 7 is_stmt 1              @ ../Drivers/STM32H7xx_HAL_Driver/Src/stm32h7xx_hal_rcc_ex.c:1052:7
	ldr	r0, [r1]
	bic	r0, r0, #7
	ldr	r2, [sp, #96]
	ldr	r2, [r2, #116]
	orrs	r0, r2
	str	r0, [r1]
	.loc	5 1053 5                        @ ../Drivers/STM32H7xx_HAL_Driver/Src/stm32h7xx_hal_rcc_ex.c:1053:5
	b	.LBB0_211
.Ltmp135:
.LBB0_210:
	.loc	5 1057 16                       @ ../Drivers/STM32H7xx_HAL_Driver/Src/stm32h7xx_hal_rcc_ex.c:1057:16
	ldrb.w	r0, [sp, #87]
	.loc	5 1057 14 is_stmt 0             @ ../Drivers/STM32H7xx_HAL_Driver/Src/stm32h7xx_hal_rcc_ex.c:1057:14
	strb.w	r0, [sp, #86]
	b	.LBB0_211
.Ltmp136:
.LBB0_211:
	.loc	5 1059 3 is_stmt 1              @ ../Drivers/STM32H7xx_HAL_Driver/Src/stm32h7xx_hal_rcc_ex.c:1059:3
	b	.LBB0_212
.Ltmp137:
.LBB0_212:
	.loc	5 1062 9                        @ ../Drivers/STM32H7xx_HAL_Driver/Src/stm32h7xx_hal_rcc_ex.c:1062:9
	ldr	r0, [sp, #96]
	.loc	5 1062 71 is_stmt 0             @ ../Drivers/STM32H7xx_HAL_Driver/Src/stm32h7xx_hal_rcc_ex.c:1062:71
	ldrb	r0, [r0]
.Ltmp138:
	.loc	5 1062 7                        @ ../Drivers/STM32H7xx_HAL_Driver/Src/stm32h7xx_hal_rcc_ex.c:1062:7
	lsls	r0, r0, #29
	cmp	r0, #0
	bpl	.LBB0_227
	b	.LBB0_213
.LBB0_213:
.Ltmp139:
	.loc	5 1064 13 is_stmt 1             @ ../Drivers/STM32H7xx_HAL_Driver/Src/stm32h7xx_hal_rcc_ex.c:1064:13
	ldr	r0, [sp, #96]
	.loc	5 1064 28 is_stmt 0             @ ../Drivers/STM32H7xx_HAL_Driver/Src/stm32h7xx_hal_rcc_ex.c:1064:28
	ldr.w	r0, [r0, #144]
	.loc	5 1064 5                        @ ../Drivers/STM32H7xx_HAL_Driver/Src/stm32h7xx_hal_rcc_ex.c:1064:5
	str	r0, [sp, #32]                   @ 4-byte Spill
	cmp	r0, #5
	bhi	.LBB0_222
@ %bb.214:
	ldr	r1, [sp, #32]                   @ 4-byte Reload
.LCPI0_4:
	tbb	[pc, r1]
@ %bb.215:
	.loc	5 0 5                           @ ../Drivers/STM32H7xx_HAL_Driver/Src/stm32h7xx_hal_rcc_ex.c:0:5
.LJTI0_4:
	.byte	(.LBB0_216-(.LCPI0_4+4))/2
	.byte	(.LBB0_217-(.LCPI0_4+4))/2
	.byte	(.LBB0_218-(.LCPI0_4+4))/2
	.byte	(.LBB0_219-(.LCPI0_4+4))/2
	.byte	(.LBB0_220-(.LCPI0_4+4))/2
	.byte	(.LBB0_221-(.LCPI0_4+4))/2
	.p2align	1
.LBB0_216:
.Ltmp140:
	.loc	5 1068 9 is_stmt 1              @ ../Drivers/STM32H7xx_HAL_Driver/Src/stm32h7xx_hal_rcc_ex.c:1068:9
	b	.LBB0_223
.LBB0_217:
	.loc	5 1071 35                       @ ../Drivers/STM32H7xx_HAL_Driver/Src/stm32h7xx_hal_rcc_ex.c:1071:35
	ldr	r0, [sp, #96]
	.loc	5 1071 50 is_stmt 0             @ ../Drivers/STM32H7xx_HAL_Driver/Src/stm32h7xx_hal_rcc_ex.c:1071:50
	adds	r0, #8
	movs	r1, #1
	.loc	5 1071 15                       @ ../Drivers/STM32H7xx_HAL_Driver/Src/stm32h7xx_hal_rcc_ex.c:1071:15
	bl	RCCEx_PLL2_Config
	.loc	5 1071 13                       @ ../Drivers/STM32H7xx_HAL_Driver/Src/stm32h7xx_hal_rcc_ex.c:1071:13
	strb.w	r0, [sp, #87]
	.loc	5 1073 9 is_stmt 1              @ ../Drivers/STM32H7xx_HAL_Driver/Src/stm32h7xx_hal_rcc_ex.c:1073:9
	b	.LBB0_223
.LBB0_218:
	.loc	5 1076 35                       @ ../Drivers/STM32H7xx_HAL_Driver/Src/stm32h7xx_hal_rcc_ex.c:1076:35
	ldr	r0, [sp, #96]
	.loc	5 1076 50 is_stmt 0             @ ../Drivers/STM32H7xx_HAL_Driver/Src/stm32h7xx_hal_rcc_ex.c:1076:50
	adds	r0, #40
	movs	r1, #1
	.loc	5 1076 15                       @ ../Drivers/STM32H7xx_HAL_Driver/Src/stm32h7xx_hal_rcc_ex.c:1076:15
	bl	RCCEx_PLL3_Config
	.loc	5 1076 13                       @ ../Drivers/STM32H7xx_HAL_Driver/Src/stm32h7xx_hal_rcc_ex.c:1076:13
	strb.w	r0, [sp, #87]
	.loc	5 1078 9 is_stmt 1              @ ../Drivers/STM32H7xx_HAL_Driver/Src/stm32h7xx_hal_rcc_ex.c:1078:9
	b	.LBB0_223
.LBB0_219:
	.loc	5 1083 9                        @ ../Drivers/STM32H7xx_HAL_Driver/Src/stm32h7xx_hal_rcc_ex.c:1083:9
	b	.LBB0_223
.LBB0_220:
	.loc	5 1088 9                        @ ../Drivers/STM32H7xx_HAL_Driver/Src/stm32h7xx_hal_rcc_ex.c:1088:9
	b	.LBB0_223
.LBB0_221:
	.loc	5 1093 9                        @ ../Drivers/STM32H7xx_HAL_Driver/Src/stm32h7xx_hal_rcc_ex.c:1093:9
	b	.LBB0_223
.LBB0_222:
	.loc	5 0 9 is_stmt 0                 @ ../Drivers/STM32H7xx_HAL_Driver/Src/stm32h7xx_hal_rcc_ex.c:0:9
	movs	r0, #1
	.loc	5 1096 13 is_stmt 1             @ ../Drivers/STM32H7xx_HAL_Driver/Src/stm32h7xx_hal_rcc_ex.c:1096:13
	strb.w	r0, [sp, #87]
	.loc	5 1097 9                        @ ../Drivers/STM32H7xx_HAL_Driver/Src/stm32h7xx_hal_rcc_ex.c:1097:9
	b	.LBB0_223
.Ltmp141:
.LBB0_223:
	.loc	5 1100 9                        @ ../Drivers/STM32H7xx_HAL_Driver/Src/stm32h7xx_hal_rcc_ex.c:1100:9
	ldrb.w	r0, [sp, #87]
.Ltmp142:
	.loc	5 1100 9 is_stmt 0              @ ../Drivers/STM32H7xx_HAL_Driver/Src/stm32h7xx_hal_rcc_ex.c:1100:9
	cbnz	r0, .LBB0_225
	b	.LBB0_224
.LBB0_224:
	.loc	5 0 9                           @ ../Drivers/STM32H7xx_HAL_Driver/Src/stm32h7xx_hal_rcc_ex.c:0:9
	movw	r1, #17496
	movt	r1, #22530
.Ltmp143:
	.loc	5 1103 7 is_stmt 1              @ ../Drivers/STM32H7xx_HAL_Driver/Src/stm32h7xx_hal_rcc_ex.c:1103:7
	ldr	r0, [r1]
	bic	r0, r0, #7
	ldr	r2, [sp, #96]
	ldr.w	r2, [r2, #144]
	orrs	r0, r2
	str	r0, [r1]
	.loc	5 1104 5                        @ ../Drivers/STM32H7xx_HAL_Driver/Src/stm32h7xx_hal_rcc_ex.c:1104:5
	b	.LBB0_226
.Ltmp144:
.LBB0_225:
	.loc	5 1108 16                       @ ../Drivers/STM32H7xx_HAL_Driver/Src/stm32h7xx_hal_rcc_ex.c:1108:16
	ldrb.w	r0, [sp, #87]
	.loc	5 1108 14 is_stmt 0             @ ../Drivers/STM32H7xx_HAL_Driver/Src/stm32h7xx_hal_rcc_ex.c:1108:14
	strb.w	r0, [sp, #86]
	b	.LBB0_226
.Ltmp145:
.LBB0_226:
	.loc	5 1110 3 is_stmt 1              @ ../Drivers/STM32H7xx_HAL_Driver/Src/stm32h7xx_hal_rcc_ex.c:1110:3
	b	.LBB0_227
.Ltmp146:
.LBB0_227:
	.loc	5 1113 9                        @ ../Drivers/STM32H7xx_HAL_Driver/Src/stm32h7xx_hal_rcc_ex.c:1113:9
	ldr	r0, [sp, #96]
	.loc	5 1113 70 is_stmt 0             @ ../Drivers/STM32H7xx_HAL_Driver/Src/stm32h7xx_hal_rcc_ex.c:1113:70
	ldrb	r0, [r0]
.Ltmp147:
	.loc	5 1113 7                        @ ../Drivers/STM32H7xx_HAL_Driver/Src/stm32h7xx_hal_rcc_ex.c:1113:7
	lsls	r0, r0, #26
	cmp	r0, #0
	bpl	.LBB0_245
	b	.LBB0_228
.LBB0_228:
.Ltmp148:
	.loc	5 1115 13 is_stmt 1             @ ../Drivers/STM32H7xx_HAL_Driver/Src/stm32h7xx_hal_rcc_ex.c:1115:13
	ldr	r0, [sp, #96]
	.loc	5 1115 28 is_stmt 0             @ ../Drivers/STM32H7xx_HAL_Driver/Src/stm32h7xx_hal_rcc_ex.c:1115:28
	ldr.w	r0, [r0, #140]
	.loc	5 1115 5                        @ ../Drivers/STM32H7xx_HAL_Driver/Src/stm32h7xx_hal_rcc_ex.c:1115:5
	str	r0, [sp, #28]                   @ 4-byte Spill
	cbz	r0, .LBB0_234
	b	.LBB0_229
.LBB0_229:
	ldr	r0, [sp, #28]                   @ 4-byte Reload
	cmp.w	r0, #268435456
	beq	.LBB0_235
	b	.LBB0_230
.LBB0_230:
	ldr	r0, [sp, #28]                   @ 4-byte Reload
	cmp.w	r0, #536870912
	beq	.LBB0_236
	b	.LBB0_231
.LBB0_231:
	ldr	r0, [sp, #28]                   @ 4-byte Reload
	cmp.w	r0, #805306368
	beq	.LBB0_237
	b	.LBB0_232
.LBB0_232:
	ldr	r0, [sp, #28]                   @ 4-byte Reload
	cmp.w	r0, #1073741824
	beq	.LBB0_238
	b	.LBB0_233
.LBB0_233:
	ldr	r0, [sp, #28]                   @ 4-byte Reload
	cmp.w	r0, #1342177280
	beq	.LBB0_239
	b	.LBB0_240
.LBB0_234:
.Ltmp149:
	.loc	5 1119 9 is_stmt 1              @ ../Drivers/STM32H7xx_HAL_Driver/Src/stm32h7xx_hal_rcc_ex.c:1119:9
	b	.LBB0_241
.LBB0_235:
	.loc	5 1123 35                       @ ../Drivers/STM32H7xx_HAL_Driver/Src/stm32h7xx_hal_rcc_ex.c:1123:35
	ldr	r0, [sp, #96]
	.loc	5 1123 50 is_stmt 0             @ ../Drivers/STM32H7xx_HAL_Driver/Src/stm32h7xx_hal_rcc_ex.c:1123:50
	adds	r0, #8
	movs	r1, #0
	.loc	5 1123 15                       @ ../Drivers/STM32H7xx_HAL_Driver/Src/stm32h7xx_hal_rcc_ex.c:1123:15
	bl	RCCEx_PLL2_Config
	.loc	5 1123 13                       @ ../Drivers/STM32H7xx_HAL_Driver/Src/stm32h7xx_hal_rcc_ex.c:1123:13
	strb.w	r0, [sp, #87]
	.loc	5 1126 9 is_stmt 1              @ ../Drivers/STM32H7xx_HAL_Driver/Src/stm32h7xx_hal_rcc_ex.c:1126:9
	b	.LBB0_241
.LBB0_236:
	.loc	5 1129 35                       @ ../Drivers/STM32H7xx_HAL_Driver/Src/stm32h7xx_hal_rcc_ex.c:1129:35
	ldr	r0, [sp, #96]
	.loc	5 1129 50 is_stmt 0             @ ../Drivers/STM32H7xx_HAL_Driver/Src/stm32h7xx_hal_rcc_ex.c:1129:50
	adds	r0, #40
	movs	r1, #2
	.loc	5 1129 15                       @ ../Drivers/STM32H7xx_HAL_Driver/Src/stm32h7xx_hal_rcc_ex.c:1129:15
	bl	RCCEx_PLL3_Config
	.loc	5 1129 13                       @ ../Drivers/STM32H7xx_HAL_Driver/Src/stm32h7xx_hal_rcc_ex.c:1129:13
	strb.w	r0, [sp, #87]
	.loc	5 1132 9 is_stmt 1              @ ../Drivers/STM32H7xx_HAL_Driver/Src/stm32h7xx_hal_rcc_ex.c:1132:9
	b	.LBB0_241
.LBB0_237:
	.loc	5 1137 9                        @ ../Drivers/STM32H7xx_HAL_Driver/Src/stm32h7xx_hal_rcc_ex.c:1137:9
	b	.LBB0_241
.LBB0_238:
	.loc	5 1142 9                        @ ../Drivers/STM32H7xx_HAL_Driver/Src/stm32h7xx_hal_rcc_ex.c:1142:9
	b	.LBB0_241
.LBB0_239:
	.loc	5 1146 9                        @ ../Drivers/STM32H7xx_HAL_Driver/Src/stm32h7xx_hal_rcc_ex.c:1146:9
	b	.LBB0_241
.LBB0_240:
	.loc	5 0 9 is_stmt 0                 @ ../Drivers/STM32H7xx_HAL_Driver/Src/stm32h7xx_hal_rcc_ex.c:0:9
	movs	r0, #1
	.loc	5 1149 13 is_stmt 1             @ ../Drivers/STM32H7xx_HAL_Driver/Src/stm32h7xx_hal_rcc_ex.c:1149:13
	strb.w	r0, [sp, #87]
	.loc	5 1150 9                        @ ../Drivers/STM32H7xx_HAL_Driver/Src/stm32h7xx_hal_rcc_ex.c:1150:9
	b	.LBB0_241
.Ltmp150:
.LBB0_241:
	.loc	5 1153 9                        @ ../Drivers/STM32H7xx_HAL_Driver/Src/stm32h7xx_hal_rcc_ex.c:1153:9
	ldrb.w	r0, [sp, #87]
.Ltmp151:
	.loc	5 1153 9 is_stmt 0              @ ../Drivers/STM32H7xx_HAL_Driver/Src/stm32h7xx_hal_rcc_ex.c:1153:9
	cbnz	r0, .LBB0_243
	b	.LBB0_242
.LBB0_242:
	.loc	5 0 9                           @ ../Drivers/STM32H7xx_HAL_Driver/Src/stm32h7xx_hal_rcc_ex.c:0:9
	movw	r1, #17492
	movt	r1, #22530
.Ltmp152:
	.loc	5 1156 7 is_stmt 1              @ ../Drivers/STM32H7xx_HAL_Driver/Src/stm32h7xx_hal_rcc_ex.c:1156:7
	ldr	r0, [r1]
	bic	r0, r0, #1879048192
	ldr	r2, [sp, #96]
	ldr.w	r2, [r2, #140]
	orrs	r0, r2
	str	r0, [r1]
	.loc	5 1157 5                        @ ../Drivers/STM32H7xx_HAL_Driver/Src/stm32h7xx_hal_rcc_ex.c:1157:5
	b	.LBB0_244
.Ltmp153:
.LBB0_243:
	.loc	5 1161 16                       @ ../Drivers/STM32H7xx_HAL_Driver/Src/stm32h7xx_hal_rcc_ex.c:1161:16
	ldrb.w	r0, [sp, #87]
	.loc	5 1161 14 is_stmt 0             @ ../Drivers/STM32H7xx_HAL_Driver/Src/stm32h7xx_hal_rcc_ex.c:1161:14
	strb.w	r0, [sp, #86]
	b	.LBB0_244
.Ltmp154:
.LBB0_244:
	.loc	5 1163 3 is_stmt 1              @ ../Drivers/STM32H7xx_HAL_Driver/Src/stm32h7xx_hal_rcc_ex.c:1163:3
	b	.LBB0_245
.Ltmp155:
.LBB0_245:
	.loc	5 1166 9                        @ ../Drivers/STM32H7xx_HAL_Driver/Src/stm32h7xx_hal_rcc_ex.c:1166:9
	ldr	r0, [sp, #96]
	.loc	5 1166 70 is_stmt 0             @ ../Drivers/STM32H7xx_HAL_Driver/Src/stm32h7xx_hal_rcc_ex.c:1166:70
	ldrb	r0, [r0]
.Ltmp156:
	.loc	5 1166 7                        @ ../Drivers/STM32H7xx_HAL_Driver/Src/stm32h7xx_hal_rcc_ex.c:1166:7
	lsls	r0, r0, #25
	cmp	r0, #0
	bpl	.LBB0_263
	b	.LBB0_246
.LBB0_246:
.Ltmp157:
	.loc	5 1168 13 is_stmt 1             @ ../Drivers/STM32H7xx_HAL_Driver/Src/stm32h7xx_hal_rcc_ex.c:1168:13
	ldr	r0, [sp, #96]
	.loc	5 1168 28 is_stmt 0             @ ../Drivers/STM32H7xx_HAL_Driver/Src/stm32h7xx_hal_rcc_ex.c:1168:28
	ldr.w	r0, [r0, #152]
	.loc	5 1168 5                        @ ../Drivers/STM32H7xx_HAL_Driver/Src/stm32h7xx_hal_rcc_ex.c:1168:5
	str	r0, [sp, #24]                   @ 4-byte Spill
	cbz	r0, .LBB0_252
	b	.LBB0_247
.LBB0_247:
	ldr	r0, [sp, #24]                   @ 4-byte Reload
	cmp.w	r0, #1024
	beq	.LBB0_253
	b	.LBB0_248
.LBB0_248:
	ldr	r0, [sp, #24]                   @ 4-byte Reload
	cmp.w	r0, #2048
	beq	.LBB0_254
	b	.LBB0_249
.LBB0_249:
	ldr	r0, [sp, #24]                   @ 4-byte Reload
	cmp.w	r0, #3072
	beq	.LBB0_255
	b	.LBB0_250
.LBB0_250:
	ldr	r0, [sp, #24]                   @ 4-byte Reload
	cmp.w	r0, #4096
	beq	.LBB0_256
	b	.LBB0_251
.LBB0_251:
	ldr	r0, [sp, #24]                   @ 4-byte Reload
	cmp.w	r0, #5120
	beq	.LBB0_257
	b	.LBB0_258
.LBB0_252:
.Ltmp158:
	.loc	5 1172 9 is_stmt 1              @ ../Drivers/STM32H7xx_HAL_Driver/Src/stm32h7xx_hal_rcc_ex.c:1172:9
	b	.LBB0_259
.LBB0_253:
	.loc	5 1176 35                       @ ../Drivers/STM32H7xx_HAL_Driver/Src/stm32h7xx_hal_rcc_ex.c:1176:35
	ldr	r0, [sp, #96]
	.loc	5 1176 50 is_stmt 0             @ ../Drivers/STM32H7xx_HAL_Driver/Src/stm32h7xx_hal_rcc_ex.c:1176:50
	adds	r0, #8
	movs	r1, #0
	.loc	5 1176 15                       @ ../Drivers/STM32H7xx_HAL_Driver/Src/stm32h7xx_hal_rcc_ex.c:1176:15
	bl	RCCEx_PLL2_Config
	.loc	5 1176 13                       @ ../Drivers/STM32H7xx_HAL_Driver/Src/stm32h7xx_hal_rcc_ex.c:1176:13
	strb.w	r0, [sp, #87]
	.loc	5 1179 9 is_stmt 1              @ ../Drivers/STM32H7xx_HAL_Driver/Src/stm32h7xx_hal_rcc_ex.c:1179:9
	b	.LBB0_259
.LBB0_254:
	.loc	5 1182 35                       @ ../Drivers/STM32H7xx_HAL_Driver/Src/stm32h7xx_hal_rcc_ex.c:1182:35
	ldr	r0, [sp, #96]
	.loc	5 1182 50 is_stmt 0             @ ../Drivers/STM32H7xx_HAL_Driver/Src/stm32h7xx_hal_rcc_ex.c:1182:50
	adds	r0, #40
	movs	r1, #2
	.loc	5 1182 15                       @ ../Drivers/STM32H7xx_HAL_Driver/Src/stm32h7xx_hal_rcc_ex.c:1182:15
	bl	RCCEx_PLL3_Config
	.loc	5 1182 13                       @ ../Drivers/STM32H7xx_HAL_Driver/Src/stm32h7xx_hal_rcc_ex.c:1182:13
	strb.w	r0, [sp, #87]
	.loc	5 1185 9 is_stmt 1              @ ../Drivers/STM32H7xx_HAL_Driver/Src/stm32h7xx_hal_rcc_ex.c:1185:9
	b	.LBB0_259
.LBB0_255:
	.loc	5 1190 9                        @ ../Drivers/STM32H7xx_HAL_Driver/Src/stm32h7xx_hal_rcc_ex.c:1190:9
	b	.LBB0_259
.LBB0_256:
	.loc	5 1195 9                        @ ../Drivers/STM32H7xx_HAL_Driver/Src/stm32h7xx_hal_rcc_ex.c:1195:9
	b	.LBB0_259
.LBB0_257:
	.loc	5 1199 9                        @ ../Drivers/STM32H7xx_HAL_Driver/Src/stm32h7xx_hal_rcc_ex.c:1199:9
	b	.LBB0_259
.LBB0_258:
	.loc	5 0 9 is_stmt 0                 @ ../Drivers/STM32H7xx_HAL_Driver/Src/stm32h7xx_hal_rcc_ex.c:0:9
	movs	r0, #1
	.loc	5 1202 13 is_stmt 1             @ ../Drivers/STM32H7xx_HAL_Driver/Src/stm32h7xx_hal_rcc_ex.c:1202:13
	strb.w	r0, [sp, #87]
	.loc	5 1203 9                        @ ../Drivers/STM32H7xx_HAL_Driver/Src/stm32h7xx_hal_rcc_ex.c:1203:9
	b	.LBB0_259
.Ltmp159:
.LBB0_259:
	.loc	5 1206 9                        @ ../Drivers/STM32H7xx_HAL_Driver/Src/stm32h7xx_hal_rcc_ex.c:1206:9
	ldrb.w	r0, [sp, #87]
.Ltmp160:
	.loc	5 1206 9 is_stmt 0              @ ../Drivers/STM32H7xx_HAL_Driver/Src/stm32h7xx_hal_rcc_ex.c:1206:9
	cbnz	r0, .LBB0_261
	b	.LBB0_260
.LBB0_260:
	.loc	5 0 9                           @ ../Drivers/STM32H7xx_HAL_Driver/Src/stm32h7xx_hal_rcc_ex.c:0:9
	movw	r1, #17496
	movt	r1, #22530
.Ltmp161:
	.loc	5 1209 7 is_stmt 1              @ ../Drivers/STM32H7xx_HAL_Driver/Src/stm32h7xx_hal_rcc_ex.c:1209:7
	ldr	r0, [r1]
	bic	r0, r0, #7168
	ldr	r2, [sp, #96]
	ldr.w	r2, [r2, #152]
	orrs	r0, r2
	str	r0, [r1]
	.loc	5 1210 5                        @ ../Drivers/STM32H7xx_HAL_Driver/Src/stm32h7xx_hal_rcc_ex.c:1210:5
	b	.LBB0_262
.Ltmp162:
.LBB0_261:
	.loc	5 1214 16                       @ ../Drivers/STM32H7xx_HAL_Driver/Src/stm32h7xx_hal_rcc_ex.c:1214:16
	ldrb.w	r0, [sp, #87]
	.loc	5 1214 14 is_stmt 0             @ ../Drivers/STM32H7xx_HAL_Driver/Src/stm32h7xx_hal_rcc_ex.c:1214:14
	strb.w	r0, [sp, #86]
	b	.LBB0_262
.Ltmp163:
.LBB0_262:
	.loc	5 1216 3 is_stmt 1              @ ../Drivers/STM32H7xx_HAL_Driver/Src/stm32h7xx_hal_rcc_ex.c:1216:3
	b	.LBB0_263
.Ltmp164:
.LBB0_263:
	.loc	5 1219 9                        @ ../Drivers/STM32H7xx_HAL_Driver/Src/stm32h7xx_hal_rcc_ex.c:1219:9
	ldr	r0, [sp, #96]
	.loc	5 1219 72 is_stmt 0             @ ../Drivers/STM32H7xx_HAL_Driver/Src/stm32h7xx_hal_rcc_ex.c:1219:72
	ldrb	r0, [r0]
.Ltmp165:
	.loc	5 1219 7                        @ ../Drivers/STM32H7xx_HAL_Driver/Src/stm32h7xx_hal_rcc_ex.c:1219:7
	lsls	r0, r0, #24
	cmp	r0, #0
	bpl	.LBB0_281
	b	.LBB0_264
.LBB0_264:
.Ltmp166:
	.loc	5 1221 13 is_stmt 1             @ ../Drivers/STM32H7xx_HAL_Driver/Src/stm32h7xx_hal_rcc_ex.c:1221:13
	ldr	r0, [sp, #96]
	.loc	5 1221 28 is_stmt 0             @ ../Drivers/STM32H7xx_HAL_Driver/Src/stm32h7xx_hal_rcc_ex.c:1221:28
	ldr.w	r0, [r0, #156]
	.loc	5 1221 5                        @ ../Drivers/STM32H7xx_HAL_Driver/Src/stm32h7xx_hal_rcc_ex.c:1221:5
	str	r0, [sp, #20]                   @ 4-byte Spill
	cbz	r0, .LBB0_270
	b	.LBB0_265
.LBB0_265:
	ldr	r0, [sp, #20]                   @ 4-byte Reload
	cmp.w	r0, #8192
	beq	.LBB0_271
	b	.LBB0_266
.LBB0_266:
	ldr	r0, [sp, #20]                   @ 4-byte Reload
	cmp.w	r0, #16384
	beq	.LBB0_272
	b	.LBB0_267
.LBB0_267:
	ldr	r0, [sp, #20]                   @ 4-byte Reload
	cmp.w	r0, #24576
	beq	.LBB0_273
	b	.LBB0_268
.LBB0_268:
	ldr	r0, [sp, #20]                   @ 4-byte Reload
	cmp.w	r0, #32768
	beq	.LBB0_274
	b	.LBB0_269
.LBB0_269:
	ldr	r0, [sp, #20]                   @ 4-byte Reload
	cmp.w	r0, #40960
	beq	.LBB0_275
	b	.LBB0_276
.LBB0_270:
.Ltmp167:
	.loc	5 1226 9 is_stmt 1              @ ../Drivers/STM32H7xx_HAL_Driver/Src/stm32h7xx_hal_rcc_ex.c:1226:9
	b	.LBB0_277
.LBB0_271:
	.loc	5 1229 35                       @ ../Drivers/STM32H7xx_HAL_Driver/Src/stm32h7xx_hal_rcc_ex.c:1229:35
	ldr	r0, [sp, #96]
	.loc	5 1229 50 is_stmt 0             @ ../Drivers/STM32H7xx_HAL_Driver/Src/stm32h7xx_hal_rcc_ex.c:1229:50
	adds	r0, #8
	movs	r1, #0
	.loc	5 1229 15                       @ ../Drivers/STM32H7xx_HAL_Driver/Src/stm32h7xx_hal_rcc_ex.c:1229:15
	bl	RCCEx_PLL2_Config
	.loc	5 1229 13                       @ ../Drivers/STM32H7xx_HAL_Driver/Src/stm32h7xx_hal_rcc_ex.c:1229:13
	strb.w	r0, [sp, #87]
	.loc	5 1232 9 is_stmt 1              @ ../Drivers/STM32H7xx_HAL_Driver/Src/stm32h7xx_hal_rcc_ex.c:1232:9
	b	.LBB0_277
.LBB0_272:
	.loc	5 1235 35                       @ ../Drivers/STM32H7xx_HAL_Driver/Src/stm32h7xx_hal_rcc_ex.c:1235:35
	ldr	r0, [sp, #96]
	.loc	5 1235 50 is_stmt 0             @ ../Drivers/STM32H7xx_HAL_Driver/Src/stm32h7xx_hal_rcc_ex.c:1235:50
	adds	r0, #40
	movs	r1, #2
	.loc	5 1235 15                       @ ../Drivers/STM32H7xx_HAL_Driver/Src/stm32h7xx_hal_rcc_ex.c:1235:15
	bl	RCCEx_PLL3_Config
	.loc	5 1235 13                       @ ../Drivers/STM32H7xx_HAL_Driver/Src/stm32h7xx_hal_rcc_ex.c:1235:13
	strb.w	r0, [sp, #87]
	.loc	5 1238 9 is_stmt 1              @ ../Drivers/STM32H7xx_HAL_Driver/Src/stm32h7xx_hal_rcc_ex.c:1238:9
	b	.LBB0_277
.LBB0_273:
	.loc	5 1243 9                        @ ../Drivers/STM32H7xx_HAL_Driver/Src/stm32h7xx_hal_rcc_ex.c:1243:9
	b	.LBB0_277
.LBB0_274:
	.loc	5 1248 9                        @ ../Drivers/STM32H7xx_HAL_Driver/Src/stm32h7xx_hal_rcc_ex.c:1248:9
	b	.LBB0_277
.LBB0_275:
	.loc	5 1252 9                        @ ../Drivers/STM32H7xx_HAL_Driver/Src/stm32h7xx_hal_rcc_ex.c:1252:9
	b	.LBB0_277
.LBB0_276:
	.loc	5 0 9 is_stmt 0                 @ ../Drivers/STM32H7xx_HAL_Driver/Src/stm32h7xx_hal_rcc_ex.c:0:9
	movs	r0, #1
	.loc	5 1255 13 is_stmt 1             @ ../Drivers/STM32H7xx_HAL_Driver/Src/stm32h7xx_hal_rcc_ex.c:1255:13
	strb.w	r0, [sp, #87]
	.loc	5 1256 9                        @ ../Drivers/STM32H7xx_HAL_Driver/Src/stm32h7xx_hal_rcc_ex.c:1256:9
	b	.LBB0_277
.Ltmp168:
.LBB0_277:
	.loc	5 1259 9                        @ ../Drivers/STM32H7xx_HAL_Driver/Src/stm32h7xx_hal_rcc_ex.c:1259:9
	ldrb.w	r0, [sp, #87]
.Ltmp169:
	.loc	5 1259 9 is_stmt 0              @ ../Drivers/STM32H7xx_HAL_Driver/Src/stm32h7xx_hal_rcc_ex.c:1259:9
	cbnz	r0, .LBB0_279
	b	.LBB0_278
.LBB0_278:
	.loc	5 0 9                           @ ../Drivers/STM32H7xx_HAL_Driver/Src/stm32h7xx_hal_rcc_ex.c:0:9
	movw	r1, #17496
	movt	r1, #22530
.Ltmp170:
	.loc	5 1262 7 is_stmt 1              @ ../Drivers/STM32H7xx_HAL_Driver/Src/stm32h7xx_hal_rcc_ex.c:1262:7
	ldr	r0, [r1]
	bic	r0, r0, #57344
	ldr	r2, [sp, #96]
	ldr.w	r2, [r2, #156]
	orrs	r0, r2
	str	r0, [r1]
	.loc	5 1263 5                        @ ../Drivers/STM32H7xx_HAL_Driver/Src/stm32h7xx_hal_rcc_ex.c:1263:5
	b	.LBB0_280
.Ltmp171:
.LBB0_279:
	.loc	5 1267 16                       @ ../Drivers/STM32H7xx_HAL_Driver/Src/stm32h7xx_hal_rcc_ex.c:1267:16
	ldrb.w	r0, [sp, #87]
	.loc	5 1267 14 is_stmt 0             @ ../Drivers/STM32H7xx_HAL_Driver/Src/stm32h7xx_hal_rcc_ex.c:1267:14
	strb.w	r0, [sp, #86]
	b	.LBB0_280
.Ltmp172:
.LBB0_280:
	.loc	5 1269 3 is_stmt 1              @ ../Drivers/STM32H7xx_HAL_Driver/Src/stm32h7xx_hal_rcc_ex.c:1269:3
	b	.LBB0_281
.Ltmp173:
.LBB0_281:
	.loc	5 1273 9                        @ ../Drivers/STM32H7xx_HAL_Driver/Src/stm32h7xx_hal_rcc_ex.c:1273:9
	ldr	r0, [sp, #96]
	.loc	5 1273 71 is_stmt 0             @ ../Drivers/STM32H7xx_HAL_Driver/Src/stm32h7xx_hal_rcc_ex.c:1273:71
	ldrb	r0, [r0]
.Ltmp174:
	.loc	5 1273 7                        @ ../Drivers/STM32H7xx_HAL_Driver/Src/stm32h7xx_hal_rcc_ex.c:1273:7
	lsls	r0, r0, #28
	cmp	r0, #0
	bpl	.LBB0_287
	b	.LBB0_282
.LBB0_282:
.Ltmp175:
	.loc	5 1278 10 is_stmt 1             @ ../Drivers/STM32H7xx_HAL_Driver/Src/stm32h7xx_hal_rcc_ex.c:1278:10
	ldr	r0, [sp, #96]
	.loc	5 1278 25 is_stmt 0             @ ../Drivers/STM32H7xx_HAL_Driver/Src/stm32h7xx_hal_rcc_ex.c:1278:25
	ldr.w	r0, [r0, #128]
.Ltmp176:
	.loc	5 1278 9                        @ ../Drivers/STM32H7xx_HAL_Driver/Src/stm32h7xx_hal_rcc_ex.c:1278:9
	cmp.w	r0, #4096
	bne	.LBB0_286
	b	.LBB0_283
.LBB0_283:
.Ltmp177:
	.loc	5 1280 31 is_stmt 1             @ ../Drivers/STM32H7xx_HAL_Driver/Src/stm32h7xx_hal_rcc_ex.c:1280:31
	ldr	r0, [sp, #96]
	.loc	5 1280 46 is_stmt 0             @ ../Drivers/STM32H7xx_HAL_Driver/Src/stm32h7xx_hal_rcc_ex.c:1280:46
	adds	r0, #40
	movs	r1, #2
	.loc	5 1280 11                       @ ../Drivers/STM32H7xx_HAL_Driver/Src/stm32h7xx_hal_rcc_ex.c:1280:11
	bl	RCCEx_PLL3_Config
.Ltmp178:
	.loc	5 1280 11                       @ ../Drivers/STM32H7xx_HAL_Driver/Src/stm32h7xx_hal_rcc_ex.c:1280:11
	cbz	r0, .LBB0_285
	b	.LBB0_284
.LBB0_284:
	.loc	5 0 11                          @ ../Drivers/STM32H7xx_HAL_Driver/Src/stm32h7xx_hal_rcc_ex.c:0:11
	movs	r0, #1
.Ltmp179:
	.loc	5 1282 16 is_stmt 1             @ ../Drivers/STM32H7xx_HAL_Driver/Src/stm32h7xx_hal_rcc_ex.c:1282:16
	strb.w	r0, [sp, #86]
	.loc	5 1283 7                        @ ../Drivers/STM32H7xx_HAL_Driver/Src/stm32h7xx_hal_rcc_ex.c:1283:7
	b	.LBB0_285
.Ltmp180:
.LBB0_285:
	.loc	5 1284 5                        @ ../Drivers/STM32H7xx_HAL_Driver/Src/stm32h7xx_hal_rcc_ex.c:1284:5
	b	.LBB0_286
.Ltmp181:
.LBB0_286:
	.loc	5 0 5 is_stmt 0                 @ ../Drivers/STM32H7xx_HAL_Driver/Src/stm32h7xx_hal_rcc_ex.c:0:5
	movw	r1, #17492
	movt	r1, #22530
	.loc	5 1286 5 is_stmt 1              @ ../Drivers/STM32H7xx_HAL_Driver/Src/stm32h7xx_hal_rcc_ex.c:1286:5
	ldr	r0, [r1]
	bic	r0, r0, #12288
	ldr	r2, [sp, #96]
	ldr.w	r2, [r2, #128]
	orrs	r0, r2
	str	r0, [r1]
	.loc	5 1288 3                        @ ../Drivers/STM32H7xx_HAL_Driver/Src/stm32h7xx_hal_rcc_ex.c:1288:3
	b	.LBB0_287
.Ltmp182:
.LBB0_287:
	.loc	5 1309 9                        @ ../Drivers/STM32H7xx_HAL_Driver/Src/stm32h7xx_hal_rcc_ex.c:1309:9
	ldr	r0, [sp, #96]
	.loc	5 1309 68 is_stmt 0             @ ../Drivers/STM32H7xx_HAL_Driver/Src/stm32h7xx_hal_rcc_ex.c:1309:68
	ldrb	r0, [r0]
.Ltmp183:
	.loc	5 1309 7                        @ ../Drivers/STM32H7xx_HAL_Driver/Src/stm32h7xx_hal_rcc_ex.c:1309:7
	lsls	r0, r0, #27
	cmp	r0, #0
	bpl	.LBB0_293
	b	.LBB0_288
.LBB0_288:
.Ltmp184:
	.loc	5 1314 10 is_stmt 1             @ ../Drivers/STM32H7xx_HAL_Driver/Src/stm32h7xx_hal_rcc_ex.c:1314:10
	ldr	r0, [sp, #96]
	.loc	5 1314 25 is_stmt 0             @ ../Drivers/STM32H7xx_HAL_Driver/Src/stm32h7xx_hal_rcc_ex.c:1314:25
	ldr.w	r0, [r0, #148]
.Ltmp185:
	.loc	5 1314 9                        @ ../Drivers/STM32H7xx_HAL_Driver/Src/stm32h7xx_hal_rcc_ex.c:1314:9
	cmp.w	r0, #256
	bne	.LBB0_292
	b	.LBB0_289
.LBB0_289:
.Ltmp186:
	.loc	5 1316 31 is_stmt 1             @ ../Drivers/STM32H7xx_HAL_Driver/Src/stm32h7xx_hal_rcc_ex.c:1316:31
	ldr	r0, [sp, #96]
	.loc	5 1316 46 is_stmt 0             @ ../Drivers/STM32H7xx_HAL_Driver/Src/stm32h7xx_hal_rcc_ex.c:1316:46
	adds	r0, #40
	movs	r1, #2
	.loc	5 1316 11                       @ ../Drivers/STM32H7xx_HAL_Driver/Src/stm32h7xx_hal_rcc_ex.c:1316:11
	bl	RCCEx_PLL3_Config
.Ltmp187:
	.loc	5 1316 11                       @ ../Drivers/STM32H7xx_HAL_Driver/Src/stm32h7xx_hal_rcc_ex.c:1316:11
	cbz	r0, .LBB0_291
	b	.LBB0_290
.LBB0_290:
	.loc	5 0 11                          @ ../Drivers/STM32H7xx_HAL_Driver/Src/stm32h7xx_hal_rcc_ex.c:0:11
	movs	r0, #1
.Ltmp188:
	.loc	5 1318 16 is_stmt 1             @ ../Drivers/STM32H7xx_HAL_Driver/Src/stm32h7xx_hal_rcc_ex.c:1318:16
	strb.w	r0, [sp, #86]
	.loc	5 1319 7                        @ ../Drivers/STM32H7xx_HAL_Driver/Src/stm32h7xx_hal_rcc_ex.c:1319:7
	b	.LBB0_291
.Ltmp189:
.LBB0_291:
	.loc	5 1320 5                        @ ../Drivers/STM32H7xx_HAL_Driver/Src/stm32h7xx_hal_rcc_ex.c:1320:5
	b	.LBB0_292
.Ltmp190:
.LBB0_292:
	.loc	5 0 5 is_stmt 0                 @ ../Drivers/STM32H7xx_HAL_Driver/Src/stm32h7xx_hal_rcc_ex.c:0:5
	movw	r1, #17496
	movt	r1, #22530
	.loc	5 1322 5 is_stmt 1              @ ../Drivers/STM32H7xx_HAL_Driver/Src/stm32h7xx_hal_rcc_ex.c:1322:5
	ldr	r0, [r1]
	bic	r0, r0, #768
	ldr	r2, [sp, #96]
	ldr.w	r2, [r2, #148]
	orrs	r0, r2
	str	r0, [r1]
	.loc	5 1324 3                        @ ../Drivers/STM32H7xx_HAL_Driver/Src/stm32h7xx_hal_rcc_ex.c:1324:3
	b	.LBB0_293
.Ltmp191:
.LBB0_293:
	.loc	5 1327 9                        @ ../Drivers/STM32H7xx_HAL_Driver/Src/stm32h7xx_hal_rcc_ex.c:1327:9
	ldr	r0, [sp, #96]
	.loc	5 1327 67 is_stmt 0             @ ../Drivers/STM32H7xx_HAL_Driver/Src/stm32h7xx_hal_rcc_ex.c:1327:67
	ldrb	r0, [r0, #2]
.Ltmp192:
	.loc	5 1327 7                        @ ../Drivers/STM32H7xx_HAL_Driver/Src/stm32h7xx_hal_rcc_ex.c:1327:7
	lsls	r0, r0, #28
	cmp	r0, #0
	bpl	.LBB0_305
	b	.LBB0_294
.LBB0_294:
.Ltmp193:
	.loc	5 1329 13 is_stmt 1             @ ../Drivers/STM32H7xx_HAL_Driver/Src/stm32h7xx_hal_rcc_ex.c:1329:13
	ldr	r0, [sp, #96]
	.loc	5 1329 28 is_stmt 0             @ ../Drivers/STM32H7xx_HAL_Driver/Src/stm32h7xx_hal_rcc_ex.c:1329:28
	ldr.w	r0, [r0, #160]
	.loc	5 1329 5                        @ ../Drivers/STM32H7xx_HAL_Driver/Src/stm32h7xx_hal_rcc_ex.c:1329:5
	str	r0, [sp, #16]                   @ 4-byte Spill
	cbz	r0, .LBB0_297
	b	.LBB0_295
.LBB0_295:
	ldr	r0, [sp, #16]                   @ 4-byte Reload
	cmp.w	r0, #65536
	beq	.LBB0_298
	b	.LBB0_296
.LBB0_296:
	ldr	r0, [sp, #16]                   @ 4-byte Reload
	cmp.w	r0, #131072
	beq	.LBB0_299
	b	.LBB0_300
.LBB0_297:
.Ltmp194:
	.loc	5 1334 35 is_stmt 1             @ ../Drivers/STM32H7xx_HAL_Driver/Src/stm32h7xx_hal_rcc_ex.c:1334:35
	ldr	r0, [sp, #96]
	.loc	5 1334 50 is_stmt 0             @ ../Drivers/STM32H7xx_HAL_Driver/Src/stm32h7xx_hal_rcc_ex.c:1334:50
	adds	r0, #8
	movs	r1, #0
	.loc	5 1334 15                       @ ../Drivers/STM32H7xx_HAL_Driver/Src/stm32h7xx_hal_rcc_ex.c:1334:15
	bl	RCCEx_PLL2_Config
	.loc	5 1334 13                       @ ../Drivers/STM32H7xx_HAL_Driver/Src/stm32h7xx_hal_rcc_ex.c:1334:13
	strb.w	r0, [sp, #87]
	.loc	5 1337 9 is_stmt 1              @ ../Drivers/STM32H7xx_HAL_Driver/Src/stm32h7xx_hal_rcc_ex.c:1337:9
	b	.LBB0_301
.LBB0_298:
	.loc	5 1340 35                       @ ../Drivers/STM32H7xx_HAL_Driver/Src/stm32h7xx_hal_rcc_ex.c:1340:35
	ldr	r0, [sp, #96]
	.loc	5 1340 50 is_stmt 0             @ ../Drivers/STM32H7xx_HAL_Driver/Src/stm32h7xx_hal_rcc_ex.c:1340:50
	adds	r0, #40
	movs	r1, #2
	.loc	5 1340 15                       @ ../Drivers/STM32H7xx_HAL_Driver/Src/stm32h7xx_hal_rcc_ex.c:1340:15
	bl	RCCEx_PLL3_Config
	.loc	5 1340 13                       @ ../Drivers/STM32H7xx_HAL_Driver/Src/stm32h7xx_hal_rcc_ex.c:1340:13
	strb.w	r0, [sp, #87]
	.loc	5 1343 9 is_stmt 1              @ ../Drivers/STM32H7xx_HAL_Driver/Src/stm32h7xx_hal_rcc_ex.c:1343:9
	b	.LBB0_301
.LBB0_299:
	.loc	5 1348 9                        @ ../Drivers/STM32H7xx_HAL_Driver/Src/stm32h7xx_hal_rcc_ex.c:1348:9
	b	.LBB0_301
.LBB0_300:
	.loc	5 0 9 is_stmt 0                 @ ../Drivers/STM32H7xx_HAL_Driver/Src/stm32h7xx_hal_rcc_ex.c:0:9
	movs	r0, #1
	.loc	5 1351 13 is_stmt 1             @ ../Drivers/STM32H7xx_HAL_Driver/Src/stm32h7xx_hal_rcc_ex.c:1351:13
	strb.w	r0, [sp, #87]
	.loc	5 1352 9                        @ ../Drivers/STM32H7xx_HAL_Driver/Src/stm32h7xx_hal_rcc_ex.c:1352:9
	b	.LBB0_301
.Ltmp195:
.LBB0_301:
	.loc	5 1355 9                        @ ../Drivers/STM32H7xx_HAL_Driver/Src/stm32h7xx_hal_rcc_ex.c:1355:9
	ldrb.w	r0, [sp, #87]
.Ltmp196:
	.loc	5 1355 9 is_stmt 0              @ ../Drivers/STM32H7xx_HAL_Driver/Src/stm32h7xx_hal_rcc_ex.c:1355:9
	cbnz	r0, .LBB0_303
	b	.LBB0_302
.LBB0_302:
	.loc	5 0 9                           @ ../Drivers/STM32H7xx_HAL_Driver/Src/stm32h7xx_hal_rcc_ex.c:0:9
	movw	r1, #17496
	movt	r1, #22530
.Ltmp197:
	.loc	5 1358 7 is_stmt 1              @ ../Drivers/STM32H7xx_HAL_Driver/Src/stm32h7xx_hal_rcc_ex.c:1358:7
	ldr	r0, [r1]
	bic	r0, r0, #196608
	ldr	r2, [sp, #96]
	ldr.w	r2, [r2, #160]
	orrs	r0, r2
	str	r0, [r1]
	.loc	5 1359 5                        @ ../Drivers/STM32H7xx_HAL_Driver/Src/stm32h7xx_hal_rcc_ex.c:1359:5
	b	.LBB0_304
.Ltmp198:
.LBB0_303:
	.loc	5 1363 16                       @ ../Drivers/STM32H7xx_HAL_Driver/Src/stm32h7xx_hal_rcc_ex.c:1363:16
	ldrb.w	r0, [sp, #87]
	.loc	5 1363 14 is_stmt 0             @ ../Drivers/STM32H7xx_HAL_Driver/Src/stm32h7xx_hal_rcc_ex.c:1363:14
	strb.w	r0, [sp, #86]
	b	.LBB0_304
.Ltmp199:
.LBB0_304:
	.loc	5 1365 3 is_stmt 1              @ ../Drivers/STM32H7xx_HAL_Driver/Src/stm32h7xx_hal_rcc_ex.c:1365:3
	b	.LBB0_305
.Ltmp200:
.LBB0_305:
	.loc	5 1368 9                        @ ../Drivers/STM32H7xx_HAL_Driver/Src/stm32h7xx_hal_rcc_ex.c:1368:9
	ldr	r0, [sp, #96]
	.loc	5 1368 67 is_stmt 0             @ ../Drivers/STM32H7xx_HAL_Driver/Src/stm32h7xx_hal_rcc_ex.c:1368:67
	ldrb	r0, [r0, #2]
.Ltmp201:
	.loc	5 1368 7                        @ ../Drivers/STM32H7xx_HAL_Driver/Src/stm32h7xx_hal_rcc_ex.c:1368:7
	lsls	r0, r0, #29
	cmp	r0, #0
	bpl	.LBB0_317
	b	.LBB0_306
.LBB0_306:
.Ltmp202:
	.loc	5 1371 13 is_stmt 1             @ ../Drivers/STM32H7xx_HAL_Driver/Src/stm32h7xx_hal_rcc_ex.c:1371:13
	ldr	r0, [sp, #96]
	.loc	5 1371 28 is_stmt 0             @ ../Drivers/STM32H7xx_HAL_Driver/Src/stm32h7xx_hal_rcc_ex.c:1371:28
	ldr.w	r0, [r0, #132]
	.loc	5 1371 5                        @ ../Drivers/STM32H7xx_HAL_Driver/Src/stm32h7xx_hal_rcc_ex.c:1371:5
	str	r0, [sp, #12]                   @ 4-byte Spill
	cmp.w	r0, #1048576
	beq	.LBB0_309
	b	.LBB0_307
.LBB0_307:
	ldr	r0, [sp, #12]                   @ 4-byte Reload
	cmp.w	r0, #2097152
	beq	.LBB0_310
	b	.LBB0_308
.LBB0_308:
	ldr	r0, [sp, #12]                   @ 4-byte Reload
	cmp.w	r0, #3145728
	beq	.LBB0_311
	b	.LBB0_312
.LBB0_309:
	.loc	5 0 5                           @ ../Drivers/STM32H7xx_HAL_Driver/Src/stm32h7xx_hal_rcc_ex.c:0:5
	movw	r1, #17452
	movt	r1, #22530
.Ltmp203:
	.loc	5 1375 9 is_stmt 1              @ ../Drivers/STM32H7xx_HAL_Driver/Src/stm32h7xx_hal_rcc_ex.c:1375:9
	ldr	r0, [r1]
	orr	r0, r0, #131072
	str	r0, [r1]
	.loc	5 1378 9                        @ ../Drivers/STM32H7xx_HAL_Driver/Src/stm32h7xx_hal_rcc_ex.c:1378:9
	b	.LBB0_313
.LBB0_310:
	.loc	5 1382 35                       @ ../Drivers/STM32H7xx_HAL_Driver/Src/stm32h7xx_hal_rcc_ex.c:1382:35
	ldr	r0, [sp, #96]
	.loc	5 1382 50 is_stmt 0             @ ../Drivers/STM32H7xx_HAL_Driver/Src/stm32h7xx_hal_rcc_ex.c:1382:50
	adds	r0, #40
	movs	r1, #1
	.loc	5 1382 15                       @ ../Drivers/STM32H7xx_HAL_Driver/Src/stm32h7xx_hal_rcc_ex.c:1382:15
	bl	RCCEx_PLL3_Config
	.loc	5 1382 13                       @ ../Drivers/STM32H7xx_HAL_Driver/Src/stm32h7xx_hal_rcc_ex.c:1382:13
	strb.w	r0, [sp, #87]
	.loc	5 1385 9 is_stmt 1              @ ../Drivers/STM32H7xx_HAL_Driver/Src/stm32h7xx_hal_rcc_ex.c:1385:9
	b	.LBB0_313
.LBB0_311:
	.loc	5 1390 9                        @ ../Drivers/STM32H7xx_HAL_Driver/Src/stm32h7xx_hal_rcc_ex.c:1390:9
	b	.LBB0_313
.LBB0_312:
	.loc	5 0 9 is_stmt 0                 @ ../Drivers/STM32H7xx_HAL_Driver/Src/stm32h7xx_hal_rcc_ex.c:0:9
	movs	r0, #1
	.loc	5 1393 13 is_stmt 1             @ ../Drivers/STM32H7xx_HAL_Driver/Src/stm32h7xx_hal_rcc_ex.c:1393:13
	strb.w	r0, [sp, #87]
	.loc	5 1394 9                        @ ../Drivers/STM32H7xx_HAL_Driver/Src/stm32h7xx_hal_rcc_ex.c:1394:9
	b	.LBB0_313
.Ltmp204:
.LBB0_313:
	.loc	5 1397 9                        @ ../Drivers/STM32H7xx_HAL_Driver/Src/stm32h7xx_hal_rcc_ex.c:1397:9
	ldrb.w	r0, [sp, #87]
.Ltmp205:
	.loc	5 1397 9 is_stmt 0              @ ../Drivers/STM32H7xx_HAL_Driver/Src/stm32h7xx_hal_rcc_ex.c:1397:9
	cbnz	r0, .LBB0_315
	b	.LBB0_314
.LBB0_314:
	.loc	5 0 9                           @ ../Drivers/STM32H7xx_HAL_Driver/Src/stm32h7xx_hal_rcc_ex.c:0:9
	movw	r1, #17492
	movt	r1, #22530
.Ltmp206:
	.loc	5 1400 7 is_stmt 1              @ ../Drivers/STM32H7xx_HAL_Driver/Src/stm32h7xx_hal_rcc_ex.c:1400:7
	ldr	r0, [r1]
	bic	r0, r0, #3145728
	ldr	r2, [sp, #96]
	ldr.w	r2, [r2, #132]
	orrs	r0, r2
	str	r0, [r1]
	.loc	5 1401 5                        @ ../Drivers/STM32H7xx_HAL_Driver/Src/stm32h7xx_hal_rcc_ex.c:1401:5
	b	.LBB0_316
.Ltmp207:
.LBB0_315:
	.loc	5 1405 16                       @ ../Drivers/STM32H7xx_HAL_Driver/Src/stm32h7xx_hal_rcc_ex.c:1405:16
	ldrb.w	r0, [sp, #87]
	.loc	5 1405 14 is_stmt 0             @ ../Drivers/STM32H7xx_HAL_Driver/Src/stm32h7xx_hal_rcc_ex.c:1405:14
	strb.w	r0, [sp, #86]
	b	.LBB0_316
.Ltmp208:
.LBB0_316:
	.loc	5 1408 3 is_stmt 1              @ ../Drivers/STM32H7xx_HAL_Driver/Src/stm32h7xx_hal_rcc_ex.c:1408:3
	b	.LBB0_317
.Ltmp209:
.LBB0_317:
	.loc	5 1411 9                        @ ../Drivers/STM32H7xx_HAL_Driver/Src/stm32h7xx_hal_rcc_ex.c:1411:9
	ldr	r0, [sp, #96]
	.loc	5 1411 69 is_stmt 0             @ ../Drivers/STM32H7xx_HAL_Driver/Src/stm32h7xx_hal_rcc_ex.c:1411:69
	ldrb	r0, [r0, #2]
.Ltmp210:
	.loc	5 1411 7                        @ ../Drivers/STM32H7xx_HAL_Driver/Src/stm32h7xx_hal_rcc_ex.c:1411:7
	lsls	r0, r0, #31
	cbz	r0, .LBB0_327
	b	.LBB0_318
.LBB0_318:
.Ltmp211:
	.loc	5 1416 13 is_stmt 1             @ ../Drivers/STM32H7xx_HAL_Driver/Src/stm32h7xx_hal_rcc_ex.c:1416:13
	ldr	r0, [sp, #96]
	.loc	5 1416 28 is_stmt 0             @ ../Drivers/STM32H7xx_HAL_Driver/Src/stm32h7xx_hal_rcc_ex.c:1416:28
	ldr	r0, [r0, #80]
	.loc	5 1416 5                        @ ../Drivers/STM32H7xx_HAL_Driver/Src/stm32h7xx_hal_rcc_ex.c:1416:5
	str	r0, [sp, #8]                    @ 4-byte Spill
	cbz	r0, .LBB0_320
	b	.LBB0_319
.LBB0_319:
	ldr	r0, [sp, #8]                    @ 4-byte Reload
	cmp.w	r0, #65536
	beq	.LBB0_321
	b	.LBB0_322
.LBB0_320:
	.loc	5 0 5                           @ ../Drivers/STM32H7xx_HAL_Driver/Src/stm32h7xx_hal_rcc_ex.c:0:5
	movw	r1, #17452
	movt	r1, #22530
.Ltmp212:
	.loc	5 1420 9 is_stmt 1              @ ../Drivers/STM32H7xx_HAL_Driver/Src/stm32h7xx_hal_rcc_ex.c:1420:9
	ldr	r0, [r1]
	orr	r0, r0, #131072
	str	r0, [r1]
	.loc	5 1423 9                        @ ../Drivers/STM32H7xx_HAL_Driver/Src/stm32h7xx_hal_rcc_ex.c:1423:9
	b	.LBB0_323
.LBB0_321:
	.loc	5 1427 35                       @ ../Drivers/STM32H7xx_HAL_Driver/Src/stm32h7xx_hal_rcc_ex.c:1427:35
	ldr	r0, [sp, #96]
	.loc	5 1427 50 is_stmt 0             @ ../Drivers/STM32H7xx_HAL_Driver/Src/stm32h7xx_hal_rcc_ex.c:1427:50
	adds	r0, #8
	movs	r1, #2
	.loc	5 1427 15                       @ ../Drivers/STM32H7xx_HAL_Driver/Src/stm32h7xx_hal_rcc_ex.c:1427:15
	bl	RCCEx_PLL2_Config
	.loc	5 1427 13                       @ ../Drivers/STM32H7xx_HAL_Driver/Src/stm32h7xx_hal_rcc_ex.c:1427:13
	strb.w	r0, [sp, #87]
	.loc	5 1430 9 is_stmt 1              @ ../Drivers/STM32H7xx_HAL_Driver/Src/stm32h7xx_hal_rcc_ex.c:1430:9
	b	.LBB0_323
.LBB0_322:
	.loc	5 0 9 is_stmt 0                 @ ../Drivers/STM32H7xx_HAL_Driver/Src/stm32h7xx_hal_rcc_ex.c:0:9
	movs	r0, #1
	.loc	5 1433 13 is_stmt 1             @ ../Drivers/STM32H7xx_HAL_Driver/Src/stm32h7xx_hal_rcc_ex.c:1433:13
	strb.w	r0, [sp, #87]
	.loc	5 1434 9                        @ ../Drivers/STM32H7xx_HAL_Driver/Src/stm32h7xx_hal_rcc_ex.c:1434:9
	b	.LBB0_323
.Ltmp213:
.LBB0_323:
	.loc	5 1437 9                        @ ../Drivers/STM32H7xx_HAL_Driver/Src/stm32h7xx_hal_rcc_ex.c:1437:9
	ldrb.w	r0, [sp, #87]
.Ltmp214:
	.loc	5 1437 9 is_stmt 0              @ ../Drivers/STM32H7xx_HAL_Driver/Src/stm32h7xx_hal_rcc_ex.c:1437:9
	cbnz	r0, .LBB0_325
	b	.LBB0_324
.LBB0_324:
	.loc	5 0 9                           @ ../Drivers/STM32H7xx_HAL_Driver/Src/stm32h7xx_hal_rcc_ex.c:0:9
	movw	r1, #17484
	movt	r1, #22530
.Ltmp215:
	.loc	5 1440 7 is_stmt 1              @ ../Drivers/STM32H7xx_HAL_Driver/Src/stm32h7xx_hal_rcc_ex.c:1440:7
	ldr	r0, [r1]
	bic	r0, r0, #65536
	ldr	r2, [sp, #96]
	ldr	r2, [r2, #80]
	orrs	r0, r2
	str	r0, [r1]
	.loc	5 1441 5                        @ ../Drivers/STM32H7xx_HAL_Driver/Src/stm32h7xx_hal_rcc_ex.c:1441:5
	b	.LBB0_326
.Ltmp216:
.LBB0_325:
	.loc	5 1445 16                       @ ../Drivers/STM32H7xx_HAL_Driver/Src/stm32h7xx_hal_rcc_ex.c:1445:16
	ldrb.w	r0, [sp, #87]
	.loc	5 1445 14 is_stmt 0             @ ../Drivers/STM32H7xx_HAL_Driver/Src/stm32h7xx_hal_rcc_ex.c:1445:14
	strb.w	r0, [sp, #86]
	b	.LBB0_326
.Ltmp217:
.LBB0_326:
	.loc	5 1447 3 is_stmt 1              @ ../Drivers/STM32H7xx_HAL_Driver/Src/stm32h7xx_hal_rcc_ex.c:1447:3
	b	.LBB0_327
.Ltmp218:
.LBB0_327:
	.loc	5 1451 9                        @ ../Drivers/STM32H7xx_HAL_Driver/Src/stm32h7xx_hal_rcc_ex.c:1451:9
	ldr	r0, [sp, #96]
	.loc	5 1451 68 is_stmt 0             @ ../Drivers/STM32H7xx_HAL_Driver/Src/stm32h7xx_hal_rcc_ex.c:1451:68
	ldrb	r0, [r0, #3]
.Ltmp219:
	.loc	5 1451 7                        @ ../Drivers/STM32H7xx_HAL_Driver/Src/stm32h7xx_hal_rcc_ex.c:1451:7
	lsls	r0, r0, #26
	cmp	r0, #0
	bpl	.LBB0_331
	b	.LBB0_328
.LBB0_328:
.Ltmp220:
	.loc	5 1453 29 is_stmt 1             @ ../Drivers/STM32H7xx_HAL_Driver/Src/stm32h7xx_hal_rcc_ex.c:1453:29
	ldr	r0, [sp, #96]
	.loc	5 1453 44 is_stmt 0             @ ../Drivers/STM32H7xx_HAL_Driver/Src/stm32h7xx_hal_rcc_ex.c:1453:44
	adds	r0, #40
	movs	r1, #2
	.loc	5 1453 9                        @ ../Drivers/STM32H7xx_HAL_Driver/Src/stm32h7xx_hal_rcc_ex.c:1453:9
	bl	RCCEx_PLL3_Config
.Ltmp221:
	.loc	5 1453 9                        @ ../Drivers/STM32H7xx_HAL_Driver/Src/stm32h7xx_hal_rcc_ex.c:1453:9
	cbz	r0, .LBB0_330
	b	.LBB0_329
.LBB0_329:
	.loc	5 0 9                           @ ../Drivers/STM32H7xx_HAL_Driver/Src/stm32h7xx_hal_rcc_ex.c:0:9
	movs	r0, #1
.Ltmp222:
	.loc	5 1455 14 is_stmt 1             @ ../Drivers/STM32H7xx_HAL_Driver/Src/stm32h7xx_hal_rcc_ex.c:1455:14
	strb.w	r0, [sp, #86]
	.loc	5 1456 5                        @ ../Drivers/STM32H7xx_HAL_Driver/Src/stm32h7xx_hal_rcc_ex.c:1456:5
	b	.LBB0_330
.Ltmp223:
.LBB0_330:
	.loc	5 1457 3                        @ ../Drivers/STM32H7xx_HAL_Driver/Src/stm32h7xx_hal_rcc_ex.c:1457:3
	b	.LBB0_331
.Ltmp224:
.LBB0_331:
	.loc	5 1461 9                        @ ../Drivers/STM32H7xx_HAL_Driver/Src/stm32h7xx_hal_rcc_ex.c:1461:9
	ldr	r0, [sp, #96]
	.loc	5 1461 67 is_stmt 0             @ ../Drivers/STM32H7xx_HAL_Driver/Src/stm32h7xx_hal_rcc_ex.c:1461:67
	ldrb	r0, [r0, #2]
.Ltmp225:
	.loc	5 1461 7                        @ ../Drivers/STM32H7xx_HAL_Driver/Src/stm32h7xx_hal_rcc_ex.c:1461:7
	lsls	r0, r0, #30
	cmp	r0, #0
	bpl	.LBB0_345
	b	.LBB0_332
.LBB0_332:
.Ltmp226:
	.loc	5 1464 13 is_stmt 1             @ ../Drivers/STM32H7xx_HAL_Driver/Src/stm32h7xx_hal_rcc_ex.c:1464:13
	ldr	r0, [sp, #96]
	.loc	5 1464 28 is_stmt 0             @ ../Drivers/STM32H7xx_HAL_Driver/Src/stm32h7xx_hal_rcc_ex.c:1464:28
	ldr	r0, [r0, #124]
	.loc	5 1464 5                        @ ../Drivers/STM32H7xx_HAL_Driver/Src/stm32h7xx_hal_rcc_ex.c:1464:5
	str	r0, [sp, #4]                    @ 4-byte Spill
	cbz	r0, .LBB0_339
	b	.LBB0_333
.LBB0_333:
	ldr	r0, [sp, #4]                    @ 4-byte Reload
	cmp.w	r0, #256
	beq	.LBB0_336
	b	.LBB0_334
.LBB0_334:
	ldr	r0, [sp, #4]                    @ 4-byte Reload
	cmp.w	r0, #512
	beq	.LBB0_337
	b	.LBB0_335
.LBB0_335:
	ldr	r0, [sp, #4]                    @ 4-byte Reload
	cmp.w	r0, #768
	beq	.LBB0_338
	b	.LBB0_340
.LBB0_336:
	.loc	5 0 5                           @ ../Drivers/STM32H7xx_HAL_Driver/Src/stm32h7xx_hal_rcc_ex.c:0:5
	movw	r1, #17452
	movt	r1, #22530
.Ltmp227:
	.loc	5 1468 9 is_stmt 1              @ ../Drivers/STM32H7xx_HAL_Driver/Src/stm32h7xx_hal_rcc_ex.c:1468:9
	ldr	r0, [r1]
	orr	r0, r0, #131072
	str	r0, [r1]
	.loc	5 1471 9                        @ ../Drivers/STM32H7xx_HAL_Driver/Src/stm32h7xx_hal_rcc_ex.c:1471:9
	b	.LBB0_341
.LBB0_337:
	.loc	5 1476 9                        @ ../Drivers/STM32H7xx_HAL_Driver/Src/stm32h7xx_hal_rcc_ex.c:1476:9
	b	.LBB0_341
.LBB0_338:
	.loc	5 1481 9                        @ ../Drivers/STM32H7xx_HAL_Driver/Src/stm32h7xx_hal_rcc_ex.c:1481:9
	b	.LBB0_341
.LBB0_339:
	.loc	5 1485 9                        @ ../Drivers/STM32H7xx_HAL_Driver/Src/stm32h7xx_hal_rcc_ex.c:1485:9
	b	.LBB0_341
.LBB0_340:
	.loc	5 0 9 is_stmt 0                 @ ../Drivers/STM32H7xx_HAL_Driver/Src/stm32h7xx_hal_rcc_ex.c:0:9
	movs	r0, #1
	.loc	5 1488 13 is_stmt 1             @ ../Drivers/STM32H7xx_HAL_Driver/Src/stm32h7xx_hal_rcc_ex.c:1488:13
	strb.w	r0, [sp, #87]
	.loc	5 1489 9                        @ ../Drivers/STM32H7xx_HAL_Driver/Src/stm32h7xx_hal_rcc_ex.c:1489:9
	b	.LBB0_341
.Ltmp228:
.LBB0_341:
	.loc	5 1492 9                        @ ../Drivers/STM32H7xx_HAL_Driver/Src/stm32h7xx_hal_rcc_ex.c:1492:9
	ldrb.w	r0, [sp, #87]
.Ltmp229:
	.loc	5 1492 9 is_stmt 0              @ ../Drivers/STM32H7xx_HAL_Driver/Src/stm32h7xx_hal_rcc_ex.c:1492:9
	cbnz	r0, .LBB0_343
	b	.LBB0_342
.LBB0_342:
	.loc	5 0 9                           @ ../Drivers/STM32H7xx_HAL_Driver/Src/stm32h7xx_hal_rcc_ex.c:0:9
	movw	r1, #17492
	movt	r1, #22530
.Ltmp230:
	.loc	5 1495 7 is_stmt 1              @ ../Drivers/STM32H7xx_HAL_Driver/Src/stm32h7xx_hal_rcc_ex.c:1495:7
	ldr	r0, [r1]
	bic	r0, r0, #768
	ldr	r2, [sp, #96]
	ldr	r2, [r2, #124]
	orrs	r0, r2
	str	r0, [r1]
	.loc	5 1496 5                        @ ../Drivers/STM32H7xx_HAL_Driver/Src/stm32h7xx_hal_rcc_ex.c:1496:5
	b	.LBB0_344
.Ltmp231:
.LBB0_343:
	.loc	5 1500 16                       @ ../Drivers/STM32H7xx_HAL_Driver/Src/stm32h7xx_hal_rcc_ex.c:1500:16
	ldrb.w	r0, [sp, #87]
	.loc	5 1500 14 is_stmt 0             @ ../Drivers/STM32H7xx_HAL_Driver/Src/stm32h7xx_hal_rcc_ex.c:1500:14
	strb.w	r0, [sp, #86]
	b	.LBB0_344
.Ltmp232:
.LBB0_344:
	.loc	5 1503 3 is_stmt 1              @ ../Drivers/STM32H7xx_HAL_Driver/Src/stm32h7xx_hal_rcc_ex.c:1503:3
	b	.LBB0_345
.Ltmp233:
.LBB0_345:
	.loc	5 1506 9                        @ ../Drivers/STM32H7xx_HAL_Driver/Src/stm32h7xx_hal_rcc_ex.c:1506:9
	ldr	r0, [sp, #96]
	.loc	5 1506 70 is_stmt 0             @ ../Drivers/STM32H7xx_HAL_Driver/Src/stm32h7xx_hal_rcc_ex.c:1506:70
	ldrb	r0, [r0, #2]
.Ltmp234:
	.loc	5 1506 7                        @ ../Drivers/STM32H7xx_HAL_Driver/Src/stm32h7xx_hal_rcc_ex.c:1506:7
	lsls	r0, r0, #27
	cmp	r0, #0
	bpl	.LBB0_347
	b	.LBB0_346
.LBB0_346:
	.loc	5 0 7                           @ ../Drivers/STM32H7xx_HAL_Driver/Src/stm32h7xx_hal_rcc_ex.c:0:7
	movw	r1, #17488
	movt	r1, #22530
.Ltmp235:
	.loc	5 1512 5 is_stmt 1              @ ../Drivers/STM32H7xx_HAL_Driver/Src/stm32h7xx_hal_rcc_ex.c:1512:5
	ldr	r0, [r1]
	bic	r0, r0, #-2147483648
	ldr	r2, [sp, #96]
	ldr	r2, [r2, #112]
	orrs	r0, r2
	str	r0, [r1]
	.loc	5 1513 3                        @ ../Drivers/STM32H7xx_HAL_Driver/Src/stm32h7xx_hal_rcc_ex.c:1513:3
	b	.LBB0_347
.Ltmp236:
.LBB0_347:
	.loc	5 1526 9                        @ ../Drivers/STM32H7xx_HAL_Driver/Src/stm32h7xx_hal_rcc_ex.c:1526:9
	ldr	r0, [sp, #96]
	.loc	5 1526 70 is_stmt 0             @ ../Drivers/STM32H7xx_HAL_Driver/Src/stm32h7xx_hal_rcc_ex.c:1526:70
	ldrb	r0, [r0, #2]
.Ltmp237:
	.loc	5 1526 7                        @ ../Drivers/STM32H7xx_HAL_Driver/Src/stm32h7xx_hal_rcc_ex.c:1526:7
	lsls	r0, r0, #26
	cmp	r0, #0
	bpl	.LBB0_349
	b	.LBB0_348
.LBB0_348:
	.loc	5 0 7                           @ ../Drivers/STM32H7xx_HAL_Driver/Src/stm32h7xx_hal_rcc_ex.c:0:7
	movw	r1, #17488
	movt	r1, #22530
.Ltmp238:
	.loc	5 1532 5 is_stmt 1              @ ../Drivers/STM32H7xx_HAL_Driver/Src/stm32h7xx_hal_rcc_ex.c:1532:5
	ldr	r0, [r1]
	bic	r0, r0, #16777216
	ldr	r2, [sp, #96]
	ldr	r2, [r2, #104]
	orrs	r0, r2
	str	r0, [r1]
	.loc	5 1533 3                        @ ../Drivers/STM32H7xx_HAL_Driver/Src/stm32h7xx_hal_rcc_ex.c:1533:3
	b	.LBB0_349
.Ltmp239:
.LBB0_349:
	.loc	5 1548 9                        @ ../Drivers/STM32H7xx_HAL_Driver/Src/stm32h7xx_hal_rcc_ex.c:1548:9
	ldr	r0, [sp, #96]
	.loc	5 1548 67 is_stmt 0             @ ../Drivers/STM32H7xx_HAL_Driver/Src/stm32h7xx_hal_rcc_ex.c:1548:67
	ldrb	r0, [r0, #3]
.Ltmp240:
	.loc	5 1548 7                        @ ../Drivers/STM32H7xx_HAL_Driver/Src/stm32h7xx_hal_rcc_ex.c:1548:7
	lsls	r0, r0, #25
	cmp	r0, #0
	bpl	.LBB0_353
	b	.LBB0_350
.LBB0_350:
.Ltmp241:
	.loc	5 1554 5 is_stmt 1              @ ../Drivers/STM32H7xx_HAL_Driver/Src/stm32h7xx_hal_rcc_ex.c:1554:5
	b	.LBB0_351
.LBB0_351:
	.loc	5 0 5 is_stmt 0                 @ ../Drivers/STM32H7xx_HAL_Driver/Src/stm32h7xx_hal_rcc_ex.c:0:5
	movw	r1, #17424
	movt	r1, #22530
.Ltmp242:
	.loc	5 1554 5                        @ ../Drivers/STM32H7xx_HAL_Driver/Src/stm32h7xx_hal_rcc_ex.c:1554:5
	ldr	r0, [r1]
	bic	r0, r0, #32768
	str	r0, [r1]
	ldr	r0, [sp, #96]
	ldr.w	r2, [r0, #180]
	ldr	r0, [r1]
	orrs	r0, r2
	str	r0, [r1]
	b	.LBB0_352
.Ltmp243:
.LBB0_352:
	.loc	5 1555 3 is_stmt 1              @ ../Drivers/STM32H7xx_HAL_Driver/Src/stm32h7xx_hal_rcc_ex.c:1555:3
	b	.LBB0_353
.Ltmp244:
.LBB0_353:
	.loc	5 1558 9                        @ ../Drivers/STM32H7xx_HAL_Driver/Src/stm32h7xx_hal_rcc_ex.c:1558:9
	ldr	r0, [sp, #96]
	.loc	5 1558 69 is_stmt 0             @ ../Drivers/STM32H7xx_HAL_Driver/Src/stm32h7xx_hal_rcc_ex.c:1558:69
	ldrb	r0, [r0, #3]
.Ltmp245:
	.loc	5 1558 7                        @ ../Drivers/STM32H7xx_HAL_Driver/Src/stm32h7xx_hal_rcc_ex.c:1558:7
	lsls	r0, r0, #24
	cmp	r0, #0
	bpl	.LBB0_355
	b	.LBB0_354
.LBB0_354:
	.loc	5 0 7                           @ ../Drivers/STM32H7xx_HAL_Driver/Src/stm32h7xx_hal_rcc_ex.c:0:7
	movw	r1, #17484
	movt	r1, #22530
.Ltmp246:
	.loc	5 1564 5 is_stmt 1              @ ../Drivers/STM32H7xx_HAL_Driver/Src/stm32h7xx_hal_rcc_ex.c:1564:5
	ldr	r0, [r1]
	bic	r0, r0, #805306368
	ldr	r2, [sp, #96]
	ldr	r2, [r2, #84]
	orrs	r0, r2
	str	r0, [r1]
	.loc	5 1565 3                        @ ../Drivers/STM32H7xx_HAL_Driver/Src/stm32h7xx_hal_rcc_ex.c:1565:3
	b	.LBB0_355
.Ltmp247:
.LBB0_355:
	.loc	5 1568 9                        @ ../Drivers/STM32H7xx_HAL_Driver/Src/stm32h7xx_hal_rcc_ex.c:1568:9
	ldr	r0, [sp, #96]
	.loc	5 1568 67 is_stmt 0             @ ../Drivers/STM32H7xx_HAL_Driver/Src/stm32h7xx_hal_rcc_ex.c:1568:67
	ldrb	r0, [r0, #2]
.Ltmp248:
	.loc	5 1568 7                        @ ../Drivers/STM32H7xx_HAL_Driver/Src/stm32h7xx_hal_rcc_ex.c:1568:7
	lsls	r0, r0, #24
	cmp	r0, #0
	bpl	.LBB0_357
	b	.LBB0_356
.LBB0_356:
	.loc	5 0 7                           @ ../Drivers/STM32H7xx_HAL_Driver/Src/stm32h7xx_hal_rcc_ex.c:0:7
	movw	r1, #17492
	movt	r1, #22530
.Ltmp249:
	.loc	5 1574 5 is_stmt 1              @ ../Drivers/STM32H7xx_HAL_Driver/Src/stm32h7xx_hal_rcc_ex.c:1574:5
	ldr	r0, [r1]
	bic	r0, r0, #12582912
	ldr	r2, [sp, #96]
	ldr.w	r2, [r2, #136]
	orrs	r0, r2
	str	r0, [r1]
	.loc	5 1575 3                        @ ../Drivers/STM32H7xx_HAL_Driver/Src/stm32h7xx_hal_rcc_ex.c:1575:3
	b	.LBB0_357
.Ltmp250:
.LBB0_357:
	.loc	5 1578 9                        @ ../Drivers/STM32H7xx_HAL_Driver/Src/stm32h7xx_hal_rcc_ex.c:1578:9
	ldr	r0, [sp, #96]
	.loc	5 1578 73 is_stmt 0             @ ../Drivers/STM32H7xx_HAL_Driver/Src/stm32h7xx_hal_rcc_ex.c:1578:73
	ldrb	r0, [r0, #4]
.Ltmp251:
	.loc	5 1578 7                        @ ../Drivers/STM32H7xx_HAL_Driver/Src/stm32h7xx_hal_rcc_ex.c:1578:7
	lsls	r0, r0, #31
	cbz	r0, .LBB0_362
	b	.LBB0_358
.LBB0_358:
.Ltmp252:
	.loc	5 1580 31 is_stmt 1             @ ../Drivers/STM32H7xx_HAL_Driver/Src/stm32h7xx_hal_rcc_ex.c:1580:31
	ldr	r0, [sp, #96]
	.loc	5 1580 46 is_stmt 0             @ ../Drivers/STM32H7xx_HAL_Driver/Src/stm32h7xx_hal_rcc_ex.c:1580:46
	adds	r0, #8
	movs	r1, #0
	.loc	5 1580 11                       @ ../Drivers/STM32H7xx_HAL_Driver/Src/stm32h7xx_hal_rcc_ex.c:1580:11
	bl	RCCEx_PLL2_Config
	.loc	5 1580 9                        @ ../Drivers/STM32H7xx_HAL_Driver/Src/stm32h7xx_hal_rcc_ex.c:1580:9
	strb.w	r0, [sp, #87]
.Ltmp253:
	.loc	5 1582 9 is_stmt 1              @ ../Drivers/STM32H7xx_HAL_Driver/Src/stm32h7xx_hal_rcc_ex.c:1582:9
	ldrb.w	r0, [sp, #87]
.Ltmp254:
	.loc	5 1582 9 is_stmt 0              @ ../Drivers/STM32H7xx_HAL_Driver/Src/stm32h7xx_hal_rcc_ex.c:1582:9
	cbnz	r0, .LBB0_360
	b	.LBB0_359
.LBB0_359:
.Ltmp255:
	.loc	5 1585 5 is_stmt 1              @ ../Drivers/STM32H7xx_HAL_Driver/Src/stm32h7xx_hal_rcc_ex.c:1585:5
	b	.LBB0_361
.Ltmp256:
.LBB0_360:
	.loc	5 1589 16                       @ ../Drivers/STM32H7xx_HAL_Driver/Src/stm32h7xx_hal_rcc_ex.c:1589:16
	ldrb.w	r0, [sp, #87]
	.loc	5 1589 14 is_stmt 0             @ ../Drivers/STM32H7xx_HAL_Driver/Src/stm32h7xx_hal_rcc_ex.c:1589:14
	strb.w	r0, [sp, #86]
	b	.LBB0_361
.Ltmp257:
.LBB0_361:
	.loc	5 1591 3 is_stmt 1              @ ../Drivers/STM32H7xx_HAL_Driver/Src/stm32h7xx_hal_rcc_ex.c:1591:3
	b	.LBB0_362
.Ltmp258:
.LBB0_362:
	.loc	5 1594 9                        @ ../Drivers/STM32H7xx_HAL_Driver/Src/stm32h7xx_hal_rcc_ex.c:1594:9
	ldr	r0, [sp, #96]
	.loc	5 1594 73 is_stmt 0             @ ../Drivers/STM32H7xx_HAL_Driver/Src/stm32h7xx_hal_rcc_ex.c:1594:73
	ldrb	r0, [r0, #4]
.Ltmp259:
	.loc	5 1594 7                        @ ../Drivers/STM32H7xx_HAL_Driver/Src/stm32h7xx_hal_rcc_ex.c:1594:7
	lsls	r0, r0, #30
	cmp	r0, #0
	bpl	.LBB0_367
	b	.LBB0_363
.LBB0_363:
.Ltmp260:
	.loc	5 1596 31 is_stmt 1             @ ../Drivers/STM32H7xx_HAL_Driver/Src/stm32h7xx_hal_rcc_ex.c:1596:31
	ldr	r0, [sp, #96]
	.loc	5 1596 46 is_stmt 0             @ ../Drivers/STM32H7xx_HAL_Driver/Src/stm32h7xx_hal_rcc_ex.c:1596:46
	adds	r0, #8
	movs	r1, #1
	.loc	5 1596 11                       @ ../Drivers/STM32H7xx_HAL_Driver/Src/stm32h7xx_hal_rcc_ex.c:1596:11
	bl	RCCEx_PLL2_Config
	.loc	5 1596 9                        @ ../Drivers/STM32H7xx_HAL_Driver/Src/stm32h7xx_hal_rcc_ex.c:1596:9
	strb.w	r0, [sp, #87]
.Ltmp261:
	.loc	5 1598 9 is_stmt 1              @ ../Drivers/STM32H7xx_HAL_Driver/Src/stm32h7xx_hal_rcc_ex.c:1598:9
	ldrb.w	r0, [sp, #87]
.Ltmp262:
	.loc	5 1598 9 is_stmt 0              @ ../Drivers/STM32H7xx_HAL_Driver/Src/stm32h7xx_hal_rcc_ex.c:1598:9
	cbnz	r0, .LBB0_365
	b	.LBB0_364
.LBB0_364:
.Ltmp263:
	.loc	5 1601 5 is_stmt 1              @ ../Drivers/STM32H7xx_HAL_Driver/Src/stm32h7xx_hal_rcc_ex.c:1601:5
	b	.LBB0_366
.Ltmp264:
.LBB0_365:
	.loc	5 1605 16                       @ ../Drivers/STM32H7xx_HAL_Driver/Src/stm32h7xx_hal_rcc_ex.c:1605:16
	ldrb.w	r0, [sp, #87]
	.loc	5 1605 14 is_stmt 0             @ ../Drivers/STM32H7xx_HAL_Driver/Src/stm32h7xx_hal_rcc_ex.c:1605:14
	strb.w	r0, [sp, #86]
	b	.LBB0_366
.Ltmp265:
.LBB0_366:
	.loc	5 1607 3 is_stmt 1              @ ../Drivers/STM32H7xx_HAL_Driver/Src/stm32h7xx_hal_rcc_ex.c:1607:3
	b	.LBB0_367
.Ltmp266:
.LBB0_367:
	.loc	5 1610 9                        @ ../Drivers/STM32H7xx_HAL_Driver/Src/stm32h7xx_hal_rcc_ex.c:1610:9
	ldr	r0, [sp, #96]
	.loc	5 1610 73 is_stmt 0             @ ../Drivers/STM32H7xx_HAL_Driver/Src/stm32h7xx_hal_rcc_ex.c:1610:73
	ldrb	r0, [r0, #4]
.Ltmp267:
	.loc	5 1610 7                        @ ../Drivers/STM32H7xx_HAL_Driver/Src/stm32h7xx_hal_rcc_ex.c:1610:7
	lsls	r0, r0, #29
	cmp	r0, #0
	bpl	.LBB0_372
	b	.LBB0_368
.LBB0_368:
.Ltmp268:
	.loc	5 1612 31 is_stmt 1             @ ../Drivers/STM32H7xx_HAL_Driver/Src/stm32h7xx_hal_rcc_ex.c:1612:31
	ldr	r0, [sp, #96]
	.loc	5 1612 46 is_stmt 0             @ ../Drivers/STM32H7xx_HAL_Driver/Src/stm32h7xx_hal_rcc_ex.c:1612:46
	adds	r0, #8
	movs	r1, #2
	.loc	5 1612 11                       @ ../Drivers/STM32H7xx_HAL_Driver/Src/stm32h7xx_hal_rcc_ex.c:1612:11
	bl	RCCEx_PLL2_Config
	.loc	5 1612 9                        @ ../Drivers/STM32H7xx_HAL_Driver/Src/stm32h7xx_hal_rcc_ex.c:1612:9
	strb.w	r0, [sp, #87]
.Ltmp269:
	.loc	5 1614 9 is_stmt 1              @ ../Drivers/STM32H7xx_HAL_Driver/Src/stm32h7xx_hal_rcc_ex.c:1614:9
	ldrb.w	r0, [sp, #87]
.Ltmp270:
	.loc	5 1614 9 is_stmt 0              @ ../Drivers/STM32H7xx_HAL_Driver/Src/stm32h7xx_hal_rcc_ex.c:1614:9
	cbnz	r0, .LBB0_370
	b	.LBB0_369
.LBB0_369:
.Ltmp271:
	.loc	5 1617 5 is_stmt 1              @ ../Drivers/STM32H7xx_HAL_Driver/Src/stm32h7xx_hal_rcc_ex.c:1617:5
	b	.LBB0_371
.Ltmp272:
.LBB0_370:
	.loc	5 1621 16                       @ ../Drivers/STM32H7xx_HAL_Driver/Src/stm32h7xx_hal_rcc_ex.c:1621:16
	ldrb.w	r0, [sp, #87]
	.loc	5 1621 14 is_stmt 0             @ ../Drivers/STM32H7xx_HAL_Driver/Src/stm32h7xx_hal_rcc_ex.c:1621:14
	strb.w	r0, [sp, #86]
	b	.LBB0_371
.Ltmp273:
.LBB0_371:
	.loc	5 1623 3 is_stmt 1              @ ../Drivers/STM32H7xx_HAL_Driver/Src/stm32h7xx_hal_rcc_ex.c:1623:3
	b	.LBB0_372
.Ltmp274:
.LBB0_372:
	.loc	5 1627 9                        @ ../Drivers/STM32H7xx_HAL_Driver/Src/stm32h7xx_hal_rcc_ex.c:1627:9
	ldr	r0, [sp, #96]
	.loc	5 1627 73 is_stmt 0             @ ../Drivers/STM32H7xx_HAL_Driver/Src/stm32h7xx_hal_rcc_ex.c:1627:73
	ldrb	r0, [r0, #4]
.Ltmp275:
	.loc	5 1627 7                        @ ../Drivers/STM32H7xx_HAL_Driver/Src/stm32h7xx_hal_rcc_ex.c:1627:7
	lsls	r0, r0, #28
	cmp	r0, #0
	bpl	.LBB0_377
	b	.LBB0_373
.LBB0_373:
.Ltmp276:
	.loc	5 1629 31 is_stmt 1             @ ../Drivers/STM32H7xx_HAL_Driver/Src/stm32h7xx_hal_rcc_ex.c:1629:31
	ldr	r0, [sp, #96]
	.loc	5 1629 46 is_stmt 0             @ ../Drivers/STM32H7xx_HAL_Driver/Src/stm32h7xx_hal_rcc_ex.c:1629:46
	adds	r0, #40
	movs	r1, #0
	.loc	5 1629 11                       @ ../Drivers/STM32H7xx_HAL_Driver/Src/stm32h7xx_hal_rcc_ex.c:1629:11
	bl	RCCEx_PLL3_Config
	.loc	5 1629 9                        @ ../Drivers/STM32H7xx_HAL_Driver/Src/stm32h7xx_hal_rcc_ex.c:1629:9
	strb.w	r0, [sp, #87]
.Ltmp277:
	.loc	5 1631 9 is_stmt 1              @ ../Drivers/STM32H7xx_HAL_Driver/Src/stm32h7xx_hal_rcc_ex.c:1631:9
	ldrb.w	r0, [sp, #87]
.Ltmp278:
	.loc	5 1631 9 is_stmt 0              @ ../Drivers/STM32H7xx_HAL_Driver/Src/stm32h7xx_hal_rcc_ex.c:1631:9
	cbnz	r0, .LBB0_375
	b	.LBB0_374
.LBB0_374:
.Ltmp279:
	.loc	5 1634 5 is_stmt 1              @ ../Drivers/STM32H7xx_HAL_Driver/Src/stm32h7xx_hal_rcc_ex.c:1634:5
	b	.LBB0_376
.Ltmp280:
.LBB0_375:
	.loc	5 1638 16                       @ ../Drivers/STM32H7xx_HAL_Driver/Src/stm32h7xx_hal_rcc_ex.c:1638:16
	ldrb.w	r0, [sp, #87]
	.loc	5 1638 14 is_stmt 0             @ ../Drivers/STM32H7xx_HAL_Driver/Src/stm32h7xx_hal_rcc_ex.c:1638:14
	strb.w	r0, [sp, #86]
	b	.LBB0_376
.Ltmp281:
.LBB0_376:
	.loc	5 1640 3 is_stmt 1              @ ../Drivers/STM32H7xx_HAL_Driver/Src/stm32h7xx_hal_rcc_ex.c:1640:3
	b	.LBB0_377
.Ltmp282:
.LBB0_377:
	.loc	5 1643 9                        @ ../Drivers/STM32H7xx_HAL_Driver/Src/stm32h7xx_hal_rcc_ex.c:1643:9
	ldr	r0, [sp, #96]
	.loc	5 1643 73 is_stmt 0             @ ../Drivers/STM32H7xx_HAL_Driver/Src/stm32h7xx_hal_rcc_ex.c:1643:73
	ldrb	r0, [r0, #4]
.Ltmp283:
	.loc	5 1643 7                        @ ../Drivers/STM32H7xx_HAL_Driver/Src/stm32h7xx_hal_rcc_ex.c:1643:7
	lsls	r0, r0, #27
	cmp	r0, #0
	bpl	.LBB0_382
	b	.LBB0_378
.LBB0_378:
.Ltmp284:
	.loc	5 1645 31 is_stmt 1             @ ../Drivers/STM32H7xx_HAL_Driver/Src/stm32h7xx_hal_rcc_ex.c:1645:31
	ldr	r0, [sp, #96]
	.loc	5 1645 46 is_stmt 0             @ ../Drivers/STM32H7xx_HAL_Driver/Src/stm32h7xx_hal_rcc_ex.c:1645:46
	adds	r0, #40
	movs	r1, #1
	.loc	5 1645 11                       @ ../Drivers/STM32H7xx_HAL_Driver/Src/stm32h7xx_hal_rcc_ex.c:1645:11
	bl	RCCEx_PLL3_Config
	.loc	5 1645 9                        @ ../Drivers/STM32H7xx_HAL_Driver/Src/stm32h7xx_hal_rcc_ex.c:1645:9
	strb.w	r0, [sp, #87]
.Ltmp285:
	.loc	5 1647 9 is_stmt 1              @ ../Drivers/STM32H7xx_HAL_Driver/Src/stm32h7xx_hal_rcc_ex.c:1647:9
	ldrb.w	r0, [sp, #87]
.Ltmp286:
	.loc	5 1647 9 is_stmt 0              @ ../Drivers/STM32H7xx_HAL_Driver/Src/stm32h7xx_hal_rcc_ex.c:1647:9
	cbnz	r0, .LBB0_380
	b	.LBB0_379
.LBB0_379:
.Ltmp287:
	.loc	5 1650 5 is_stmt 1              @ ../Drivers/STM32H7xx_HAL_Driver/Src/stm32h7xx_hal_rcc_ex.c:1650:5
	b	.LBB0_381
.Ltmp288:
.LBB0_380:
	.loc	5 1654 16                       @ ../Drivers/STM32H7xx_HAL_Driver/Src/stm32h7xx_hal_rcc_ex.c:1654:16
	ldrb.w	r0, [sp, #87]
	.loc	5 1654 14 is_stmt 0             @ ../Drivers/STM32H7xx_HAL_Driver/Src/stm32h7xx_hal_rcc_ex.c:1654:14
	strb.w	r0, [sp, #86]
	b	.LBB0_381
.Ltmp289:
.LBB0_381:
	.loc	5 1656 3 is_stmt 1              @ ../Drivers/STM32H7xx_HAL_Driver/Src/stm32h7xx_hal_rcc_ex.c:1656:3
	b	.LBB0_382
.Ltmp290:
.LBB0_382:
	.loc	5 1659 9                        @ ../Drivers/STM32H7xx_HAL_Driver/Src/stm32h7xx_hal_rcc_ex.c:1659:9
	ldr	r0, [sp, #96]
	.loc	5 1659 73 is_stmt 0             @ ../Drivers/STM32H7xx_HAL_Driver/Src/stm32h7xx_hal_rcc_ex.c:1659:73
	ldrb	r0, [r0, #4]
.Ltmp291:
	.loc	5 1659 7                        @ ../Drivers/STM32H7xx_HAL_Driver/Src/stm32h7xx_hal_rcc_ex.c:1659:7
	lsls	r0, r0, #26
	cmp	r0, #0
	bpl	.LBB0_387
	b	.LBB0_383
.LBB0_383:
.Ltmp292:
	.loc	5 1661 31 is_stmt 1             @ ../Drivers/STM32H7xx_HAL_Driver/Src/stm32h7xx_hal_rcc_ex.c:1661:31
	ldr	r0, [sp, #96]
	.loc	5 1661 46 is_stmt 0             @ ../Drivers/STM32H7xx_HAL_Driver/Src/stm32h7xx_hal_rcc_ex.c:1661:46
	adds	r0, #40
	movs	r1, #2
	.loc	5 1661 11                       @ ../Drivers/STM32H7xx_HAL_Driver/Src/stm32h7xx_hal_rcc_ex.c:1661:11
	bl	RCCEx_PLL3_Config
	.loc	5 1661 9                        @ ../Drivers/STM32H7xx_HAL_Driver/Src/stm32h7xx_hal_rcc_ex.c:1661:9
	strb.w	r0, [sp, #87]
.Ltmp293:
	.loc	5 1663 9 is_stmt 1              @ ../Drivers/STM32H7xx_HAL_Driver/Src/stm32h7xx_hal_rcc_ex.c:1663:9
	ldrb.w	r0, [sp, #87]
.Ltmp294:
	.loc	5 1663 9 is_stmt 0              @ ../Drivers/STM32H7xx_HAL_Driver/Src/stm32h7xx_hal_rcc_ex.c:1663:9
	cbnz	r0, .LBB0_385
	b	.LBB0_384
.LBB0_384:
.Ltmp295:
	.loc	5 1666 5 is_stmt 1              @ ../Drivers/STM32H7xx_HAL_Driver/Src/stm32h7xx_hal_rcc_ex.c:1666:5
	b	.LBB0_386
.Ltmp296:
.LBB0_385:
	.loc	5 1670 16                       @ ../Drivers/STM32H7xx_HAL_Driver/Src/stm32h7xx_hal_rcc_ex.c:1670:16
	ldrb.w	r0, [sp, #87]
	.loc	5 1670 14 is_stmt 0             @ ../Drivers/STM32H7xx_HAL_Driver/Src/stm32h7xx_hal_rcc_ex.c:1670:14
	strb.w	r0, [sp, #86]
	b	.LBB0_386
.Ltmp297:
.LBB0_386:
	.loc	5 1672 3 is_stmt 1              @ ../Drivers/STM32H7xx_HAL_Driver/Src/stm32h7xx_hal_rcc_ex.c:1672:3
	b	.LBB0_387
.Ltmp298:
.LBB0_387:
	.loc	5 1674 7                        @ ../Drivers/STM32H7xx_HAL_Driver/Src/stm32h7xx_hal_rcc_ex.c:1674:7
	ldrb.w	r0, [sp, #86]
.Ltmp299:
	.loc	5 1674 7 is_stmt 0              @ ../Drivers/STM32H7xx_HAL_Driver/Src/stm32h7xx_hal_rcc_ex.c:1674:7
	cbnz	r0, .LBB0_389
	b	.LBB0_388
.LBB0_388:
	.loc	5 0 7                           @ ../Drivers/STM32H7xx_HAL_Driver/Src/stm32h7xx_hal_rcc_ex.c:0:7
	movs	r0, #0
.Ltmp300:
	.loc	5 1676 5 is_stmt 1              @ ../Drivers/STM32H7xx_HAL_Driver/Src/stm32h7xx_hal_rcc_ex.c:1676:5
	strb.w	r0, [sp, #103]
	b	.LBB0_390
.Ltmp301:
.LBB0_389:
	.loc	5 0 5 is_stmt 0                 @ ../Drivers/STM32H7xx_HAL_Driver/Src/stm32h7xx_hal_rcc_ex.c:0:5
	movs	r0, #1
	.loc	5 1678 3 is_stmt 1              @ ../Drivers/STM32H7xx_HAL_Driver/Src/stm32h7xx_hal_rcc_ex.c:1678:3
	strb.w	r0, [sp, #103]
	b	.LBB0_390
.LBB0_390:
	.loc	5 1679 1                        @ ../Drivers/STM32H7xx_HAL_Driver/Src/stm32h7xx_hal_rcc_ex.c:1679:1
	ldrb.w	r0, [sp, #103]
	.loc	5 1679 1 epilogue_begin is_stmt 0 @ ../Drivers/STM32H7xx_HAL_Driver/Src/stm32h7xx_hal_rcc_ex.c:1679:1
	add	sp, #104
	pop	{r7, pc}
.Ltmp302:
.Lfunc_end0:
	.size	HAL_RCCEx_PeriphCLKConfig, .Lfunc_end0-HAL_RCCEx_PeriphCLKConfig
	.cfi_endproc
	.cantunwind
	.fnend
                                        @ -- End function
	.section	.text.RCCEx_PLL2_Config,"ax",%progbits
	.p2align	3                               @ -- Begin function RCCEx_PLL2_Config
	.type	RCCEx_PLL2_Config,%function
	.code	16                              @ @RCCEx_PLL2_Config
	.thumb_func
RCCEx_PLL2_Config:
.Lfunc_begin1:
	.loc	5 3694 0 is_stmt 1              @ ../Drivers/STM32H7xx_HAL_Driver/Src/stm32h7xx_hal_rcc_ex.c:3694:0
	.fnstart
	.cfi_startproc
@ %bb.0:
	.save	{r7, lr}
	push	{r7, lr}
	.cfi_def_cfa_offset 8
	.cfi_offset lr, -4
	.cfi_offset r7, -8
	.pad	#24
	sub	sp, #24
	.cfi_def_cfa_offset 32
	str	r0, [sp, #16]
	str	r1, [sp, #12]
	movs	r0, #0
.Ltmp303:
	.loc	5 3697 21 prologue_end          @ ../Drivers/STM32H7xx_HAL_Driver/Src/stm32h7xx_hal_rcc_ex.c:3697:21
	strb.w	r0, [sp, #7]
	movw	r0, #17448
	movt	r0, #22530
.Ltmp304:
	.loc	5 3708 7                        @ ../Drivers/STM32H7xx_HAL_Driver/Src/stm32h7xx_hal_rcc_ex.c:3708:7
	ldr	r0, [r0]
	and	r0, r0, #3
.Ltmp305:
	.loc	5 3708 7 is_stmt 0              @ ../Drivers/STM32H7xx_HAL_Driver/Src/stm32h7xx_hal_rcc_ex.c:3708:7
	cmp	r0, #3
	bne	.LBB1_2
	b	.LBB1_1
.LBB1_1:
	.loc	5 0 7                           @ ../Drivers/STM32H7xx_HAL_Driver/Src/stm32h7xx_hal_rcc_ex.c:0:7
	movs	r0, #1
.Ltmp306:
	.loc	5 3710 5 is_stmt 1              @ ../Drivers/STM32H7xx_HAL_Driver/Src/stm32h7xx_hal_rcc_ex.c:3710:5
	strb.w	r0, [sp, #23]
	b	.LBB1_22
.Ltmp307:
.LBB1_2:
	.loc	5 0 5 is_stmt 0                 @ ../Drivers/STM32H7xx_HAL_Driver/Src/stm32h7xx_hal_rcc_ex.c:0:5
	movw	r1, #17408
	movt	r1, #22530
.Ltmp308:
	.loc	5 3717 5 is_stmt 1              @ ../Drivers/STM32H7xx_HAL_Driver/Src/stm32h7xx_hal_rcc_ex.c:3717:5
	ldr	r0, [r1]
	bic	r0, r0, #67108864
	str	r0, [r1]
	.loc	5 3720 17                       @ ../Drivers/STM32H7xx_HAL_Driver/Src/stm32h7xx_hal_rcc_ex.c:3720:17
	bl	HAL_GetTick
	.loc	5 3720 15 is_stmt 0             @ ../Drivers/STM32H7xx_HAL_Driver/Src/stm32h7xx_hal_rcc_ex.c:3720:15
	str	r0, [sp, #8]
	.loc	5 3723 5 is_stmt 1              @ ../Drivers/STM32H7xx_HAL_Driver/Src/stm32h7xx_hal_rcc_ex.c:3723:5
	b	.LBB1_3
.LBB1_3:                                @ =>This Inner Loop Header: Depth=1
	.loc	5 0 5 is_stmt 0                 @ ../Drivers/STM32H7xx_HAL_Driver/Src/stm32h7xx_hal_rcc_ex.c:0:5
	movw	r0, #17408
	movt	r0, #22530
	.loc	5 3723 12                       @ ../Drivers/STM32H7xx_HAL_Driver/Src/stm32h7xx_hal_rcc_ex.c:3723:12
	ldr	r0, [r0]
	and	r1, r0, #134217728
	movs	r0, #0
	.loc	5 3723 5                        @ ../Drivers/STM32H7xx_HAL_Driver/Src/stm32h7xx_hal_rcc_ex.c:3723:5
	cmp.w	r0, r1, lsr #27
	beq	.LBB1_7
	b	.LBB1_4
.LBB1_4:                                @   in Loop: Header=BB1_3 Depth=1
.Ltmp309:
	.loc	5 3725 12 is_stmt 1             @ ../Drivers/STM32H7xx_HAL_Driver/Src/stm32h7xx_hal_rcc_ex.c:3725:12
	bl	HAL_GetTick
	.loc	5 3725 28 is_stmt 0             @ ../Drivers/STM32H7xx_HAL_Driver/Src/stm32h7xx_hal_rcc_ex.c:3725:28
	ldr	r1, [sp, #8]
	.loc	5 3725 26                       @ ../Drivers/STM32H7xx_HAL_Driver/Src/stm32h7xx_hal_rcc_ex.c:3725:26
	subs	r0, r0, r1
.Ltmp310:
	.loc	5 3725 11                       @ ../Drivers/STM32H7xx_HAL_Driver/Src/stm32h7xx_hal_rcc_ex.c:3725:11
	cmp	r0, #3
	blo	.LBB1_6
	b	.LBB1_5
.LBB1_5:
	.loc	5 0 11                          @ ../Drivers/STM32H7xx_HAL_Driver/Src/stm32h7xx_hal_rcc_ex.c:0:11
	movs	r0, #3
.Ltmp311:
	.loc	5 3727 9 is_stmt 1              @ ../Drivers/STM32H7xx_HAL_Driver/Src/stm32h7xx_hal_rcc_ex.c:3727:9
	strb.w	r0, [sp, #23]
	b	.LBB1_22
.Ltmp312:
.LBB1_6:                                @   in Loop: Header=BB1_3 Depth=1
	.loc	5 3723 5                        @ ../Drivers/STM32H7xx_HAL_Driver/Src/stm32h7xx_hal_rcc_ex.c:3723:5
	b	.LBB1_3
.LBB1_7:
	.loc	5 3732 5                        @ ../Drivers/STM32H7xx_HAL_Driver/Src/stm32h7xx_hal_rcc_ex.c:3732:5
	b	.LBB1_8
.LBB1_8:
	.loc	5 0 5 is_stmt 0                 @ ../Drivers/STM32H7xx_HAL_Driver/Src/stm32h7xx_hal_rcc_ex.c:0:5
	movw	r1, #17448
	movt	r1, #22530
.Ltmp313:
	.loc	5 3732 5                        @ ../Drivers/STM32H7xx_HAL_Driver/Src/stm32h7xx_hal_rcc_ex.c:3732:5
	ldr	r0, [r1]
	bic	r0, r0, #258048
	ldr	r2, [sp, #16]
	ldr	r2, [r2]
	orr.w	r0, r0, r2, lsl #12
	str	r0, [r1]
	ldr	r1, [sp, #16]
	ldr	r0, [r1, #4]
	ldr.w	r12, [r1, #8]
	ldr	r3, [r1, #12]
	ldr	r2, [r1, #16]
	subs	r0, #1
	bfc	r0, #9, #23
	movw	r1, #65024
	movt	r1, #65535
	add.w	r1, r1, r12, lsl #9
	uxth	r1, r1
	add	r0, r1
	movs	r1, #0
	movt	r1, #65535
	add.w	r1, r1, r3, lsl #16
	and	r1, r1, #8323072
	add	r0, r1
	mov.w	r1, #-16777216
	add.w	r1, r1, r2, lsl #24
	and	r1, r1, #2130706432
	add	r0, r1
	movw	r1, #17464
	movt	r1, #22530
	str	r0, [r1]
	b	.LBB1_9
.Ltmp314:
.LBB1_9:
	.loc	5 0 5                           @ ../Drivers/STM32H7xx_HAL_Driver/Src/stm32h7xx_hal_rcc_ex.c:0:5
	movw	r1, #17452
	movt	r1, #22530
	.loc	5 3739 5 is_stmt 1              @ ../Drivers/STM32H7xx_HAL_Driver/Src/stm32h7xx_hal_rcc_ex.c:3739:5
	str	r1, [sp]                        @ 4-byte Spill
	ldr	r0, [r1]
	bic	r0, r0, #192
	ldr	r2, [sp, #16]
	ldr	r2, [r2, #20]
	orrs	r0, r2
	str	r0, [r1]
	.loc	5 3742 5                        @ ../Drivers/STM32H7xx_HAL_Driver/Src/stm32h7xx_hal_rcc_ex.c:3742:5
	ldr	r0, [r1]
	bic	r0, r0, #32
	ldr	r2, [sp, #16]
	ldr	r2, [r2, #24]
	orrs	r0, r2
	str	r0, [r1]
	.loc	5 3745 5                        @ ../Drivers/STM32H7xx_HAL_Driver/Src/stm32h7xx_hal_rcc_ex.c:3745:5
	ldr	r0, [r1]
	bic	r0, r0, #16
	str	r0, [r1]
	movw	r2, #17468
	movt	r2, #22530
	.loc	5 3748 5                        @ ../Drivers/STM32H7xx_HAL_Driver/Src/stm32h7xx_hal_rcc_ex.c:3748:5
	ldr	r0, [r2]
	movw	r3, #65528
	bics	r0, r3
	ldr	r3, [sp, #16]
	ldr	r3, [r3, #28]
	orr.w	r0, r0, r3, lsl #3
	str	r0, [r2]
	.loc	5 3751 5                        @ ../Drivers/STM32H7xx_HAL_Driver/Src/stm32h7xx_hal_rcc_ex.c:3751:5
	ldr	r0, [r1]
	orr	r0, r0, #16
	str	r0, [r1]
.Ltmp315:
	.loc	5 3754 9                        @ ../Drivers/STM32H7xx_HAL_Driver/Src/stm32h7xx_hal_rcc_ex.c:3754:9
	ldr	r0, [sp, #12]
.Ltmp316:
	.loc	5 3754 9 is_stmt 0              @ ../Drivers/STM32H7xx_HAL_Driver/Src/stm32h7xx_hal_rcc_ex.c:3754:9
	cbnz	r0, .LBB1_11
	b	.LBB1_10
.LBB1_10:
	.loc	5 0 9                           @ ../Drivers/STM32H7xx_HAL_Driver/Src/stm32h7xx_hal_rcc_ex.c:0:9
	movw	r1, #17452
	movt	r1, #22530
.Ltmp317:
	.loc	5 3756 7 is_stmt 1              @ ../Drivers/STM32H7xx_HAL_Driver/Src/stm32h7xx_hal_rcc_ex.c:3756:7
	ldr	r0, [r1]
	orr	r0, r0, #524288
	str	r0, [r1]
	.loc	5 3757 5                        @ ../Drivers/STM32H7xx_HAL_Driver/Src/stm32h7xx_hal_rcc_ex.c:3757:5
	b	.LBB1_15
.Ltmp318:
.LBB1_11:
	.loc	5 3758 14                       @ ../Drivers/STM32H7xx_HAL_Driver/Src/stm32h7xx_hal_rcc_ex.c:3758:14
	ldr	r0, [sp, #12]
.Ltmp319:
	.loc	5 3758 14 is_stmt 0             @ ../Drivers/STM32H7xx_HAL_Driver/Src/stm32h7xx_hal_rcc_ex.c:3758:14
	cmp	r0, #1
	bne	.LBB1_13
	b	.LBB1_12
.LBB1_12:
	.loc	5 0 14                          @ ../Drivers/STM32H7xx_HAL_Driver/Src/stm32h7xx_hal_rcc_ex.c:0:14
	movw	r1, #17452
	movt	r1, #22530
.Ltmp320:
	.loc	5 3760 7 is_stmt 1              @ ../Drivers/STM32H7xx_HAL_Driver/Src/stm32h7xx_hal_rcc_ex.c:3760:7
	ldr	r0, [r1]
	orr	r0, r0, #1048576
	str	r0, [r1]
	.loc	5 3761 5                        @ ../Drivers/STM32H7xx_HAL_Driver/Src/stm32h7xx_hal_rcc_ex.c:3761:5
	b	.LBB1_14
.Ltmp321:
.LBB1_13:
	.loc	5 0 5 is_stmt 0                 @ ../Drivers/STM32H7xx_HAL_Driver/Src/stm32h7xx_hal_rcc_ex.c:0:5
	movw	r1, #17452
	movt	r1, #22530
.Ltmp322:
	.loc	5 3764 7 is_stmt 1              @ ../Drivers/STM32H7xx_HAL_Driver/Src/stm32h7xx_hal_rcc_ex.c:3764:7
	ldr	r0, [r1]
	orr	r0, r0, #2097152
	str	r0, [r1]
	b	.LBB1_14
.Ltmp323:
.LBB1_14:
	.loc	5 0 7 is_stmt 0                 @ ../Drivers/STM32H7xx_HAL_Driver/Src/stm32h7xx_hal_rcc_ex.c:0:7
	b	.LBB1_15
.LBB1_15:
	movw	r1, #17408
	movt	r1, #22530
	.loc	5 3768 5 is_stmt 1              @ ../Drivers/STM32H7xx_HAL_Driver/Src/stm32h7xx_hal_rcc_ex.c:3768:5
	ldr	r0, [r1]
	orr	r0, r0, #67108864
	str	r0, [r1]
	.loc	5 3771 17                       @ ../Drivers/STM32H7xx_HAL_Driver/Src/stm32h7xx_hal_rcc_ex.c:3771:17
	bl	HAL_GetTick
	.loc	5 3771 15 is_stmt 0             @ ../Drivers/STM32H7xx_HAL_Driver/Src/stm32h7xx_hal_rcc_ex.c:3771:15
	str	r0, [sp, #8]
	.loc	5 3774 5 is_stmt 1              @ ../Drivers/STM32H7xx_HAL_Driver/Src/stm32h7xx_hal_rcc_ex.c:3774:5
	b	.LBB1_16
.LBB1_16:                               @ =>This Inner Loop Header: Depth=1
	.loc	5 0 5 is_stmt 0                 @ ../Drivers/STM32H7xx_HAL_Driver/Src/stm32h7xx_hal_rcc_ex.c:0:5
	movw	r0, #17408
	movt	r0, #22530
	.loc	5 3774 12                       @ ../Drivers/STM32H7xx_HAL_Driver/Src/stm32h7xx_hal_rcc_ex.c:3774:12
	ldr	r0, [r0]
	and	r1, r0, #134217728
	movs	r0, #0
	.loc	5 3774 5                        @ ../Drivers/STM32H7xx_HAL_Driver/Src/stm32h7xx_hal_rcc_ex.c:3774:5
	cmp.w	r0, r1, lsr #27
	bne	.LBB1_20
	b	.LBB1_17
.LBB1_17:                               @   in Loop: Header=BB1_16 Depth=1
.Ltmp324:
	.loc	5 3776 12 is_stmt 1             @ ../Drivers/STM32H7xx_HAL_Driver/Src/stm32h7xx_hal_rcc_ex.c:3776:12
	bl	HAL_GetTick
	.loc	5 3776 28 is_stmt 0             @ ../Drivers/STM32H7xx_HAL_Driver/Src/stm32h7xx_hal_rcc_ex.c:3776:28
	ldr	r1, [sp, #8]
	.loc	5 3776 26                       @ ../Drivers/STM32H7xx_HAL_Driver/Src/stm32h7xx_hal_rcc_ex.c:3776:26
	subs	r0, r0, r1
.Ltmp325:
	.loc	5 3776 11                       @ ../Drivers/STM32H7xx_HAL_Driver/Src/stm32h7xx_hal_rcc_ex.c:3776:11
	cmp	r0, #3
	blo	.LBB1_19
	b	.LBB1_18
.LBB1_18:
	.loc	5 0 11                          @ ../Drivers/STM32H7xx_HAL_Driver/Src/stm32h7xx_hal_rcc_ex.c:0:11
	movs	r0, #3
.Ltmp326:
	.loc	5 3778 9 is_stmt 1              @ ../Drivers/STM32H7xx_HAL_Driver/Src/stm32h7xx_hal_rcc_ex.c:3778:9
	strb.w	r0, [sp, #23]
	b	.LBB1_22
.Ltmp327:
.LBB1_19:                               @   in Loop: Header=BB1_16 Depth=1
	.loc	5 3774 5                        @ ../Drivers/STM32H7xx_HAL_Driver/Src/stm32h7xx_hal_rcc_ex.c:3774:5
	b	.LBB1_16
.Ltmp328:
.LBB1_20:
	.loc	5 0 5 is_stmt 0                 @ ../Drivers/STM32H7xx_HAL_Driver/Src/stm32h7xx_hal_rcc_ex.c:0:5
	b	.LBB1_21
.LBB1_21:
	.loc	5 3785 10 is_stmt 1             @ ../Drivers/STM32H7xx_HAL_Driver/Src/stm32h7xx_hal_rcc_ex.c:3785:10
	ldrb.w	r0, [sp, #7]
	.loc	5 3785 3 is_stmt 0              @ ../Drivers/STM32H7xx_HAL_Driver/Src/stm32h7xx_hal_rcc_ex.c:3785:3
	strb.w	r0, [sp, #23]
	b	.LBB1_22
.LBB1_22:
	.loc	5 3786 1 is_stmt 1              @ ../Drivers/STM32H7xx_HAL_Driver/Src/stm32h7xx_hal_rcc_ex.c:3786:1
	ldrb.w	r0, [sp, #23]
	.loc	5 3786 1 epilogue_begin is_stmt 0 @ ../Drivers/STM32H7xx_HAL_Driver/Src/stm32h7xx_hal_rcc_ex.c:3786:1
	add	sp, #24
	pop	{r7, pc}
.Ltmp329:
.Lfunc_end1:
	.size	RCCEx_PLL2_Config, .Lfunc_end1-RCCEx_PLL2_Config
	.cfi_endproc
	.cantunwind
	.fnend
                                        @ -- End function
	.section	.text.RCCEx_PLL3_Config,"ax",%progbits
	.p2align	3                               @ -- Begin function RCCEx_PLL3_Config
	.type	RCCEx_PLL3_Config,%function
	.code	16                              @ @RCCEx_PLL3_Config
	.thumb_func
RCCEx_PLL3_Config:
.Lfunc_begin2:
	.loc	5 3799 0 is_stmt 1              @ ../Drivers/STM32H7xx_HAL_Driver/Src/stm32h7xx_hal_rcc_ex.c:3799:0
	.fnstart
	.cfi_startproc
@ %bb.0:
	.save	{r7, lr}
	push	{r7, lr}
	.cfi_def_cfa_offset 8
	.cfi_offset lr, -4
	.cfi_offset r7, -8
	.pad	#24
	sub	sp, #24
	.cfi_def_cfa_offset 32
	str	r0, [sp, #16]
	str	r1, [sp, #12]
	movs	r0, #0
.Ltmp330:
	.loc	5 3801 21 prologue_end          @ ../Drivers/STM32H7xx_HAL_Driver/Src/stm32h7xx_hal_rcc_ex.c:3801:21
	strb.w	r0, [sp, #7]
	movw	r0, #17448
	movt	r0, #22530
.Ltmp331:
	.loc	5 3812 7                        @ ../Drivers/STM32H7xx_HAL_Driver/Src/stm32h7xx_hal_rcc_ex.c:3812:7
	ldr	r0, [r0]
	and	r0, r0, #3
.Ltmp332:
	.loc	5 3812 7 is_stmt 0              @ ../Drivers/STM32H7xx_HAL_Driver/Src/stm32h7xx_hal_rcc_ex.c:3812:7
	cmp	r0, #3
	bne	.LBB2_2
	b	.LBB2_1
.LBB2_1:
	.loc	5 0 7                           @ ../Drivers/STM32H7xx_HAL_Driver/Src/stm32h7xx_hal_rcc_ex.c:0:7
	movs	r0, #1
.Ltmp333:
	.loc	5 3814 5 is_stmt 1              @ ../Drivers/STM32H7xx_HAL_Driver/Src/stm32h7xx_hal_rcc_ex.c:3814:5
	strb.w	r0, [sp, #23]
	b	.LBB2_22
.Ltmp334:
.LBB2_2:
	.loc	5 0 5 is_stmt 0                 @ ../Drivers/STM32H7xx_HAL_Driver/Src/stm32h7xx_hal_rcc_ex.c:0:5
	movw	r1, #17408
	movt	r1, #22530
.Ltmp335:
	.loc	5 3821 5 is_stmt 1              @ ../Drivers/STM32H7xx_HAL_Driver/Src/stm32h7xx_hal_rcc_ex.c:3821:5
	ldr	r0, [r1]
	bic	r0, r0, #268435456
	str	r0, [r1]
	.loc	5 3824 17                       @ ../Drivers/STM32H7xx_HAL_Driver/Src/stm32h7xx_hal_rcc_ex.c:3824:17
	bl	HAL_GetTick
	.loc	5 3824 15 is_stmt 0             @ ../Drivers/STM32H7xx_HAL_Driver/Src/stm32h7xx_hal_rcc_ex.c:3824:15
	str	r0, [sp, #8]
	.loc	5 3826 5 is_stmt 1              @ ../Drivers/STM32H7xx_HAL_Driver/Src/stm32h7xx_hal_rcc_ex.c:3826:5
	b	.LBB2_3
.LBB2_3:                                @ =>This Inner Loop Header: Depth=1
	.loc	5 0 5 is_stmt 0                 @ ../Drivers/STM32H7xx_HAL_Driver/Src/stm32h7xx_hal_rcc_ex.c:0:5
	movw	r0, #17408
	movt	r0, #22530
	.loc	5 3826 12                       @ ../Drivers/STM32H7xx_HAL_Driver/Src/stm32h7xx_hal_rcc_ex.c:3826:12
	ldr	r0, [r0]
	and	r1, r0, #536870912
	movs	r0, #0
	.loc	5 3826 5                        @ ../Drivers/STM32H7xx_HAL_Driver/Src/stm32h7xx_hal_rcc_ex.c:3826:5
	cmp.w	r0, r1, lsr #29
	beq	.LBB2_7
	b	.LBB2_4
.LBB2_4:                                @   in Loop: Header=BB2_3 Depth=1
.Ltmp336:
	.loc	5 3828 12 is_stmt 1             @ ../Drivers/STM32H7xx_HAL_Driver/Src/stm32h7xx_hal_rcc_ex.c:3828:12
	bl	HAL_GetTick
	.loc	5 3828 28 is_stmt 0             @ ../Drivers/STM32H7xx_HAL_Driver/Src/stm32h7xx_hal_rcc_ex.c:3828:28
	ldr	r1, [sp, #8]
	.loc	5 3828 26                       @ ../Drivers/STM32H7xx_HAL_Driver/Src/stm32h7xx_hal_rcc_ex.c:3828:26
	subs	r0, r0, r1
.Ltmp337:
	.loc	5 3828 11                       @ ../Drivers/STM32H7xx_HAL_Driver/Src/stm32h7xx_hal_rcc_ex.c:3828:11
	cmp	r0, #3
	blo	.LBB2_6
	b	.LBB2_5
.LBB2_5:
	.loc	5 0 11                          @ ../Drivers/STM32H7xx_HAL_Driver/Src/stm32h7xx_hal_rcc_ex.c:0:11
	movs	r0, #3
.Ltmp338:
	.loc	5 3830 9 is_stmt 1              @ ../Drivers/STM32H7xx_HAL_Driver/Src/stm32h7xx_hal_rcc_ex.c:3830:9
	strb.w	r0, [sp, #23]
	b	.LBB2_22
.Ltmp339:
.LBB2_6:                                @   in Loop: Header=BB2_3 Depth=1
	.loc	5 3826 5                        @ ../Drivers/STM32H7xx_HAL_Driver/Src/stm32h7xx_hal_rcc_ex.c:3826:5
	b	.LBB2_3
.LBB2_7:
	.loc	5 3835 5                        @ ../Drivers/STM32H7xx_HAL_Driver/Src/stm32h7xx_hal_rcc_ex.c:3835:5
	b	.LBB2_8
.LBB2_8:
	.loc	5 0 5 is_stmt 0                 @ ../Drivers/STM32H7xx_HAL_Driver/Src/stm32h7xx_hal_rcc_ex.c:0:5
	movw	r1, #17448
	movt	r1, #22530
.Ltmp340:
	.loc	5 3835 5                        @ ../Drivers/STM32H7xx_HAL_Driver/Src/stm32h7xx_hal_rcc_ex.c:3835:5
	ldr	r0, [r1]
	bic	r0, r0, #66060288
	ldr	r2, [sp, #16]
	ldr	r2, [r2]
	orr.w	r0, r0, r2, lsl #20
	str	r0, [r1]
	ldr	r1, [sp, #16]
	ldr	r0, [r1, #4]
	ldr.w	r12, [r1, #8]
	ldr	r3, [r1, #12]
	ldr	r2, [r1, #16]
	subs	r0, #1
	bfc	r0, #9, #23
	movw	r1, #65024
	movt	r1, #65535
	add.w	r1, r1, r12, lsl #9
	uxth	r1, r1
	add	r0, r1
	movs	r1, #0
	movt	r1, #65535
	add.w	r1, r1, r3, lsl #16
	and	r1, r1, #8323072
	add	r0, r1
	mov.w	r1, #-16777216
	add.w	r1, r1, r2, lsl #24
	and	r1, r1, #2130706432
	add	r0, r1
	movw	r1, #17472
	movt	r1, #22530
	str	r0, [r1]
	b	.LBB2_9
.Ltmp341:
.LBB2_9:
	.loc	5 0 5                           @ ../Drivers/STM32H7xx_HAL_Driver/Src/stm32h7xx_hal_rcc_ex.c:0:5
	movw	r1, #17452
	movt	r1, #22530
	.loc	5 3842 5 is_stmt 1              @ ../Drivers/STM32H7xx_HAL_Driver/Src/stm32h7xx_hal_rcc_ex.c:3842:5
	str	r1, [sp]                        @ 4-byte Spill
	ldr	r0, [r1]
	bic	r0, r0, #3072
	ldr	r2, [sp, #16]
	ldr	r2, [r2, #20]
	orrs	r0, r2
	str	r0, [r1]
	.loc	5 3845 5                        @ ../Drivers/STM32H7xx_HAL_Driver/Src/stm32h7xx_hal_rcc_ex.c:3845:5
	ldr	r0, [r1]
	bic	r0, r0, #512
	ldr	r2, [sp, #16]
	ldr	r2, [r2, #24]
	orrs	r0, r2
	str	r0, [r1]
	.loc	5 3848 5                        @ ../Drivers/STM32H7xx_HAL_Driver/Src/stm32h7xx_hal_rcc_ex.c:3848:5
	ldr	r0, [r1]
	bic	r0, r0, #256
	str	r0, [r1]
	movw	r2, #17476
	movt	r2, #22530
	.loc	5 3851 5                        @ ../Drivers/STM32H7xx_HAL_Driver/Src/stm32h7xx_hal_rcc_ex.c:3851:5
	ldr	r0, [r2]
	movw	r3, #65528
	bics	r0, r3
	ldr	r3, [sp, #16]
	ldr	r3, [r3, #28]
	orr.w	r0, r0, r3, lsl #3
	str	r0, [r2]
	.loc	5 3854 5                        @ ../Drivers/STM32H7xx_HAL_Driver/Src/stm32h7xx_hal_rcc_ex.c:3854:5
	ldr	r0, [r1]
	orr	r0, r0, #256
	str	r0, [r1]
.Ltmp342:
	.loc	5 3857 9                        @ ../Drivers/STM32H7xx_HAL_Driver/Src/stm32h7xx_hal_rcc_ex.c:3857:9
	ldr	r0, [sp, #12]
.Ltmp343:
	.loc	5 3857 9 is_stmt 0              @ ../Drivers/STM32H7xx_HAL_Driver/Src/stm32h7xx_hal_rcc_ex.c:3857:9
	cbnz	r0, .LBB2_11
	b	.LBB2_10
.LBB2_10:
	.loc	5 0 9                           @ ../Drivers/STM32H7xx_HAL_Driver/Src/stm32h7xx_hal_rcc_ex.c:0:9
	movw	r1, #17452
	movt	r1, #22530
.Ltmp344:
	.loc	5 3859 7 is_stmt 1              @ ../Drivers/STM32H7xx_HAL_Driver/Src/stm32h7xx_hal_rcc_ex.c:3859:7
	ldr	r0, [r1]
	orr	r0, r0, #4194304
	str	r0, [r1]
	.loc	5 3860 5                        @ ../Drivers/STM32H7xx_HAL_Driver/Src/stm32h7xx_hal_rcc_ex.c:3860:5
	b	.LBB2_15
.Ltmp345:
.LBB2_11:
	.loc	5 3861 14                       @ ../Drivers/STM32H7xx_HAL_Driver/Src/stm32h7xx_hal_rcc_ex.c:3861:14
	ldr	r0, [sp, #12]
.Ltmp346:
	.loc	5 3861 14 is_stmt 0             @ ../Drivers/STM32H7xx_HAL_Driver/Src/stm32h7xx_hal_rcc_ex.c:3861:14
	cmp	r0, #1
	bne	.LBB2_13
	b	.LBB2_12
.LBB2_12:
	.loc	5 0 14                          @ ../Drivers/STM32H7xx_HAL_Driver/Src/stm32h7xx_hal_rcc_ex.c:0:14
	movw	r1, #17452
	movt	r1, #22530
.Ltmp347:
	.loc	5 3863 7 is_stmt 1              @ ../Drivers/STM32H7xx_HAL_Driver/Src/stm32h7xx_hal_rcc_ex.c:3863:7
	ldr	r0, [r1]
	orr	r0, r0, #8388608
	str	r0, [r1]
	.loc	5 3864 5                        @ ../Drivers/STM32H7xx_HAL_Driver/Src/stm32h7xx_hal_rcc_ex.c:3864:5
	b	.LBB2_14
.Ltmp348:
.LBB2_13:
	.loc	5 0 5 is_stmt 0                 @ ../Drivers/STM32H7xx_HAL_Driver/Src/stm32h7xx_hal_rcc_ex.c:0:5
	movw	r1, #17452
	movt	r1, #22530
.Ltmp349:
	.loc	5 3867 7 is_stmt 1              @ ../Drivers/STM32H7xx_HAL_Driver/Src/stm32h7xx_hal_rcc_ex.c:3867:7
	ldr	r0, [r1]
	orr	r0, r0, #16777216
	str	r0, [r1]
	b	.LBB2_14
.Ltmp350:
.LBB2_14:
	.loc	5 0 7 is_stmt 0                 @ ../Drivers/STM32H7xx_HAL_Driver/Src/stm32h7xx_hal_rcc_ex.c:0:7
	b	.LBB2_15
.LBB2_15:
	movw	r1, #17408
	movt	r1, #22530
	.loc	5 3871 5 is_stmt 1              @ ../Drivers/STM32H7xx_HAL_Driver/Src/stm32h7xx_hal_rcc_ex.c:3871:5
	ldr	r0, [r1]
	orr	r0, r0, #268435456
	str	r0, [r1]
	.loc	5 3874 17                       @ ../Drivers/STM32H7xx_HAL_Driver/Src/stm32h7xx_hal_rcc_ex.c:3874:17
	bl	HAL_GetTick
	.loc	5 3874 15 is_stmt 0             @ ../Drivers/STM32H7xx_HAL_Driver/Src/stm32h7xx_hal_rcc_ex.c:3874:15
	str	r0, [sp, #8]
	.loc	5 3877 5 is_stmt 1              @ ../Drivers/STM32H7xx_HAL_Driver/Src/stm32h7xx_hal_rcc_ex.c:3877:5
	b	.LBB2_16
.LBB2_16:                               @ =>This Inner Loop Header: Depth=1
	.loc	5 0 5 is_stmt 0                 @ ../Drivers/STM32H7xx_HAL_Driver/Src/stm32h7xx_hal_rcc_ex.c:0:5
	movw	r0, #17408
	movt	r0, #22530
	.loc	5 3877 12                       @ ../Drivers/STM32H7xx_HAL_Driver/Src/stm32h7xx_hal_rcc_ex.c:3877:12
	ldr	r0, [r0]
	and	r1, r0, #536870912
	movs	r0, #0
	.loc	5 3877 5                        @ ../Drivers/STM32H7xx_HAL_Driver/Src/stm32h7xx_hal_rcc_ex.c:3877:5
	cmp.w	r0, r1, lsr #29
	bne	.LBB2_20
	b	.LBB2_17
.LBB2_17:                               @   in Loop: Header=BB2_16 Depth=1
.Ltmp351:
	.loc	5 3879 12 is_stmt 1             @ ../Drivers/STM32H7xx_HAL_Driver/Src/stm32h7xx_hal_rcc_ex.c:3879:12
	bl	HAL_GetTick
	.loc	5 3879 28 is_stmt 0             @ ../Drivers/STM32H7xx_HAL_Driver/Src/stm32h7xx_hal_rcc_ex.c:3879:28
	ldr	r1, [sp, #8]
	.loc	5 3879 26                       @ ../Drivers/STM32H7xx_HAL_Driver/Src/stm32h7xx_hal_rcc_ex.c:3879:26
	subs	r0, r0, r1
.Ltmp352:
	.loc	5 3879 11                       @ ../Drivers/STM32H7xx_HAL_Driver/Src/stm32h7xx_hal_rcc_ex.c:3879:11
	cmp	r0, #3
	blo	.LBB2_19
	b	.LBB2_18
.LBB2_18:
	.loc	5 0 11                          @ ../Drivers/STM32H7xx_HAL_Driver/Src/stm32h7xx_hal_rcc_ex.c:0:11
	movs	r0, #3
.Ltmp353:
	.loc	5 3881 9 is_stmt 1              @ ../Drivers/STM32H7xx_HAL_Driver/Src/stm32h7xx_hal_rcc_ex.c:3881:9
	strb.w	r0, [sp, #23]
	b	.LBB2_22
.Ltmp354:
.LBB2_19:                               @   in Loop: Header=BB2_16 Depth=1
	.loc	5 3877 5                        @ ../Drivers/STM32H7xx_HAL_Driver/Src/stm32h7xx_hal_rcc_ex.c:3877:5
	b	.LBB2_16
.Ltmp355:
.LBB2_20:
	.loc	5 0 5 is_stmt 0                 @ ../Drivers/STM32H7xx_HAL_Driver/Src/stm32h7xx_hal_rcc_ex.c:0:5
	b	.LBB2_21
.LBB2_21:
	.loc	5 3888 10 is_stmt 1             @ ../Drivers/STM32H7xx_HAL_Driver/Src/stm32h7xx_hal_rcc_ex.c:3888:10
	ldrb.w	r0, [sp, #7]
	.loc	5 3888 3 is_stmt 0              @ ../Drivers/STM32H7xx_HAL_Driver/Src/stm32h7xx_hal_rcc_ex.c:3888:3
	strb.w	r0, [sp, #23]
	b	.LBB2_22
.LBB2_22:
	.loc	5 3889 1 is_stmt 1              @ ../Drivers/STM32H7xx_HAL_Driver/Src/stm32h7xx_hal_rcc_ex.c:3889:1
	ldrb.w	r0, [sp, #23]
	.loc	5 3889 1 epilogue_begin is_stmt 0 @ ../Drivers/STM32H7xx_HAL_Driver/Src/stm32h7xx_hal_rcc_ex.c:3889:1
	add	sp, #24
	pop	{r7, pc}
.Ltmp356:
.Lfunc_end2:
	.size	RCCEx_PLL3_Config, .Lfunc_end2-RCCEx_PLL3_Config
	.cfi_endproc
	.cantunwind
	.fnend
                                        @ -- End function
	.section	.text.HAL_RCCEx_GetPeriphCLKConfig,"ax",%progbits
	.hidden	HAL_RCCEx_GetPeriphCLKConfig    @ -- Begin function HAL_RCCEx_GetPeriphCLKConfig
	.globl	HAL_RCCEx_GetPeriphCLKConfig
	.p2align	3
	.type	HAL_RCCEx_GetPeriphCLKConfig,%function
	.code	16                              @ @HAL_RCCEx_GetPeriphCLKConfig
	.thumb_func
HAL_RCCEx_GetPeriphCLKConfig:
.Lfunc_begin3:
	.loc	5 1693 0 is_stmt 1              @ ../Drivers/STM32H7xx_HAL_Driver/Src/stm32h7xx_hal_rcc_ex.c:1693:0
	.fnstart
	.cfi_startproc
@ %bb.0:
	.save	{r7, lr}
	push	{r7, lr}
	.cfi_def_cfa_offset 8
	.cfi_offset lr, -4
	.cfi_offset r7, -8
	.pad	#4
	sub	sp, #4
	.cfi_def_cfa_offset 12
	str	r0, [sp]
.Ltmp357:
	.loc	5 1695 3 prologue_end           @ ../Drivers/STM32H7xx_HAL_Driver/Src/stm32h7xx_hal_rcc_ex.c:1695:3
	ldr	r1, [sp]
	movs	r0, #0
	.loc	5 1695 39 is_stmt 0             @ ../Drivers/STM32H7xx_HAL_Driver/Src/stm32h7xx_hal_rcc_ex.c:1695:39
	str	r0, [r1, #4]
	movw	r0, #61943
	movt	r0, #51711
	str	r0, [r1]
	.loc	5 1705 3 is_stmt 1              @ ../Drivers/STM32H7xx_HAL_Driver/Src/stm32h7xx_hal_rcc_ex.c:1705:3
	ldr	r1, [sp]
	.loc	5 1705 39 is_stmt 0             @ ../Drivers/STM32H7xx_HAL_Driver/Src/stm32h7xx_hal_rcc_ex.c:1705:39
	ldr	r0, [r1]
	ldr	r2, [r1, #4]
	orr	r0, r0, #8
	str	r2, [r1, #4]
	str	r0, [r1]
	.loc	5 1719 3 is_stmt 1              @ ../Drivers/STM32H7xx_HAL_Driver/Src/stm32h7xx_hal_rcc_ex.c:1719:3
	ldr	r1, [sp]
	.loc	5 1719 39 is_stmt 0             @ ../Drivers/STM32H7xx_HAL_Driver/Src/stm32h7xx_hal_rcc_ex.c:1719:39
	ldr	r0, [r1]
	ldr	r2, [r1, #4]
	orr	r0, r0, #1024
	str	r2, [r1, #4]
	str	r0, [r1]
	.loc	5 1720 3 is_stmt 1              @ ../Drivers/STM32H7xx_HAL_Driver/Src/stm32h7xx_hal_rcc_ex.c:1720:3
	ldr	r1, [sp]
	.loc	5 1720 39 is_stmt 0             @ ../Drivers/STM32H7xx_HAL_Driver/Src/stm32h7xx_hal_rcc_ex.c:1720:39
	ldr	r0, [r1]
	ldr	r2, [r1, #4]
	orr	r0, r0, #2048
	str	r2, [r1, #4]
	str	r0, [r1]
	.loc	5 1729 3 is_stmt 1              @ ../Drivers/STM32H7xx_HAL_Driver/Src/stm32h7xx_hal_rcc_ex.c:1729:3
	ldr	r1, [sp]
	.loc	5 1729 39 is_stmt 0             @ ../Drivers/STM32H7xx_HAL_Driver/Src/stm32h7xx_hal_rcc_ex.c:1729:39
	ldr	r0, [r1]
	ldr	r2, [r1, #4]
	orr	r0, r0, #33554432
	str	r2, [r1, #4]
	str	r0, [r1]
	.loc	5 1735 3 is_stmt 1              @ ../Drivers/STM32H7xx_HAL_Driver/Src/stm32h7xx_hal_rcc_ex.c:1735:3
	ldr	r1, [sp]
	.loc	5 1735 39 is_stmt 0             @ ../Drivers/STM32H7xx_HAL_Driver/Src/stm32h7xx_hal_rcc_ex.c:1735:39
	ldr	r0, [r1]
	ldr	r2, [r1, #4]
	orr	r0, r0, #536870912
	str	r2, [r1, #4]
	str	r0, [r1]
	movw	r2, #17448
	movt	r2, #22530
	.loc	5 1742 48 is_stmt 1             @ ../Drivers/STM32H7xx_HAL_Driver/Src/stm32h7xx_hal_rcc_ex.c:1742:48
	ldr	r0, [r2]
	.loc	5 1742 81 is_stmt 0             @ ../Drivers/STM32H7xx_HAL_Driver/Src/stm32h7xx_hal_rcc_ex.c:1742:81
	ubfx	r0, r0, #20, #6
	.loc	5 1742 3                        @ ../Drivers/STM32H7xx_HAL_Driver/Src/stm32h7xx_hal_rcc_ex.c:1742:3
	ldr	r1, [sp]
	.loc	5 1742 29                       @ ../Drivers/STM32H7xx_HAL_Driver/Src/stm32h7xx_hal_rcc_ex.c:1742:29
	str	r0, [r1, #40]
	movw	r0, #17472
	movt	r0, #22530
	.loc	5 1743 48 is_stmt 1             @ ../Drivers/STM32H7xx_HAL_Driver/Src/stm32h7xx_hal_rcc_ex.c:1743:48
	ldr	r1, [r0]
	.loc	5 1743 57 is_stmt 0             @ ../Drivers/STM32H7xx_HAL_Driver/Src/stm32h7xx_hal_rcc_ex.c:1743:57
	bfc	r1, #9, #23
	.loc	5 1743 100                      @ ../Drivers/STM32H7xx_HAL_Driver/Src/stm32h7xx_hal_rcc_ex.c:1743:100
	adds	r1, #1
	.loc	5 1743 3                        @ ../Drivers/STM32H7xx_HAL_Driver/Src/stm32h7xx_hal_rcc_ex.c:1743:3
	ldr	r3, [sp]
	.loc	5 1743 29                       @ ../Drivers/STM32H7xx_HAL_Driver/Src/stm32h7xx_hal_rcc_ex.c:1743:29
	str	r1, [r3, #44]
	.loc	5 1744 48 is_stmt 1             @ ../Drivers/STM32H7xx_HAL_Driver/Src/stm32h7xx_hal_rcc_ex.c:1744:48
	ldr	r1, [r0]
	.loc	5 1744 57 is_stmt 0             @ ../Drivers/STM32H7xx_HAL_Driver/Src/stm32h7xx_hal_rcc_ex.c:1744:57
	and	r3, r1, #2130706432
	movs	r1, #1
	.loc	5 1744 100                      @ ../Drivers/STM32H7xx_HAL_Driver/Src/stm32h7xx_hal_rcc_ex.c:1744:100
	add.w	r3, r1, r3, lsr #24
	.loc	5 1744 3                        @ ../Drivers/STM32H7xx_HAL_Driver/Src/stm32h7xx_hal_rcc_ex.c:1744:3
	ldr.w	r12, [sp]
	.loc	5 1744 29                       @ ../Drivers/STM32H7xx_HAL_Driver/Src/stm32h7xx_hal_rcc_ex.c:1744:29
	str.w	r3, [r12, #56]
	.loc	5 1745 48 is_stmt 1             @ ../Drivers/STM32H7xx_HAL_Driver/Src/stm32h7xx_hal_rcc_ex.c:1745:48
	ldr	r3, [r0]
	.loc	5 1745 57 is_stmt 0             @ ../Drivers/STM32H7xx_HAL_Driver/Src/stm32h7xx_hal_rcc_ex.c:1745:57
	uxth	r3, r3
	.loc	5 1745 100                      @ ../Drivers/STM32H7xx_HAL_Driver/Src/stm32h7xx_hal_rcc_ex.c:1745:100
	add.w	r3, r1, r3, lsr #9
	.loc	5 1745 3                        @ ../Drivers/STM32H7xx_HAL_Driver/Src/stm32h7xx_hal_rcc_ex.c:1745:3
	ldr.w	r12, [sp]
	.loc	5 1745 29                       @ ../Drivers/STM32H7xx_HAL_Driver/Src/stm32h7xx_hal_rcc_ex.c:1745:29
	str.w	r3, [r12, #48]
	.loc	5 1746 48 is_stmt 1             @ ../Drivers/STM32H7xx_HAL_Driver/Src/stm32h7xx_hal_rcc_ex.c:1746:48
	ldr	r0, [r0]
	.loc	5 1746 57 is_stmt 0             @ ../Drivers/STM32H7xx_HAL_Driver/Src/stm32h7xx_hal_rcc_ex.c:1746:57
	and	r0, r0, #8323072
	.loc	5 1746 100                      @ ../Drivers/STM32H7xx_HAL_Driver/Src/stm32h7xx_hal_rcc_ex.c:1746:100
	add.w	r0, r1, r0, lsr #16
	.loc	5 1746 3                        @ ../Drivers/STM32H7xx_HAL_Driver/Src/stm32h7xx_hal_rcc_ex.c:1746:3
	ldr	r3, [sp]
	.loc	5 1746 29                       @ ../Drivers/STM32H7xx_HAL_Driver/Src/stm32h7xx_hal_rcc_ex.c:1746:29
	str	r0, [r3, #52]
	movw	r0, #17452
	movt	r0, #22530
	.loc	5 1747 50 is_stmt 1             @ ../Drivers/STM32H7xx_HAL_Driver/Src/stm32h7xx_hal_rcc_ex.c:1747:50
	ldr	r3, [r0]
	.loc	5 1747 81 is_stmt 0             @ ../Drivers/STM32H7xx_HAL_Driver/Src/stm32h7xx_hal_rcc_ex.c:1747:81
	ubfx	r3, r3, #10, #2
	.loc	5 1747 3                        @ ../Drivers/STM32H7xx_HAL_Driver/Src/stm32h7xx_hal_rcc_ex.c:1747:3
	ldr.w	r12, [sp]
	.loc	5 1747 31                       @ ../Drivers/STM32H7xx_HAL_Driver/Src/stm32h7xx_hal_rcc_ex.c:1747:31
	str.w	r3, [r12, #60]
	.loc	5 1748 53 is_stmt 1             @ ../Drivers/STM32H7xx_HAL_Driver/Src/stm32h7xx_hal_rcc_ex.c:1748:53
	ldr	r3, [r0]
	.loc	5 1748 87 is_stmt 0             @ ../Drivers/STM32H7xx_HAL_Driver/Src/stm32h7xx_hal_rcc_ex.c:1748:87
	ubfx	r3, r3, #9, #1
	.loc	5 1748 3                        @ ../Drivers/STM32H7xx_HAL_Driver/Src/stm32h7xx_hal_rcc_ex.c:1748:3
	ldr.w	r12, [sp]
	.loc	5 1748 34                       @ ../Drivers/STM32H7xx_HAL_Driver/Src/stm32h7xx_hal_rcc_ex.c:1748:34
	str.w	r3, [r12, #64]
	.loc	5 1751 48 is_stmt 1             @ ../Drivers/STM32H7xx_HAL_Driver/Src/stm32h7xx_hal_rcc_ex.c:1751:48
	ldr	r2, [r2]
	.loc	5 1751 81 is_stmt 0             @ ../Drivers/STM32H7xx_HAL_Driver/Src/stm32h7xx_hal_rcc_ex.c:1751:81
	ubfx	r2, r2, #12, #6
	.loc	5 1751 3                        @ ../Drivers/STM32H7xx_HAL_Driver/Src/stm32h7xx_hal_rcc_ex.c:1751:3
	ldr	r3, [sp]
	.loc	5 1751 29                       @ ../Drivers/STM32H7xx_HAL_Driver/Src/stm32h7xx_hal_rcc_ex.c:1751:29
	str	r2, [r3, #8]
	movw	r2, #17464
	movt	r2, #22530
	.loc	5 1752 48 is_stmt 1             @ ../Drivers/STM32H7xx_HAL_Driver/Src/stm32h7xx_hal_rcc_ex.c:1752:48
	ldr	r3, [r2]
	.loc	5 1752 57 is_stmt 0             @ ../Drivers/STM32H7xx_HAL_Driver/Src/stm32h7xx_hal_rcc_ex.c:1752:57
	bfc	r3, #9, #23
	.loc	5 1752 100                      @ ../Drivers/STM32H7xx_HAL_Driver/Src/stm32h7xx_hal_rcc_ex.c:1752:100
	adds	r3, #1
	.loc	5 1752 3                        @ ../Drivers/STM32H7xx_HAL_Driver/Src/stm32h7xx_hal_rcc_ex.c:1752:3
	ldr.w	r12, [sp]
	.loc	5 1752 29                       @ ../Drivers/STM32H7xx_HAL_Driver/Src/stm32h7xx_hal_rcc_ex.c:1752:29
	str.w	r3, [r12, #12]
	.loc	5 1753 48 is_stmt 1             @ ../Drivers/STM32H7xx_HAL_Driver/Src/stm32h7xx_hal_rcc_ex.c:1753:48
	ldr	r3, [r2]
	.loc	5 1753 57 is_stmt 0             @ ../Drivers/STM32H7xx_HAL_Driver/Src/stm32h7xx_hal_rcc_ex.c:1753:57
	and	r3, r3, #2130706432
	.loc	5 1753 100                      @ ../Drivers/STM32H7xx_HAL_Driver/Src/stm32h7xx_hal_rcc_ex.c:1753:100
	add.w	r3, r1, r3, lsr #24
	.loc	5 1753 3                        @ ../Drivers/STM32H7xx_HAL_Driver/Src/stm32h7xx_hal_rcc_ex.c:1753:3
	ldr.w	r12, [sp]
	.loc	5 1753 29                       @ ../Drivers/STM32H7xx_HAL_Driver/Src/stm32h7xx_hal_rcc_ex.c:1753:29
	str.w	r3, [r12, #24]
	.loc	5 1754 48 is_stmt 1             @ ../Drivers/STM32H7xx_HAL_Driver/Src/stm32h7xx_hal_rcc_ex.c:1754:48
	ldr	r3, [r2]
	.loc	5 1754 57 is_stmt 0             @ ../Drivers/STM32H7xx_HAL_Driver/Src/stm32h7xx_hal_rcc_ex.c:1754:57
	uxth	r3, r3
	.loc	5 1754 100                      @ ../Drivers/STM32H7xx_HAL_Driver/Src/stm32h7xx_hal_rcc_ex.c:1754:100
	add.w	r3, r1, r3, lsr #9
	.loc	5 1754 3                        @ ../Drivers/STM32H7xx_HAL_Driver/Src/stm32h7xx_hal_rcc_ex.c:1754:3
	ldr.w	r12, [sp]
	.loc	5 1754 29                       @ ../Drivers/STM32H7xx_HAL_Driver/Src/stm32h7xx_hal_rcc_ex.c:1754:29
	str.w	r3, [r12, #16]
	.loc	5 1755 48 is_stmt 1             @ ../Drivers/STM32H7xx_HAL_Driver/Src/stm32h7xx_hal_rcc_ex.c:1755:48
	ldr	r2, [r2]
	.loc	5 1755 57 is_stmt 0             @ ../Drivers/STM32H7xx_HAL_Driver/Src/stm32h7xx_hal_rcc_ex.c:1755:57
	and	r2, r2, #8323072
	.loc	5 1755 100                      @ ../Drivers/STM32H7xx_HAL_Driver/Src/stm32h7xx_hal_rcc_ex.c:1755:100
	add.w	r1, r1, r2, lsr #16
	.loc	5 1755 3                        @ ../Drivers/STM32H7xx_HAL_Driver/Src/stm32h7xx_hal_rcc_ex.c:1755:3
	ldr	r2, [sp]
	.loc	5 1755 29                       @ ../Drivers/STM32H7xx_HAL_Driver/Src/stm32h7xx_hal_rcc_ex.c:1755:29
	str	r1, [r2, #20]
	.loc	5 1756 50 is_stmt 1             @ ../Drivers/STM32H7xx_HAL_Driver/Src/stm32h7xx_hal_rcc_ex.c:1756:50
	ldr	r1, [r0]
	.loc	5 1756 58 is_stmt 0             @ ../Drivers/STM32H7xx_HAL_Driver/Src/stm32h7xx_hal_rcc_ex.c:1756:58
	uxtb	r1, r1
	.loc	5 1756 81                       @ ../Drivers/STM32H7xx_HAL_Driver/Src/stm32h7xx_hal_rcc_ex.c:1756:81
	lsrs	r1, r1, #6
	.loc	5 1756 3                        @ ../Drivers/STM32H7xx_HAL_Driver/Src/stm32h7xx_hal_rcc_ex.c:1756:3
	ldr	r2, [sp]
	.loc	5 1756 31                       @ ../Drivers/STM32H7xx_HAL_Driver/Src/stm32h7xx_hal_rcc_ex.c:1756:31
	str	r1, [r2, #28]
	.loc	5 1757 53 is_stmt 1             @ ../Drivers/STM32H7xx_HAL_Driver/Src/stm32h7xx_hal_rcc_ex.c:1757:53
	ldr	r0, [r0]
	.loc	5 1757 87 is_stmt 0             @ ../Drivers/STM32H7xx_HAL_Driver/Src/stm32h7xx_hal_rcc_ex.c:1757:87
	ubfx	r0, r0, #5, #1
	.loc	5 1757 3                        @ ../Drivers/STM32H7xx_HAL_Driver/Src/stm32h7xx_hal_rcc_ex.c:1757:3
	ldr	r1, [sp]
	.loc	5 1757 34                       @ ../Drivers/STM32H7xx_HAL_Driver/Src/stm32h7xx_hal_rcc_ex.c:1757:34
	str	r0, [r1, #32]
	movw	r1, #17492
	movt	r1, #22530
	.loc	5 1760 47 is_stmt 1             @ ../Drivers/STM32H7xx_HAL_Driver/Src/stm32h7xx_hal_rcc_ex.c:1760:47
	ldr	r0, [r1]
	and	r0, r0, #56
	.loc	5 1760 3 is_stmt 0              @ ../Drivers/STM32H7xx_HAL_Driver/Src/stm32h7xx_hal_rcc_ex.c:1760:3
	ldr	r2, [sp]
	.loc	5 1760 45                       @ ../Drivers/STM32H7xx_HAL_Driver/Src/stm32h7xx_hal_rcc_ex.c:1760:45
	str	r0, [r2, #120]
	.loc	5 1762 47 is_stmt 1             @ ../Drivers/STM32H7xx_HAL_Driver/Src/stm32h7xx_hal_rcc_ex.c:1762:47
	ldr	r0, [r1]
	and	r0, r0, #7
	.loc	5 1762 3 is_stmt 0              @ ../Drivers/STM32H7xx_HAL_Driver/Src/stm32h7xx_hal_rcc_ex.c:1762:3
	ldr	r2, [sp]
	.loc	5 1762 45                       @ ../Drivers/STM32H7xx_HAL_Driver/Src/stm32h7xx_hal_rcc_ex.c:1762:45
	str	r0, [r2, #116]
	movw	r3, #17496
	movt	r3, #22530
	.loc	5 1764 47 is_stmt 1             @ ../Drivers/STM32H7xx_HAL_Driver/Src/stm32h7xx_hal_rcc_ex.c:1764:47
	ldr	r0, [r3]
	and	r0, r0, #7
	.loc	5 1764 3 is_stmt 0              @ ../Drivers/STM32H7xx_HAL_Driver/Src/stm32h7xx_hal_rcc_ex.c:1764:3
	ldr	r2, [sp]
	.loc	5 1764 45                       @ ../Drivers/STM32H7xx_HAL_Driver/Src/stm32h7xx_hal_rcc_ex.c:1764:45
	str.w	r0, [r2, #144]
	.loc	5 1767 48 is_stmt 1             @ ../Drivers/STM32H7xx_HAL_Driver/Src/stm32h7xx_hal_rcc_ex.c:1767:48
	ldr	r0, [r1]
	and	r0, r0, #12288
	.loc	5 1767 3 is_stmt 0              @ ../Drivers/STM32H7xx_HAL_Driver/Src/stm32h7xx_hal_rcc_ex.c:1767:3
	ldr	r2, [sp]
	.loc	5 1767 46                       @ ../Drivers/STM32H7xx_HAL_Driver/Src/stm32h7xx_hal_rcc_ex.c:1767:46
	str.w	r0, [r2, #128]
	.loc	5 1773 47 is_stmt 1             @ ../Drivers/STM32H7xx_HAL_Driver/Src/stm32h7xx_hal_rcc_ex.c:1773:47
	ldr	r0, [r1]
	and	r0, r0, #1879048192
	.loc	5 1773 3 is_stmt 0              @ ../Drivers/STM32H7xx_HAL_Driver/Src/stm32h7xx_hal_rcc_ex.c:1773:3
	ldr	r2, [sp]
	.loc	5 1773 45                       @ ../Drivers/STM32H7xx_HAL_Driver/Src/stm32h7xx_hal_rcc_ex.c:1773:45
	str.w	r0, [r2, #140]
	.loc	5 1775 47 is_stmt 1             @ ../Drivers/STM32H7xx_HAL_Driver/Src/stm32h7xx_hal_rcc_ex.c:1775:47
	ldr	r0, [r3]
	and	r0, r0, #7168
	.loc	5 1775 3 is_stmt 0              @ ../Drivers/STM32H7xx_HAL_Driver/Src/stm32h7xx_hal_rcc_ex.c:1775:3
	ldr	r2, [sp]
	.loc	5 1775 45                       @ ../Drivers/STM32H7xx_HAL_Driver/Src/stm32h7xx_hal_rcc_ex.c:1775:45
	str.w	r0, [r2, #152]
	.loc	5 1777 47 is_stmt 1             @ ../Drivers/STM32H7xx_HAL_Driver/Src/stm32h7xx_hal_rcc_ex.c:1777:47
	ldr	r0, [r3]
	and	r0, r0, #57344
	.loc	5 1777 3 is_stmt 0              @ ../Drivers/STM32H7xx_HAL_Driver/Src/stm32h7xx_hal_rcc_ex.c:1777:3
	ldr	r2, [sp]
	.loc	5 1777 45                       @ ../Drivers/STM32H7xx_HAL_Driver/Src/stm32h7xx_hal_rcc_ex.c:1777:45
	str.w	r0, [r2, #156]
	movw	r2, #17488
	movt	r2, #22530
	.loc	5 1779 47 is_stmt 1             @ ../Drivers/STM32H7xx_HAL_Driver/Src/stm32h7xx_hal_rcc_ex.c:1779:47
	ldr	r0, [r2]
	and	r0, r0, #7
	.loc	5 1779 3 is_stmt 0              @ ../Drivers/STM32H7xx_HAL_Driver/Src/stm32h7xx_hal_rcc_ex.c:1779:3
	ldr.w	r12, [sp]
	.loc	5 1779 45                       @ ../Drivers/STM32H7xx_HAL_Driver/Src/stm32h7xx_hal_rcc_ex.c:1779:45
	str.w	r0, [r12, #88]
	.loc	5 1794 47 is_stmt 1             @ ../Drivers/STM32H7xx_HAL_Driver/Src/stm32h7xx_hal_rcc_ex.c:1794:47
	ldr	r0, [r3]
	and	r0, r0, #14680064
	.loc	5 1794 3 is_stmt 0              @ ../Drivers/STM32H7xx_HAL_Driver/Src/stm32h7xx_hal_rcc_ex.c:1794:3
	ldr.w	r12, [sp]
	.loc	5 1794 45                       @ ../Drivers/STM32H7xx_HAL_Driver/Src/stm32h7xx_hal_rcc_ex.c:1794:45
	str.w	r0, [r12, #164]
	.loc	5 1796 47 is_stmt 1             @ ../Drivers/STM32H7xx_HAL_Driver/Src/stm32h7xx_hal_rcc_ex.c:1796:47
	ldr	r0, [r3]
	and	r0, r0, #117440512
	.loc	5 1796 3 is_stmt 0              @ ../Drivers/STM32H7xx_HAL_Driver/Src/stm32h7xx_hal_rcc_ex.c:1796:3
	ldr.w	r12, [sp]
	.loc	5 1796 45                       @ ../Drivers/STM32H7xx_HAL_Driver/Src/stm32h7xx_hal_rcc_ex.c:1796:45
	str.w	r0, [r12, #168]
	movw	r0, #17520
	movt	r0, #22530
	.loc	5 1799 47 is_stmt 1             @ ../Drivers/STM32H7xx_HAL_Driver/Src/stm32h7xx_hal_rcc_ex.c:1799:47
	ldr	r0, [r0]
	and	r0, r0, #768
	.loc	5 1799 3 is_stmt 0              @ ../Drivers/STM32H7xx_HAL_Driver/Src/stm32h7xx_hal_rcc_ex.c:1799:3
	ldr.w	r12, [sp]
	.loc	5 1799 45                       @ ../Drivers/STM32H7xx_HAL_Driver/Src/stm32h7xx_hal_rcc_ex.c:1799:45
	str.w	r0, [r12, #176]
	.loc	5 1801 47 is_stmt 1             @ ../Drivers/STM32H7xx_HAL_Driver/Src/stm32h7xx_hal_rcc_ex.c:1801:47
	ldr	r0, [r1]
	and	r0, r0, #3145728
	.loc	5 1801 3 is_stmt 0              @ ../Drivers/STM32H7xx_HAL_Driver/Src/stm32h7xx_hal_rcc_ex.c:1801:3
	ldr.w	r12, [sp]
	.loc	5 1801 45                       @ ../Drivers/STM32H7xx_HAL_Driver/Src/stm32h7xx_hal_rcc_ex.c:1801:45
	str.w	r0, [r12, #132]
	movw	r0, #17484
	movt	r0, #22530
	.loc	5 1803 47 is_stmt 1             @ ../Drivers/STM32H7xx_HAL_Driver/Src/stm32h7xx_hal_rcc_ex.c:1803:47
	ldr.w	r12, [r0]
	and	r12, r12, #65536
	.loc	5 1803 3 is_stmt 0              @ ../Drivers/STM32H7xx_HAL_Driver/Src/stm32h7xx_hal_rcc_ex.c:1803:3
	ldr.w	lr, [sp]
	.loc	5 1803 45                       @ ../Drivers/STM32H7xx_HAL_Driver/Src/stm32h7xx_hal_rcc_ex.c:1803:45
	str.w	r12, [lr, #80]
	.loc	5 1805 47 is_stmt 1             @ ../Drivers/STM32H7xx_HAL_Driver/Src/stm32h7xx_hal_rcc_ex.c:1805:47
	ldr.w	r12, [r1]
	and	r12, r12, #768
	.loc	5 1805 3 is_stmt 0              @ ../Drivers/STM32H7xx_HAL_Driver/Src/stm32h7xx_hal_rcc_ex.c:1805:3
	ldr.w	lr, [sp]
	.loc	5 1805 45                       @ ../Drivers/STM32H7xx_HAL_Driver/Src/stm32h7xx_hal_rcc_ex.c:1805:45
	str.w	r12, [lr, #124]
	.loc	5 1811 47 is_stmt 1             @ ../Drivers/STM32H7xx_HAL_Driver/Src/stm32h7xx_hal_rcc_ex.c:1811:47
	ldr.w	r12, [r3]
	and	r12, r12, #196608
	.loc	5 1811 3 is_stmt 0              @ ../Drivers/STM32H7xx_HAL_Driver/Src/stm32h7xx_hal_rcc_ex.c:1811:3
	ldr.w	lr, [sp]
	.loc	5 1811 45                       @ ../Drivers/STM32H7xx_HAL_Driver/Src/stm32h7xx_hal_rcc_ex.c:1811:45
	str.w	r12, [lr, #160]
	.loc	5 1813 47 is_stmt 1             @ ../Drivers/STM32H7xx_HAL_Driver/Src/stm32h7xx_hal_rcc_ex.c:1813:47
	ldr.w	r12, [r2]
	and	r12, r12, #-2147483648
	.loc	5 1813 3 is_stmt 0              @ ../Drivers/STM32H7xx_HAL_Driver/Src/stm32h7xx_hal_rcc_ex.c:1813:3
	ldr.w	lr, [sp]
	.loc	5 1813 45                       @ ../Drivers/STM32H7xx_HAL_Driver/Src/stm32h7xx_hal_rcc_ex.c:1813:45
	str.w	r12, [lr, #112]
	.loc	5 1815 47 is_stmt 1             @ ../Drivers/STM32H7xx_HAL_Driver/Src/stm32h7xx_hal_rcc_ex.c:1815:47
	ldr.w	r12, [r2]
	and	r12, r12, #16777216
	.loc	5 1815 3 is_stmt 0              @ ../Drivers/STM32H7xx_HAL_Driver/Src/stm32h7xx_hal_rcc_ex.c:1815:3
	ldr.w	lr, [sp]
	.loc	5 1815 45                       @ ../Drivers/STM32H7xx_HAL_Driver/Src/stm32h7xx_hal_rcc_ex.c:1815:45
	str.w	r12, [lr, #104]
	.loc	5 1821 47 is_stmt 1             @ ../Drivers/STM32H7xx_HAL_Driver/Src/stm32h7xx_hal_rcc_ex.c:1821:47
	ldr.w	r12, [r2]
	and	r12, r12, #3145728
	.loc	5 1821 3 is_stmt 0              @ ../Drivers/STM32H7xx_HAL_Driver/Src/stm32h7xx_hal_rcc_ex.c:1821:3
	ldr.w	lr, [sp]
	.loc	5 1821 45                       @ ../Drivers/STM32H7xx_HAL_Driver/Src/stm32h7xx_hal_rcc_ex.c:1821:45
	str.w	r12, [lr, #100]
	.loc	5 1823 47 is_stmt 1             @ ../Drivers/STM32H7xx_HAL_Driver/Src/stm32h7xx_hal_rcc_ex.c:1823:47
	ldr.w	r12, [r2]
	and	r12, r12, #28672
	.loc	5 1823 3 is_stmt 0              @ ../Drivers/STM32H7xx_HAL_Driver/Src/stm32h7xx_hal_rcc_ex.c:1823:3
	ldr.w	lr, [sp]
	.loc	5 1823 45                       @ ../Drivers/STM32H7xx_HAL_Driver/Src/stm32h7xx_hal_rcc_ex.c:1823:45
	str.w	r12, [lr, #92]
	.loc	5 1825 47 is_stmt 1             @ ../Drivers/STM32H7xx_HAL_Driver/Src/stm32h7xx_hal_rcc_ex.c:1825:47
	ldr.w	r12, [r2]
	and	r12, r12, #458752
	.loc	5 1825 3 is_stmt 0              @ ../Drivers/STM32H7xx_HAL_Driver/Src/stm32h7xx_hal_rcc_ex.c:1825:3
	ldr.w	lr, [sp]
	.loc	5 1825 45                       @ ../Drivers/STM32H7xx_HAL_Driver/Src/stm32h7xx_hal_rcc_ex.c:1825:45
	str.w	r12, [lr, #96]
	.loc	5 1827 47 is_stmt 1             @ ../Drivers/STM32H7xx_HAL_Driver/Src/stm32h7xx_hal_rcc_ex.c:1827:47
	ldr	r3, [r3]
	and	r3, r3, #1879048192
	.loc	5 1827 3 is_stmt 0              @ ../Drivers/STM32H7xx_HAL_Driver/Src/stm32h7xx_hal_rcc_ex.c:1827:3
	ldr.w	r12, [sp]
	.loc	5 1827 45                       @ ../Drivers/STM32H7xx_HAL_Driver/Src/stm32h7xx_hal_rcc_ex.c:1827:45
	str.w	r3, [r12, #172]
	.loc	5 1829 47 is_stmt 1             @ ../Drivers/STM32H7xx_HAL_Driver/Src/stm32h7xx_hal_rcc_ex.c:1829:47
	ldr	r2, [r2]
	and	r2, r2, #805306368
	.loc	5 1829 3 is_stmt 0              @ ../Drivers/STM32H7xx_HAL_Driver/Src/stm32h7xx_hal_rcc_ex.c:1829:3
	ldr	r3, [sp]
	.loc	5 1829 45                       @ ../Drivers/STM32H7xx_HAL_Driver/Src/stm32h7xx_hal_rcc_ex.c:1829:45
	str	r2, [r3, #108]
	.loc	5 1831 47 is_stmt 1             @ ../Drivers/STM32H7xx_HAL_Driver/Src/stm32h7xx_hal_rcc_ex.c:1831:47
	ldr	r1, [r1]
	and	r1, r1, #12582912
	.loc	5 1831 3 is_stmt 0              @ ../Drivers/STM32H7xx_HAL_Driver/Src/stm32h7xx_hal_rcc_ex.c:1831:3
	ldr	r2, [sp]
	.loc	5 1831 45                       @ ../Drivers/STM32H7xx_HAL_Driver/Src/stm32h7xx_hal_rcc_ex.c:1831:45
	str.w	r1, [r2, #136]
	.loc	5 1833 47 is_stmt 1             @ ../Drivers/STM32H7xx_HAL_Driver/Src/stm32h7xx_hal_rcc_ex.c:1833:47
	ldr	r1, [r0]
	and	r1, r1, #3
	.loc	5 1833 3 is_stmt 0              @ ../Drivers/STM32H7xx_HAL_Driver/Src/stm32h7xx_hal_rcc_ex.c:1833:3
	ldr	r2, [sp]
	.loc	5 1833 45                       @ ../Drivers/STM32H7xx_HAL_Driver/Src/stm32h7xx_hal_rcc_ex.c:1833:45
	str	r1, [r2, #72]
	.loc	5 1840 47 is_stmt 1             @ ../Drivers/STM32H7xx_HAL_Driver/Src/stm32h7xx_hal_rcc_ex.c:1840:47
	ldr	r1, [r0]
	and	r1, r1, #48
	.loc	5 1840 3 is_stmt 0              @ ../Drivers/STM32H7xx_HAL_Driver/Src/stm32h7xx_hal_rcc_ex.c:1840:3
	ldr	r2, [sp]
	.loc	5 1840 45                       @ ../Drivers/STM32H7xx_HAL_Driver/Src/stm32h7xx_hal_rcc_ex.c:1840:45
	str	r1, [r2, #76]
	.loc	5 1849 47 is_stmt 1             @ ../Drivers/STM32H7xx_HAL_Driver/Src/stm32h7xx_hal_rcc_ex.c:1849:47
	ldr	r0, [r0]
	and	r0, r0, #805306368
	.loc	5 1849 3 is_stmt 0              @ ../Drivers/STM32H7xx_HAL_Driver/Src/stm32h7xx_hal_rcc_ex.c:1849:3
	ldr	r1, [sp]
	.loc	5 1849 45                       @ ../Drivers/STM32H7xx_HAL_Driver/Src/stm32h7xx_hal_rcc_ex.c:1849:45
	str	r0, [r1, #84]
	movw	r0, #17424
	movt	r0, #22530
.Ltmp358:
	.loc	5 1852 13 is_stmt 1             @ ../Drivers/STM32H7xx_HAL_Driver/Src/stm32h7xx_hal_rcc_ex.c:1852:13
	ldr	r0, [r0]
.Ltmp359:
	.loc	5 1852 7 is_stmt 0              @ ../Drivers/STM32H7xx_HAL_Driver/Src/stm32h7xx_hal_rcc_ex.c:1852:7
	lsls	r0, r0, #16
	cmp	r0, #0
	bmi	.LBB3_2
	b	.LBB3_1
.LBB3_1:
.Ltmp360:
	.loc	5 1854 5 is_stmt 1              @ ../Drivers/STM32H7xx_HAL_Driver/Src/stm32h7xx_hal_rcc_ex.c:1854:5
	ldr	r1, [sp]
	movs	r0, #0
	.loc	5 1854 37 is_stmt 0             @ ../Drivers/STM32H7xx_HAL_Driver/Src/stm32h7xx_hal_rcc_ex.c:1854:37
	str.w	r0, [r1, #180]
	.loc	5 1855 3 is_stmt 1              @ ../Drivers/STM32H7xx_HAL_Driver/Src/stm32h7xx_hal_rcc_ex.c:1855:3
	b	.LBB3_3
.Ltmp361:
.LBB3_2:
	.loc	5 1858 5                        @ ../Drivers/STM32H7xx_HAL_Driver/Src/stm32h7xx_hal_rcc_ex.c:1858:5
	ldr	r1, [sp]
	mov.w	r0, #32768
	.loc	5 1858 37 is_stmt 0             @ ../Drivers/STM32H7xx_HAL_Driver/Src/stm32h7xx_hal_rcc_ex.c:1858:37
	str.w	r0, [r1, #180]
	b	.LBB3_3
.Ltmp362:
.LBB3_3:
	.loc	5 1860 1 epilogue_begin is_stmt 1 @ ../Drivers/STM32H7xx_HAL_Driver/Src/stm32h7xx_hal_rcc_ex.c:1860:1
	add	sp, #4
	pop	{r7, pc}
.Ltmp363:
.Lfunc_end3:
	.size	HAL_RCCEx_GetPeriphCLKConfig, .Lfunc_end3-HAL_RCCEx_GetPeriphCLKConfig
	.cfi_endproc
	.cantunwind
	.fnend
                                        @ -- End function
	.section	.text.HAL_RCCEx_GetPeriphCLKFreq,"ax",%progbits
	.hidden	HAL_RCCEx_GetPeriphCLKFreq      @ -- Begin function HAL_RCCEx_GetPeriphCLKFreq
	.globl	HAL_RCCEx_GetPeriphCLKFreq
	.p2align	3
	.type	HAL_RCCEx_GetPeriphCLKFreq,%function
	.code	16                              @ @HAL_RCCEx_GetPeriphCLKFreq
	.thumb_func
HAL_RCCEx_GetPeriphCLKFreq:
.Lfunc_begin4:
	.loc	5 1882 0                        @ ../Drivers/STM32H7xx_HAL_Driver/Src/stm32h7xx_hal_rcc_ex.c:1882:0
	.fnstart
	.cfi_startproc
@ %bb.0:
	.save	{r7, lr}
	push	{r7, lr}
	.cfi_def_cfa_offset 8
	.cfi_offset lr, -4
	.cfi_offset r7, -8
	.pad	#96
	sub	sp, #96
	.cfi_def_cfa_offset 104
                                        @ kill: def $r2 killed $r1
                                        @ kill: def $r2 killed $r0
	str	r1, [sp, #92]
	str	r0, [sp, #88]
.Ltmp364:
	.loc	5 1894 7 prologue_end           @ ../Drivers/STM32H7xx_HAL_Driver/Src/stm32h7xx_hal_rcc_ex.c:1894:7
	ldr	r0, [sp, #88]
	ldr	r1, [sp, #92]
	.loc	5 1894 17 is_stmt 0             @ ../Drivers/STM32H7xx_HAL_Driver/Src/stm32h7xx_hal_rcc_ex.c:1894:17
	eor	r0, r0, #256
	orrs	r0, r1
.Ltmp365:
	.loc	5 1894 7                        @ ../Drivers/STM32H7xx_HAL_Driver/Src/stm32h7xx_hal_rcc_ex.c:1894:7
	cmp	r0, #0
	bne.w	.LBB4_32
	b	.LBB4_1
.LBB4_1:
	.loc	5 0 7                           @ ../Drivers/STM32H7xx_HAL_Driver/Src/stm32h7xx_hal_rcc_ex.c:0:7
	movw	r0, #17488
	movt	r0, #22530
.Ltmp366:
	.loc	5 1897 22 is_stmt 1             @ ../Drivers/STM32H7xx_HAL_Driver/Src/stm32h7xx_hal_rcc_ex.c:1897:22
	ldr	r0, [r0]
	and	r0, r0, #7
	.loc	5 1897 20 is_stmt 0             @ ../Drivers/STM32H7xx_HAL_Driver/Src/stm32h7xx_hal_rcc_ex.c:1897:20
	str	r0, [sp, #44]
	.loc	5 1899 13 is_stmt 1             @ ../Drivers/STM32H7xx_HAL_Driver/Src/stm32h7xx_hal_rcc_ex.c:1899:13
	ldr	r0, [sp, #44]
	.loc	5 1899 5 is_stmt 0              @ ../Drivers/STM32H7xx_HAL_Driver/Src/stm32h7xx_hal_rcc_ex.c:1899:5
	str	r0, [sp, #32]                   @ 4-byte Spill
	cmp	r0, #4
	bhi.w	.LBB4_30
@ %bb.2:
	ldr	r1, [sp, #32]                   @ 4-byte Reload
.LCPI4_0:
	tbb	[pc, r1]
@ %bb.3:
	.loc	5 0 5                           @ ../Drivers/STM32H7xx_HAL_Driver/Src/stm32h7xx_hal_rcc_ex.c:0:5
.LJTI4_0:
	.byte	(.LBB4_4-(.LCPI4_0+4))/2
	.byte	(.LBB4_8-(.LCPI4_0+4))/2
	.byte	(.LBB4_12-(.LCPI4_0+4))/2
	.byte	(.LBB4_29-(.LCPI4_0+4))/2
	.byte	(.LBB4_16-(.LCPI4_0+4))/2
	.p2align	1
.LBB4_4:
	movw	r0, #17408
	movt	r0, #22530
.Ltmp367:
	.loc	5 1903 13 is_stmt 1             @ ../Drivers/STM32H7xx_HAL_Driver/Src/stm32h7xx_hal_rcc_ex.c:1903:13
	ldr	r0, [r0]
.Ltmp368:
	.loc	5 1903 13 is_stmt 0             @ ../Drivers/STM32H7xx_HAL_Driver/Src/stm32h7xx_hal_rcc_ex.c:1903:13
	lsls	r0, r0, #6
	cmp	r0, #0
	bpl	.LBB4_6
	b	.LBB4_5
.LBB4_5:
	.loc	5 0 13                          @ ../Drivers/STM32H7xx_HAL_Driver/Src/stm32h7xx_hal_rcc_ex.c:0:13
	add	r0, sp, #76
.Ltmp369:
	.loc	5 1905 11 is_stmt 1             @ ../Drivers/STM32H7xx_HAL_Driver/Src/stm32h7xx_hal_rcc_ex.c:1905:11
	bl	HAL_RCCEx_GetPLL1ClockFreq
	.loc	5 1906 35                       @ ../Drivers/STM32H7xx_HAL_Driver/Src/stm32h7xx_hal_rcc_ex.c:1906:35
	ldr	r0, [sp, #80]
	.loc	5 1906 21 is_stmt 0             @ ../Drivers/STM32H7xx_HAL_Driver/Src/stm32h7xx_hal_rcc_ex.c:1906:21
	str	r0, [sp, #48]
	.loc	5 1907 9 is_stmt 1              @ ../Drivers/STM32H7xx_HAL_Driver/Src/stm32h7xx_hal_rcc_ex.c:1907:9
	b	.LBB4_7
.Ltmp370:
.LBB4_6:
	.loc	5 0 9 is_stmt 0                 @ ../Drivers/STM32H7xx_HAL_Driver/Src/stm32h7xx_hal_rcc_ex.c:0:9
	movs	r0, #0
.Ltmp371:
	.loc	5 1910 21 is_stmt 1             @ ../Drivers/STM32H7xx_HAL_Driver/Src/stm32h7xx_hal_rcc_ex.c:1910:21
	str	r0, [sp, #48]
	b	.LBB4_7
.Ltmp372:
.LBB4_7:
	.loc	5 1912 9                        @ ../Drivers/STM32H7xx_HAL_Driver/Src/stm32h7xx_hal_rcc_ex.c:1912:9
	b	.LBB4_31
.Ltmp373:
.LBB4_8:
	.loc	5 0 9 is_stmt 0                 @ ../Drivers/STM32H7xx_HAL_Driver/Src/stm32h7xx_hal_rcc_ex.c:0:9
	movw	r0, #17408
	movt	r0, #22530
.Ltmp374:
	.loc	5 1916 13 is_stmt 1             @ ../Drivers/STM32H7xx_HAL_Driver/Src/stm32h7xx_hal_rcc_ex.c:1916:13
	ldr	r0, [r0]
.Ltmp375:
	.loc	5 1916 13 is_stmt 0             @ ../Drivers/STM32H7xx_HAL_Driver/Src/stm32h7xx_hal_rcc_ex.c:1916:13
	lsls	r0, r0, #4
	cmp	r0, #0
	bpl	.LBB4_10
	b	.LBB4_9
.LBB4_9:
	.loc	5 0 13                          @ ../Drivers/STM32H7xx_HAL_Driver/Src/stm32h7xx_hal_rcc_ex.c:0:13
	add	r0, sp, #64
.Ltmp376:
	.loc	5 1918 11 is_stmt 1             @ ../Drivers/STM32H7xx_HAL_Driver/Src/stm32h7xx_hal_rcc_ex.c:1918:11
	bl	HAL_RCCEx_GetPLL2ClockFreq
	.loc	5 1919 35                       @ ../Drivers/STM32H7xx_HAL_Driver/Src/stm32h7xx_hal_rcc_ex.c:1919:35
	ldr	r0, [sp, #64]
	.loc	5 1919 21 is_stmt 0             @ ../Drivers/STM32H7xx_HAL_Driver/Src/stm32h7xx_hal_rcc_ex.c:1919:21
	str	r0, [sp, #48]
	.loc	5 1920 9 is_stmt 1              @ ../Drivers/STM32H7xx_HAL_Driver/Src/stm32h7xx_hal_rcc_ex.c:1920:9
	b	.LBB4_11
.Ltmp377:
.LBB4_10:
	.loc	5 0 9 is_stmt 0                 @ ../Drivers/STM32H7xx_HAL_Driver/Src/stm32h7xx_hal_rcc_ex.c:0:9
	movs	r0, #0
.Ltmp378:
	.loc	5 1923 21 is_stmt 1             @ ../Drivers/STM32H7xx_HAL_Driver/Src/stm32h7xx_hal_rcc_ex.c:1923:21
	str	r0, [sp, #48]
	b	.LBB4_11
.Ltmp379:
.LBB4_11:
	.loc	5 1925 9                        @ ../Drivers/STM32H7xx_HAL_Driver/Src/stm32h7xx_hal_rcc_ex.c:1925:9
	b	.LBB4_31
.Ltmp380:
.LBB4_12:
	.loc	5 0 9 is_stmt 0                 @ ../Drivers/STM32H7xx_HAL_Driver/Src/stm32h7xx_hal_rcc_ex.c:0:9
	movw	r0, #17408
	movt	r0, #22530
.Ltmp381:
	.loc	5 1930 13 is_stmt 1             @ ../Drivers/STM32H7xx_HAL_Driver/Src/stm32h7xx_hal_rcc_ex.c:1930:13
	ldr	r0, [r0]
.Ltmp382:
	.loc	5 1930 13 is_stmt 0             @ ../Drivers/STM32H7xx_HAL_Driver/Src/stm32h7xx_hal_rcc_ex.c:1930:13
	lsls	r0, r0, #2
	cmp	r0, #0
	bpl	.LBB4_14
	b	.LBB4_13
.LBB4_13:
	.loc	5 0 13                          @ ../Drivers/STM32H7xx_HAL_Driver/Src/stm32h7xx_hal_rcc_ex.c:0:13
	add	r0, sp, #52
.Ltmp383:
	.loc	5 1932 11 is_stmt 1             @ ../Drivers/STM32H7xx_HAL_Driver/Src/stm32h7xx_hal_rcc_ex.c:1932:11
	bl	HAL_RCCEx_GetPLL3ClockFreq
	.loc	5 1933 35                       @ ../Drivers/STM32H7xx_HAL_Driver/Src/stm32h7xx_hal_rcc_ex.c:1933:35
	ldr	r0, [sp, #52]
	.loc	5 1933 21 is_stmt 0             @ ../Drivers/STM32H7xx_HAL_Driver/Src/stm32h7xx_hal_rcc_ex.c:1933:21
	str	r0, [sp, #48]
	.loc	5 1934 9 is_stmt 1              @ ../Drivers/STM32H7xx_HAL_Driver/Src/stm32h7xx_hal_rcc_ex.c:1934:9
	b	.LBB4_15
.Ltmp384:
.LBB4_14:
	.loc	5 0 9 is_stmt 0                 @ ../Drivers/STM32H7xx_HAL_Driver/Src/stm32h7xx_hal_rcc_ex.c:0:9
	movs	r0, #0
.Ltmp385:
	.loc	5 1937 21 is_stmt 1             @ ../Drivers/STM32H7xx_HAL_Driver/Src/stm32h7xx_hal_rcc_ex.c:1937:21
	str	r0, [sp, #48]
	b	.LBB4_15
.Ltmp386:
.LBB4_15:
	.loc	5 1939 9                        @ ../Drivers/STM32H7xx_HAL_Driver/Src/stm32h7xx_hal_rcc_ex.c:1939:9
	b	.LBB4_31
.Ltmp387:
.LBB4_16:
	.loc	5 0 9 is_stmt 0                 @ ../Drivers/STM32H7xx_HAL_Driver/Src/stm32h7xx_hal_rcc_ex.c:0:9
	movw	r0, #17484
	movt	r0, #22530
.Ltmp388:
	.loc	5 1945 26 is_stmt 1             @ ../Drivers/STM32H7xx_HAL_Driver/Src/stm32h7xx_hal_rcc_ex.c:1945:26
	ldr	r0, [r0]
	and	r0, r0, #805306368
	.loc	5 1945 24 is_stmt 0             @ ../Drivers/STM32H7xx_HAL_Driver/Src/stm32h7xx_hal_rcc_ex.c:1945:24
	str	r0, [sp, #40]
	movw	r0, #17408
	movt	r0, #22530
.Ltmp389:
	.loc	5 1947 14 is_stmt 1             @ ../Drivers/STM32H7xx_HAL_Driver/Src/stm32h7xx_hal_rcc_ex.c:1947:14
	ldr	r0, [r0]
	.loc	5 1947 54 is_stmt 0             @ ../Drivers/STM32H7xx_HAL_Driver/Src/stm32h7xx_hal_rcc_ex.c:1947:54
	lsls	r0, r0, #29
	cmp	r0, #0
	bpl	.LBB4_19
	b	.LBB4_17
.LBB4_17:
	.loc	5 1947 58                       @ ../Drivers/STM32H7xx_HAL_Driver/Src/stm32h7xx_hal_rcc_ex.c:1947:58
	ldr	r0, [sp, #40]
.Ltmp390:
	.loc	5 1947 13                       @ ../Drivers/STM32H7xx_HAL_Driver/Src/stm32h7xx_hal_rcc_ex.c:1947:13
	cbnz	r0, .LBB4_19
	b	.LBB4_18
.LBB4_18:
	.loc	5 0 13                          @ ../Drivers/STM32H7xx_HAL_Driver/Src/stm32h7xx_hal_rcc_ex.c:0:13
	movw	r0, #17408
	movt	r0, #22530
.Ltmp391:
	.loc	5 1950 38 is_stmt 1             @ ../Drivers/STM32H7xx_HAL_Driver/Src/stm32h7xx_hal_rcc_ex.c:1950:38
	ldr	r0, [r0]
	.loc	5 1950 66 is_stmt 0             @ ../Drivers/STM32H7xx_HAL_Driver/Src/stm32h7xx_hal_rcc_ex.c:1950:66
	ubfx	r1, r0, #3, #2
	movw	r0, #36864
	movt	r0, #976
	.loc	5 1950 34                       @ ../Drivers/STM32H7xx_HAL_Driver/Src/stm32h7xx_hal_rcc_ex.c:1950:34
	lsrs	r0, r1
	.loc	5 1950 21                       @ ../Drivers/STM32H7xx_HAL_Driver/Src/stm32h7xx_hal_rcc_ex.c:1950:21
	str	r0, [sp, #48]
	.loc	5 1951 9 is_stmt 1              @ ../Drivers/STM32H7xx_HAL_Driver/Src/stm32h7xx_hal_rcc_ex.c:1951:9
	b	.LBB4_28
.Ltmp392:
.LBB4_19:
	.loc	5 0 9 is_stmt 0                 @ ../Drivers/STM32H7xx_HAL_Driver/Src/stm32h7xx_hal_rcc_ex.c:0:9
	movw	r0, #17408
	movt	r0, #22530
.Ltmp393:
	.loc	5 1953 19 is_stmt 1             @ ../Drivers/STM32H7xx_HAL_Driver/Src/stm32h7xx_hal_rcc_ex.c:1953:19
	ldr	r0, [r0]
	.loc	5 1953 59 is_stmt 0             @ ../Drivers/STM32H7xx_HAL_Driver/Src/stm32h7xx_hal_rcc_ex.c:1953:59
	lsls	r0, r0, #23
	cmp	r0, #0
	bpl	.LBB4_22
	b	.LBB4_20
.LBB4_20:
	.loc	5 1953 63                       @ ../Drivers/STM32H7xx_HAL_Driver/Src/stm32h7xx_hal_rcc_ex.c:1953:63
	ldr	r0, [sp, #40]
.Ltmp394:
	.loc	5 1953 18                       @ ../Drivers/STM32H7xx_HAL_Driver/Src/stm32h7xx_hal_rcc_ex.c:1953:18
	cmp.w	r0, #268435456
	bne	.LBB4_22
	b	.LBB4_21
.LBB4_21:
	.loc	5 0 18                          @ ../Drivers/STM32H7xx_HAL_Driver/Src/stm32h7xx_hal_rcc_ex.c:0:18
	movw	r0, #2304
	movt	r0, #61
.Ltmp395:
	.loc	5 1956 21 is_stmt 1             @ ../Drivers/STM32H7xx_HAL_Driver/Src/stm32h7xx_hal_rcc_ex.c:1956:21
	str	r0, [sp, #48]
	.loc	5 1957 9                        @ ../Drivers/STM32H7xx_HAL_Driver/Src/stm32h7xx_hal_rcc_ex.c:1957:9
	b	.LBB4_27
.Ltmp396:
.LBB4_22:
	.loc	5 0 9 is_stmt 0                 @ ../Drivers/STM32H7xx_HAL_Driver/Src/stm32h7xx_hal_rcc_ex.c:0:9
	movw	r0, #17408
	movt	r0, #22530
.Ltmp397:
	.loc	5 1959 19 is_stmt 1             @ ../Drivers/STM32H7xx_HAL_Driver/Src/stm32h7xx_hal_rcc_ex.c:1959:19
	ldr	r0, [r0]
	.loc	5 1959 59 is_stmt 0             @ ../Drivers/STM32H7xx_HAL_Driver/Src/stm32h7xx_hal_rcc_ex.c:1959:59
	lsls	r0, r0, #14
	cmp	r0, #0
	bpl	.LBB4_25
	b	.LBB4_23
.LBB4_23:
	.loc	5 1959 63                       @ ../Drivers/STM32H7xx_HAL_Driver/Src/stm32h7xx_hal_rcc_ex.c:1959:63
	ldr	r0, [sp, #40]
.Ltmp398:
	.loc	5 1959 18                       @ ../Drivers/STM32H7xx_HAL_Driver/Src/stm32h7xx_hal_rcc_ex.c:1959:18
	cmp.w	r0, #536870912
	bne	.LBB4_25
	b	.LBB4_24
.LBB4_24:
	.loc	5 0 18                          @ ../Drivers/STM32H7xx_HAL_Driver/Src/stm32h7xx_hal_rcc_ex.c:0:18
	movw	r0, #13824
	movt	r0, #366
.Ltmp399:
	.loc	5 1962 21 is_stmt 1             @ ../Drivers/STM32H7xx_HAL_Driver/Src/stm32h7xx_hal_rcc_ex.c:1962:21
	str	r0, [sp, #48]
	.loc	5 1963 9                        @ ../Drivers/STM32H7xx_HAL_Driver/Src/stm32h7xx_hal_rcc_ex.c:1963:9
	b	.LBB4_26
.Ltmp400:
.LBB4_25:
	.loc	5 0 9 is_stmt 0                 @ ../Drivers/STM32H7xx_HAL_Driver/Src/stm32h7xx_hal_rcc_ex.c:0:9
	movs	r0, #0
.Ltmp401:
	.loc	5 1968 21 is_stmt 1             @ ../Drivers/STM32H7xx_HAL_Driver/Src/stm32h7xx_hal_rcc_ex.c:1968:21
	str	r0, [sp, #48]
	b	.LBB4_26
.Ltmp402:
.LBB4_26:
	.loc	5 0 21 is_stmt 0                @ ../Drivers/STM32H7xx_HAL_Driver/Src/stm32h7xx_hal_rcc_ex.c:0:21
	b	.LBB4_27
.LBB4_27:
	b	.LBB4_28
.LBB4_28:
	.loc	5 1971 9 is_stmt 1              @ ../Drivers/STM32H7xx_HAL_Driver/Src/stm32h7xx_hal_rcc_ex.c:1971:9
	b	.LBB4_31
.Ltmp403:
.LBB4_29:
	.loc	5 0 9 is_stmt 0                 @ ../Drivers/STM32H7xx_HAL_Driver/Src/stm32h7xx_hal_rcc_ex.c:0:9
	movw	r0, #32768
	movt	r0, #187
.Ltmp404:
	.loc	5 1976 19 is_stmt 1             @ ../Drivers/STM32H7xx_HAL_Driver/Src/stm32h7xx_hal_rcc_ex.c:1976:19
	str	r0, [sp, #48]
	.loc	5 1977 9                        @ ../Drivers/STM32H7xx_HAL_Driver/Src/stm32h7xx_hal_rcc_ex.c:1977:9
	b	.LBB4_31
.Ltmp405:
.LBB4_30:
	.loc	5 0 9 is_stmt 0                 @ ../Drivers/STM32H7xx_HAL_Driver/Src/stm32h7xx_hal_rcc_ex.c:0:9
	movs	r0, #0
.Ltmp406:
	.loc	5 1981 19 is_stmt 1             @ ../Drivers/STM32H7xx_HAL_Driver/Src/stm32h7xx_hal_rcc_ex.c:1981:19
	str	r0, [sp, #48]
	.loc	5 1982 9                        @ ../Drivers/STM32H7xx_HAL_Driver/Src/stm32h7xx_hal_rcc_ex.c:1982:9
	b	.LBB4_31
.Ltmp407:
.LBB4_31:
	.loc	5 1985 3                        @ ../Drivers/STM32H7xx_HAL_Driver/Src/stm32h7xx_hal_rcc_ex.c:1985:3
	b.w	.LBB4_261
.Ltmp408:
.LBB4_32:
	.loc	5 2275 12                       @ ../Drivers/STM32H7xx_HAL_Driver/Src/stm32h7xx_hal_rcc_ex.c:2275:12
	ldr	r0, [sp, #88]
	ldr	r1, [sp, #92]
	.loc	5 2275 22 is_stmt 0             @ ../Drivers/STM32H7xx_HAL_Driver/Src/stm32h7xx_hal_rcc_ex.c:2275:22
	eor	r0, r0, #1024
	orrs	r0, r1
.Ltmp409:
	.loc	5 2275 12                       @ ../Drivers/STM32H7xx_HAL_Driver/Src/stm32h7xx_hal_rcc_ex.c:2275:12
	cmp	r0, #0
	bne.w	.LBB4_66
	b	.LBB4_33
.LBB4_33:
	.loc	5 0 12                          @ ../Drivers/STM32H7xx_HAL_Driver/Src/stm32h7xx_hal_rcc_ex.c:0:12
	movw	r0, #17496
	movt	r0, #22530
.Ltmp410:
	.loc	5 2278 22 is_stmt 1             @ ../Drivers/STM32H7xx_HAL_Driver/Src/stm32h7xx_hal_rcc_ex.c:2278:22
	ldr	r0, [r0]
	and	r0, r0, #14680064
	.loc	5 2278 20 is_stmt 0             @ ../Drivers/STM32H7xx_HAL_Driver/Src/stm32h7xx_hal_rcc_ex.c:2278:20
	str	r0, [sp, #44]
	.loc	5 2280 13 is_stmt 1             @ ../Drivers/STM32H7xx_HAL_Driver/Src/stm32h7xx_hal_rcc_ex.c:2280:13
	ldr	r0, [sp, #44]
	.loc	5 2280 5 is_stmt 0              @ ../Drivers/STM32H7xx_HAL_Driver/Src/stm32h7xx_hal_rcc_ex.c:2280:5
	str	r0, [sp, #28]                   @ 4-byte Spill
	cbz	r0, .LBB4_38
	b	.LBB4_34
.LBB4_34:
	ldr	r0, [sp, #28]                   @ 4-byte Reload
	cmp.w	r0, #2097152
	beq	.LBB4_42
	b	.LBB4_35
.LBB4_35:
	ldr	r0, [sp, #28]                   @ 4-byte Reload
	cmp.w	r0, #4194304
	beq	.LBB4_46
	b	.LBB4_36
.LBB4_36:
	ldr	r0, [sp, #28]                   @ 4-byte Reload
	cmp.w	r0, #6291456
	beq.w	.LBB4_63
	b	.LBB4_37
.LBB4_37:
	ldr	r0, [sp, #28]                   @ 4-byte Reload
	cmp.w	r0, #8388608
	beq	.LBB4_50
	b	.LBB4_64
.LBB4_38:
	.loc	5 0 5                           @ ../Drivers/STM32H7xx_HAL_Driver/Src/stm32h7xx_hal_rcc_ex.c:0:5
	movw	r0, #17408
	movt	r0, #22530
.Ltmp411:
	.loc	5 2284 13 is_stmt 1             @ ../Drivers/STM32H7xx_HAL_Driver/Src/stm32h7xx_hal_rcc_ex.c:2284:13
	ldr	r0, [r0]
.Ltmp412:
	.loc	5 2284 13 is_stmt 0             @ ../Drivers/STM32H7xx_HAL_Driver/Src/stm32h7xx_hal_rcc_ex.c:2284:13
	lsls	r0, r0, #6
	cmp	r0, #0
	bpl	.LBB4_40
	b	.LBB4_39
.LBB4_39:
	.loc	5 0 13                          @ ../Drivers/STM32H7xx_HAL_Driver/Src/stm32h7xx_hal_rcc_ex.c:0:13
	add	r0, sp, #76
.Ltmp413:
	.loc	5 2286 11 is_stmt 1             @ ../Drivers/STM32H7xx_HAL_Driver/Src/stm32h7xx_hal_rcc_ex.c:2286:11
	bl	HAL_RCCEx_GetPLL1ClockFreq
	.loc	5 2287 35                       @ ../Drivers/STM32H7xx_HAL_Driver/Src/stm32h7xx_hal_rcc_ex.c:2287:35
	ldr	r0, [sp, #80]
	.loc	5 2287 21 is_stmt 0             @ ../Drivers/STM32H7xx_HAL_Driver/Src/stm32h7xx_hal_rcc_ex.c:2287:21
	str	r0, [sp, #48]
	.loc	5 2288 9 is_stmt 1              @ ../Drivers/STM32H7xx_HAL_Driver/Src/stm32h7xx_hal_rcc_ex.c:2288:9
	b	.LBB4_41
.Ltmp414:
.LBB4_40:
	.loc	5 0 9 is_stmt 0                 @ ../Drivers/STM32H7xx_HAL_Driver/Src/stm32h7xx_hal_rcc_ex.c:0:9
	movs	r0, #0
.Ltmp415:
	.loc	5 2291 21 is_stmt 1             @ ../Drivers/STM32H7xx_HAL_Driver/Src/stm32h7xx_hal_rcc_ex.c:2291:21
	str	r0, [sp, #48]
	b	.LBB4_41
.Ltmp416:
.LBB4_41:
	.loc	5 2293 9                        @ ../Drivers/STM32H7xx_HAL_Driver/Src/stm32h7xx_hal_rcc_ex.c:2293:9
	b	.LBB4_65
.Ltmp417:
.LBB4_42:
	.loc	5 0 9 is_stmt 0                 @ ../Drivers/STM32H7xx_HAL_Driver/Src/stm32h7xx_hal_rcc_ex.c:0:9
	movw	r0, #17408
	movt	r0, #22530
.Ltmp418:
	.loc	5 2297 13 is_stmt 1             @ ../Drivers/STM32H7xx_HAL_Driver/Src/stm32h7xx_hal_rcc_ex.c:2297:13
	ldr	r0, [r0]
.Ltmp419:
	.loc	5 2297 13 is_stmt 0             @ ../Drivers/STM32H7xx_HAL_Driver/Src/stm32h7xx_hal_rcc_ex.c:2297:13
	lsls	r0, r0, #4
	cmp	r0, #0
	bpl	.LBB4_44
	b	.LBB4_43
.LBB4_43:
	.loc	5 0 13                          @ ../Drivers/STM32H7xx_HAL_Driver/Src/stm32h7xx_hal_rcc_ex.c:0:13
	add	r0, sp, #64
.Ltmp420:
	.loc	5 2299 11 is_stmt 1             @ ../Drivers/STM32H7xx_HAL_Driver/Src/stm32h7xx_hal_rcc_ex.c:2299:11
	bl	HAL_RCCEx_GetPLL2ClockFreq
	.loc	5 2300 35                       @ ../Drivers/STM32H7xx_HAL_Driver/Src/stm32h7xx_hal_rcc_ex.c:2300:35
	ldr	r0, [sp, #64]
	.loc	5 2300 21 is_stmt 0             @ ../Drivers/STM32H7xx_HAL_Driver/Src/stm32h7xx_hal_rcc_ex.c:2300:21
	str	r0, [sp, #48]
	.loc	5 2301 9 is_stmt 1              @ ../Drivers/STM32H7xx_HAL_Driver/Src/stm32h7xx_hal_rcc_ex.c:2301:9
	b	.LBB4_45
.Ltmp421:
.LBB4_44:
	.loc	5 0 9 is_stmt 0                 @ ../Drivers/STM32H7xx_HAL_Driver/Src/stm32h7xx_hal_rcc_ex.c:0:9
	movs	r0, #0
.Ltmp422:
	.loc	5 2304 21 is_stmt 1             @ ../Drivers/STM32H7xx_HAL_Driver/Src/stm32h7xx_hal_rcc_ex.c:2304:21
	str	r0, [sp, #48]
	b	.LBB4_45
.Ltmp423:
.LBB4_45:
	.loc	5 2306 9                        @ ../Drivers/STM32H7xx_HAL_Driver/Src/stm32h7xx_hal_rcc_ex.c:2306:9
	b	.LBB4_65
.Ltmp424:
.LBB4_46:
	.loc	5 0 9 is_stmt 0                 @ ../Drivers/STM32H7xx_HAL_Driver/Src/stm32h7xx_hal_rcc_ex.c:0:9
	movw	r0, #17408
	movt	r0, #22530
.Ltmp425:
	.loc	5 2311 13 is_stmt 1             @ ../Drivers/STM32H7xx_HAL_Driver/Src/stm32h7xx_hal_rcc_ex.c:2311:13
	ldr	r0, [r0]
.Ltmp426:
	.loc	5 2311 13 is_stmt 0             @ ../Drivers/STM32H7xx_HAL_Driver/Src/stm32h7xx_hal_rcc_ex.c:2311:13
	lsls	r0, r0, #2
	cmp	r0, #0
	bpl	.LBB4_48
	b	.LBB4_47
.LBB4_47:
	.loc	5 0 13                          @ ../Drivers/STM32H7xx_HAL_Driver/Src/stm32h7xx_hal_rcc_ex.c:0:13
	add	r0, sp, #52
.Ltmp427:
	.loc	5 2313 11 is_stmt 1             @ ../Drivers/STM32H7xx_HAL_Driver/Src/stm32h7xx_hal_rcc_ex.c:2313:11
	bl	HAL_RCCEx_GetPLL3ClockFreq
	.loc	5 2314 35                       @ ../Drivers/STM32H7xx_HAL_Driver/Src/stm32h7xx_hal_rcc_ex.c:2314:35
	ldr	r0, [sp, #52]
	.loc	5 2314 21 is_stmt 0             @ ../Drivers/STM32H7xx_HAL_Driver/Src/stm32h7xx_hal_rcc_ex.c:2314:21
	str	r0, [sp, #48]
	.loc	5 2315 9 is_stmt 1              @ ../Drivers/STM32H7xx_HAL_Driver/Src/stm32h7xx_hal_rcc_ex.c:2315:9
	b	.LBB4_49
.Ltmp428:
.LBB4_48:
	.loc	5 0 9 is_stmt 0                 @ ../Drivers/STM32H7xx_HAL_Driver/Src/stm32h7xx_hal_rcc_ex.c:0:9
	movs	r0, #0
.Ltmp429:
	.loc	5 2318 21 is_stmt 1             @ ../Drivers/STM32H7xx_HAL_Driver/Src/stm32h7xx_hal_rcc_ex.c:2318:21
	str	r0, [sp, #48]
	b	.LBB4_49
.Ltmp430:
.LBB4_49:
	.loc	5 2320 9                        @ ../Drivers/STM32H7xx_HAL_Driver/Src/stm32h7xx_hal_rcc_ex.c:2320:9
	b	.LBB4_65
.Ltmp431:
.LBB4_50:
	.loc	5 0 9 is_stmt 0                 @ ../Drivers/STM32H7xx_HAL_Driver/Src/stm32h7xx_hal_rcc_ex.c:0:9
	movw	r0, #17484
	movt	r0, #22530
.Ltmp432:
	.loc	5 2326 26 is_stmt 1             @ ../Drivers/STM32H7xx_HAL_Driver/Src/stm32h7xx_hal_rcc_ex.c:2326:26
	ldr	r0, [r0]
	and	r0, r0, #805306368
	.loc	5 2326 24 is_stmt 0             @ ../Drivers/STM32H7xx_HAL_Driver/Src/stm32h7xx_hal_rcc_ex.c:2326:24
	str	r0, [sp, #40]
	movw	r0, #17408
	movt	r0, #22530
.Ltmp433:
	.loc	5 2328 14 is_stmt 1             @ ../Drivers/STM32H7xx_HAL_Driver/Src/stm32h7xx_hal_rcc_ex.c:2328:14
	ldr	r0, [r0]
	.loc	5 2328 54 is_stmt 0             @ ../Drivers/STM32H7xx_HAL_Driver/Src/stm32h7xx_hal_rcc_ex.c:2328:54
	lsls	r0, r0, #29
	cmp	r0, #0
	bpl	.LBB4_53
	b	.LBB4_51
.LBB4_51:
	.loc	5 2328 58                       @ ../Drivers/STM32H7xx_HAL_Driver/Src/stm32h7xx_hal_rcc_ex.c:2328:58
	ldr	r0, [sp, #40]
.Ltmp434:
	.loc	5 2328 13                       @ ../Drivers/STM32H7xx_HAL_Driver/Src/stm32h7xx_hal_rcc_ex.c:2328:13
	cbnz	r0, .LBB4_53
	b	.LBB4_52
.LBB4_52:
	.loc	5 0 13                          @ ../Drivers/STM32H7xx_HAL_Driver/Src/stm32h7xx_hal_rcc_ex.c:0:13
	movw	r0, #17408
	movt	r0, #22530
.Ltmp435:
	.loc	5 2331 38 is_stmt 1             @ ../Drivers/STM32H7xx_HAL_Driver/Src/stm32h7xx_hal_rcc_ex.c:2331:38
	ldr	r0, [r0]
	.loc	5 2331 66 is_stmt 0             @ ../Drivers/STM32H7xx_HAL_Driver/Src/stm32h7xx_hal_rcc_ex.c:2331:66
	ubfx	r1, r0, #3, #2
	movw	r0, #36864
	movt	r0, #976
	.loc	5 2331 34                       @ ../Drivers/STM32H7xx_HAL_Driver/Src/stm32h7xx_hal_rcc_ex.c:2331:34
	lsrs	r0, r1
	.loc	5 2331 21                       @ ../Drivers/STM32H7xx_HAL_Driver/Src/stm32h7xx_hal_rcc_ex.c:2331:21
	str	r0, [sp, #48]
	.loc	5 2332 9 is_stmt 1              @ ../Drivers/STM32H7xx_HAL_Driver/Src/stm32h7xx_hal_rcc_ex.c:2332:9
	b	.LBB4_62
.Ltmp436:
.LBB4_53:
	.loc	5 0 9 is_stmt 0                 @ ../Drivers/STM32H7xx_HAL_Driver/Src/stm32h7xx_hal_rcc_ex.c:0:9
	movw	r0, #17408
	movt	r0, #22530
.Ltmp437:
	.loc	5 2334 19 is_stmt 1             @ ../Drivers/STM32H7xx_HAL_Driver/Src/stm32h7xx_hal_rcc_ex.c:2334:19
	ldr	r0, [r0]
	.loc	5 2334 59 is_stmt 0             @ ../Drivers/STM32H7xx_HAL_Driver/Src/stm32h7xx_hal_rcc_ex.c:2334:59
	lsls	r0, r0, #23
	cmp	r0, #0
	bpl	.LBB4_56
	b	.LBB4_54
.LBB4_54:
	.loc	5 2334 63                       @ ../Drivers/STM32H7xx_HAL_Driver/Src/stm32h7xx_hal_rcc_ex.c:2334:63
	ldr	r0, [sp, #40]
.Ltmp438:
	.loc	5 2334 18                       @ ../Drivers/STM32H7xx_HAL_Driver/Src/stm32h7xx_hal_rcc_ex.c:2334:18
	cmp.w	r0, #268435456
	bne	.LBB4_56
	b	.LBB4_55
.LBB4_55:
	.loc	5 0 18                          @ ../Drivers/STM32H7xx_HAL_Driver/Src/stm32h7xx_hal_rcc_ex.c:0:18
	movw	r0, #2304
	movt	r0, #61
.Ltmp439:
	.loc	5 2337 21 is_stmt 1             @ ../Drivers/STM32H7xx_HAL_Driver/Src/stm32h7xx_hal_rcc_ex.c:2337:21
	str	r0, [sp, #48]
	.loc	5 2338 9                        @ ../Drivers/STM32H7xx_HAL_Driver/Src/stm32h7xx_hal_rcc_ex.c:2338:9
	b	.LBB4_61
.Ltmp440:
.LBB4_56:
	.loc	5 0 9 is_stmt 0                 @ ../Drivers/STM32H7xx_HAL_Driver/Src/stm32h7xx_hal_rcc_ex.c:0:9
	movw	r0, #17408
	movt	r0, #22530
.Ltmp441:
	.loc	5 2340 19 is_stmt 1             @ ../Drivers/STM32H7xx_HAL_Driver/Src/stm32h7xx_hal_rcc_ex.c:2340:19
	ldr	r0, [r0]
	.loc	5 2340 59 is_stmt 0             @ ../Drivers/STM32H7xx_HAL_Driver/Src/stm32h7xx_hal_rcc_ex.c:2340:59
	lsls	r0, r0, #14
	cmp	r0, #0
	bpl	.LBB4_59
	b	.LBB4_57
.LBB4_57:
	.loc	5 2340 63                       @ ../Drivers/STM32H7xx_HAL_Driver/Src/stm32h7xx_hal_rcc_ex.c:2340:63
	ldr	r0, [sp, #40]
.Ltmp442:
	.loc	5 2340 18                       @ ../Drivers/STM32H7xx_HAL_Driver/Src/stm32h7xx_hal_rcc_ex.c:2340:18
	cmp.w	r0, #536870912
	bne	.LBB4_59
	b	.LBB4_58
.LBB4_58:
	.loc	5 0 18                          @ ../Drivers/STM32H7xx_HAL_Driver/Src/stm32h7xx_hal_rcc_ex.c:0:18
	movw	r0, #13824
	movt	r0, #366
.Ltmp443:
	.loc	5 2343 21 is_stmt 1             @ ../Drivers/STM32H7xx_HAL_Driver/Src/stm32h7xx_hal_rcc_ex.c:2343:21
	str	r0, [sp, #48]
	.loc	5 2344 9                        @ ../Drivers/STM32H7xx_HAL_Driver/Src/stm32h7xx_hal_rcc_ex.c:2344:9
	b	.LBB4_60
.Ltmp444:
.LBB4_59:
	.loc	5 0 9 is_stmt 0                 @ ../Drivers/STM32H7xx_HAL_Driver/Src/stm32h7xx_hal_rcc_ex.c:0:9
	movs	r0, #0
.Ltmp445:
	.loc	5 2349 21 is_stmt 1             @ ../Drivers/STM32H7xx_HAL_Driver/Src/stm32h7xx_hal_rcc_ex.c:2349:21
	str	r0, [sp, #48]
	b	.LBB4_60
.Ltmp446:
.LBB4_60:
	.loc	5 0 21 is_stmt 0                @ ../Drivers/STM32H7xx_HAL_Driver/Src/stm32h7xx_hal_rcc_ex.c:0:21
	b	.LBB4_61
.LBB4_61:
	b	.LBB4_62
.LBB4_62:
	.loc	5 2352 9 is_stmt 1              @ ../Drivers/STM32H7xx_HAL_Driver/Src/stm32h7xx_hal_rcc_ex.c:2352:9
	b	.LBB4_65
.Ltmp447:
.LBB4_63:
	.loc	5 0 9 is_stmt 0                 @ ../Drivers/STM32H7xx_HAL_Driver/Src/stm32h7xx_hal_rcc_ex.c:0:9
	movw	r0, #32768
	movt	r0, #187
.Ltmp448:
	.loc	5 2357 19 is_stmt 1             @ ../Drivers/STM32H7xx_HAL_Driver/Src/stm32h7xx_hal_rcc_ex.c:2357:19
	str	r0, [sp, #48]
	.loc	5 2358 9                        @ ../Drivers/STM32H7xx_HAL_Driver/Src/stm32h7xx_hal_rcc_ex.c:2358:9
	b	.LBB4_65
.Ltmp449:
.LBB4_64:
	.loc	5 0 9 is_stmt 0                 @ ../Drivers/STM32H7xx_HAL_Driver/Src/stm32h7xx_hal_rcc_ex.c:0:9
	movs	r0, #0
.Ltmp450:
	.loc	5 2363 19 is_stmt 1             @ ../Drivers/STM32H7xx_HAL_Driver/Src/stm32h7xx_hal_rcc_ex.c:2363:19
	str	r0, [sp, #48]
	.loc	5 2364 9                        @ ../Drivers/STM32H7xx_HAL_Driver/Src/stm32h7xx_hal_rcc_ex.c:2364:9
	b	.LBB4_65
.Ltmp451:
.LBB4_65:
	.loc	5 2367 3                        @ ../Drivers/STM32H7xx_HAL_Driver/Src/stm32h7xx_hal_rcc_ex.c:2367:3
	b	.LBB4_260
.Ltmp452:
.LBB4_66:
	.loc	5 2369 12                       @ ../Drivers/STM32H7xx_HAL_Driver/Src/stm32h7xx_hal_rcc_ex.c:2369:12
	ldr	r0, [sp, #88]
	ldr	r1, [sp, #92]
	.loc	5 2369 22 is_stmt 0             @ ../Drivers/STM32H7xx_HAL_Driver/Src/stm32h7xx_hal_rcc_ex.c:2369:22
	eor	r0, r0, #2048
	orrs	r0, r1
.Ltmp453:
	.loc	5 2369 12                       @ ../Drivers/STM32H7xx_HAL_Driver/Src/stm32h7xx_hal_rcc_ex.c:2369:12
	cmp	r0, #0
	bne.w	.LBB4_100
	b	.LBB4_67
.LBB4_67:
	.loc	5 0 12                          @ ../Drivers/STM32H7xx_HAL_Driver/Src/stm32h7xx_hal_rcc_ex.c:0:12
	movw	r0, #17496
	movt	r0, #22530
.Ltmp454:
	.loc	5 2372 22 is_stmt 1             @ ../Drivers/STM32H7xx_HAL_Driver/Src/stm32h7xx_hal_rcc_ex.c:2372:22
	ldr	r0, [r0]
	and	r0, r0, #117440512
	.loc	5 2372 20 is_stmt 0             @ ../Drivers/STM32H7xx_HAL_Driver/Src/stm32h7xx_hal_rcc_ex.c:2372:20
	str	r0, [sp, #44]
	.loc	5 2374 13 is_stmt 1             @ ../Drivers/STM32H7xx_HAL_Driver/Src/stm32h7xx_hal_rcc_ex.c:2374:13
	ldr	r0, [sp, #44]
	.loc	5 2374 5 is_stmt 0              @ ../Drivers/STM32H7xx_HAL_Driver/Src/stm32h7xx_hal_rcc_ex.c:2374:5
	str	r0, [sp, #24]                   @ 4-byte Spill
	cbz	r0, .LBB4_72
	b	.LBB4_68
.LBB4_68:
	ldr	r0, [sp, #24]                   @ 4-byte Reload
	cmp.w	r0, #16777216
	beq	.LBB4_76
	b	.LBB4_69
.LBB4_69:
	ldr	r0, [sp, #24]                   @ 4-byte Reload
	cmp.w	r0, #33554432
	beq	.LBB4_80
	b	.LBB4_70
.LBB4_70:
	ldr	r0, [sp, #24]                   @ 4-byte Reload
	cmp.w	r0, #50331648
	beq.w	.LBB4_97
	b	.LBB4_71
.LBB4_71:
	ldr	r0, [sp, #24]                   @ 4-byte Reload
	cmp.w	r0, #67108864
	beq	.LBB4_84
	b	.LBB4_98
.LBB4_72:
	.loc	5 0 5                           @ ../Drivers/STM32H7xx_HAL_Driver/Src/stm32h7xx_hal_rcc_ex.c:0:5
	movw	r0, #17408
	movt	r0, #22530
.Ltmp455:
	.loc	5 2378 13 is_stmt 1             @ ../Drivers/STM32H7xx_HAL_Driver/Src/stm32h7xx_hal_rcc_ex.c:2378:13
	ldr	r0, [r0]
.Ltmp456:
	.loc	5 2378 13 is_stmt 0             @ ../Drivers/STM32H7xx_HAL_Driver/Src/stm32h7xx_hal_rcc_ex.c:2378:13
	lsls	r0, r0, #6
	cmp	r0, #0
	bpl	.LBB4_74
	b	.LBB4_73
.LBB4_73:
	.loc	5 0 13                          @ ../Drivers/STM32H7xx_HAL_Driver/Src/stm32h7xx_hal_rcc_ex.c:0:13
	add	r0, sp, #76
.Ltmp457:
	.loc	5 2380 11 is_stmt 1             @ ../Drivers/STM32H7xx_HAL_Driver/Src/stm32h7xx_hal_rcc_ex.c:2380:11
	bl	HAL_RCCEx_GetPLL1ClockFreq
	.loc	5 2381 35                       @ ../Drivers/STM32H7xx_HAL_Driver/Src/stm32h7xx_hal_rcc_ex.c:2381:35
	ldr	r0, [sp, #80]
	.loc	5 2381 21 is_stmt 0             @ ../Drivers/STM32H7xx_HAL_Driver/Src/stm32h7xx_hal_rcc_ex.c:2381:21
	str	r0, [sp, #48]
	.loc	5 2382 9 is_stmt 1              @ ../Drivers/STM32H7xx_HAL_Driver/Src/stm32h7xx_hal_rcc_ex.c:2382:9
	b	.LBB4_75
.Ltmp458:
.LBB4_74:
	.loc	5 0 9 is_stmt 0                 @ ../Drivers/STM32H7xx_HAL_Driver/Src/stm32h7xx_hal_rcc_ex.c:0:9
	movs	r0, #0
.Ltmp459:
	.loc	5 2385 21 is_stmt 1             @ ../Drivers/STM32H7xx_HAL_Driver/Src/stm32h7xx_hal_rcc_ex.c:2385:21
	str	r0, [sp, #48]
	b	.LBB4_75
.Ltmp460:
.LBB4_75:
	.loc	5 2387 9                        @ ../Drivers/STM32H7xx_HAL_Driver/Src/stm32h7xx_hal_rcc_ex.c:2387:9
	b	.LBB4_99
.Ltmp461:
.LBB4_76:
	.loc	5 0 9 is_stmt 0                 @ ../Drivers/STM32H7xx_HAL_Driver/Src/stm32h7xx_hal_rcc_ex.c:0:9
	movw	r0, #17408
	movt	r0, #22530
.Ltmp462:
	.loc	5 2391 13 is_stmt 1             @ ../Drivers/STM32H7xx_HAL_Driver/Src/stm32h7xx_hal_rcc_ex.c:2391:13
	ldr	r0, [r0]
.Ltmp463:
	.loc	5 2391 13 is_stmt 0             @ ../Drivers/STM32H7xx_HAL_Driver/Src/stm32h7xx_hal_rcc_ex.c:2391:13
	lsls	r0, r0, #4
	cmp	r0, #0
	bpl	.LBB4_78
	b	.LBB4_77
.LBB4_77:
	.loc	5 0 13                          @ ../Drivers/STM32H7xx_HAL_Driver/Src/stm32h7xx_hal_rcc_ex.c:0:13
	add	r0, sp, #64
.Ltmp464:
	.loc	5 2393 11 is_stmt 1             @ ../Drivers/STM32H7xx_HAL_Driver/Src/stm32h7xx_hal_rcc_ex.c:2393:11
	bl	HAL_RCCEx_GetPLL2ClockFreq
	.loc	5 2394 35                       @ ../Drivers/STM32H7xx_HAL_Driver/Src/stm32h7xx_hal_rcc_ex.c:2394:35
	ldr	r0, [sp, #64]
	.loc	5 2394 21 is_stmt 0             @ ../Drivers/STM32H7xx_HAL_Driver/Src/stm32h7xx_hal_rcc_ex.c:2394:21
	str	r0, [sp, #48]
	.loc	5 2395 9 is_stmt 1              @ ../Drivers/STM32H7xx_HAL_Driver/Src/stm32h7xx_hal_rcc_ex.c:2395:9
	b	.LBB4_79
.Ltmp465:
.LBB4_78:
	.loc	5 0 9 is_stmt 0                 @ ../Drivers/STM32H7xx_HAL_Driver/Src/stm32h7xx_hal_rcc_ex.c:0:9
	movs	r0, #0
.Ltmp466:
	.loc	5 2398 21 is_stmt 1             @ ../Drivers/STM32H7xx_HAL_Driver/Src/stm32h7xx_hal_rcc_ex.c:2398:21
	str	r0, [sp, #48]
	b	.LBB4_79
.Ltmp467:
.LBB4_79:
	.loc	5 2400 9                        @ ../Drivers/STM32H7xx_HAL_Driver/Src/stm32h7xx_hal_rcc_ex.c:2400:9
	b	.LBB4_99
.Ltmp468:
.LBB4_80:
	.loc	5 0 9 is_stmt 0                 @ ../Drivers/STM32H7xx_HAL_Driver/Src/stm32h7xx_hal_rcc_ex.c:0:9
	movw	r0, #17408
	movt	r0, #22530
.Ltmp469:
	.loc	5 2405 13 is_stmt 1             @ ../Drivers/STM32H7xx_HAL_Driver/Src/stm32h7xx_hal_rcc_ex.c:2405:13
	ldr	r0, [r0]
.Ltmp470:
	.loc	5 2405 13 is_stmt 0             @ ../Drivers/STM32H7xx_HAL_Driver/Src/stm32h7xx_hal_rcc_ex.c:2405:13
	lsls	r0, r0, #2
	cmp	r0, #0
	bpl	.LBB4_82
	b	.LBB4_81
.LBB4_81:
	.loc	5 0 13                          @ ../Drivers/STM32H7xx_HAL_Driver/Src/stm32h7xx_hal_rcc_ex.c:0:13
	add	r0, sp, #52
.Ltmp471:
	.loc	5 2407 11 is_stmt 1             @ ../Drivers/STM32H7xx_HAL_Driver/Src/stm32h7xx_hal_rcc_ex.c:2407:11
	bl	HAL_RCCEx_GetPLL3ClockFreq
	.loc	5 2408 35                       @ ../Drivers/STM32H7xx_HAL_Driver/Src/stm32h7xx_hal_rcc_ex.c:2408:35
	ldr	r0, [sp, #52]
	.loc	5 2408 21 is_stmt 0             @ ../Drivers/STM32H7xx_HAL_Driver/Src/stm32h7xx_hal_rcc_ex.c:2408:21
	str	r0, [sp, #48]
	.loc	5 2409 9 is_stmt 1              @ ../Drivers/STM32H7xx_HAL_Driver/Src/stm32h7xx_hal_rcc_ex.c:2409:9
	b	.LBB4_83
.Ltmp472:
.LBB4_82:
	.loc	5 0 9 is_stmt 0                 @ ../Drivers/STM32H7xx_HAL_Driver/Src/stm32h7xx_hal_rcc_ex.c:0:9
	movs	r0, #0
.Ltmp473:
	.loc	5 2412 21 is_stmt 1             @ ../Drivers/STM32H7xx_HAL_Driver/Src/stm32h7xx_hal_rcc_ex.c:2412:21
	str	r0, [sp, #48]
	b	.LBB4_83
.Ltmp474:
.LBB4_83:
	.loc	5 2414 9                        @ ../Drivers/STM32H7xx_HAL_Driver/Src/stm32h7xx_hal_rcc_ex.c:2414:9
	b	.LBB4_99
.Ltmp475:
.LBB4_84:
	.loc	5 0 9 is_stmt 0                 @ ../Drivers/STM32H7xx_HAL_Driver/Src/stm32h7xx_hal_rcc_ex.c:0:9
	movw	r0, #17484
	movt	r0, #22530
.Ltmp476:
	.loc	5 2420 26 is_stmt 1             @ ../Drivers/STM32H7xx_HAL_Driver/Src/stm32h7xx_hal_rcc_ex.c:2420:26
	ldr	r0, [r0]
	and	r0, r0, #805306368
	.loc	5 2420 24 is_stmt 0             @ ../Drivers/STM32H7xx_HAL_Driver/Src/stm32h7xx_hal_rcc_ex.c:2420:24
	str	r0, [sp, #40]
	movw	r0, #17408
	movt	r0, #22530
.Ltmp477:
	.loc	5 2422 14 is_stmt 1             @ ../Drivers/STM32H7xx_HAL_Driver/Src/stm32h7xx_hal_rcc_ex.c:2422:14
	ldr	r0, [r0]
	.loc	5 2422 54 is_stmt 0             @ ../Drivers/STM32H7xx_HAL_Driver/Src/stm32h7xx_hal_rcc_ex.c:2422:54
	lsls	r0, r0, #29
	cmp	r0, #0
	bpl	.LBB4_87
	b	.LBB4_85
.LBB4_85:
	.loc	5 2422 58                       @ ../Drivers/STM32H7xx_HAL_Driver/Src/stm32h7xx_hal_rcc_ex.c:2422:58
	ldr	r0, [sp, #40]
.Ltmp478:
	.loc	5 2422 13                       @ ../Drivers/STM32H7xx_HAL_Driver/Src/stm32h7xx_hal_rcc_ex.c:2422:13
	cbnz	r0, .LBB4_87
	b	.LBB4_86
.LBB4_86:
	.loc	5 0 13                          @ ../Drivers/STM32H7xx_HAL_Driver/Src/stm32h7xx_hal_rcc_ex.c:0:13
	movw	r0, #17408
	movt	r0, #22530
.Ltmp479:
	.loc	5 2425 38 is_stmt 1             @ ../Drivers/STM32H7xx_HAL_Driver/Src/stm32h7xx_hal_rcc_ex.c:2425:38
	ldr	r0, [r0]
	.loc	5 2425 66 is_stmt 0             @ ../Drivers/STM32H7xx_HAL_Driver/Src/stm32h7xx_hal_rcc_ex.c:2425:66
	ubfx	r1, r0, #3, #2
	movw	r0, #36864
	movt	r0, #976
	.loc	5 2425 34                       @ ../Drivers/STM32H7xx_HAL_Driver/Src/stm32h7xx_hal_rcc_ex.c:2425:34
	lsrs	r0, r1
	.loc	5 2425 21                       @ ../Drivers/STM32H7xx_HAL_Driver/Src/stm32h7xx_hal_rcc_ex.c:2425:21
	str	r0, [sp, #48]
	.loc	5 2426 9 is_stmt 1              @ ../Drivers/STM32H7xx_HAL_Driver/Src/stm32h7xx_hal_rcc_ex.c:2426:9
	b	.LBB4_96
.Ltmp480:
.LBB4_87:
	.loc	5 0 9 is_stmt 0                 @ ../Drivers/STM32H7xx_HAL_Driver/Src/stm32h7xx_hal_rcc_ex.c:0:9
	movw	r0, #17408
	movt	r0, #22530
.Ltmp481:
	.loc	5 2428 19 is_stmt 1             @ ../Drivers/STM32H7xx_HAL_Driver/Src/stm32h7xx_hal_rcc_ex.c:2428:19
	ldr	r0, [r0]
	.loc	5 2428 59 is_stmt 0             @ ../Drivers/STM32H7xx_HAL_Driver/Src/stm32h7xx_hal_rcc_ex.c:2428:59
	lsls	r0, r0, #23
	cmp	r0, #0
	bpl	.LBB4_90
	b	.LBB4_88
.LBB4_88:
	.loc	5 2428 63                       @ ../Drivers/STM32H7xx_HAL_Driver/Src/stm32h7xx_hal_rcc_ex.c:2428:63
	ldr	r0, [sp, #40]
.Ltmp482:
	.loc	5 2428 18                       @ ../Drivers/STM32H7xx_HAL_Driver/Src/stm32h7xx_hal_rcc_ex.c:2428:18
	cmp.w	r0, #268435456
	bne	.LBB4_90
	b	.LBB4_89
.LBB4_89:
	.loc	5 0 18                          @ ../Drivers/STM32H7xx_HAL_Driver/Src/stm32h7xx_hal_rcc_ex.c:0:18
	movw	r0, #2304
	movt	r0, #61
.Ltmp483:
	.loc	5 2431 21 is_stmt 1             @ ../Drivers/STM32H7xx_HAL_Driver/Src/stm32h7xx_hal_rcc_ex.c:2431:21
	str	r0, [sp, #48]
	.loc	5 2432 9                        @ ../Drivers/STM32H7xx_HAL_Driver/Src/stm32h7xx_hal_rcc_ex.c:2432:9
	b	.LBB4_95
.Ltmp484:
.LBB4_90:
	.loc	5 0 9 is_stmt 0                 @ ../Drivers/STM32H7xx_HAL_Driver/Src/stm32h7xx_hal_rcc_ex.c:0:9
	movw	r0, #17408
	movt	r0, #22530
.Ltmp485:
	.loc	5 2434 19 is_stmt 1             @ ../Drivers/STM32H7xx_HAL_Driver/Src/stm32h7xx_hal_rcc_ex.c:2434:19
	ldr	r0, [r0]
	.loc	5 2434 59 is_stmt 0             @ ../Drivers/STM32H7xx_HAL_Driver/Src/stm32h7xx_hal_rcc_ex.c:2434:59
	lsls	r0, r0, #14
	cmp	r0, #0
	bpl	.LBB4_93
	b	.LBB4_91
.LBB4_91:
	.loc	5 2434 63                       @ ../Drivers/STM32H7xx_HAL_Driver/Src/stm32h7xx_hal_rcc_ex.c:2434:63
	ldr	r0, [sp, #40]
.Ltmp486:
	.loc	5 2434 18                       @ ../Drivers/STM32H7xx_HAL_Driver/Src/stm32h7xx_hal_rcc_ex.c:2434:18
	cmp.w	r0, #536870912
	bne	.LBB4_93
	b	.LBB4_92
.LBB4_92:
	.loc	5 0 18                          @ ../Drivers/STM32H7xx_HAL_Driver/Src/stm32h7xx_hal_rcc_ex.c:0:18
	movw	r0, #13824
	movt	r0, #366
.Ltmp487:
	.loc	5 2437 21 is_stmt 1             @ ../Drivers/STM32H7xx_HAL_Driver/Src/stm32h7xx_hal_rcc_ex.c:2437:21
	str	r0, [sp, #48]
	.loc	5 2438 9                        @ ../Drivers/STM32H7xx_HAL_Driver/Src/stm32h7xx_hal_rcc_ex.c:2438:9
	b	.LBB4_94
.Ltmp488:
.LBB4_93:
	.loc	5 0 9 is_stmt 0                 @ ../Drivers/STM32H7xx_HAL_Driver/Src/stm32h7xx_hal_rcc_ex.c:0:9
	movs	r0, #0
.Ltmp489:
	.loc	5 2443 21 is_stmt 1             @ ../Drivers/STM32H7xx_HAL_Driver/Src/stm32h7xx_hal_rcc_ex.c:2443:21
	str	r0, [sp, #48]
	b	.LBB4_94
.Ltmp490:
.LBB4_94:
	.loc	5 0 21 is_stmt 0                @ ../Drivers/STM32H7xx_HAL_Driver/Src/stm32h7xx_hal_rcc_ex.c:0:21
	b	.LBB4_95
.LBB4_95:
	b	.LBB4_96
.LBB4_96:
	.loc	5 2446 9 is_stmt 1              @ ../Drivers/STM32H7xx_HAL_Driver/Src/stm32h7xx_hal_rcc_ex.c:2446:9
	b	.LBB4_99
.Ltmp491:
.LBB4_97:
	.loc	5 0 9 is_stmt 0                 @ ../Drivers/STM32H7xx_HAL_Driver/Src/stm32h7xx_hal_rcc_ex.c:0:9
	movw	r0, #32768
	movt	r0, #187
.Ltmp492:
	.loc	5 2451 19 is_stmt 1             @ ../Drivers/STM32H7xx_HAL_Driver/Src/stm32h7xx_hal_rcc_ex.c:2451:19
	str	r0, [sp, #48]
	.loc	5 2452 9                        @ ../Drivers/STM32H7xx_HAL_Driver/Src/stm32h7xx_hal_rcc_ex.c:2452:9
	b	.LBB4_99
.Ltmp493:
.LBB4_98:
	.loc	5 0 9 is_stmt 0                 @ ../Drivers/STM32H7xx_HAL_Driver/Src/stm32h7xx_hal_rcc_ex.c:0:9
	movs	r0, #0
.Ltmp494:
	.loc	5 2457 19 is_stmt 1             @ ../Drivers/STM32H7xx_HAL_Driver/Src/stm32h7xx_hal_rcc_ex.c:2457:19
	str	r0, [sp, #48]
	.loc	5 2458 9                        @ ../Drivers/STM32H7xx_HAL_Driver/Src/stm32h7xx_hal_rcc_ex.c:2458:9
	b	.LBB4_99
.Ltmp495:
.LBB4_99:
	.loc	5 2461 3                        @ ../Drivers/STM32H7xx_HAL_Driver/Src/stm32h7xx_hal_rcc_ex.c:2461:3
	b	.LBB4_259
.Ltmp496:
.LBB4_100:
	.loc	5 2463 12                       @ ../Drivers/STM32H7xx_HAL_Driver/Src/stm32h7xx_hal_rcc_ex.c:2463:12
	ldr	r0, [sp, #88]
	ldr	r1, [sp, #92]
	.loc	5 2463 22 is_stmt 0             @ ../Drivers/STM32H7xx_HAL_Driver/Src/stm32h7xx_hal_rcc_ex.c:2463:22
	eor	r0, r0, #4096
	orrs	r0, r1
.Ltmp497:
	.loc	5 2463 12                       @ ../Drivers/STM32H7xx_HAL_Driver/Src/stm32h7xx_hal_rcc_ex.c:2463:12
	cmp	r0, #0
	bne.w	.LBB4_134
	b	.LBB4_101
.LBB4_101:
	.loc	5 0 12                          @ ../Drivers/STM32H7xx_HAL_Driver/Src/stm32h7xx_hal_rcc_ex.c:0:12
	movw	r0, #17488
	movt	r0, #22530
.Ltmp498:
	.loc	5 2466 14 is_stmt 1             @ ../Drivers/STM32H7xx_HAL_Driver/Src/stm32h7xx_hal_rcc_ex.c:2466:14
	ldr	r0, [r0]
	and	r0, r0, #28672
	.loc	5 2466 12 is_stmt 0             @ ../Drivers/STM32H7xx_HAL_Driver/Src/stm32h7xx_hal_rcc_ex.c:2466:12
	str	r0, [sp, #36]
	.loc	5 2468 13 is_stmt 1             @ ../Drivers/STM32H7xx_HAL_Driver/Src/stm32h7xx_hal_rcc_ex.c:2468:13
	ldr	r0, [sp, #36]
	.loc	5 2468 5 is_stmt 0              @ ../Drivers/STM32H7xx_HAL_Driver/Src/stm32h7xx_hal_rcc_ex.c:2468:5
	str	r0, [sp, #20]                   @ 4-byte Spill
	cbz	r0, .LBB4_106
	b	.LBB4_102
.LBB4_102:
	ldr	r0, [sp, #20]                   @ 4-byte Reload
	cmp.w	r0, #4096
	beq	.LBB4_110
	b	.LBB4_103
.LBB4_103:
	ldr	r0, [sp, #20]                   @ 4-byte Reload
	cmp.w	r0, #8192
	beq	.LBB4_114
	b	.LBB4_104
.LBB4_104:
	ldr	r0, [sp, #20]                   @ 4-byte Reload
	cmp.w	r0, #12288
	beq.w	.LBB4_131
	b	.LBB4_105
.LBB4_105:
	ldr	r0, [sp, #20]                   @ 4-byte Reload
	cmp.w	r0, #16384
	beq	.LBB4_118
	b	.LBB4_132
.LBB4_106:
	.loc	5 0 5                           @ ../Drivers/STM32H7xx_HAL_Driver/Src/stm32h7xx_hal_rcc_ex.c:0:5
	movw	r0, #17408
	movt	r0, #22530
.Ltmp499:
	.loc	5 2472 13 is_stmt 1             @ ../Drivers/STM32H7xx_HAL_Driver/Src/stm32h7xx_hal_rcc_ex.c:2472:13
	ldr	r0, [r0]
.Ltmp500:
	.loc	5 2472 13 is_stmt 0             @ ../Drivers/STM32H7xx_HAL_Driver/Src/stm32h7xx_hal_rcc_ex.c:2472:13
	lsls	r0, r0, #6
	cmp	r0, #0
	bpl	.LBB4_108
	b	.LBB4_107
.LBB4_107:
	.loc	5 0 13                          @ ../Drivers/STM32H7xx_HAL_Driver/Src/stm32h7xx_hal_rcc_ex.c:0:13
	add	r0, sp, #76
.Ltmp501:
	.loc	5 2474 11 is_stmt 1             @ ../Drivers/STM32H7xx_HAL_Driver/Src/stm32h7xx_hal_rcc_ex.c:2474:11
	bl	HAL_RCCEx_GetPLL1ClockFreq
	.loc	5 2475 35                       @ ../Drivers/STM32H7xx_HAL_Driver/Src/stm32h7xx_hal_rcc_ex.c:2475:35
	ldr	r0, [sp, #80]
	.loc	5 2475 21 is_stmt 0             @ ../Drivers/STM32H7xx_HAL_Driver/Src/stm32h7xx_hal_rcc_ex.c:2475:21
	str	r0, [sp, #48]
	.loc	5 2476 9 is_stmt 1              @ ../Drivers/STM32H7xx_HAL_Driver/Src/stm32h7xx_hal_rcc_ex.c:2476:9
	b	.LBB4_109
.Ltmp502:
.LBB4_108:
	.loc	5 0 9 is_stmt 0                 @ ../Drivers/STM32H7xx_HAL_Driver/Src/stm32h7xx_hal_rcc_ex.c:0:9
	movs	r0, #0
.Ltmp503:
	.loc	5 2479 21 is_stmt 1             @ ../Drivers/STM32H7xx_HAL_Driver/Src/stm32h7xx_hal_rcc_ex.c:2479:21
	str	r0, [sp, #48]
	b	.LBB4_109
.Ltmp504:
.LBB4_109:
	.loc	5 2481 9                        @ ../Drivers/STM32H7xx_HAL_Driver/Src/stm32h7xx_hal_rcc_ex.c:2481:9
	b	.LBB4_133
.Ltmp505:
.LBB4_110:
	.loc	5 0 9 is_stmt 0                 @ ../Drivers/STM32H7xx_HAL_Driver/Src/stm32h7xx_hal_rcc_ex.c:0:9
	movw	r0, #17408
	movt	r0, #22530
.Ltmp506:
	.loc	5 2485 13 is_stmt 1             @ ../Drivers/STM32H7xx_HAL_Driver/Src/stm32h7xx_hal_rcc_ex.c:2485:13
	ldr	r0, [r0]
.Ltmp507:
	.loc	5 2485 13 is_stmt 0             @ ../Drivers/STM32H7xx_HAL_Driver/Src/stm32h7xx_hal_rcc_ex.c:2485:13
	lsls	r0, r0, #4
	cmp	r0, #0
	bpl	.LBB4_112
	b	.LBB4_111
.LBB4_111:
	.loc	5 0 13                          @ ../Drivers/STM32H7xx_HAL_Driver/Src/stm32h7xx_hal_rcc_ex.c:0:13
	add	r0, sp, #64
.Ltmp508:
	.loc	5 2487 11 is_stmt 1             @ ../Drivers/STM32H7xx_HAL_Driver/Src/stm32h7xx_hal_rcc_ex.c:2487:11
	bl	HAL_RCCEx_GetPLL2ClockFreq
	.loc	5 2488 35                       @ ../Drivers/STM32H7xx_HAL_Driver/Src/stm32h7xx_hal_rcc_ex.c:2488:35
	ldr	r0, [sp, #64]
	.loc	5 2488 21 is_stmt 0             @ ../Drivers/STM32H7xx_HAL_Driver/Src/stm32h7xx_hal_rcc_ex.c:2488:21
	str	r0, [sp, #48]
	.loc	5 2489 9 is_stmt 1              @ ../Drivers/STM32H7xx_HAL_Driver/Src/stm32h7xx_hal_rcc_ex.c:2489:9
	b	.LBB4_113
.Ltmp509:
.LBB4_112:
	.loc	5 0 9 is_stmt 0                 @ ../Drivers/STM32H7xx_HAL_Driver/Src/stm32h7xx_hal_rcc_ex.c:0:9
	movs	r0, #0
.Ltmp510:
	.loc	5 2492 21 is_stmt 1             @ ../Drivers/STM32H7xx_HAL_Driver/Src/stm32h7xx_hal_rcc_ex.c:2492:21
	str	r0, [sp, #48]
	b	.LBB4_113
.Ltmp511:
.LBB4_113:
	.loc	5 2494 9                        @ ../Drivers/STM32H7xx_HAL_Driver/Src/stm32h7xx_hal_rcc_ex.c:2494:9
	b	.LBB4_133
.Ltmp512:
.LBB4_114:
	.loc	5 0 9 is_stmt 0                 @ ../Drivers/STM32H7xx_HAL_Driver/Src/stm32h7xx_hal_rcc_ex.c:0:9
	movw	r0, #17408
	movt	r0, #22530
.Ltmp513:
	.loc	5 2499 13 is_stmt 1             @ ../Drivers/STM32H7xx_HAL_Driver/Src/stm32h7xx_hal_rcc_ex.c:2499:13
	ldr	r0, [r0]
.Ltmp514:
	.loc	5 2499 13 is_stmt 0             @ ../Drivers/STM32H7xx_HAL_Driver/Src/stm32h7xx_hal_rcc_ex.c:2499:13
	lsls	r0, r0, #2
	cmp	r0, #0
	bpl	.LBB4_116
	b	.LBB4_115
.LBB4_115:
	.loc	5 0 13                          @ ../Drivers/STM32H7xx_HAL_Driver/Src/stm32h7xx_hal_rcc_ex.c:0:13
	add	r0, sp, #52
.Ltmp515:
	.loc	5 2501 11 is_stmt 1             @ ../Drivers/STM32H7xx_HAL_Driver/Src/stm32h7xx_hal_rcc_ex.c:2501:11
	bl	HAL_RCCEx_GetPLL3ClockFreq
	.loc	5 2502 35                       @ ../Drivers/STM32H7xx_HAL_Driver/Src/stm32h7xx_hal_rcc_ex.c:2502:35
	ldr	r0, [sp, #52]
	.loc	5 2502 21 is_stmt 0             @ ../Drivers/STM32H7xx_HAL_Driver/Src/stm32h7xx_hal_rcc_ex.c:2502:21
	str	r0, [sp, #48]
	.loc	5 2503 9 is_stmt 1              @ ../Drivers/STM32H7xx_HAL_Driver/Src/stm32h7xx_hal_rcc_ex.c:2503:9
	b	.LBB4_117
.Ltmp516:
.LBB4_116:
	.loc	5 0 9 is_stmt 0                 @ ../Drivers/STM32H7xx_HAL_Driver/Src/stm32h7xx_hal_rcc_ex.c:0:9
	movs	r0, #0
.Ltmp517:
	.loc	5 2506 21 is_stmt 1             @ ../Drivers/STM32H7xx_HAL_Driver/Src/stm32h7xx_hal_rcc_ex.c:2506:21
	str	r0, [sp, #48]
	b	.LBB4_117
.Ltmp518:
.LBB4_117:
	.loc	5 2508 9                        @ ../Drivers/STM32H7xx_HAL_Driver/Src/stm32h7xx_hal_rcc_ex.c:2508:9
	b	.LBB4_133
.Ltmp519:
.LBB4_118:
	.loc	5 0 9 is_stmt 0                 @ ../Drivers/STM32H7xx_HAL_Driver/Src/stm32h7xx_hal_rcc_ex.c:0:9
	movw	r0, #17484
	movt	r0, #22530
.Ltmp520:
	.loc	5 2514 26 is_stmt 1             @ ../Drivers/STM32H7xx_HAL_Driver/Src/stm32h7xx_hal_rcc_ex.c:2514:26
	ldr	r0, [r0]
	and	r0, r0, #805306368
	.loc	5 2514 24 is_stmt 0             @ ../Drivers/STM32H7xx_HAL_Driver/Src/stm32h7xx_hal_rcc_ex.c:2514:24
	str	r0, [sp, #40]
	movw	r0, #17408
	movt	r0, #22530
.Ltmp521:
	.loc	5 2516 14 is_stmt 1             @ ../Drivers/STM32H7xx_HAL_Driver/Src/stm32h7xx_hal_rcc_ex.c:2516:14
	ldr	r0, [r0]
	.loc	5 2516 54 is_stmt 0             @ ../Drivers/STM32H7xx_HAL_Driver/Src/stm32h7xx_hal_rcc_ex.c:2516:54
	lsls	r0, r0, #29
	cmp	r0, #0
	bpl	.LBB4_121
	b	.LBB4_119
.LBB4_119:
	.loc	5 2516 58                       @ ../Drivers/STM32H7xx_HAL_Driver/Src/stm32h7xx_hal_rcc_ex.c:2516:58
	ldr	r0, [sp, #40]
.Ltmp522:
	.loc	5 2516 13                       @ ../Drivers/STM32H7xx_HAL_Driver/Src/stm32h7xx_hal_rcc_ex.c:2516:13
	cbnz	r0, .LBB4_121
	b	.LBB4_120
.LBB4_120:
	.loc	5 0 13                          @ ../Drivers/STM32H7xx_HAL_Driver/Src/stm32h7xx_hal_rcc_ex.c:0:13
	movw	r0, #17408
	movt	r0, #22530
.Ltmp523:
	.loc	5 2519 38 is_stmt 1             @ ../Drivers/STM32H7xx_HAL_Driver/Src/stm32h7xx_hal_rcc_ex.c:2519:38
	ldr	r0, [r0]
	.loc	5 2519 66 is_stmt 0             @ ../Drivers/STM32H7xx_HAL_Driver/Src/stm32h7xx_hal_rcc_ex.c:2519:66
	ubfx	r1, r0, #3, #2
	movw	r0, #36864
	movt	r0, #976
	.loc	5 2519 34                       @ ../Drivers/STM32H7xx_HAL_Driver/Src/stm32h7xx_hal_rcc_ex.c:2519:34
	lsrs	r0, r1
	.loc	5 2519 21                       @ ../Drivers/STM32H7xx_HAL_Driver/Src/stm32h7xx_hal_rcc_ex.c:2519:21
	str	r0, [sp, #48]
	.loc	5 2520 9 is_stmt 1              @ ../Drivers/STM32H7xx_HAL_Driver/Src/stm32h7xx_hal_rcc_ex.c:2520:9
	b	.LBB4_130
.Ltmp524:
.LBB4_121:
	.loc	5 0 9 is_stmt 0                 @ ../Drivers/STM32H7xx_HAL_Driver/Src/stm32h7xx_hal_rcc_ex.c:0:9
	movw	r0, #17408
	movt	r0, #22530
.Ltmp525:
	.loc	5 2522 19 is_stmt 1             @ ../Drivers/STM32H7xx_HAL_Driver/Src/stm32h7xx_hal_rcc_ex.c:2522:19
	ldr	r0, [r0]
	.loc	5 2522 59 is_stmt 0             @ ../Drivers/STM32H7xx_HAL_Driver/Src/stm32h7xx_hal_rcc_ex.c:2522:59
	lsls	r0, r0, #23
	cmp	r0, #0
	bpl	.LBB4_124
	b	.LBB4_122
.LBB4_122:
	.loc	5 2522 63                       @ ../Drivers/STM32H7xx_HAL_Driver/Src/stm32h7xx_hal_rcc_ex.c:2522:63
	ldr	r0, [sp, #40]
.Ltmp526:
	.loc	5 2522 18                       @ ../Drivers/STM32H7xx_HAL_Driver/Src/stm32h7xx_hal_rcc_ex.c:2522:18
	cmp.w	r0, #268435456
	bne	.LBB4_124
	b	.LBB4_123
.LBB4_123:
	.loc	5 0 18                          @ ../Drivers/STM32H7xx_HAL_Driver/Src/stm32h7xx_hal_rcc_ex.c:0:18
	movw	r0, #2304
	movt	r0, #61
.Ltmp527:
	.loc	5 2525 21 is_stmt 1             @ ../Drivers/STM32H7xx_HAL_Driver/Src/stm32h7xx_hal_rcc_ex.c:2525:21
	str	r0, [sp, #48]
	.loc	5 2526 9                        @ ../Drivers/STM32H7xx_HAL_Driver/Src/stm32h7xx_hal_rcc_ex.c:2526:9
	b	.LBB4_129
.Ltmp528:
.LBB4_124:
	.loc	5 0 9 is_stmt 0                 @ ../Drivers/STM32H7xx_HAL_Driver/Src/stm32h7xx_hal_rcc_ex.c:0:9
	movw	r0, #17408
	movt	r0, #22530
.Ltmp529:
	.loc	5 2528 19 is_stmt 1             @ ../Drivers/STM32H7xx_HAL_Driver/Src/stm32h7xx_hal_rcc_ex.c:2528:19
	ldr	r0, [r0]
	.loc	5 2528 59 is_stmt 0             @ ../Drivers/STM32H7xx_HAL_Driver/Src/stm32h7xx_hal_rcc_ex.c:2528:59
	lsls	r0, r0, #14
	cmp	r0, #0
	bpl	.LBB4_127
	b	.LBB4_125
.LBB4_125:
	.loc	5 2528 63                       @ ../Drivers/STM32H7xx_HAL_Driver/Src/stm32h7xx_hal_rcc_ex.c:2528:63
	ldr	r0, [sp, #40]
.Ltmp530:
	.loc	5 2528 18                       @ ../Drivers/STM32H7xx_HAL_Driver/Src/stm32h7xx_hal_rcc_ex.c:2528:18
	cmp.w	r0, #536870912
	bne	.LBB4_127
	b	.LBB4_126
.LBB4_126:
	.loc	5 0 18                          @ ../Drivers/STM32H7xx_HAL_Driver/Src/stm32h7xx_hal_rcc_ex.c:0:18
	movw	r0, #13824
	movt	r0, #366
.Ltmp531:
	.loc	5 2531 21 is_stmt 1             @ ../Drivers/STM32H7xx_HAL_Driver/Src/stm32h7xx_hal_rcc_ex.c:2531:21
	str	r0, [sp, #48]
	.loc	5 2532 9                        @ ../Drivers/STM32H7xx_HAL_Driver/Src/stm32h7xx_hal_rcc_ex.c:2532:9
	b	.LBB4_128
.Ltmp532:
.LBB4_127:
	.loc	5 0 9 is_stmt 0                 @ ../Drivers/STM32H7xx_HAL_Driver/Src/stm32h7xx_hal_rcc_ex.c:0:9
	movs	r0, #0
.Ltmp533:
	.loc	5 2537 21 is_stmt 1             @ ../Drivers/STM32H7xx_HAL_Driver/Src/stm32h7xx_hal_rcc_ex.c:2537:21
	str	r0, [sp, #48]
	b	.LBB4_128
.Ltmp534:
.LBB4_128:
	.loc	5 0 21 is_stmt 0                @ ../Drivers/STM32H7xx_HAL_Driver/Src/stm32h7xx_hal_rcc_ex.c:0:21
	b	.LBB4_129
.LBB4_129:
	b	.LBB4_130
.LBB4_130:
	.loc	5 2540 9 is_stmt 1              @ ../Drivers/STM32H7xx_HAL_Driver/Src/stm32h7xx_hal_rcc_ex.c:2540:9
	b	.LBB4_133
.Ltmp535:
.LBB4_131:
	.loc	5 0 9 is_stmt 0                 @ ../Drivers/STM32H7xx_HAL_Driver/Src/stm32h7xx_hal_rcc_ex.c:0:9
	movw	r0, #32768
	movt	r0, #187
.Ltmp536:
	.loc	5 2545 19 is_stmt 1             @ ../Drivers/STM32H7xx_HAL_Driver/Src/stm32h7xx_hal_rcc_ex.c:2545:19
	str	r0, [sp, #48]
	.loc	5 2546 9                        @ ../Drivers/STM32H7xx_HAL_Driver/Src/stm32h7xx_hal_rcc_ex.c:2546:9
	b	.LBB4_133
.Ltmp537:
.LBB4_132:
	.loc	5 0 9 is_stmt 0                 @ ../Drivers/STM32H7xx_HAL_Driver/Src/stm32h7xx_hal_rcc_ex.c:0:9
	movs	r0, #0
.Ltmp538:
	.loc	5 2550 19 is_stmt 1             @ ../Drivers/STM32H7xx_HAL_Driver/Src/stm32h7xx_hal_rcc_ex.c:2550:19
	str	r0, [sp, #48]
	.loc	5 2551 9                        @ ../Drivers/STM32H7xx_HAL_Driver/Src/stm32h7xx_hal_rcc_ex.c:2551:9
	b	.LBB4_133
.Ltmp539:
.LBB4_133:
	.loc	5 2554 3                        @ ../Drivers/STM32H7xx_HAL_Driver/Src/stm32h7xx_hal_rcc_ex.c:2554:3
	b	.LBB4_258
.Ltmp540:
.LBB4_134:
	.loc	5 2555 12                       @ ../Drivers/STM32H7xx_HAL_Driver/Src/stm32h7xx_hal_rcc_ex.c:2555:12
	ldr	r0, [sp, #88]
	ldr	r1, [sp, #92]
	.loc	5 2555 22 is_stmt 0             @ ../Drivers/STM32H7xx_HAL_Driver/Src/stm32h7xx_hal_rcc_ex.c:2555:22
	eor	r0, r0, #8192
	orrs	r0, r1
.Ltmp541:
	.loc	5 2555 12                       @ ../Drivers/STM32H7xx_HAL_Driver/Src/stm32h7xx_hal_rcc_ex.c:2555:12
	cmp	r0, #0
	bne.w	.LBB4_164
	b	.LBB4_135
.LBB4_135:
	.loc	5 0 12                          @ ../Drivers/STM32H7xx_HAL_Driver/Src/stm32h7xx_hal_rcc_ex.c:0:12
	movw	r0, #17488
	movt	r0, #22530
.Ltmp542:
	.loc	5 2558 14 is_stmt 1             @ ../Drivers/STM32H7xx_HAL_Driver/Src/stm32h7xx_hal_rcc_ex.c:2558:14
	ldr	r0, [r0]
	and	r0, r0, #458752
	.loc	5 2558 12 is_stmt 0             @ ../Drivers/STM32H7xx_HAL_Driver/Src/stm32h7xx_hal_rcc_ex.c:2558:12
	str	r0, [sp, #36]
	.loc	5 2559 13 is_stmt 1             @ ../Drivers/STM32H7xx_HAL_Driver/Src/stm32h7xx_hal_rcc_ex.c:2559:13
	ldr	r0, [sp, #36]
	.loc	5 2559 5 is_stmt 0              @ ../Drivers/STM32H7xx_HAL_Driver/Src/stm32h7xx_hal_rcc_ex.c:2559:5
	str	r0, [sp, #16]                   @ 4-byte Spill
	cbz	r0, .LBB4_141
	b	.LBB4_136
.LBB4_136:
	ldr	r0, [sp, #16]                   @ 4-byte Reload
	cmp.w	r0, #65536
	beq	.LBB4_142
	b	.LBB4_137
.LBB4_137:
	ldr	r0, [sp, #16]                   @ 4-byte Reload
	cmp.w	r0, #131072
	beq	.LBB4_146
	b	.LBB4_138
.LBB4_138:
	ldr	r0, [sp, #16]                   @ 4-byte Reload
	cmp.w	r0, #196608
	beq	.LBB4_150
	b	.LBB4_139
.LBB4_139:
	ldr	r0, [sp, #16]                   @ 4-byte Reload
	cmp.w	r0, #262144
	beq	.LBB4_154
	b	.LBB4_140
.LBB4_140:
	ldr	r0, [sp, #16]                   @ 4-byte Reload
	cmp.w	r0, #327680
	beq	.LBB4_158
	b	.LBB4_162
.LBB4_141:
.Ltmp543:
	.loc	5 2563 21 is_stmt 1             @ ../Drivers/STM32H7xx_HAL_Driver/Src/stm32h7xx_hal_rcc_ex.c:2563:21
	bl	HAL_RCC_GetPCLK1Freq
	.loc	5 2563 19 is_stmt 0             @ ../Drivers/STM32H7xx_HAL_Driver/Src/stm32h7xx_hal_rcc_ex.c:2563:19
	str	r0, [sp, #48]
	.loc	5 2564 9 is_stmt 1              @ ../Drivers/STM32H7xx_HAL_Driver/Src/stm32h7xx_hal_rcc_ex.c:2564:9
	b	.LBB4_163
.Ltmp544:
.LBB4_142:
	.loc	5 0 9 is_stmt 0                 @ ../Drivers/STM32H7xx_HAL_Driver/Src/stm32h7xx_hal_rcc_ex.c:0:9
	movw	r0, #17408
	movt	r0, #22530
.Ltmp545:
	.loc	5 2568 13 is_stmt 1             @ ../Drivers/STM32H7xx_HAL_Driver/Src/stm32h7xx_hal_rcc_ex.c:2568:13
	ldr	r0, [r0]
.Ltmp546:
	.loc	5 2568 13 is_stmt 0             @ ../Drivers/STM32H7xx_HAL_Driver/Src/stm32h7xx_hal_rcc_ex.c:2568:13
	lsls	r0, r0, #4
	cmp	r0, #0
	bpl	.LBB4_144
	b	.LBB4_143
.LBB4_143:
	.loc	5 0 13                          @ ../Drivers/STM32H7xx_HAL_Driver/Src/stm32h7xx_hal_rcc_ex.c:0:13
	add	r0, sp, #64
.Ltmp547:
	.loc	5 2570 11 is_stmt 1             @ ../Drivers/STM32H7xx_HAL_Driver/Src/stm32h7xx_hal_rcc_ex.c:2570:11
	bl	HAL_RCCEx_GetPLL2ClockFreq
	.loc	5 2571 35                       @ ../Drivers/STM32H7xx_HAL_Driver/Src/stm32h7xx_hal_rcc_ex.c:2571:35
	ldr	r0, [sp, #68]
	.loc	5 2571 21 is_stmt 0             @ ../Drivers/STM32H7xx_HAL_Driver/Src/stm32h7xx_hal_rcc_ex.c:2571:21
	str	r0, [sp, #48]
	.loc	5 2572 9 is_stmt 1              @ ../Drivers/STM32H7xx_HAL_Driver/Src/stm32h7xx_hal_rcc_ex.c:2572:9
	b	.LBB4_145
.Ltmp548:
.LBB4_144:
	.loc	5 0 9 is_stmt 0                 @ ../Drivers/STM32H7xx_HAL_Driver/Src/stm32h7xx_hal_rcc_ex.c:0:9
	movs	r0, #0
.Ltmp549:
	.loc	5 2575 21 is_stmt 1             @ ../Drivers/STM32H7xx_HAL_Driver/Src/stm32h7xx_hal_rcc_ex.c:2575:21
	str	r0, [sp, #48]
	b	.LBB4_145
.Ltmp550:
.LBB4_145:
	.loc	5 2577 9                        @ ../Drivers/STM32H7xx_HAL_Driver/Src/stm32h7xx_hal_rcc_ex.c:2577:9
	b	.LBB4_163
.Ltmp551:
.LBB4_146:
	.loc	5 0 9 is_stmt 0                 @ ../Drivers/STM32H7xx_HAL_Driver/Src/stm32h7xx_hal_rcc_ex.c:0:9
	movw	r0, #17408
	movt	r0, #22530
.Ltmp552:
	.loc	5 2581 13 is_stmt 1             @ ../Drivers/STM32H7xx_HAL_Driver/Src/stm32h7xx_hal_rcc_ex.c:2581:13
	ldr	r0, [r0]
.Ltmp553:
	.loc	5 2581 13 is_stmt 0             @ ../Drivers/STM32H7xx_HAL_Driver/Src/stm32h7xx_hal_rcc_ex.c:2581:13
	lsls	r0, r0, #2
	cmp	r0, #0
	bpl	.LBB4_148
	b	.LBB4_147
.LBB4_147:
	.loc	5 0 13                          @ ../Drivers/STM32H7xx_HAL_Driver/Src/stm32h7xx_hal_rcc_ex.c:0:13
	add	r0, sp, #52
.Ltmp554:
	.loc	5 2583 11 is_stmt 1             @ ../Drivers/STM32H7xx_HAL_Driver/Src/stm32h7xx_hal_rcc_ex.c:2583:11
	bl	HAL_RCCEx_GetPLL3ClockFreq
	.loc	5 2584 35                       @ ../Drivers/STM32H7xx_HAL_Driver/Src/stm32h7xx_hal_rcc_ex.c:2584:35
	ldr	r0, [sp, #56]
	.loc	5 2584 21 is_stmt 0             @ ../Drivers/STM32H7xx_HAL_Driver/Src/stm32h7xx_hal_rcc_ex.c:2584:21
	str	r0, [sp, #48]
	.loc	5 2585 9 is_stmt 1              @ ../Drivers/STM32H7xx_HAL_Driver/Src/stm32h7xx_hal_rcc_ex.c:2585:9
	b	.LBB4_149
.Ltmp555:
.LBB4_148:
	.loc	5 0 9 is_stmt 0                 @ ../Drivers/STM32H7xx_HAL_Driver/Src/stm32h7xx_hal_rcc_ex.c:0:9
	movs	r0, #0
.Ltmp556:
	.loc	5 2588 21 is_stmt 1             @ ../Drivers/STM32H7xx_HAL_Driver/Src/stm32h7xx_hal_rcc_ex.c:2588:21
	str	r0, [sp, #48]
	b	.LBB4_149
.Ltmp557:
.LBB4_149:
	.loc	5 2590 9                        @ ../Drivers/STM32H7xx_HAL_Driver/Src/stm32h7xx_hal_rcc_ex.c:2590:9
	b	.LBB4_163
.Ltmp558:
.LBB4_150:
	.loc	5 0 9 is_stmt 0                 @ ../Drivers/STM32H7xx_HAL_Driver/Src/stm32h7xx_hal_rcc_ex.c:0:9
	movw	r0, #17408
	movt	r0, #22530
.Ltmp559:
	.loc	5 2594 13 is_stmt 1             @ ../Drivers/STM32H7xx_HAL_Driver/Src/stm32h7xx_hal_rcc_ex.c:2594:13
	ldr	r0, [r0]
.Ltmp560:
	.loc	5 2594 13 is_stmt 0             @ ../Drivers/STM32H7xx_HAL_Driver/Src/stm32h7xx_hal_rcc_ex.c:2594:13
	lsls	r0, r0, #29
	cmp	r0, #0
	bpl	.LBB4_152
	b	.LBB4_151
.LBB4_151:
	.loc	5 0 13                          @ ../Drivers/STM32H7xx_HAL_Driver/Src/stm32h7xx_hal_rcc_ex.c:0:13
	movw	r0, #17408
	movt	r0, #22530
.Ltmp561:
	.loc	5 2596 38 is_stmt 1             @ ../Drivers/STM32H7xx_HAL_Driver/Src/stm32h7xx_hal_rcc_ex.c:2596:38
	ldr	r0, [r0]
	.loc	5 2596 66 is_stmt 0             @ ../Drivers/STM32H7xx_HAL_Driver/Src/stm32h7xx_hal_rcc_ex.c:2596:66
	ubfx	r1, r0, #3, #2
	movw	r0, #36864
	movt	r0, #976
	.loc	5 2596 34                       @ ../Drivers/STM32H7xx_HAL_Driver/Src/stm32h7xx_hal_rcc_ex.c:2596:34
	lsrs	r0, r1
	.loc	5 2596 21                       @ ../Drivers/STM32H7xx_HAL_Driver/Src/stm32h7xx_hal_rcc_ex.c:2596:21
	str	r0, [sp, #48]
	.loc	5 2597 9 is_stmt 1              @ ../Drivers/STM32H7xx_HAL_Driver/Src/stm32h7xx_hal_rcc_ex.c:2597:9
	b	.LBB4_153
.Ltmp562:
.LBB4_152:
	.loc	5 0 9 is_stmt 0                 @ ../Drivers/STM32H7xx_HAL_Driver/Src/stm32h7xx_hal_rcc_ex.c:0:9
	movs	r0, #0
.Ltmp563:
	.loc	5 2600 21 is_stmt 1             @ ../Drivers/STM32H7xx_HAL_Driver/Src/stm32h7xx_hal_rcc_ex.c:2600:21
	str	r0, [sp, #48]
	b	.LBB4_153
.Ltmp564:
.LBB4_153:
	.loc	5 2602 9                        @ ../Drivers/STM32H7xx_HAL_Driver/Src/stm32h7xx_hal_rcc_ex.c:2602:9
	b	.LBB4_163
.Ltmp565:
.LBB4_154:
	.loc	5 0 9 is_stmt 0                 @ ../Drivers/STM32H7xx_HAL_Driver/Src/stm32h7xx_hal_rcc_ex.c:0:9
	movw	r0, #17408
	movt	r0, #22530
.Ltmp566:
	.loc	5 2606 13 is_stmt 1             @ ../Drivers/STM32H7xx_HAL_Driver/Src/stm32h7xx_hal_rcc_ex.c:2606:13
	ldr	r0, [r0]
.Ltmp567:
	.loc	5 2606 13 is_stmt 0             @ ../Drivers/STM32H7xx_HAL_Driver/Src/stm32h7xx_hal_rcc_ex.c:2606:13
	lsls	r0, r0, #23
	cmp	r0, #0
	bpl	.LBB4_156
	b	.LBB4_155
.LBB4_155:
	.loc	5 0 13                          @ ../Drivers/STM32H7xx_HAL_Driver/Src/stm32h7xx_hal_rcc_ex.c:0:13
	movw	r0, #2304
	movt	r0, #61
.Ltmp568:
	.loc	5 2608 21 is_stmt 1             @ ../Drivers/STM32H7xx_HAL_Driver/Src/stm32h7xx_hal_rcc_ex.c:2608:21
	str	r0, [sp, #48]
	.loc	5 2609 9                        @ ../Drivers/STM32H7xx_HAL_Driver/Src/stm32h7xx_hal_rcc_ex.c:2609:9
	b	.LBB4_157
.Ltmp569:
.LBB4_156:
	.loc	5 0 9 is_stmt 0                 @ ../Drivers/STM32H7xx_HAL_Driver/Src/stm32h7xx_hal_rcc_ex.c:0:9
	movs	r0, #0
.Ltmp570:
	.loc	5 2612 21 is_stmt 1             @ ../Drivers/STM32H7xx_HAL_Driver/Src/stm32h7xx_hal_rcc_ex.c:2612:21
	str	r0, [sp, #48]
	b	.LBB4_157
.Ltmp571:
.LBB4_157:
	.loc	5 2614 9                        @ ../Drivers/STM32H7xx_HAL_Driver/Src/stm32h7xx_hal_rcc_ex.c:2614:9
	b	.LBB4_163
.Ltmp572:
.LBB4_158:
	.loc	5 0 9 is_stmt 0                 @ ../Drivers/STM32H7xx_HAL_Driver/Src/stm32h7xx_hal_rcc_ex.c:0:9
	movw	r0, #17408
	movt	r0, #22530
.Ltmp573:
	.loc	5 2618 13 is_stmt 1             @ ../Drivers/STM32H7xx_HAL_Driver/Src/stm32h7xx_hal_rcc_ex.c:2618:13
	ldr	r0, [r0]
.Ltmp574:
	.loc	5 2618 13 is_stmt 0             @ ../Drivers/STM32H7xx_HAL_Driver/Src/stm32h7xx_hal_rcc_ex.c:2618:13
	lsls	r0, r0, #14
	cmp	r0, #0
	bpl	.LBB4_160
	b	.LBB4_159
.LBB4_159:
	.loc	5 0 13                          @ ../Drivers/STM32H7xx_HAL_Driver/Src/stm32h7xx_hal_rcc_ex.c:0:13
	movw	r0, #13824
	movt	r0, #366
.Ltmp575:
	.loc	5 2620 21 is_stmt 1             @ ../Drivers/STM32H7xx_HAL_Driver/Src/stm32h7xx_hal_rcc_ex.c:2620:21
	str	r0, [sp, #48]
	.loc	5 2621 9                        @ ../Drivers/STM32H7xx_HAL_Driver/Src/stm32h7xx_hal_rcc_ex.c:2621:9
	b	.LBB4_161
.Ltmp576:
.LBB4_160:
	.loc	5 0 9 is_stmt 0                 @ ../Drivers/STM32H7xx_HAL_Driver/Src/stm32h7xx_hal_rcc_ex.c:0:9
	movs	r0, #0
.Ltmp577:
	.loc	5 2624 21 is_stmt 1             @ ../Drivers/STM32H7xx_HAL_Driver/Src/stm32h7xx_hal_rcc_ex.c:2624:21
	str	r0, [sp, #48]
	b	.LBB4_161
.Ltmp578:
.LBB4_161:
	.loc	5 2626 9                        @ ../Drivers/STM32H7xx_HAL_Driver/Src/stm32h7xx_hal_rcc_ex.c:2626:9
	b	.LBB4_163
.Ltmp579:
.LBB4_162:
	.loc	5 0 9 is_stmt 0                 @ ../Drivers/STM32H7xx_HAL_Driver/Src/stm32h7xx_hal_rcc_ex.c:0:9
	movs	r0, #0
.Ltmp580:
	.loc	5 2630 19 is_stmt 1             @ ../Drivers/STM32H7xx_HAL_Driver/Src/stm32h7xx_hal_rcc_ex.c:2630:19
	str	r0, [sp, #48]
	.loc	5 2631 9                        @ ../Drivers/STM32H7xx_HAL_Driver/Src/stm32h7xx_hal_rcc_ex.c:2631:9
	b	.LBB4_163
.Ltmp581:
.LBB4_163:
	.loc	5 2634 3                        @ ../Drivers/STM32H7xx_HAL_Driver/Src/stm32h7xx_hal_rcc_ex.c:2634:3
	b	.LBB4_257
.Ltmp582:
.LBB4_164:
	.loc	5 2635 12                       @ ../Drivers/STM32H7xx_HAL_Driver/Src/stm32h7xx_hal_rcc_ex.c:2635:12
	ldr	r0, [sp, #88]
	ldr	r1, [sp, #92]
	.loc	5 2635 22 is_stmt 0             @ ../Drivers/STM32H7xx_HAL_Driver/Src/stm32h7xx_hal_rcc_ex.c:2635:22
	eor	r0, r0, #524288
	orrs	r0, r1
.Ltmp583:
	.loc	5 2635 12                       @ ../Drivers/STM32H7xx_HAL_Driver/Src/stm32h7xx_hal_rcc_ex.c:2635:12
	cmp	r0, #0
	bne.w	.LBB4_191
	b	.LBB4_165
.LBB4_165:
	.loc	5 0 12                          @ ../Drivers/STM32H7xx_HAL_Driver/Src/stm32h7xx_hal_rcc_ex.c:0:12
	movw	r0, #17496
	movt	r0, #22530
.Ltmp584:
	.loc	5 2638 14 is_stmt 1             @ ../Drivers/STM32H7xx_HAL_Driver/Src/stm32h7xx_hal_rcc_ex.c:2638:14
	ldr	r0, [r0]
	and	r0, r0, #196608
	.loc	5 2638 12 is_stmt 0             @ ../Drivers/STM32H7xx_HAL_Driver/Src/stm32h7xx_hal_rcc_ex.c:2638:12
	str	r0, [sp, #36]
	.loc	5 2640 13 is_stmt 1             @ ../Drivers/STM32H7xx_HAL_Driver/Src/stm32h7xx_hal_rcc_ex.c:2640:13
	ldr	r0, [sp, #36]
	.loc	5 2640 5 is_stmt 0              @ ../Drivers/STM32H7xx_HAL_Driver/Src/stm32h7xx_hal_rcc_ex.c:2640:5
	str	r0, [sp, #12]                   @ 4-byte Spill
	cbz	r0, .LBB4_168
	b	.LBB4_166
.LBB4_166:
	ldr	r0, [sp, #12]                   @ 4-byte Reload
	cmp.w	r0, #65536
	beq	.LBB4_172
	b	.LBB4_167
.LBB4_167:
	ldr	r0, [sp, #12]                   @ 4-byte Reload
	cmp.w	r0, #131072
	beq	.LBB4_176
	b	.LBB4_189
.LBB4_168:
	.loc	5 0 5                           @ ../Drivers/STM32H7xx_HAL_Driver/Src/stm32h7xx_hal_rcc_ex.c:0:5
	movw	r0, #17408
	movt	r0, #22530
.Ltmp585:
	.loc	5 2644 13 is_stmt 1             @ ../Drivers/STM32H7xx_HAL_Driver/Src/stm32h7xx_hal_rcc_ex.c:2644:13
	ldr	r0, [r0]
.Ltmp586:
	.loc	5 2644 13 is_stmt 0             @ ../Drivers/STM32H7xx_HAL_Driver/Src/stm32h7xx_hal_rcc_ex.c:2644:13
	lsls	r0, r0, #4
	cmp	r0, #0
	bpl	.LBB4_170
	b	.LBB4_169
.LBB4_169:
	.loc	5 0 13                          @ ../Drivers/STM32H7xx_HAL_Driver/Src/stm32h7xx_hal_rcc_ex.c:0:13
	add	r0, sp, #64
.Ltmp587:
	.loc	5 2646 11 is_stmt 1             @ ../Drivers/STM32H7xx_HAL_Driver/Src/stm32h7xx_hal_rcc_ex.c:2646:11
	bl	HAL_RCCEx_GetPLL2ClockFreq
	.loc	5 2647 35                       @ ../Drivers/STM32H7xx_HAL_Driver/Src/stm32h7xx_hal_rcc_ex.c:2647:35
	ldr	r0, [sp, #64]
	.loc	5 2647 21 is_stmt 0             @ ../Drivers/STM32H7xx_HAL_Driver/Src/stm32h7xx_hal_rcc_ex.c:2647:21
	str	r0, [sp, #48]
	.loc	5 2648 9 is_stmt 1              @ ../Drivers/STM32H7xx_HAL_Driver/Src/stm32h7xx_hal_rcc_ex.c:2648:9
	b	.LBB4_171
.Ltmp588:
.LBB4_170:
	.loc	5 0 9 is_stmt 0                 @ ../Drivers/STM32H7xx_HAL_Driver/Src/stm32h7xx_hal_rcc_ex.c:0:9
	movs	r0, #0
.Ltmp589:
	.loc	5 2651 21 is_stmt 1             @ ../Drivers/STM32H7xx_HAL_Driver/Src/stm32h7xx_hal_rcc_ex.c:2651:21
	str	r0, [sp, #48]
	b	.LBB4_171
.Ltmp590:
.LBB4_171:
	.loc	5 2653 9                        @ ../Drivers/STM32H7xx_HAL_Driver/Src/stm32h7xx_hal_rcc_ex.c:2653:9
	b	.LBB4_190
.Ltmp591:
.LBB4_172:
	.loc	5 0 9 is_stmt 0                 @ ../Drivers/STM32H7xx_HAL_Driver/Src/stm32h7xx_hal_rcc_ex.c:0:9
	movw	r0, #17408
	movt	r0, #22530
.Ltmp592:
	.loc	5 2657 13 is_stmt 1             @ ../Drivers/STM32H7xx_HAL_Driver/Src/stm32h7xx_hal_rcc_ex.c:2657:13
	ldr	r0, [r0]
.Ltmp593:
	.loc	5 2657 13 is_stmt 0             @ ../Drivers/STM32H7xx_HAL_Driver/Src/stm32h7xx_hal_rcc_ex.c:2657:13
	lsls	r0, r0, #2
	cmp	r0, #0
	bpl	.LBB4_174
	b	.LBB4_173
.LBB4_173:
	.loc	5 0 13                          @ ../Drivers/STM32H7xx_HAL_Driver/Src/stm32h7xx_hal_rcc_ex.c:0:13
	add	r0, sp, #52
.Ltmp594:
	.loc	5 2659 11 is_stmt 1             @ ../Drivers/STM32H7xx_HAL_Driver/Src/stm32h7xx_hal_rcc_ex.c:2659:11
	bl	HAL_RCCEx_GetPLL3ClockFreq
	.loc	5 2660 35                       @ ../Drivers/STM32H7xx_HAL_Driver/Src/stm32h7xx_hal_rcc_ex.c:2660:35
	ldr	r0, [sp, #60]
	.loc	5 2660 21 is_stmt 0             @ ../Drivers/STM32H7xx_HAL_Driver/Src/stm32h7xx_hal_rcc_ex.c:2660:21
	str	r0, [sp, #48]
	.loc	5 2661 9 is_stmt 1              @ ../Drivers/STM32H7xx_HAL_Driver/Src/stm32h7xx_hal_rcc_ex.c:2661:9
	b	.LBB4_175
.Ltmp595:
.LBB4_174:
	.loc	5 0 9 is_stmt 0                 @ ../Drivers/STM32H7xx_HAL_Driver/Src/stm32h7xx_hal_rcc_ex.c:0:9
	movs	r0, #0
.Ltmp596:
	.loc	5 2664 21 is_stmt 1             @ ../Drivers/STM32H7xx_HAL_Driver/Src/stm32h7xx_hal_rcc_ex.c:2664:21
	str	r0, [sp, #48]
	b	.LBB4_175
.Ltmp597:
.LBB4_175:
	.loc	5 2666 9                        @ ../Drivers/STM32H7xx_HAL_Driver/Src/stm32h7xx_hal_rcc_ex.c:2666:9
	b	.LBB4_190
.Ltmp598:
.LBB4_176:
	.loc	5 0 9 is_stmt 0                 @ ../Drivers/STM32H7xx_HAL_Driver/Src/stm32h7xx_hal_rcc_ex.c:0:9
	movw	r0, #17484
	movt	r0, #22530
.Ltmp599:
	.loc	5 2672 26 is_stmt 1             @ ../Drivers/STM32H7xx_HAL_Driver/Src/stm32h7xx_hal_rcc_ex.c:2672:26
	ldr	r0, [r0]
	and	r0, r0, #805306368
	.loc	5 2672 24 is_stmt 0             @ ../Drivers/STM32H7xx_HAL_Driver/Src/stm32h7xx_hal_rcc_ex.c:2672:24
	str	r0, [sp, #40]
	movw	r0, #17408
	movt	r0, #22530
.Ltmp600:
	.loc	5 2674 14 is_stmt 1             @ ../Drivers/STM32H7xx_HAL_Driver/Src/stm32h7xx_hal_rcc_ex.c:2674:14
	ldr	r0, [r0]
	.loc	5 2674 54 is_stmt 0             @ ../Drivers/STM32H7xx_HAL_Driver/Src/stm32h7xx_hal_rcc_ex.c:2674:54
	lsls	r0, r0, #29
	cmp	r0, #0
	bpl	.LBB4_179
	b	.LBB4_177
.LBB4_177:
	.loc	5 2674 58                       @ ../Drivers/STM32H7xx_HAL_Driver/Src/stm32h7xx_hal_rcc_ex.c:2674:58
	ldr	r0, [sp, #40]
.Ltmp601:
	.loc	5 2674 13                       @ ../Drivers/STM32H7xx_HAL_Driver/Src/stm32h7xx_hal_rcc_ex.c:2674:13
	cbnz	r0, .LBB4_179
	b	.LBB4_178
.LBB4_178:
	.loc	5 0 13                          @ ../Drivers/STM32H7xx_HAL_Driver/Src/stm32h7xx_hal_rcc_ex.c:0:13
	movw	r0, #17408
	movt	r0, #22530
.Ltmp602:
	.loc	5 2677 38 is_stmt 1             @ ../Drivers/STM32H7xx_HAL_Driver/Src/stm32h7xx_hal_rcc_ex.c:2677:38
	ldr	r0, [r0]
	.loc	5 2677 66 is_stmt 0             @ ../Drivers/STM32H7xx_HAL_Driver/Src/stm32h7xx_hal_rcc_ex.c:2677:66
	ubfx	r1, r0, #3, #2
	movw	r0, #36864
	movt	r0, #976
	.loc	5 2677 34                       @ ../Drivers/STM32H7xx_HAL_Driver/Src/stm32h7xx_hal_rcc_ex.c:2677:34
	lsrs	r0, r1
	.loc	5 2677 21                       @ ../Drivers/STM32H7xx_HAL_Driver/Src/stm32h7xx_hal_rcc_ex.c:2677:21
	str	r0, [sp, #48]
	.loc	5 2678 9 is_stmt 1              @ ../Drivers/STM32H7xx_HAL_Driver/Src/stm32h7xx_hal_rcc_ex.c:2678:9
	b	.LBB4_188
.Ltmp603:
.LBB4_179:
	.loc	5 0 9 is_stmt 0                 @ ../Drivers/STM32H7xx_HAL_Driver/Src/stm32h7xx_hal_rcc_ex.c:0:9
	movw	r0, #17408
	movt	r0, #22530
.Ltmp604:
	.loc	5 2680 19 is_stmt 1             @ ../Drivers/STM32H7xx_HAL_Driver/Src/stm32h7xx_hal_rcc_ex.c:2680:19
	ldr	r0, [r0]
	.loc	5 2680 59 is_stmt 0             @ ../Drivers/STM32H7xx_HAL_Driver/Src/stm32h7xx_hal_rcc_ex.c:2680:59
	lsls	r0, r0, #23
	cmp	r0, #0
	bpl	.LBB4_182
	b	.LBB4_180
.LBB4_180:
	.loc	5 2680 63                       @ ../Drivers/STM32H7xx_HAL_Driver/Src/stm32h7xx_hal_rcc_ex.c:2680:63
	ldr	r0, [sp, #40]
.Ltmp605:
	.loc	5 2680 18                       @ ../Drivers/STM32H7xx_HAL_Driver/Src/stm32h7xx_hal_rcc_ex.c:2680:18
	cmp.w	r0, #268435456
	bne	.LBB4_182
	b	.LBB4_181
.LBB4_181:
	.loc	5 0 18                          @ ../Drivers/STM32H7xx_HAL_Driver/Src/stm32h7xx_hal_rcc_ex.c:0:18
	movw	r0, #2304
	movt	r0, #61
.Ltmp606:
	.loc	5 2683 21 is_stmt 1             @ ../Drivers/STM32H7xx_HAL_Driver/Src/stm32h7xx_hal_rcc_ex.c:2683:21
	str	r0, [sp, #48]
	.loc	5 2684 9                        @ ../Drivers/STM32H7xx_HAL_Driver/Src/stm32h7xx_hal_rcc_ex.c:2684:9
	b	.LBB4_187
.Ltmp607:
.LBB4_182:
	.loc	5 0 9 is_stmt 0                 @ ../Drivers/STM32H7xx_HAL_Driver/Src/stm32h7xx_hal_rcc_ex.c:0:9
	movw	r0, #17408
	movt	r0, #22530
.Ltmp608:
	.loc	5 2686 19 is_stmt 1             @ ../Drivers/STM32H7xx_HAL_Driver/Src/stm32h7xx_hal_rcc_ex.c:2686:19
	ldr	r0, [r0]
	.loc	5 2686 59 is_stmt 0             @ ../Drivers/STM32H7xx_HAL_Driver/Src/stm32h7xx_hal_rcc_ex.c:2686:59
	lsls	r0, r0, #14
	cmp	r0, #0
	bpl	.LBB4_185
	b	.LBB4_183
.LBB4_183:
	.loc	5 2686 63                       @ ../Drivers/STM32H7xx_HAL_Driver/Src/stm32h7xx_hal_rcc_ex.c:2686:63
	ldr	r0, [sp, #40]
.Ltmp609:
	.loc	5 2686 18                       @ ../Drivers/STM32H7xx_HAL_Driver/Src/stm32h7xx_hal_rcc_ex.c:2686:18
	cmp.w	r0, #536870912
	bne	.LBB4_185
	b	.LBB4_184
.LBB4_184:
	.loc	5 0 18                          @ ../Drivers/STM32H7xx_HAL_Driver/Src/stm32h7xx_hal_rcc_ex.c:0:18
	movw	r0, #13824
	movt	r0, #366
.Ltmp610:
	.loc	5 2689 21 is_stmt 1             @ ../Drivers/STM32H7xx_HAL_Driver/Src/stm32h7xx_hal_rcc_ex.c:2689:21
	str	r0, [sp, #48]
	.loc	5 2690 9                        @ ../Drivers/STM32H7xx_HAL_Driver/Src/stm32h7xx_hal_rcc_ex.c:2690:9
	b	.LBB4_186
.Ltmp611:
.LBB4_185:
	.loc	5 0 9 is_stmt 0                 @ ../Drivers/STM32H7xx_HAL_Driver/Src/stm32h7xx_hal_rcc_ex.c:0:9
	movs	r0, #0
.Ltmp612:
	.loc	5 2695 21 is_stmt 1             @ ../Drivers/STM32H7xx_HAL_Driver/Src/stm32h7xx_hal_rcc_ex.c:2695:21
	str	r0, [sp, #48]
	b	.LBB4_186
.Ltmp613:
.LBB4_186:
	.loc	5 0 21 is_stmt 0                @ ../Drivers/STM32H7xx_HAL_Driver/Src/stm32h7xx_hal_rcc_ex.c:0:21
	b	.LBB4_187
.LBB4_187:
	b	.LBB4_188
.LBB4_188:
	.loc	5 2698 9 is_stmt 1              @ ../Drivers/STM32H7xx_HAL_Driver/Src/stm32h7xx_hal_rcc_ex.c:2698:9
	b	.LBB4_190
.Ltmp614:
.LBB4_189:
	.loc	5 0 9 is_stmt 0                 @ ../Drivers/STM32H7xx_HAL_Driver/Src/stm32h7xx_hal_rcc_ex.c:0:9
	movs	r0, #0
.Ltmp615:
	.loc	5 2703 19 is_stmt 1             @ ../Drivers/STM32H7xx_HAL_Driver/Src/stm32h7xx_hal_rcc_ex.c:2703:19
	str	r0, [sp, #48]
	.loc	5 2704 9                        @ ../Drivers/STM32H7xx_HAL_Driver/Src/stm32h7xx_hal_rcc_ex.c:2704:9
	b	.LBB4_190
.Ltmp616:
.LBB4_190:
	.loc	5 2707 3                        @ ../Drivers/STM32H7xx_HAL_Driver/Src/stm32h7xx_hal_rcc_ex.c:2707:3
	b	.LBB4_256
.Ltmp617:
.LBB4_191:
	.loc	5 2708 12                       @ ../Drivers/STM32H7xx_HAL_Driver/Src/stm32h7xx_hal_rcc_ex.c:2708:12
	ldr	r0, [sp, #88]
	ldr	r1, [sp, #92]
	.loc	5 2708 22 is_stmt 0             @ ../Drivers/STM32H7xx_HAL_Driver/Src/stm32h7xx_hal_rcc_ex.c:2708:22
	eor	r0, r0, #65536
	orrs	r0, r1
.Ltmp618:
	.loc	5 2708 12                       @ ../Drivers/STM32H7xx_HAL_Driver/Src/stm32h7xx_hal_rcc_ex.c:2708:12
	cbnz	r0, .LBB4_204
	b	.LBB4_192
.LBB4_192:
	.loc	5 0 12                          @ ../Drivers/STM32H7xx_HAL_Driver/Src/stm32h7xx_hal_rcc_ex.c:0:12
	movw	r0, #17484
	movt	r0, #22530
.Ltmp619:
	.loc	5 2711 14 is_stmt 1             @ ../Drivers/STM32H7xx_HAL_Driver/Src/stm32h7xx_hal_rcc_ex.c:2711:14
	ldr	r0, [r0]
	and	r0, r0, #65536
	.loc	5 2711 12 is_stmt 0             @ ../Drivers/STM32H7xx_HAL_Driver/Src/stm32h7xx_hal_rcc_ex.c:2711:12
	str	r0, [sp, #36]
	.loc	5 2713 13 is_stmt 1             @ ../Drivers/STM32H7xx_HAL_Driver/Src/stm32h7xx_hal_rcc_ex.c:2713:13
	ldr	r0, [sp, #36]
	.loc	5 2713 5 is_stmt 0              @ ../Drivers/STM32H7xx_HAL_Driver/Src/stm32h7xx_hal_rcc_ex.c:2713:5
	str	r0, [sp, #8]                    @ 4-byte Spill
	cbz	r0, .LBB4_194
	b	.LBB4_193
.LBB4_193:
	ldr	r0, [sp, #8]                    @ 4-byte Reload
	cmp.w	r0, #65536
	beq	.LBB4_198
	b	.LBB4_202
.LBB4_194:
	.loc	5 0 5                           @ ../Drivers/STM32H7xx_HAL_Driver/Src/stm32h7xx_hal_rcc_ex.c:0:5
	movw	r0, #17408
	movt	r0, #22530
.Ltmp620:
	.loc	5 2717 13 is_stmt 1             @ ../Drivers/STM32H7xx_HAL_Driver/Src/stm32h7xx_hal_rcc_ex.c:2717:13
	ldr	r0, [r0]
.Ltmp621:
	.loc	5 2717 13 is_stmt 0             @ ../Drivers/STM32H7xx_HAL_Driver/Src/stm32h7xx_hal_rcc_ex.c:2717:13
	lsls	r0, r0, #6
	cmp	r0, #0
	bpl	.LBB4_196
	b	.LBB4_195
.LBB4_195:
	.loc	5 0 13                          @ ../Drivers/STM32H7xx_HAL_Driver/Src/stm32h7xx_hal_rcc_ex.c:0:13
	add	r0, sp, #76
.Ltmp622:
	.loc	5 2719 11 is_stmt 1             @ ../Drivers/STM32H7xx_HAL_Driver/Src/stm32h7xx_hal_rcc_ex.c:2719:11
	bl	HAL_RCCEx_GetPLL1ClockFreq
	.loc	5 2720 35                       @ ../Drivers/STM32H7xx_HAL_Driver/Src/stm32h7xx_hal_rcc_ex.c:2720:35
	ldr	r0, [sp, #80]
	.loc	5 2720 21 is_stmt 0             @ ../Drivers/STM32H7xx_HAL_Driver/Src/stm32h7xx_hal_rcc_ex.c:2720:21
	str	r0, [sp, #48]
	.loc	5 2721 9 is_stmt 1              @ ../Drivers/STM32H7xx_HAL_Driver/Src/stm32h7xx_hal_rcc_ex.c:2721:9
	b	.LBB4_197
.Ltmp623:
.LBB4_196:
	.loc	5 0 9 is_stmt 0                 @ ../Drivers/STM32H7xx_HAL_Driver/Src/stm32h7xx_hal_rcc_ex.c:0:9
	movs	r0, #0
.Ltmp624:
	.loc	5 2724 21 is_stmt 1             @ ../Drivers/STM32H7xx_HAL_Driver/Src/stm32h7xx_hal_rcc_ex.c:2724:21
	str	r0, [sp, #48]
	b	.LBB4_197
.Ltmp625:
.LBB4_197:
	.loc	5 2726 9                        @ ../Drivers/STM32H7xx_HAL_Driver/Src/stm32h7xx_hal_rcc_ex.c:2726:9
	b	.LBB4_203
.Ltmp626:
.LBB4_198:
	.loc	5 0 9 is_stmt 0                 @ ../Drivers/STM32H7xx_HAL_Driver/Src/stm32h7xx_hal_rcc_ex.c:0:9
	movw	r0, #17408
	movt	r0, #22530
.Ltmp627:
	.loc	5 2730 13 is_stmt 1             @ ../Drivers/STM32H7xx_HAL_Driver/Src/stm32h7xx_hal_rcc_ex.c:2730:13
	ldr	r0, [r0]
.Ltmp628:
	.loc	5 2730 13 is_stmt 0             @ ../Drivers/STM32H7xx_HAL_Driver/Src/stm32h7xx_hal_rcc_ex.c:2730:13
	lsls	r0, r0, #4
	cmp	r0, #0
	bpl	.LBB4_200
	b	.LBB4_199
.LBB4_199:
	.loc	5 0 13                          @ ../Drivers/STM32H7xx_HAL_Driver/Src/stm32h7xx_hal_rcc_ex.c:0:13
	add	r0, sp, #64
.Ltmp629:
	.loc	5 2732 11 is_stmt 1             @ ../Drivers/STM32H7xx_HAL_Driver/Src/stm32h7xx_hal_rcc_ex.c:2732:11
	bl	HAL_RCCEx_GetPLL2ClockFreq
	.loc	5 2733 35                       @ ../Drivers/STM32H7xx_HAL_Driver/Src/stm32h7xx_hal_rcc_ex.c:2733:35
	ldr	r0, [sp, #72]
	.loc	5 2733 21 is_stmt 0             @ ../Drivers/STM32H7xx_HAL_Driver/Src/stm32h7xx_hal_rcc_ex.c:2733:21
	str	r0, [sp, #48]
	.loc	5 2734 9 is_stmt 1              @ ../Drivers/STM32H7xx_HAL_Driver/Src/stm32h7xx_hal_rcc_ex.c:2734:9
	b	.LBB4_201
.Ltmp630:
.LBB4_200:
	.loc	5 0 9 is_stmt 0                 @ ../Drivers/STM32H7xx_HAL_Driver/Src/stm32h7xx_hal_rcc_ex.c:0:9
	movs	r0, #0
.Ltmp631:
	.loc	5 2737 21 is_stmt 1             @ ../Drivers/STM32H7xx_HAL_Driver/Src/stm32h7xx_hal_rcc_ex.c:2737:21
	str	r0, [sp, #48]
	b	.LBB4_201
.Ltmp632:
.LBB4_201:
	.loc	5 2739 9                        @ ../Drivers/STM32H7xx_HAL_Driver/Src/stm32h7xx_hal_rcc_ex.c:2739:9
	b	.LBB4_203
.Ltmp633:
.LBB4_202:
	.loc	5 0 9 is_stmt 0                 @ ../Drivers/STM32H7xx_HAL_Driver/Src/stm32h7xx_hal_rcc_ex.c:0:9
	movs	r0, #0
.Ltmp634:
	.loc	5 2744 19 is_stmt 1             @ ../Drivers/STM32H7xx_HAL_Driver/Src/stm32h7xx_hal_rcc_ex.c:2744:19
	str	r0, [sp, #48]
	.loc	5 2745 9                        @ ../Drivers/STM32H7xx_HAL_Driver/Src/stm32h7xx_hal_rcc_ex.c:2745:9
	b	.LBB4_203
.Ltmp635:
.LBB4_203:
	.loc	5 2748 3                        @ ../Drivers/STM32H7xx_HAL_Driver/Src/stm32h7xx_hal_rcc_ex.c:2748:3
	b	.LBB4_255
.Ltmp636:
.LBB4_204:
	.loc	5 2749 12                       @ ../Drivers/STM32H7xx_HAL_Driver/Src/stm32h7xx_hal_rcc_ex.c:2749:12
	ldr	r0, [sp, #88]
	ldr	r1, [sp, #92]
	.loc	5 2749 22 is_stmt 0             @ ../Drivers/STM32H7xx_HAL_Driver/Src/stm32h7xx_hal_rcc_ex.c:2749:22
	eor	r0, r0, #16384
	orrs	r0, r1
.Ltmp637:
	.loc	5 2749 12                       @ ../Drivers/STM32H7xx_HAL_Driver/Src/stm32h7xx_hal_rcc_ex.c:2749:12
	cmp	r0, #0
	bne.w	.LBB4_234
	b	.LBB4_205
.LBB4_205:
	.loc	5 0 12                          @ ../Drivers/STM32H7xx_HAL_Driver/Src/stm32h7xx_hal_rcc_ex.c:0:12
	movw	r0, #17496
	movt	r0, #22530
.Ltmp638:
	.loc	5 2752 14 is_stmt 1             @ ../Drivers/STM32H7xx_HAL_Driver/Src/stm32h7xx_hal_rcc_ex.c:2752:14
	ldr	r0, [r0]
	and	r0, r0, #1879048192
	.loc	5 2752 12 is_stmt 0             @ ../Drivers/STM32H7xx_HAL_Driver/Src/stm32h7xx_hal_rcc_ex.c:2752:12
	str	r0, [sp, #36]
	.loc	5 2754 13 is_stmt 1             @ ../Drivers/STM32H7xx_HAL_Driver/Src/stm32h7xx_hal_rcc_ex.c:2754:13
	ldr	r0, [sp, #36]
	.loc	5 2754 5 is_stmt 0              @ ../Drivers/STM32H7xx_HAL_Driver/Src/stm32h7xx_hal_rcc_ex.c:2754:5
	str	r0, [sp, #4]                    @ 4-byte Spill
	cbz	r0, .LBB4_211
	b	.LBB4_206
.LBB4_206:
	ldr	r0, [sp, #4]                    @ 4-byte Reload
	cmp.w	r0, #268435456
	beq	.LBB4_212
	b	.LBB4_207
.LBB4_207:
	ldr	r0, [sp, #4]                    @ 4-byte Reload
	cmp.w	r0, #536870912
	beq	.LBB4_216
	b	.LBB4_208
.LBB4_208:
	ldr	r0, [sp, #4]                    @ 4-byte Reload
	cmp.w	r0, #805306368
	beq	.LBB4_220
	b	.LBB4_209
.LBB4_209:
	ldr	r0, [sp, #4]                    @ 4-byte Reload
	cmp.w	r0, #1073741824
	beq	.LBB4_224
	b	.LBB4_210
.LBB4_210:
	ldr	r0, [sp, #4]                    @ 4-byte Reload
	cmp.w	r0, #1342177280
	beq	.LBB4_228
	b	.LBB4_232
.LBB4_211:
.Ltmp639:
	.loc	5 2758 21 is_stmt 1             @ ../Drivers/STM32H7xx_HAL_Driver/Src/stm32h7xx_hal_rcc_ex.c:2758:21
	bl	HAL_RCCEx_GetD3PCLK1Freq
	.loc	5 2758 19 is_stmt 0             @ ../Drivers/STM32H7xx_HAL_Driver/Src/stm32h7xx_hal_rcc_ex.c:2758:19
	str	r0, [sp, #48]
	.loc	5 2759 9 is_stmt 1              @ ../Drivers/STM32H7xx_HAL_Driver/Src/stm32h7xx_hal_rcc_ex.c:2759:9
	b	.LBB4_233
.Ltmp640:
.LBB4_212:
	.loc	5 0 9 is_stmt 0                 @ ../Drivers/STM32H7xx_HAL_Driver/Src/stm32h7xx_hal_rcc_ex.c:0:9
	movw	r0, #17408
	movt	r0, #22530
.Ltmp641:
	.loc	5 2763 13 is_stmt 1             @ ../Drivers/STM32H7xx_HAL_Driver/Src/stm32h7xx_hal_rcc_ex.c:2763:13
	ldr	r0, [r0]
.Ltmp642:
	.loc	5 2763 13 is_stmt 0             @ ../Drivers/STM32H7xx_HAL_Driver/Src/stm32h7xx_hal_rcc_ex.c:2763:13
	lsls	r0, r0, #4
	cmp	r0, #0
	bpl	.LBB4_214
	b	.LBB4_213
.LBB4_213:
	.loc	5 0 13                          @ ../Drivers/STM32H7xx_HAL_Driver/Src/stm32h7xx_hal_rcc_ex.c:0:13
	add	r0, sp, #64
.Ltmp643:
	.loc	5 2765 11 is_stmt 1             @ ../Drivers/STM32H7xx_HAL_Driver/Src/stm32h7xx_hal_rcc_ex.c:2765:11
	bl	HAL_RCCEx_GetPLL2ClockFreq
	.loc	5 2766 35                       @ ../Drivers/STM32H7xx_HAL_Driver/Src/stm32h7xx_hal_rcc_ex.c:2766:35
	ldr	r0, [sp, #68]
	.loc	5 2766 21 is_stmt 0             @ ../Drivers/STM32H7xx_HAL_Driver/Src/stm32h7xx_hal_rcc_ex.c:2766:21
	str	r0, [sp, #48]
	.loc	5 2767 9 is_stmt 1              @ ../Drivers/STM32H7xx_HAL_Driver/Src/stm32h7xx_hal_rcc_ex.c:2767:9
	b	.LBB4_215
.Ltmp644:
.LBB4_214:
	.loc	5 0 9 is_stmt 0                 @ ../Drivers/STM32H7xx_HAL_Driver/Src/stm32h7xx_hal_rcc_ex.c:0:9
	movs	r0, #0
.Ltmp645:
	.loc	5 2770 21 is_stmt 1             @ ../Drivers/STM32H7xx_HAL_Driver/Src/stm32h7xx_hal_rcc_ex.c:2770:21
	str	r0, [sp, #48]
	b	.LBB4_215
.Ltmp646:
.LBB4_215:
	.loc	5 2772 9                        @ ../Drivers/STM32H7xx_HAL_Driver/Src/stm32h7xx_hal_rcc_ex.c:2772:9
	b	.LBB4_233
.Ltmp647:
.LBB4_216:
	.loc	5 0 9 is_stmt 0                 @ ../Drivers/STM32H7xx_HAL_Driver/Src/stm32h7xx_hal_rcc_ex.c:0:9
	movw	r0, #17408
	movt	r0, #22530
.Ltmp648:
	.loc	5 2776 13 is_stmt 1             @ ../Drivers/STM32H7xx_HAL_Driver/Src/stm32h7xx_hal_rcc_ex.c:2776:13
	ldr	r0, [r0]
.Ltmp649:
	.loc	5 2776 13 is_stmt 0             @ ../Drivers/STM32H7xx_HAL_Driver/Src/stm32h7xx_hal_rcc_ex.c:2776:13
	lsls	r0, r0, #2
	cmp	r0, #0
	bpl	.LBB4_218
	b	.LBB4_217
.LBB4_217:
	.loc	5 0 13                          @ ../Drivers/STM32H7xx_HAL_Driver/Src/stm32h7xx_hal_rcc_ex.c:0:13
	add	r0, sp, #52
.Ltmp650:
	.loc	5 2778 11 is_stmt 1             @ ../Drivers/STM32H7xx_HAL_Driver/Src/stm32h7xx_hal_rcc_ex.c:2778:11
	bl	HAL_RCCEx_GetPLL3ClockFreq
	.loc	5 2779 35                       @ ../Drivers/STM32H7xx_HAL_Driver/Src/stm32h7xx_hal_rcc_ex.c:2779:35
	ldr	r0, [sp, #56]
	.loc	5 2779 21 is_stmt 0             @ ../Drivers/STM32H7xx_HAL_Driver/Src/stm32h7xx_hal_rcc_ex.c:2779:21
	str	r0, [sp, #48]
	.loc	5 2780 9 is_stmt 1              @ ../Drivers/STM32H7xx_HAL_Driver/Src/stm32h7xx_hal_rcc_ex.c:2780:9
	b	.LBB4_219
.Ltmp651:
.LBB4_218:
	.loc	5 0 9 is_stmt 0                 @ ../Drivers/STM32H7xx_HAL_Driver/Src/stm32h7xx_hal_rcc_ex.c:0:9
	movs	r0, #0
.Ltmp652:
	.loc	5 2783 21 is_stmt 1             @ ../Drivers/STM32H7xx_HAL_Driver/Src/stm32h7xx_hal_rcc_ex.c:2783:21
	str	r0, [sp, #48]
	b	.LBB4_219
.Ltmp653:
.LBB4_219:
	.loc	5 2785 9                        @ ../Drivers/STM32H7xx_HAL_Driver/Src/stm32h7xx_hal_rcc_ex.c:2785:9
	b	.LBB4_233
.Ltmp654:
.LBB4_220:
	.loc	5 0 9 is_stmt 0                 @ ../Drivers/STM32H7xx_HAL_Driver/Src/stm32h7xx_hal_rcc_ex.c:0:9
	movw	r0, #17408
	movt	r0, #22530
.Ltmp655:
	.loc	5 2789 13 is_stmt 1             @ ../Drivers/STM32H7xx_HAL_Driver/Src/stm32h7xx_hal_rcc_ex.c:2789:13
	ldr	r0, [r0]
.Ltmp656:
	.loc	5 2789 13 is_stmt 0             @ ../Drivers/STM32H7xx_HAL_Driver/Src/stm32h7xx_hal_rcc_ex.c:2789:13
	lsls	r0, r0, #29
	cmp	r0, #0
	bpl	.LBB4_222
	b	.LBB4_221
.LBB4_221:
	.loc	5 0 13                          @ ../Drivers/STM32H7xx_HAL_Driver/Src/stm32h7xx_hal_rcc_ex.c:0:13
	movw	r0, #17408
	movt	r0, #22530
.Ltmp657:
	.loc	5 2791 38 is_stmt 1             @ ../Drivers/STM32H7xx_HAL_Driver/Src/stm32h7xx_hal_rcc_ex.c:2791:38
	ldr	r0, [r0]
	.loc	5 2791 66 is_stmt 0             @ ../Drivers/STM32H7xx_HAL_Driver/Src/stm32h7xx_hal_rcc_ex.c:2791:66
	ubfx	r1, r0, #3, #2
	movw	r0, #36864
	movt	r0, #976
	.loc	5 2791 34                       @ ../Drivers/STM32H7xx_HAL_Driver/Src/stm32h7xx_hal_rcc_ex.c:2791:34
	lsrs	r0, r1
	.loc	5 2791 21                       @ ../Drivers/STM32H7xx_HAL_Driver/Src/stm32h7xx_hal_rcc_ex.c:2791:21
	str	r0, [sp, #48]
	.loc	5 2792 9 is_stmt 1              @ ../Drivers/STM32H7xx_HAL_Driver/Src/stm32h7xx_hal_rcc_ex.c:2792:9
	b	.LBB4_223
.Ltmp658:
.LBB4_222:
	.loc	5 0 9 is_stmt 0                 @ ../Drivers/STM32H7xx_HAL_Driver/Src/stm32h7xx_hal_rcc_ex.c:0:9
	movs	r0, #0
.Ltmp659:
	.loc	5 2795 21 is_stmt 1             @ ../Drivers/STM32H7xx_HAL_Driver/Src/stm32h7xx_hal_rcc_ex.c:2795:21
	str	r0, [sp, #48]
	b	.LBB4_223
.Ltmp660:
.LBB4_223:
	.loc	5 2797 9                        @ ../Drivers/STM32H7xx_HAL_Driver/Src/stm32h7xx_hal_rcc_ex.c:2797:9
	b	.LBB4_233
.Ltmp661:
.LBB4_224:
	.loc	5 0 9 is_stmt 0                 @ ../Drivers/STM32H7xx_HAL_Driver/Src/stm32h7xx_hal_rcc_ex.c:0:9
	movw	r0, #17408
	movt	r0, #22530
.Ltmp662:
	.loc	5 2801 13 is_stmt 1             @ ../Drivers/STM32H7xx_HAL_Driver/Src/stm32h7xx_hal_rcc_ex.c:2801:13
	ldr	r0, [r0]
.Ltmp663:
	.loc	5 2801 13 is_stmt 0             @ ../Drivers/STM32H7xx_HAL_Driver/Src/stm32h7xx_hal_rcc_ex.c:2801:13
	lsls	r0, r0, #23
	cmp	r0, #0
	bpl	.LBB4_226
	b	.LBB4_225
.LBB4_225:
	.loc	5 0 13                          @ ../Drivers/STM32H7xx_HAL_Driver/Src/stm32h7xx_hal_rcc_ex.c:0:13
	movw	r0, #2304
	movt	r0, #61
.Ltmp664:
	.loc	5 2803 21 is_stmt 1             @ ../Drivers/STM32H7xx_HAL_Driver/Src/stm32h7xx_hal_rcc_ex.c:2803:21
	str	r0, [sp, #48]
	.loc	5 2804 9                        @ ../Drivers/STM32H7xx_HAL_Driver/Src/stm32h7xx_hal_rcc_ex.c:2804:9
	b	.LBB4_227
.Ltmp665:
.LBB4_226:
	.loc	5 0 9 is_stmt 0                 @ ../Drivers/STM32H7xx_HAL_Driver/Src/stm32h7xx_hal_rcc_ex.c:0:9
	movs	r0, #0
.Ltmp666:
	.loc	5 2807 21 is_stmt 1             @ ../Drivers/STM32H7xx_HAL_Driver/Src/stm32h7xx_hal_rcc_ex.c:2807:21
	str	r0, [sp, #48]
	b	.LBB4_227
.Ltmp667:
.LBB4_227:
	.loc	5 2809 9                        @ ../Drivers/STM32H7xx_HAL_Driver/Src/stm32h7xx_hal_rcc_ex.c:2809:9
	b	.LBB4_233
.Ltmp668:
.LBB4_228:
	.loc	5 0 9 is_stmt 0                 @ ../Drivers/STM32H7xx_HAL_Driver/Src/stm32h7xx_hal_rcc_ex.c:0:9
	movw	r0, #17408
	movt	r0, #22530
.Ltmp669:
	.loc	5 2813 13 is_stmt 1             @ ../Drivers/STM32H7xx_HAL_Driver/Src/stm32h7xx_hal_rcc_ex.c:2813:13
	ldr	r0, [r0]
.Ltmp670:
	.loc	5 2813 13 is_stmt 0             @ ../Drivers/STM32H7xx_HAL_Driver/Src/stm32h7xx_hal_rcc_ex.c:2813:13
	lsls	r0, r0, #14
	cmp	r0, #0
	bpl	.LBB4_230
	b	.LBB4_229
.LBB4_229:
	.loc	5 0 13                          @ ../Drivers/STM32H7xx_HAL_Driver/Src/stm32h7xx_hal_rcc_ex.c:0:13
	movw	r0, #13824
	movt	r0, #366
.Ltmp671:
	.loc	5 2815 21 is_stmt 1             @ ../Drivers/STM32H7xx_HAL_Driver/Src/stm32h7xx_hal_rcc_ex.c:2815:21
	str	r0, [sp, #48]
	.loc	5 2816 9                        @ ../Drivers/STM32H7xx_HAL_Driver/Src/stm32h7xx_hal_rcc_ex.c:2816:9
	b	.LBB4_231
.Ltmp672:
.LBB4_230:
	.loc	5 0 9 is_stmt 0                 @ ../Drivers/STM32H7xx_HAL_Driver/Src/stm32h7xx_hal_rcc_ex.c:0:9
	movs	r0, #0
.Ltmp673:
	.loc	5 2819 21 is_stmt 1             @ ../Drivers/STM32H7xx_HAL_Driver/Src/stm32h7xx_hal_rcc_ex.c:2819:21
	str	r0, [sp, #48]
	b	.LBB4_231
.Ltmp674:
.LBB4_231:
	.loc	5 2821 9                        @ ../Drivers/STM32H7xx_HAL_Driver/Src/stm32h7xx_hal_rcc_ex.c:2821:9
	b	.LBB4_233
.Ltmp675:
.LBB4_232:
	.loc	5 0 9 is_stmt 0                 @ ../Drivers/STM32H7xx_HAL_Driver/Src/stm32h7xx_hal_rcc_ex.c:0:9
	movs	r0, #0
.Ltmp676:
	.loc	5 2832 19 is_stmt 1             @ ../Drivers/STM32H7xx_HAL_Driver/Src/stm32h7xx_hal_rcc_ex.c:2832:19
	str	r0, [sp, #48]
	.loc	5 2833 9                        @ ../Drivers/STM32H7xx_HAL_Driver/Src/stm32h7xx_hal_rcc_ex.c:2833:9
	b	.LBB4_233
.Ltmp677:
.LBB4_233:
	.loc	5 2836 3                        @ ../Drivers/STM32H7xx_HAL_Driver/Src/stm32h7xx_hal_rcc_ex.c:2836:3
	b	.LBB4_254
.Ltmp678:
.LBB4_234:
	.loc	5 2837 12                       @ ../Drivers/STM32H7xx_HAL_Driver/Src/stm32h7xx_hal_rcc_ex.c:2837:12
	ldr	r0, [sp, #88]
	ldr	r1, [sp, #92]
	.loc	5 2837 22 is_stmt 0             @ ../Drivers/STM32H7xx_HAL_Driver/Src/stm32h7xx_hal_rcc_ex.c:2837:22
	eor	r0, r0, #32768
	orrs	r0, r1
.Ltmp679:
	.loc	5 2837 12                       @ ../Drivers/STM32H7xx_HAL_Driver/Src/stm32h7xx_hal_rcc_ex.c:2837:12
	cmp	r0, #0
	bne	.LBB4_252
	b	.LBB4_235
.LBB4_235:
	.loc	5 0 12                          @ ../Drivers/STM32H7xx_HAL_Driver/Src/stm32h7xx_hal_rcc_ex.c:0:12
	movw	r0, #17488
	movt	r0, #22530
.Ltmp680:
	.loc	5 2840 14 is_stmt 1             @ ../Drivers/STM32H7xx_HAL_Driver/Src/stm32h7xx_hal_rcc_ex.c:2840:14
	ldr	r0, [r0]
	and	r0, r0, #805306368
	.loc	5 2840 12 is_stmt 0             @ ../Drivers/STM32H7xx_HAL_Driver/Src/stm32h7xx_hal_rcc_ex.c:2840:12
	str	r0, [sp, #36]
	.loc	5 2842 13 is_stmt 1             @ ../Drivers/STM32H7xx_HAL_Driver/Src/stm32h7xx_hal_rcc_ex.c:2842:13
	ldr	r0, [sp, #36]
	.loc	5 2842 5 is_stmt 0              @ ../Drivers/STM32H7xx_HAL_Driver/Src/stm32h7xx_hal_rcc_ex.c:2842:5
	str	r0, [sp]                        @ 4-byte Spill
	cbz	r0, .LBB4_238
	b	.LBB4_236
.LBB4_236:
	ldr	r0, [sp]                        @ 4-byte Reload
	cmp.w	r0, #268435456
	beq	.LBB4_242
	b	.LBB4_237
.LBB4_237:
	ldr	r0, [sp]                        @ 4-byte Reload
	cmp.w	r0, #536870912
	beq	.LBB4_246
	b	.LBB4_250
.LBB4_238:
	.loc	5 0 5                           @ ../Drivers/STM32H7xx_HAL_Driver/Src/stm32h7xx_hal_rcc_ex.c:0:5
	movw	r0, #17408
	movt	r0, #22530
.Ltmp681:
	.loc	5 2846 13 is_stmt 1             @ ../Drivers/STM32H7xx_HAL_Driver/Src/stm32h7xx_hal_rcc_ex.c:2846:13
	ldr	r0, [r0]
.Ltmp682:
	.loc	5 2846 13 is_stmt 0             @ ../Drivers/STM32H7xx_HAL_Driver/Src/stm32h7xx_hal_rcc_ex.c:2846:13
	lsls	r0, r0, #14
	cmp	r0, #0
	bpl	.LBB4_240
	b	.LBB4_239
.LBB4_239:
	.loc	5 0 13                          @ ../Drivers/STM32H7xx_HAL_Driver/Src/stm32h7xx_hal_rcc_ex.c:0:13
	movw	r0, #13824
	movt	r0, #366
.Ltmp683:
	.loc	5 2848 21 is_stmt 1             @ ../Drivers/STM32H7xx_HAL_Driver/Src/stm32h7xx_hal_rcc_ex.c:2848:21
	str	r0, [sp, #48]
	.loc	5 2849 9                        @ ../Drivers/STM32H7xx_HAL_Driver/Src/stm32h7xx_hal_rcc_ex.c:2849:9
	b	.LBB4_241
.Ltmp684:
.LBB4_240:
	.loc	5 0 9 is_stmt 0                 @ ../Drivers/STM32H7xx_HAL_Driver/Src/stm32h7xx_hal_rcc_ex.c:0:9
	movs	r0, #0
.Ltmp685:
	.loc	5 2852 21 is_stmt 1             @ ../Drivers/STM32H7xx_HAL_Driver/Src/stm32h7xx_hal_rcc_ex.c:2852:21
	str	r0, [sp, #48]
	b	.LBB4_241
.Ltmp686:
.LBB4_241:
	.loc	5 2854 9                        @ ../Drivers/STM32H7xx_HAL_Driver/Src/stm32h7xx_hal_rcc_ex.c:2854:9
	b	.LBB4_251
.Ltmp687:
.LBB4_242:
	.loc	5 0 9 is_stmt 0                 @ ../Drivers/STM32H7xx_HAL_Driver/Src/stm32h7xx_hal_rcc_ex.c:0:9
	movw	r0, #17408
	movt	r0, #22530
.Ltmp688:
	.loc	5 2858 13 is_stmt 1             @ ../Drivers/STM32H7xx_HAL_Driver/Src/stm32h7xx_hal_rcc_ex.c:2858:13
	ldr	r0, [r0]
.Ltmp689:
	.loc	5 2858 13 is_stmt 0             @ ../Drivers/STM32H7xx_HAL_Driver/Src/stm32h7xx_hal_rcc_ex.c:2858:13
	lsls	r0, r0, #6
	cmp	r0, #0
	bpl	.LBB4_244
	b	.LBB4_243
.LBB4_243:
	.loc	5 0 13                          @ ../Drivers/STM32H7xx_HAL_Driver/Src/stm32h7xx_hal_rcc_ex.c:0:13
	add	r0, sp, #76
.Ltmp690:
	.loc	5 2860 11 is_stmt 1             @ ../Drivers/STM32H7xx_HAL_Driver/Src/stm32h7xx_hal_rcc_ex.c:2860:11
	bl	HAL_RCCEx_GetPLL1ClockFreq
	.loc	5 2861 35                       @ ../Drivers/STM32H7xx_HAL_Driver/Src/stm32h7xx_hal_rcc_ex.c:2861:35
	ldr	r0, [sp, #80]
	.loc	5 2861 21 is_stmt 0             @ ../Drivers/STM32H7xx_HAL_Driver/Src/stm32h7xx_hal_rcc_ex.c:2861:21
	str	r0, [sp, #48]
	.loc	5 2862 9 is_stmt 1              @ ../Drivers/STM32H7xx_HAL_Driver/Src/stm32h7xx_hal_rcc_ex.c:2862:9
	b	.LBB4_245
.Ltmp691:
.LBB4_244:
	.loc	5 0 9 is_stmt 0                 @ ../Drivers/STM32H7xx_HAL_Driver/Src/stm32h7xx_hal_rcc_ex.c:0:9
	movs	r0, #0
.Ltmp692:
	.loc	5 2865 21 is_stmt 1             @ ../Drivers/STM32H7xx_HAL_Driver/Src/stm32h7xx_hal_rcc_ex.c:2865:21
	str	r0, [sp, #48]
	b	.LBB4_245
.Ltmp693:
.LBB4_245:
	.loc	5 2867 9                        @ ../Drivers/STM32H7xx_HAL_Driver/Src/stm32h7xx_hal_rcc_ex.c:2867:9
	b	.LBB4_251
.Ltmp694:
.LBB4_246:
	.loc	5 0 9 is_stmt 0                 @ ../Drivers/STM32H7xx_HAL_Driver/Src/stm32h7xx_hal_rcc_ex.c:0:9
	movw	r0, #17408
	movt	r0, #22530
.Ltmp695:
	.loc	5 2871 13 is_stmt 1             @ ../Drivers/STM32H7xx_HAL_Driver/Src/stm32h7xx_hal_rcc_ex.c:2871:13
	ldr	r0, [r0]
.Ltmp696:
	.loc	5 2871 13 is_stmt 0             @ ../Drivers/STM32H7xx_HAL_Driver/Src/stm32h7xx_hal_rcc_ex.c:2871:13
	lsls	r0, r0, #4
	cmp	r0, #0
	bpl	.LBB4_248
	b	.LBB4_247
.LBB4_247:
	.loc	5 0 13                          @ ../Drivers/STM32H7xx_HAL_Driver/Src/stm32h7xx_hal_rcc_ex.c:0:13
	add	r0, sp, #64
.Ltmp697:
	.loc	5 2873 11 is_stmt 1             @ ../Drivers/STM32H7xx_HAL_Driver/Src/stm32h7xx_hal_rcc_ex.c:2873:11
	bl	HAL_RCCEx_GetPLL2ClockFreq
	.loc	5 2874 35                       @ ../Drivers/STM32H7xx_HAL_Driver/Src/stm32h7xx_hal_rcc_ex.c:2874:35
	ldr	r0, [sp, #68]
	.loc	5 2874 21 is_stmt 0             @ ../Drivers/STM32H7xx_HAL_Driver/Src/stm32h7xx_hal_rcc_ex.c:2874:21
	str	r0, [sp, #48]
	.loc	5 2875 9 is_stmt 1              @ ../Drivers/STM32H7xx_HAL_Driver/Src/stm32h7xx_hal_rcc_ex.c:2875:9
	b	.LBB4_249
.Ltmp698:
.LBB4_248:
	.loc	5 0 9 is_stmt 0                 @ ../Drivers/STM32H7xx_HAL_Driver/Src/stm32h7xx_hal_rcc_ex.c:0:9
	movs	r0, #0
.Ltmp699:
	.loc	5 2878 21 is_stmt 1             @ ../Drivers/STM32H7xx_HAL_Driver/Src/stm32h7xx_hal_rcc_ex.c:2878:21
	str	r0, [sp, #48]
	b	.LBB4_249
.Ltmp700:
.LBB4_249:
	.loc	5 2880 9                        @ ../Drivers/STM32H7xx_HAL_Driver/Src/stm32h7xx_hal_rcc_ex.c:2880:9
	b	.LBB4_251
.Ltmp701:
.LBB4_250:
	.loc	5 0 9 is_stmt 0                 @ ../Drivers/STM32H7xx_HAL_Driver/Src/stm32h7xx_hal_rcc_ex.c:0:9
	movs	r0, #0
.Ltmp702:
	.loc	5 2884 19 is_stmt 1             @ ../Drivers/STM32H7xx_HAL_Driver/Src/stm32h7xx_hal_rcc_ex.c:2884:19
	str	r0, [sp, #48]
	.loc	5 2885 9                        @ ../Drivers/STM32H7xx_HAL_Driver/Src/stm32h7xx_hal_rcc_ex.c:2885:9
	b	.LBB4_251
.Ltmp703:
.LBB4_251:
	.loc	5 2888 3                        @ ../Drivers/STM32H7xx_HAL_Driver/Src/stm32h7xx_hal_rcc_ex.c:2888:3
	b	.LBB4_253
.Ltmp704:
.LBB4_252:
	.loc	5 0 3 is_stmt 0                 @ ../Drivers/STM32H7xx_HAL_Driver/Src/stm32h7xx_hal_rcc_ex.c:0:3
	movs	r0, #0
.Ltmp705:
	.loc	5 2891 15 is_stmt 1             @ ../Drivers/STM32H7xx_HAL_Driver/Src/stm32h7xx_hal_rcc_ex.c:2891:15
	str	r0, [sp, #48]
	b	.LBB4_253
.Ltmp706:
.LBB4_253:
	.loc	5 0 15 is_stmt 0                @ ../Drivers/STM32H7xx_HAL_Driver/Src/stm32h7xx_hal_rcc_ex.c:0:15
	b	.LBB4_254
.LBB4_254:
	b	.LBB4_255
.LBB4_255:
	b	.LBB4_256
.LBB4_256:
	b	.LBB4_257
.LBB4_257:
	b	.LBB4_258
.LBB4_258:
	b	.LBB4_259
.LBB4_259:
	b	.LBB4_260
.LBB4_260:
	b	.LBB4_261
.LBB4_261:
	.loc	5 2894 10 is_stmt 1             @ ../Drivers/STM32H7xx_HAL_Driver/Src/stm32h7xx_hal_rcc_ex.c:2894:10
	ldr	r0, [sp, #48]
	.loc	5 2894 3 epilogue_begin is_stmt 0 @ ../Drivers/STM32H7xx_HAL_Driver/Src/stm32h7xx_hal_rcc_ex.c:2894:3
	add	sp, #96
	pop	{r7, pc}
.Ltmp707:
.Lfunc_end4:
	.size	HAL_RCCEx_GetPeriphCLKFreq, .Lfunc_end4-HAL_RCCEx_GetPeriphCLKFreq
	.cfi_endproc
	.cantunwind
	.fnend
                                        @ -- End function
	.section	.text.HAL_RCCEx_GetPLL1ClockFreq,"ax",%progbits
	.hidden	HAL_RCCEx_GetPLL1ClockFreq      @ -- Begin function HAL_RCCEx_GetPLL1ClockFreq
	.globl	HAL_RCCEx_GetPLL1ClockFreq
	.p2align	3
	.type	HAL_RCCEx_GetPLL1ClockFreq,%function
	.code	16                              @ @HAL_RCCEx_GetPLL1ClockFreq
	.thumb_func
HAL_RCCEx_GetPLL1ClockFreq:
.Lfunc_begin5:
	.loc	5 3083 0 is_stmt 1              @ ../Drivers/STM32H7xx_HAL_Driver/Src/stm32h7xx_hal_rcc_ex.c:3083:0
	.fnstart
	.cfi_startproc
@ %bb.0:
	.pad	#32
	sub	sp, #32
	.cfi_def_cfa_offset 32
	str	r0, [sp, #28]
	movw	r0, #17448
	movt	r0, #22530
.Ltmp708:
	.loc	5 3087 21 prologue_end          @ ../Drivers/STM32H7xx_HAL_Driver/Src/stm32h7xx_hal_rcc_ex.c:3087:21
	ldr	r1, [r0]
	.loc	5 3087 31 is_stmt 0             @ ../Drivers/STM32H7xx_HAL_Driver/Src/stm32h7xx_hal_rcc_ex.c:3087:31
	and	r1, r1, #3
	.loc	5 3087 13                       @ ../Drivers/STM32H7xx_HAL_Driver/Src/stm32h7xx_hal_rcc_ex.c:3087:13
	str	r1, [sp, #24]
	.loc	5 3088 18 is_stmt 1             @ ../Drivers/STM32H7xx_HAL_Driver/Src/stm32h7xx_hal_rcc_ex.c:3088:18
	ldr	r0, [r0]
	.loc	5 3088 51 is_stmt 0             @ ../Drivers/STM32H7xx_HAL_Driver/Src/stm32h7xx_hal_rcc_ex.c:3088:51
	ubfx	r0, r0, #4, #6
	.loc	5 3088 9                        @ ../Drivers/STM32H7xx_HAL_Driver/Src/stm32h7xx_hal_rcc_ex.c:3088:9
	str	r0, [sp, #20]
	movw	r0, #17452
	movt	r0, #22530
	.loc	5 3089 21 is_stmt 1             @ ../Drivers/STM32H7xx_HAL_Driver/Src/stm32h7xx_hal_rcc_ex.c:3089:21
	ldr	r0, [r0]
	.loc	5 3089 29 is_stmt 0             @ ../Drivers/STM32H7xx_HAL_Driver/Src/stm32h7xx_hal_rcc_ex.c:3089:29
	and	r0, r0, #1
	.loc	5 3089 14                       @ ../Drivers/STM32H7xx_HAL_Driver/Src/stm32h7xx_hal_rcc_ex.c:3089:14
	str	r0, [sp, #16]
	.loc	5 3090 32 is_stmt 1             @ ../Drivers/STM32H7xx_HAL_Driver/Src/stm32h7xx_hal_rcc_ex.c:3090:32
	ldr	r0, [sp, #16]
	movw	r1, #17460
	movt	r1, #22530
	.loc	5 3090 52 is_stmt 0             @ ../Drivers/STM32H7xx_HAL_Driver/Src/stm32h7xx_hal_rcc_ex.c:3090:52
	ldr	r1, [r1]
	.loc	5 3090 62                       @ ../Drivers/STM32H7xx_HAL_Driver/Src/stm32h7xx_hal_rcc_ex.c:3090:62
	uxth	r1, r1
	.loc	5 3090 86                       @ ../Drivers/STM32H7xx_HAL_Driver/Src/stm32h7xx_hal_rcc_ex.c:3090:86
	lsrs	r1, r1, #3
	.loc	5 3090 43                       @ ../Drivers/STM32H7xx_HAL_Driver/Src/stm32h7xx_hal_rcc_ex.c:3090:43
	muls	r0, r1, r0
	.loc	5 3090 12                       @ ../Drivers/STM32H7xx_HAL_Driver/Src/stm32h7xx_hal_rcc_ex.c:3090:12
	vmov	s0, r0
	vcvt.f32.u32	s0, s0
	.loc	5 3090 10                       @ ../Drivers/STM32H7xx_HAL_Driver/Src/stm32h7xx_hal_rcc_ex.c:3090:10
	vstr	s0, [sp, #8]
.Ltmp709:
	.loc	5 3092 7 is_stmt 1              @ ../Drivers/STM32H7xx_HAL_Driver/Src/stm32h7xx_hal_rcc_ex.c:3092:7
	ldr	r0, [sp, #20]
.Ltmp710:
	.loc	5 3092 7 is_stmt 0              @ ../Drivers/STM32H7xx_HAL_Driver/Src/stm32h7xx_hal_rcc_ex.c:3092:7
	cmp	r0, #0
	beq.w	.LBB5_12
	b	.LBB5_1
.LBB5_1:
.Ltmp711:
	.loc	5 3094 13 is_stmt 1             @ ../Drivers/STM32H7xx_HAL_Driver/Src/stm32h7xx_hal_rcc_ex.c:3094:13
	ldr	r0, [sp, #24]
	.loc	5 3094 5 is_stmt 0              @ ../Drivers/STM32H7xx_HAL_Driver/Src/stm32h7xx_hal_rcc_ex.c:3094:5
	str	r0, [sp]                        @ 4-byte Spill
	cbz	r0, .LBB5_4
	b	.LBB5_2
.LBB5_2:
	ldr	r0, [sp]                        @ 4-byte Reload
	cmp	r0, #1
	beq	.LBB5_8
	b	.LBB5_3
.LBB5_3:
	ldr	r0, [sp]                        @ 4-byte Reload
	cmp	r0, #2
	beq.w	.LBB5_9
	b	.LBB5_10
.LBB5_4:
	.loc	5 0 5                           @ ../Drivers/STM32H7xx_HAL_Driver/Src/stm32h7xx_hal_rcc_ex.c:0:5
	movw	r0, #17408
	movt	r0, #22530
.Ltmp712:
	.loc	5 3099 13 is_stmt 1             @ ../Drivers/STM32H7xx_HAL_Driver/Src/stm32h7xx_hal_rcc_ex.c:3099:13
	ldr	r0, [r0]
	and	r1, r0, #32
	movs	r0, #0
.Ltmp713:
	.loc	5 3099 13 is_stmt 0             @ ../Drivers/STM32H7xx_HAL_Driver/Src/stm32h7xx_hal_rcc_ex.c:3099:13
	cmp.w	r0, r1, lsr #5
	beq	.LBB5_6
	b	.LBB5_5
.LBB5_5:
	.loc	5 0 13                          @ ../Drivers/STM32H7xx_HAL_Driver/Src/stm32h7xx_hal_rcc_ex.c:0:13
	movw	r0, #17408
	movt	r0, #22530
.Ltmp714:
	.loc	5 3101 37 is_stmt 1             @ ../Drivers/STM32H7xx_HAL_Driver/Src/stm32h7xx_hal_rcc_ex.c:3101:37
	ldr	r0, [r0]
	.loc	5 3101 65 is_stmt 0             @ ../Drivers/STM32H7xx_HAL_Driver/Src/stm32h7xx_hal_rcc_ex.c:3101:65
	ubfx	r1, r0, #3, #2
	movw	r0, #36864
	movt	r0, #976
	.loc	5 3101 33                       @ ../Drivers/STM32H7xx_HAL_Driver/Src/stm32h7xx_hal_rcc_ex.c:3101:33
	lsrs	r0, r1
	.loc	5 3101 20                       @ ../Drivers/STM32H7xx_HAL_Driver/Src/stm32h7xx_hal_rcc_ex.c:3101:20
	str	r0, [sp, #12]
	.loc	5 3102 22 is_stmt 1             @ ../Drivers/STM32H7xx_HAL_Driver/Src/stm32h7xx_hal_rcc_ex.c:3102:22
	vldr	s0, [sp, #12]
	vcvt.f32.u32	s0, s0
	.loc	5 3102 42 is_stmt 0             @ ../Drivers/STM32H7xx_HAL_Driver/Src/stm32h7xx_hal_rcc_ex.c:3102:42
	vldr	s2, [sp, #20]
	vcvt.f32.u32	s2, s2
	.loc	5 3102 40                       @ ../Drivers/STM32H7xx_HAL_Driver/Src/stm32h7xx_hal_rcc_ex.c:3102:40
	vdiv.f32	s0, s0, s2
	movw	r0, #17456
	movt	r0, #22530
	.loc	5 3102 86                       @ ../Drivers/STM32H7xx_HAL_Driver/Src/stm32h7xx_hal_rcc_ex.c:3102:86
	ldr	r0, [r0]
	.loc	5 3102 95                       @ ../Drivers/STM32H7xx_HAL_Driver/Src/stm32h7xx_hal_rcc_ex.c:3102:95
	bfc	r0, #9, #23
	.loc	5 3102 61                       @ ../Drivers/STM32H7xx_HAL_Driver/Src/stm32h7xx_hal_rcc_ex.c:3102:61
	vmov	s2, r0
	vcvt.f32.u32	s2, s2
	.loc	5 3102 117                      @ ../Drivers/STM32H7xx_HAL_Driver/Src/stm32h7xx_hal_rcc_ex.c:3102:117
	vldr	s4, [sp, #8]
	vldr	s6, .LCPI5_1
	.loc	5 3102 114                      @ ../Drivers/STM32H7xx_HAL_Driver/Src/stm32h7xx_hal_rcc_ex.c:3102:114
	vmla.f32	s2, s4, s6
	vmov.f32	s4, #1.000000e+00
	.loc	5 3102 143                      @ ../Drivers/STM32H7xx_HAL_Driver/Src/stm32h7xx_hal_rcc_ex.c:3102:143
	vadd.f32	s2, s2, s4
	.loc	5 3102 58                       @ ../Drivers/STM32H7xx_HAL_Driver/Src/stm32h7xx_hal_rcc_ex.c:3102:58
	vmul.f32	s0, s0, s2
	.loc	5 3102 19                       @ ../Drivers/STM32H7xx_HAL_Driver/Src/stm32h7xx_hal_rcc_ex.c:3102:19
	vstr	s0, [sp, #4]
	.loc	5 3103 9 is_stmt 1              @ ../Drivers/STM32H7xx_HAL_Driver/Src/stm32h7xx_hal_rcc_ex.c:3103:9
	b	.LBB5_7
.Ltmp715:
.LBB5_6:
	.loc	5 3106 43                       @ ../Drivers/STM32H7xx_HAL_Driver/Src/stm32h7xx_hal_rcc_ex.c:3106:43
	vldr	s0, [sp, #20]
	vcvt.f32.u32	s2, s0
	vldr	s0, .LCPI5_3
	.loc	5 3106 41 is_stmt 0             @ ../Drivers/STM32H7xx_HAL_Driver/Src/stm32h7xx_hal_rcc_ex.c:3106:41
	vdiv.f32	s0, s0, s2
	movw	r0, #17456
	movt	r0, #22530
	.loc	5 3106 87                       @ ../Drivers/STM32H7xx_HAL_Driver/Src/stm32h7xx_hal_rcc_ex.c:3106:87
	ldr	r0, [r0]
	.loc	5 3106 96                       @ ../Drivers/STM32H7xx_HAL_Driver/Src/stm32h7xx_hal_rcc_ex.c:3106:96
	bfc	r0, #9, #23
	.loc	5 3106 62                       @ ../Drivers/STM32H7xx_HAL_Driver/Src/stm32h7xx_hal_rcc_ex.c:3106:62
	vmov	s2, r0
	vcvt.f32.u32	s2, s2
	.loc	5 3106 118                      @ ../Drivers/STM32H7xx_HAL_Driver/Src/stm32h7xx_hal_rcc_ex.c:3106:118
	vldr	s4, [sp, #8]
	vldr	s6, .LCPI5_1
	.loc	5 3106 115                      @ ../Drivers/STM32H7xx_HAL_Driver/Src/stm32h7xx_hal_rcc_ex.c:3106:115
	vmla.f32	s2, s4, s6
	vmov.f32	s4, #1.000000e+00
	.loc	5 3106 144                      @ ../Drivers/STM32H7xx_HAL_Driver/Src/stm32h7xx_hal_rcc_ex.c:3106:144
	vadd.f32	s2, s2, s4
	.loc	5 3106 59                       @ ../Drivers/STM32H7xx_HAL_Driver/Src/stm32h7xx_hal_rcc_ex.c:3106:59
	vmul.f32	s0, s0, s2
	.loc	5 3106 19                       @ ../Drivers/STM32H7xx_HAL_Driver/Src/stm32h7xx_hal_rcc_ex.c:3106:19
	vstr	s0, [sp, #4]
	b	.LBB5_7
.Ltmp716:
.LBB5_7:
	.loc	5 3108 9 is_stmt 1              @ ../Drivers/STM32H7xx_HAL_Driver/Src/stm32h7xx_hal_rcc_ex.c:3108:9
	b	.LBB5_11
.LBB5_8:
	.loc	5 3110 41                       @ ../Drivers/STM32H7xx_HAL_Driver/Src/stm32h7xx_hal_rcc_ex.c:3110:41
	vldr	s0, [sp, #20]
	vcvt.f32.u32	s2, s0
	vldr	s0, .LCPI5_2
	.loc	5 3110 39 is_stmt 0             @ ../Drivers/STM32H7xx_HAL_Driver/Src/stm32h7xx_hal_rcc_ex.c:3110:39
	vdiv.f32	s0, s0, s2
	movw	r0, #17456
	movt	r0, #22530
	.loc	5 3110 85                       @ ../Drivers/STM32H7xx_HAL_Driver/Src/stm32h7xx_hal_rcc_ex.c:3110:85
	ldr	r0, [r0]
	.loc	5 3110 94                       @ ../Drivers/STM32H7xx_HAL_Driver/Src/stm32h7xx_hal_rcc_ex.c:3110:94
	bfc	r0, #9, #23
	.loc	5 3110 60                       @ ../Drivers/STM32H7xx_HAL_Driver/Src/stm32h7xx_hal_rcc_ex.c:3110:60
	vmov	s2, r0
	vcvt.f32.u32	s2, s2
	.loc	5 3110 116                      @ ../Drivers/STM32H7xx_HAL_Driver/Src/stm32h7xx_hal_rcc_ex.c:3110:116
	vldr	s4, [sp, #8]
	vldr	s6, .LCPI5_1
	.loc	5 3110 113                      @ ../Drivers/STM32H7xx_HAL_Driver/Src/stm32h7xx_hal_rcc_ex.c:3110:113
	vmla.f32	s2, s4, s6
	vmov.f32	s4, #1.000000e+00
	.loc	5 3110 142                      @ ../Drivers/STM32H7xx_HAL_Driver/Src/stm32h7xx_hal_rcc_ex.c:3110:142
	vadd.f32	s2, s2, s4
	.loc	5 3110 57                       @ ../Drivers/STM32H7xx_HAL_Driver/Src/stm32h7xx_hal_rcc_ex.c:3110:57
	vmul.f32	s0, s0, s2
	.loc	5 3110 17                       @ ../Drivers/STM32H7xx_HAL_Driver/Src/stm32h7xx_hal_rcc_ex.c:3110:17
	vstr	s0, [sp, #4]
	.loc	5 3111 9 is_stmt 1              @ ../Drivers/STM32H7xx_HAL_Driver/Src/stm32h7xx_hal_rcc_ex.c:3111:9
	b	.LBB5_11
.LBB5_9:
	.loc	5 3114 41                       @ ../Drivers/STM32H7xx_HAL_Driver/Src/stm32h7xx_hal_rcc_ex.c:3114:41
	vldr	s0, [sp, #20]
	vcvt.f32.u32	s2, s0
	vldr	s0, .LCPI5_0
	.loc	5 3114 39 is_stmt 0             @ ../Drivers/STM32H7xx_HAL_Driver/Src/stm32h7xx_hal_rcc_ex.c:3114:39
	vdiv.f32	s0, s0, s2
	movw	r0, #17456
	movt	r0, #22530
	.loc	5 3114 85                       @ ../Drivers/STM32H7xx_HAL_Driver/Src/stm32h7xx_hal_rcc_ex.c:3114:85
	ldr	r0, [r0]
	.loc	5 3114 94                       @ ../Drivers/STM32H7xx_HAL_Driver/Src/stm32h7xx_hal_rcc_ex.c:3114:94
	bfc	r0, #9, #23
	.loc	5 3114 60                       @ ../Drivers/STM32H7xx_HAL_Driver/Src/stm32h7xx_hal_rcc_ex.c:3114:60
	vmov	s2, r0
	vcvt.f32.u32	s2, s2
	.loc	5 3114 116                      @ ../Drivers/STM32H7xx_HAL_Driver/Src/stm32h7xx_hal_rcc_ex.c:3114:116
	vldr	s4, [sp, #8]
	vldr	s6, .LCPI5_1
	.loc	5 3114 113                      @ ../Drivers/STM32H7xx_HAL_Driver/Src/stm32h7xx_hal_rcc_ex.c:3114:113
	vmla.f32	s2, s4, s6
	vmov.f32	s4, #1.000000e+00
	.loc	5 3114 142                      @ ../Drivers/STM32H7xx_HAL_Driver/Src/stm32h7xx_hal_rcc_ex.c:3114:142
	vadd.f32	s2, s2, s4
	.loc	5 3114 57                       @ ../Drivers/STM32H7xx_HAL_Driver/Src/stm32h7xx_hal_rcc_ex.c:3114:57
	vmul.f32	s0, s0, s2
	.loc	5 3114 17                       @ ../Drivers/STM32H7xx_HAL_Driver/Src/stm32h7xx_hal_rcc_ex.c:3114:17
	vstr	s0, [sp, #4]
	.loc	5 3115 9 is_stmt 1              @ ../Drivers/STM32H7xx_HAL_Driver/Src/stm32h7xx_hal_rcc_ex.c:3115:9
	b	.LBB5_11
.LBB5_10:
	.loc	5 3118 41                       @ ../Drivers/STM32H7xx_HAL_Driver/Src/stm32h7xx_hal_rcc_ex.c:3118:41
	vldr	s0, [sp, #20]
	vcvt.f32.u32	s2, s0
	vldr	s0, .LCPI5_3
	.loc	5 3118 39 is_stmt 0             @ ../Drivers/STM32H7xx_HAL_Driver/Src/stm32h7xx_hal_rcc_ex.c:3118:39
	vdiv.f32	s0, s0, s2
	movw	r0, #17456
	movt	r0, #22530
	.loc	5 3118 85                       @ ../Drivers/STM32H7xx_HAL_Driver/Src/stm32h7xx_hal_rcc_ex.c:3118:85
	ldr	r0, [r0]
	.loc	5 3118 94                       @ ../Drivers/STM32H7xx_HAL_Driver/Src/stm32h7xx_hal_rcc_ex.c:3118:94
	bfc	r0, #9, #23
	.loc	5 3118 60                       @ ../Drivers/STM32H7xx_HAL_Driver/Src/stm32h7xx_hal_rcc_ex.c:3118:60
	vmov	s2, r0
	vcvt.f32.u32	s2, s2
	.loc	5 3118 116                      @ ../Drivers/STM32H7xx_HAL_Driver/Src/stm32h7xx_hal_rcc_ex.c:3118:116
	vldr	s4, [sp, #8]
	vldr	s6, .LCPI5_1
	.loc	5 3118 113                      @ ../Drivers/STM32H7xx_HAL_Driver/Src/stm32h7xx_hal_rcc_ex.c:3118:113
	vmla.f32	s2, s4, s6
	vmov.f32	s4, #1.000000e+00
	.loc	5 3118 142                      @ ../Drivers/STM32H7xx_HAL_Driver/Src/stm32h7xx_hal_rcc_ex.c:3118:142
	vadd.f32	s2, s2, s4
	.loc	5 3118 57                       @ ../Drivers/STM32H7xx_HAL_Driver/Src/stm32h7xx_hal_rcc_ex.c:3118:57
	vmul.f32	s0, s0, s2
	.loc	5 3118 17                       @ ../Drivers/STM32H7xx_HAL_Driver/Src/stm32h7xx_hal_rcc_ex.c:3118:17
	vstr	s0, [sp, #4]
	.loc	5 3119 9 is_stmt 1              @ ../Drivers/STM32H7xx_HAL_Driver/Src/stm32h7xx_hal_rcc_ex.c:3119:9
	b	.LBB5_11
.Ltmp717:
.LBB5_11:
	.loc	5 3122 57                       @ ../Drivers/STM32H7xx_HAL_Driver/Src/stm32h7xx_hal_rcc_ex.c:3122:57
	vldr	s0, [sp, #4]
	movw	r0, #17456
	movt	r0, #22530
	.loc	5 3122 94 is_stmt 0             @ ../Drivers/STM32H7xx_HAL_Driver/Src/stm32h7xx_hal_rcc_ex.c:3122:94
	ldr	r1, [r0]
	.loc	5 3122 103                      @ ../Drivers/STM32H7xx_HAL_Driver/Src/stm32h7xx_hal_rcc_ex.c:3122:103
	uxth	r1, r1
	.loc	5 3122 122                      @ ../Drivers/STM32H7xx_HAL_Driver/Src/stm32h7xx_hal_rcc_ex.c:3122:122
	lsrs	r1, r1, #9
	.loc	5 3122 68                       @ ../Drivers/STM32H7xx_HAL_Driver/Src/stm32h7xx_hal_rcc_ex.c:3122:68
	vmov	s2, r1
	vcvt.f32.u32	s2, s2
	vmov.f32	s4, #1.000000e+00
	.loc	5 3122 129                      @ ../Drivers/STM32H7xx_HAL_Driver/Src/stm32h7xx_hal_rcc_ex.c:3122:129
	vadd.f32	s2, s2, s4
	.loc	5 3122 65                       @ ../Drivers/STM32H7xx_HAL_Driver/Src/stm32h7xx_hal_rcc_ex.c:3122:65
	vdiv.f32	s0, s0, s2
	.loc	5 3122 5                        @ ../Drivers/STM32H7xx_HAL_Driver/Src/stm32h7xx_hal_rcc_ex.c:3122:5
	ldr	r1, [sp, #28]
	.loc	5 3122 35                       @ ../Drivers/STM32H7xx_HAL_Driver/Src/stm32h7xx_hal_rcc_ex.c:3122:35
	vcvt.u32.f32	s0, s0
	vstr	s0, [r1]
	.loc	5 3123 57 is_stmt 1             @ ../Drivers/STM32H7xx_HAL_Driver/Src/stm32h7xx_hal_rcc_ex.c:3123:57
	vldr	s0, [sp, #4]
	.loc	5 3123 94 is_stmt 0             @ ../Drivers/STM32H7xx_HAL_Driver/Src/stm32h7xx_hal_rcc_ex.c:3123:94
	ldr	r1, [r0]
	.loc	5 3123 122                      @ ../Drivers/STM32H7xx_HAL_Driver/Src/stm32h7xx_hal_rcc_ex.c:3123:122
	ubfx	r1, r1, #16, #7
	.loc	5 3123 68                       @ ../Drivers/STM32H7xx_HAL_Driver/Src/stm32h7xx_hal_rcc_ex.c:3123:68
	vmov	s2, r1
	vcvt.f32.u32	s2, s2
	.loc	5 3123 129                      @ ../Drivers/STM32H7xx_HAL_Driver/Src/stm32h7xx_hal_rcc_ex.c:3123:129
	vadd.f32	s2, s2, s4
	.loc	5 3123 65                       @ ../Drivers/STM32H7xx_HAL_Driver/Src/stm32h7xx_hal_rcc_ex.c:3123:65
	vdiv.f32	s0, s0, s2
	.loc	5 3123 5                        @ ../Drivers/STM32H7xx_HAL_Driver/Src/stm32h7xx_hal_rcc_ex.c:3123:5
	ldr	r1, [sp, #28]
	.loc	5 3123 35                       @ ../Drivers/STM32H7xx_HAL_Driver/Src/stm32h7xx_hal_rcc_ex.c:3123:35
	vcvt.u32.f32	s0, s0
	vstr	s0, [r1, #4]
	.loc	5 3124 57 is_stmt 1             @ ../Drivers/STM32H7xx_HAL_Driver/Src/stm32h7xx_hal_rcc_ex.c:3124:57
	vldr	s0, [sp, #4]
	.loc	5 3124 94 is_stmt 0             @ ../Drivers/STM32H7xx_HAL_Driver/Src/stm32h7xx_hal_rcc_ex.c:3124:94
	ldr	r0, [r0]
	.loc	5 3124 122                      @ ../Drivers/STM32H7xx_HAL_Driver/Src/stm32h7xx_hal_rcc_ex.c:3124:122
	ubfx	r0, r0, #24, #7
	.loc	5 3124 68                       @ ../Drivers/STM32H7xx_HAL_Driver/Src/stm32h7xx_hal_rcc_ex.c:3124:68
	vmov	s2, r0
	vcvt.f32.u32	s2, s2
	.loc	5 3124 129                      @ ../Drivers/STM32H7xx_HAL_Driver/Src/stm32h7xx_hal_rcc_ex.c:3124:129
	vadd.f32	s2, s2, s4
	.loc	5 3124 65                       @ ../Drivers/STM32H7xx_HAL_Driver/Src/stm32h7xx_hal_rcc_ex.c:3124:65
	vdiv.f32	s0, s0, s2
	.loc	5 3124 5                        @ ../Drivers/STM32H7xx_HAL_Driver/Src/stm32h7xx_hal_rcc_ex.c:3124:5
	ldr	r0, [sp, #28]
	.loc	5 3124 35                       @ ../Drivers/STM32H7xx_HAL_Driver/Src/stm32h7xx_hal_rcc_ex.c:3124:35
	vcvt.u32.f32	s0, s0
	vstr	s0, [r0, #8]
	.loc	5 3125 3 is_stmt 1              @ ../Drivers/STM32H7xx_HAL_Driver/Src/stm32h7xx_hal_rcc_ex.c:3125:3
	b	.LBB5_13
.Ltmp718:
.LBB5_12:
	.loc	5 3128 5                        @ ../Drivers/STM32H7xx_HAL_Driver/Src/stm32h7xx_hal_rcc_ex.c:3128:5
	ldr	r1, [sp, #28]
	movs	r0, #0
	.loc	5 3128 35 is_stmt 0             @ ../Drivers/STM32H7xx_HAL_Driver/Src/stm32h7xx_hal_rcc_ex.c:3128:35
	str	r0, [r1]
	.loc	5 3129 5 is_stmt 1              @ ../Drivers/STM32H7xx_HAL_Driver/Src/stm32h7xx_hal_rcc_ex.c:3129:5
	ldr	r1, [sp, #28]
	.loc	5 3129 35 is_stmt 0             @ ../Drivers/STM32H7xx_HAL_Driver/Src/stm32h7xx_hal_rcc_ex.c:3129:35
	str	r0, [r1, #4]
	.loc	5 3130 5 is_stmt 1              @ ../Drivers/STM32H7xx_HAL_Driver/Src/stm32h7xx_hal_rcc_ex.c:3130:5
	ldr	r1, [sp, #28]
	.loc	5 3130 35 is_stmt 0             @ ../Drivers/STM32H7xx_HAL_Driver/Src/stm32h7xx_hal_rcc_ex.c:3130:35
	str	r0, [r1, #8]
	b	.LBB5_13
.Ltmp719:
.LBB5_13:
	.loc	5 3133 1 epilogue_begin is_stmt 1 @ ../Drivers/STM32H7xx_HAL_Driver/Src/stm32h7xx_hal_rcc_ex.c:3133:1
	add	sp, #32
	bx	lr
.Ltmp720:
	.loc	5 0 1 is_stmt 0                 @ :0:1
.Ltmp721:
	.p2align	2
@ %bb.14:
.LCPI5_0:
	.long	0x4bb71b00                      @ float 2.4E+7
.LCPI5_1:
	.long	0x39000000                      @ float 1.22070313E-4
.LCPI5_2:
	.long	0x4a742400                      @ float 4.0E+6
.LCPI5_3:
	.long	0x4c742400                      @ float 6.4E+7
.Lfunc_end5:
	.size	HAL_RCCEx_GetPLL1ClockFreq, .Lfunc_end5-HAL_RCCEx_GetPLL1ClockFreq
	.cfi_endproc
	.cantunwind
	.fnend
                                        @ -- End function
	.section	.text.HAL_RCCEx_GetPLL2ClockFreq,"ax",%progbits
	.hidden	HAL_RCCEx_GetPLL2ClockFreq      @ -- Begin function HAL_RCCEx_GetPLL2ClockFreq
	.globl	HAL_RCCEx_GetPLL2ClockFreq
	.p2align	3
	.type	HAL_RCCEx_GetPLL2ClockFreq,%function
	.code	16                              @ @HAL_RCCEx_GetPLL2ClockFreq
	.thumb_func
HAL_RCCEx_GetPLL2ClockFreq:
.Lfunc_begin6:
	.loc	5 2946 0 is_stmt 1              @ ../Drivers/STM32H7xx_HAL_Driver/Src/stm32h7xx_hal_rcc_ex.c:2946:0
	.fnstart
	.cfi_startproc
@ %bb.0:
	.pad	#32
	sub	sp, #32
	.cfi_def_cfa_offset 32
	str	r0, [sp, #28]
	movw	r0, #17448
	movt	r0, #22530
.Ltmp722:
	.loc	5 2953 21 prologue_end          @ ../Drivers/STM32H7xx_HAL_Driver/Src/stm32h7xx_hal_rcc_ex.c:2953:21
	ldr	r1, [r0]
	.loc	5 2953 31 is_stmt 0             @ ../Drivers/STM32H7xx_HAL_Driver/Src/stm32h7xx_hal_rcc_ex.c:2953:31
	and	r1, r1, #3
	.loc	5 2953 13                       @ ../Drivers/STM32H7xx_HAL_Driver/Src/stm32h7xx_hal_rcc_ex.c:2953:13
	str	r1, [sp, #24]
	.loc	5 2954 18 is_stmt 1             @ ../Drivers/STM32H7xx_HAL_Driver/Src/stm32h7xx_hal_rcc_ex.c:2954:18
	ldr	r0, [r0]
	.loc	5 2954 51 is_stmt 0             @ ../Drivers/STM32H7xx_HAL_Driver/Src/stm32h7xx_hal_rcc_ex.c:2954:51
	ubfx	r0, r0, #12, #6
	.loc	5 2954 9                        @ ../Drivers/STM32H7xx_HAL_Driver/Src/stm32h7xx_hal_rcc_ex.c:2954:9
	str	r0, [sp, #20]
	movw	r0, #17452
	movt	r0, #22530
	.loc	5 2955 22 is_stmt 1             @ ../Drivers/STM32H7xx_HAL_Driver/Src/stm32h7xx_hal_rcc_ex.c:2955:22
	ldr	r0, [r0]
	.loc	5 2955 56 is_stmt 0             @ ../Drivers/STM32H7xx_HAL_Driver/Src/stm32h7xx_hal_rcc_ex.c:2955:56
	ubfx	r0, r0, #4, #1
	.loc	5 2955 14                       @ ../Drivers/STM32H7xx_HAL_Driver/Src/stm32h7xx_hal_rcc_ex.c:2955:14
	str	r0, [sp, #16]
	.loc	5 2956 32 is_stmt 1             @ ../Drivers/STM32H7xx_HAL_Driver/Src/stm32h7xx_hal_rcc_ex.c:2956:32
	ldr	r0, [sp, #16]
	movw	r1, #17468
	movt	r1, #22530
	.loc	5 2956 52 is_stmt 0             @ ../Drivers/STM32H7xx_HAL_Driver/Src/stm32h7xx_hal_rcc_ex.c:2956:52
	ldr	r1, [r1]
	.loc	5 2956 62                       @ ../Drivers/STM32H7xx_HAL_Driver/Src/stm32h7xx_hal_rcc_ex.c:2956:62
	uxth	r1, r1
	.loc	5 2956 86                       @ ../Drivers/STM32H7xx_HAL_Driver/Src/stm32h7xx_hal_rcc_ex.c:2956:86
	lsrs	r1, r1, #3
	.loc	5 2956 43                       @ ../Drivers/STM32H7xx_HAL_Driver/Src/stm32h7xx_hal_rcc_ex.c:2956:43
	muls	r0, r1, r0
	.loc	5 2956 12                       @ ../Drivers/STM32H7xx_HAL_Driver/Src/stm32h7xx_hal_rcc_ex.c:2956:12
	vmov	s0, r0
	vcvt.f32.u32	s0, s0
	.loc	5 2956 10                       @ ../Drivers/STM32H7xx_HAL_Driver/Src/stm32h7xx_hal_rcc_ex.c:2956:10
	vstr	s0, [sp, #8]
.Ltmp723:
	.loc	5 2958 7 is_stmt 1              @ ../Drivers/STM32H7xx_HAL_Driver/Src/stm32h7xx_hal_rcc_ex.c:2958:7
	ldr	r0, [sp, #20]
.Ltmp724:
	.loc	5 2958 7 is_stmt 0              @ ../Drivers/STM32H7xx_HAL_Driver/Src/stm32h7xx_hal_rcc_ex.c:2958:7
	cmp	r0, #0
	beq.w	.LBB6_12
	b	.LBB6_1
.LBB6_1:
.Ltmp725:
	.loc	5 2960 13 is_stmt 1             @ ../Drivers/STM32H7xx_HAL_Driver/Src/stm32h7xx_hal_rcc_ex.c:2960:13
	ldr	r0, [sp, #24]
	.loc	5 2960 5 is_stmt 0              @ ../Drivers/STM32H7xx_HAL_Driver/Src/stm32h7xx_hal_rcc_ex.c:2960:5
	str	r0, [sp]                        @ 4-byte Spill
	cbz	r0, .LBB6_4
	b	.LBB6_2
.LBB6_2:
	ldr	r0, [sp]                        @ 4-byte Reload
	cmp	r0, #1
	beq	.LBB6_8
	b	.LBB6_3
.LBB6_3:
	ldr	r0, [sp]                        @ 4-byte Reload
	cmp	r0, #2
	beq.w	.LBB6_9
	b	.LBB6_10
.LBB6_4:
	.loc	5 0 5                           @ ../Drivers/STM32H7xx_HAL_Driver/Src/stm32h7xx_hal_rcc_ex.c:0:5
	movw	r0, #17408
	movt	r0, #22530
.Ltmp726:
	.loc	5 2965 13 is_stmt 1             @ ../Drivers/STM32H7xx_HAL_Driver/Src/stm32h7xx_hal_rcc_ex.c:2965:13
	ldr	r0, [r0]
	and	r1, r0, #32
	movs	r0, #0
.Ltmp727:
	.loc	5 2965 13 is_stmt 0             @ ../Drivers/STM32H7xx_HAL_Driver/Src/stm32h7xx_hal_rcc_ex.c:2965:13
	cmp.w	r0, r1, lsr #5
	beq	.LBB6_6
	b	.LBB6_5
.LBB6_5:
	.loc	5 0 13                          @ ../Drivers/STM32H7xx_HAL_Driver/Src/stm32h7xx_hal_rcc_ex.c:0:13
	movw	r0, #17408
	movt	r0, #22530
.Ltmp728:
	.loc	5 2967 37 is_stmt 1             @ ../Drivers/STM32H7xx_HAL_Driver/Src/stm32h7xx_hal_rcc_ex.c:2967:37
	ldr	r0, [r0]
	.loc	5 2967 65 is_stmt 0             @ ../Drivers/STM32H7xx_HAL_Driver/Src/stm32h7xx_hal_rcc_ex.c:2967:65
	ubfx	r1, r0, #3, #2
	movw	r0, #36864
	movt	r0, #976
	.loc	5 2967 33                       @ ../Drivers/STM32H7xx_HAL_Driver/Src/stm32h7xx_hal_rcc_ex.c:2967:33
	lsrs	r0, r1
	.loc	5 2967 20                       @ ../Drivers/STM32H7xx_HAL_Driver/Src/stm32h7xx_hal_rcc_ex.c:2967:20
	str	r0, [sp, #12]
	.loc	5 2968 22 is_stmt 1             @ ../Drivers/STM32H7xx_HAL_Driver/Src/stm32h7xx_hal_rcc_ex.c:2968:22
	vldr	s0, [sp, #12]
	vcvt.f32.u32	s0, s0
	.loc	5 2968 42 is_stmt 0             @ ../Drivers/STM32H7xx_HAL_Driver/Src/stm32h7xx_hal_rcc_ex.c:2968:42
	vldr	s2, [sp, #20]
	vcvt.f32.u32	s2, s2
	.loc	5 2968 40                       @ ../Drivers/STM32H7xx_HAL_Driver/Src/stm32h7xx_hal_rcc_ex.c:2968:40
	vdiv.f32	s0, s0, s2
	movw	r0, #17464
	movt	r0, #22530
	.loc	5 2968 86                       @ ../Drivers/STM32H7xx_HAL_Driver/Src/stm32h7xx_hal_rcc_ex.c:2968:86
	ldr	r0, [r0]
	.loc	5 2968 95                       @ ../Drivers/STM32H7xx_HAL_Driver/Src/stm32h7xx_hal_rcc_ex.c:2968:95
	bfc	r0, #9, #23
	.loc	5 2968 61                       @ ../Drivers/STM32H7xx_HAL_Driver/Src/stm32h7xx_hal_rcc_ex.c:2968:61
	vmov	s2, r0
	vcvt.f32.u32	s2, s2
	.loc	5 2968 117                      @ ../Drivers/STM32H7xx_HAL_Driver/Src/stm32h7xx_hal_rcc_ex.c:2968:117
	vldr	s4, [sp, #8]
	vldr	s6, .LCPI6_1
	.loc	5 2968 114                      @ ../Drivers/STM32H7xx_HAL_Driver/Src/stm32h7xx_hal_rcc_ex.c:2968:114
	vmla.f32	s2, s4, s6
	vmov.f32	s4, #1.000000e+00
	.loc	5 2968 143                      @ ../Drivers/STM32H7xx_HAL_Driver/Src/stm32h7xx_hal_rcc_ex.c:2968:143
	vadd.f32	s2, s2, s4
	.loc	5 2968 58                       @ ../Drivers/STM32H7xx_HAL_Driver/Src/stm32h7xx_hal_rcc_ex.c:2968:58
	vmul.f32	s0, s0, s2
	.loc	5 2968 19                       @ ../Drivers/STM32H7xx_HAL_Driver/Src/stm32h7xx_hal_rcc_ex.c:2968:19
	vstr	s0, [sp, #4]
	.loc	5 2969 9 is_stmt 1              @ ../Drivers/STM32H7xx_HAL_Driver/Src/stm32h7xx_hal_rcc_ex.c:2969:9
	b	.LBB6_7
.Ltmp729:
.LBB6_6:
	.loc	5 2972 43                       @ ../Drivers/STM32H7xx_HAL_Driver/Src/stm32h7xx_hal_rcc_ex.c:2972:43
	vldr	s0, [sp, #20]
	vcvt.f32.u32	s2, s0
	vldr	s0, .LCPI6_3
	.loc	5 2972 41 is_stmt 0             @ ../Drivers/STM32H7xx_HAL_Driver/Src/stm32h7xx_hal_rcc_ex.c:2972:41
	vdiv.f32	s0, s0, s2
	movw	r0, #17464
	movt	r0, #22530
	.loc	5 2972 87                       @ ../Drivers/STM32H7xx_HAL_Driver/Src/stm32h7xx_hal_rcc_ex.c:2972:87
	ldr	r0, [r0]
	.loc	5 2972 96                       @ ../Drivers/STM32H7xx_HAL_Driver/Src/stm32h7xx_hal_rcc_ex.c:2972:96
	bfc	r0, #9, #23
	.loc	5 2972 62                       @ ../Drivers/STM32H7xx_HAL_Driver/Src/stm32h7xx_hal_rcc_ex.c:2972:62
	vmov	s2, r0
	vcvt.f32.u32	s2, s2
	.loc	5 2972 118                      @ ../Drivers/STM32H7xx_HAL_Driver/Src/stm32h7xx_hal_rcc_ex.c:2972:118
	vldr	s4, [sp, #8]
	vldr	s6, .LCPI6_1
	.loc	5 2972 115                      @ ../Drivers/STM32H7xx_HAL_Driver/Src/stm32h7xx_hal_rcc_ex.c:2972:115
	vmla.f32	s2, s4, s6
	vmov.f32	s4, #1.000000e+00
	.loc	5 2972 144                      @ ../Drivers/STM32H7xx_HAL_Driver/Src/stm32h7xx_hal_rcc_ex.c:2972:144
	vadd.f32	s2, s2, s4
	.loc	5 2972 59                       @ ../Drivers/STM32H7xx_HAL_Driver/Src/stm32h7xx_hal_rcc_ex.c:2972:59
	vmul.f32	s0, s0, s2
	.loc	5 2972 19                       @ ../Drivers/STM32H7xx_HAL_Driver/Src/stm32h7xx_hal_rcc_ex.c:2972:19
	vstr	s0, [sp, #4]
	b	.LBB6_7
.Ltmp730:
.LBB6_7:
	.loc	5 2974 9 is_stmt 1              @ ../Drivers/STM32H7xx_HAL_Driver/Src/stm32h7xx_hal_rcc_ex.c:2974:9
	b	.LBB6_11
.LBB6_8:
	.loc	5 2977 41                       @ ../Drivers/STM32H7xx_HAL_Driver/Src/stm32h7xx_hal_rcc_ex.c:2977:41
	vldr	s0, [sp, #20]
	vcvt.f32.u32	s2, s0
	vldr	s0, .LCPI6_2
	.loc	5 2977 39 is_stmt 0             @ ../Drivers/STM32H7xx_HAL_Driver/Src/stm32h7xx_hal_rcc_ex.c:2977:39
	vdiv.f32	s0, s0, s2
	movw	r0, #17464
	movt	r0, #22530
	.loc	5 2977 85                       @ ../Drivers/STM32H7xx_HAL_Driver/Src/stm32h7xx_hal_rcc_ex.c:2977:85
	ldr	r0, [r0]
	.loc	5 2977 94                       @ ../Drivers/STM32H7xx_HAL_Driver/Src/stm32h7xx_hal_rcc_ex.c:2977:94
	bfc	r0, #9, #23
	.loc	5 2977 60                       @ ../Drivers/STM32H7xx_HAL_Driver/Src/stm32h7xx_hal_rcc_ex.c:2977:60
	vmov	s2, r0
	vcvt.f32.u32	s2, s2
	.loc	5 2977 116                      @ ../Drivers/STM32H7xx_HAL_Driver/Src/stm32h7xx_hal_rcc_ex.c:2977:116
	vldr	s4, [sp, #8]
	vldr	s6, .LCPI6_1
	.loc	5 2977 113                      @ ../Drivers/STM32H7xx_HAL_Driver/Src/stm32h7xx_hal_rcc_ex.c:2977:113
	vmla.f32	s2, s4, s6
	vmov.f32	s4, #1.000000e+00
	.loc	5 2977 142                      @ ../Drivers/STM32H7xx_HAL_Driver/Src/stm32h7xx_hal_rcc_ex.c:2977:142
	vadd.f32	s2, s2, s4
	.loc	5 2977 57                       @ ../Drivers/STM32H7xx_HAL_Driver/Src/stm32h7xx_hal_rcc_ex.c:2977:57
	vmul.f32	s0, s0, s2
	.loc	5 2977 17                       @ ../Drivers/STM32H7xx_HAL_Driver/Src/stm32h7xx_hal_rcc_ex.c:2977:17
	vstr	s0, [sp, #4]
	.loc	5 2978 9 is_stmt 1              @ ../Drivers/STM32H7xx_HAL_Driver/Src/stm32h7xx_hal_rcc_ex.c:2978:9
	b	.LBB6_11
.LBB6_9:
	.loc	5 2981 41                       @ ../Drivers/STM32H7xx_HAL_Driver/Src/stm32h7xx_hal_rcc_ex.c:2981:41
	vldr	s0, [sp, #20]
	vcvt.f32.u32	s2, s0
	vldr	s0, .LCPI6_0
	.loc	5 2981 39 is_stmt 0             @ ../Drivers/STM32H7xx_HAL_Driver/Src/stm32h7xx_hal_rcc_ex.c:2981:39
	vdiv.f32	s0, s0, s2
	movw	r0, #17464
	movt	r0, #22530
	.loc	5 2981 85                       @ ../Drivers/STM32H7xx_HAL_Driver/Src/stm32h7xx_hal_rcc_ex.c:2981:85
	ldr	r0, [r0]
	.loc	5 2981 94                       @ ../Drivers/STM32H7xx_HAL_Driver/Src/stm32h7xx_hal_rcc_ex.c:2981:94
	bfc	r0, #9, #23
	.loc	5 2981 60                       @ ../Drivers/STM32H7xx_HAL_Driver/Src/stm32h7xx_hal_rcc_ex.c:2981:60
	vmov	s2, r0
	vcvt.f32.u32	s2, s2
	.loc	5 2981 116                      @ ../Drivers/STM32H7xx_HAL_Driver/Src/stm32h7xx_hal_rcc_ex.c:2981:116
	vldr	s4, [sp, #8]
	vldr	s6, .LCPI6_1
	.loc	5 2981 113                      @ ../Drivers/STM32H7xx_HAL_Driver/Src/stm32h7xx_hal_rcc_ex.c:2981:113
	vmla.f32	s2, s4, s6
	vmov.f32	s4, #1.000000e+00
	.loc	5 2981 142                      @ ../Drivers/STM32H7xx_HAL_Driver/Src/stm32h7xx_hal_rcc_ex.c:2981:142
	vadd.f32	s2, s2, s4
	.loc	5 2981 57                       @ ../Drivers/STM32H7xx_HAL_Driver/Src/stm32h7xx_hal_rcc_ex.c:2981:57
	vmul.f32	s0, s0, s2
	.loc	5 2981 17                       @ ../Drivers/STM32H7xx_HAL_Driver/Src/stm32h7xx_hal_rcc_ex.c:2981:17
	vstr	s0, [sp, #4]
	.loc	5 2982 9 is_stmt 1              @ ../Drivers/STM32H7xx_HAL_Driver/Src/stm32h7xx_hal_rcc_ex.c:2982:9
	b	.LBB6_11
.LBB6_10:
	.loc	5 2985 41                       @ ../Drivers/STM32H7xx_HAL_Driver/Src/stm32h7xx_hal_rcc_ex.c:2985:41
	vldr	s0, [sp, #20]
	vcvt.f32.u32	s2, s0
	vldr	s0, .LCPI6_2
	.loc	5 2985 39 is_stmt 0             @ ../Drivers/STM32H7xx_HAL_Driver/Src/stm32h7xx_hal_rcc_ex.c:2985:39
	vdiv.f32	s0, s0, s2
	movw	r0, #17464
	movt	r0, #22530
	.loc	5 2985 85                       @ ../Drivers/STM32H7xx_HAL_Driver/Src/stm32h7xx_hal_rcc_ex.c:2985:85
	ldr	r0, [r0]
	.loc	5 2985 94                       @ ../Drivers/STM32H7xx_HAL_Driver/Src/stm32h7xx_hal_rcc_ex.c:2985:94
	bfc	r0, #9, #23
	.loc	5 2985 60                       @ ../Drivers/STM32H7xx_HAL_Driver/Src/stm32h7xx_hal_rcc_ex.c:2985:60
	vmov	s2, r0
	vcvt.f32.u32	s2, s2
	.loc	5 2985 116                      @ ../Drivers/STM32H7xx_HAL_Driver/Src/stm32h7xx_hal_rcc_ex.c:2985:116
	vldr	s4, [sp, #8]
	vldr	s6, .LCPI6_1
	.loc	5 2985 113                      @ ../Drivers/STM32H7xx_HAL_Driver/Src/stm32h7xx_hal_rcc_ex.c:2985:113
	vmla.f32	s2, s4, s6
	vmov.f32	s4, #1.000000e+00
	.loc	5 2985 142                      @ ../Drivers/STM32H7xx_HAL_Driver/Src/stm32h7xx_hal_rcc_ex.c:2985:142
	vadd.f32	s2, s2, s4
	.loc	5 2985 57                       @ ../Drivers/STM32H7xx_HAL_Driver/Src/stm32h7xx_hal_rcc_ex.c:2985:57
	vmul.f32	s0, s0, s2
	.loc	5 2985 17                       @ ../Drivers/STM32H7xx_HAL_Driver/Src/stm32h7xx_hal_rcc_ex.c:2985:17
	vstr	s0, [sp, #4]
	.loc	5 2986 9 is_stmt 1              @ ../Drivers/STM32H7xx_HAL_Driver/Src/stm32h7xx_hal_rcc_ex.c:2986:9
	b	.LBB6_11
.Ltmp731:
.LBB6_11:
	.loc	5 2988 57                       @ ../Drivers/STM32H7xx_HAL_Driver/Src/stm32h7xx_hal_rcc_ex.c:2988:57
	vldr	s0, [sp, #4]
	movw	r0, #17464
	movt	r0, #22530
	.loc	5 2988 94 is_stmt 0             @ ../Drivers/STM32H7xx_HAL_Driver/Src/stm32h7xx_hal_rcc_ex.c:2988:94
	ldr	r1, [r0]
	.loc	5 2988 103                      @ ../Drivers/STM32H7xx_HAL_Driver/Src/stm32h7xx_hal_rcc_ex.c:2988:103
	uxth	r1, r1
	.loc	5 2988 122                      @ ../Drivers/STM32H7xx_HAL_Driver/Src/stm32h7xx_hal_rcc_ex.c:2988:122
	lsrs	r1, r1, #9
	.loc	5 2988 68                       @ ../Drivers/STM32H7xx_HAL_Driver/Src/stm32h7xx_hal_rcc_ex.c:2988:68
	vmov	s2, r1
	vcvt.f32.u32	s2, s2
	vmov.f32	s4, #1.000000e+00
	.loc	5 2988 129                      @ ../Drivers/STM32H7xx_HAL_Driver/Src/stm32h7xx_hal_rcc_ex.c:2988:129
	vadd.f32	s2, s2, s4
	.loc	5 2988 65                       @ ../Drivers/STM32H7xx_HAL_Driver/Src/stm32h7xx_hal_rcc_ex.c:2988:65
	vdiv.f32	s0, s0, s2
	.loc	5 2988 5                        @ ../Drivers/STM32H7xx_HAL_Driver/Src/stm32h7xx_hal_rcc_ex.c:2988:5
	ldr	r1, [sp, #28]
	.loc	5 2988 35                       @ ../Drivers/STM32H7xx_HAL_Driver/Src/stm32h7xx_hal_rcc_ex.c:2988:35
	vcvt.u32.f32	s0, s0
	vstr	s0, [r1]
	.loc	5 2989 57 is_stmt 1             @ ../Drivers/STM32H7xx_HAL_Driver/Src/stm32h7xx_hal_rcc_ex.c:2989:57
	vldr	s0, [sp, #4]
	.loc	5 2989 94 is_stmt 0             @ ../Drivers/STM32H7xx_HAL_Driver/Src/stm32h7xx_hal_rcc_ex.c:2989:94
	ldr	r1, [r0]
	.loc	5 2989 122                      @ ../Drivers/STM32H7xx_HAL_Driver/Src/stm32h7xx_hal_rcc_ex.c:2989:122
	ubfx	r1, r1, #16, #7
	.loc	5 2989 68                       @ ../Drivers/STM32H7xx_HAL_Driver/Src/stm32h7xx_hal_rcc_ex.c:2989:68
	vmov	s2, r1
	vcvt.f32.u32	s2, s2
	.loc	5 2989 129                      @ ../Drivers/STM32H7xx_HAL_Driver/Src/stm32h7xx_hal_rcc_ex.c:2989:129
	vadd.f32	s2, s2, s4
	.loc	5 2989 65                       @ ../Drivers/STM32H7xx_HAL_Driver/Src/stm32h7xx_hal_rcc_ex.c:2989:65
	vdiv.f32	s0, s0, s2
	.loc	5 2989 5                        @ ../Drivers/STM32H7xx_HAL_Driver/Src/stm32h7xx_hal_rcc_ex.c:2989:5
	ldr	r1, [sp, #28]
	.loc	5 2989 35                       @ ../Drivers/STM32H7xx_HAL_Driver/Src/stm32h7xx_hal_rcc_ex.c:2989:35
	vcvt.u32.f32	s0, s0
	vstr	s0, [r1, #4]
	.loc	5 2990 57 is_stmt 1             @ ../Drivers/STM32H7xx_HAL_Driver/Src/stm32h7xx_hal_rcc_ex.c:2990:57
	vldr	s0, [sp, #4]
	.loc	5 2990 94 is_stmt 0             @ ../Drivers/STM32H7xx_HAL_Driver/Src/stm32h7xx_hal_rcc_ex.c:2990:94
	ldr	r0, [r0]
	.loc	5 2990 122                      @ ../Drivers/STM32H7xx_HAL_Driver/Src/stm32h7xx_hal_rcc_ex.c:2990:122
	ubfx	r0, r0, #24, #7
	.loc	5 2990 68                       @ ../Drivers/STM32H7xx_HAL_Driver/Src/stm32h7xx_hal_rcc_ex.c:2990:68
	vmov	s2, r0
	vcvt.f32.u32	s2, s2
	.loc	5 2990 129                      @ ../Drivers/STM32H7xx_HAL_Driver/Src/stm32h7xx_hal_rcc_ex.c:2990:129
	vadd.f32	s2, s2, s4
	.loc	5 2990 65                       @ ../Drivers/STM32H7xx_HAL_Driver/Src/stm32h7xx_hal_rcc_ex.c:2990:65
	vdiv.f32	s0, s0, s2
	.loc	5 2990 5                        @ ../Drivers/STM32H7xx_HAL_Driver/Src/stm32h7xx_hal_rcc_ex.c:2990:5
	ldr	r0, [sp, #28]
	.loc	5 2990 35                       @ ../Drivers/STM32H7xx_HAL_Driver/Src/stm32h7xx_hal_rcc_ex.c:2990:35
	vcvt.u32.f32	s0, s0
	vstr	s0, [r0, #8]
	.loc	5 2991 3 is_stmt 1              @ ../Drivers/STM32H7xx_HAL_Driver/Src/stm32h7xx_hal_rcc_ex.c:2991:3
	b	.LBB6_13
.Ltmp732:
.LBB6_12:
	.loc	5 2994 5                        @ ../Drivers/STM32H7xx_HAL_Driver/Src/stm32h7xx_hal_rcc_ex.c:2994:5
	ldr	r1, [sp, #28]
	movs	r0, #0
	.loc	5 2994 35 is_stmt 0             @ ../Drivers/STM32H7xx_HAL_Driver/Src/stm32h7xx_hal_rcc_ex.c:2994:35
	str	r0, [r1]
	.loc	5 2995 5 is_stmt 1              @ ../Drivers/STM32H7xx_HAL_Driver/Src/stm32h7xx_hal_rcc_ex.c:2995:5
	ldr	r1, [sp, #28]
	.loc	5 2995 35 is_stmt 0             @ ../Drivers/STM32H7xx_HAL_Driver/Src/stm32h7xx_hal_rcc_ex.c:2995:35
	str	r0, [r1, #4]
	.loc	5 2996 5 is_stmt 1              @ ../Drivers/STM32H7xx_HAL_Driver/Src/stm32h7xx_hal_rcc_ex.c:2996:5
	ldr	r1, [sp, #28]
	.loc	5 2996 35 is_stmt 0             @ ../Drivers/STM32H7xx_HAL_Driver/Src/stm32h7xx_hal_rcc_ex.c:2996:35
	str	r0, [r1, #8]
	b	.LBB6_13
.Ltmp733:
.LBB6_13:
	.loc	5 2998 1 epilogue_begin is_stmt 1 @ ../Drivers/STM32H7xx_HAL_Driver/Src/stm32h7xx_hal_rcc_ex.c:2998:1
	add	sp, #32
	bx	lr
.Ltmp734:
	.loc	5 0 1 is_stmt 0                 @ :0:1
.Ltmp735:
	.p2align	2
@ %bb.14:
.LCPI6_0:
	.long	0x4bb71b00                      @ float 2.4E+7
.LCPI6_1:
	.long	0x39000000                      @ float 1.22070313E-4
.LCPI6_2:
	.long	0x4a742400                      @ float 4.0E+6
.LCPI6_3:
	.long	0x4c742400                      @ float 6.4E+7
.Lfunc_end6:
	.size	HAL_RCCEx_GetPLL2ClockFreq, .Lfunc_end6-HAL_RCCEx_GetPLL2ClockFreq
	.cfi_endproc
	.cantunwind
	.fnend
                                        @ -- End function
	.section	.text.HAL_RCCEx_GetPLL3ClockFreq,"ax",%progbits
	.hidden	HAL_RCCEx_GetPLL3ClockFreq      @ -- Begin function HAL_RCCEx_GetPLL3ClockFreq
	.globl	HAL_RCCEx_GetPLL3ClockFreq
	.p2align	3
	.type	HAL_RCCEx_GetPLL3ClockFreq,%function
	.code	16                              @ @HAL_RCCEx_GetPLL3ClockFreq
	.thumb_func
HAL_RCCEx_GetPLL3ClockFreq:
.Lfunc_begin7:
	.loc	5 3015 0 is_stmt 1              @ ../Drivers/STM32H7xx_HAL_Driver/Src/stm32h7xx_hal_rcc_ex.c:3015:0
	.fnstart
	.cfi_startproc
@ %bb.0:
	.pad	#32
	sub	sp, #32
	.cfi_def_cfa_offset 32
	str	r0, [sp, #28]
	movw	r0, #17448
	movt	r0, #22530
.Ltmp736:
	.loc	5 3022 21 prologue_end          @ ../Drivers/STM32H7xx_HAL_Driver/Src/stm32h7xx_hal_rcc_ex.c:3022:21
	ldr	r1, [r0]
	.loc	5 3022 31 is_stmt 0             @ ../Drivers/STM32H7xx_HAL_Driver/Src/stm32h7xx_hal_rcc_ex.c:3022:31
	and	r1, r1, #3
	.loc	5 3022 13                       @ ../Drivers/STM32H7xx_HAL_Driver/Src/stm32h7xx_hal_rcc_ex.c:3022:13
	str	r1, [sp, #24]
	.loc	5 3023 18 is_stmt 1             @ ../Drivers/STM32H7xx_HAL_Driver/Src/stm32h7xx_hal_rcc_ex.c:3023:18
	ldr	r0, [r0]
	.loc	5 3023 51 is_stmt 0             @ ../Drivers/STM32H7xx_HAL_Driver/Src/stm32h7xx_hal_rcc_ex.c:3023:51
	ubfx	r0, r0, #20, #6
	.loc	5 3023 9                        @ ../Drivers/STM32H7xx_HAL_Driver/Src/stm32h7xx_hal_rcc_ex.c:3023:9
	str	r0, [sp, #20]
	movw	r0, #17452
	movt	r0, #22530
	.loc	5 3024 22 is_stmt 1             @ ../Drivers/STM32H7xx_HAL_Driver/Src/stm32h7xx_hal_rcc_ex.c:3024:22
	ldr	r0, [r0]
	.loc	5 3024 56 is_stmt 0             @ ../Drivers/STM32H7xx_HAL_Driver/Src/stm32h7xx_hal_rcc_ex.c:3024:56
	ubfx	r0, r0, #8, #1
	.loc	5 3024 14                       @ ../Drivers/STM32H7xx_HAL_Driver/Src/stm32h7xx_hal_rcc_ex.c:3024:14
	str	r0, [sp, #16]
	.loc	5 3025 32 is_stmt 1             @ ../Drivers/STM32H7xx_HAL_Driver/Src/stm32h7xx_hal_rcc_ex.c:3025:32
	ldr	r0, [sp, #16]
	movw	r1, #17476
	movt	r1, #22530
	.loc	5 3025 52 is_stmt 0             @ ../Drivers/STM32H7xx_HAL_Driver/Src/stm32h7xx_hal_rcc_ex.c:3025:52
	ldr	r1, [r1]
	.loc	5 3025 62                       @ ../Drivers/STM32H7xx_HAL_Driver/Src/stm32h7xx_hal_rcc_ex.c:3025:62
	uxth	r1, r1
	.loc	5 3025 86                       @ ../Drivers/STM32H7xx_HAL_Driver/Src/stm32h7xx_hal_rcc_ex.c:3025:86
	lsrs	r1, r1, #3
	.loc	5 3025 43                       @ ../Drivers/STM32H7xx_HAL_Driver/Src/stm32h7xx_hal_rcc_ex.c:3025:43
	muls	r0, r1, r0
	.loc	5 3025 12                       @ ../Drivers/STM32H7xx_HAL_Driver/Src/stm32h7xx_hal_rcc_ex.c:3025:12
	vmov	s0, r0
	vcvt.f32.u32	s0, s0
	.loc	5 3025 10                       @ ../Drivers/STM32H7xx_HAL_Driver/Src/stm32h7xx_hal_rcc_ex.c:3025:10
	vstr	s0, [sp, #8]
.Ltmp737:
	.loc	5 3027 7 is_stmt 1              @ ../Drivers/STM32H7xx_HAL_Driver/Src/stm32h7xx_hal_rcc_ex.c:3027:7
	ldr	r0, [sp, #20]
.Ltmp738:
	.loc	5 3027 7 is_stmt 0              @ ../Drivers/STM32H7xx_HAL_Driver/Src/stm32h7xx_hal_rcc_ex.c:3027:7
	cmp	r0, #0
	beq.w	.LBB7_12
	b	.LBB7_1
.LBB7_1:
.Ltmp739:
	.loc	5 3029 13 is_stmt 1             @ ../Drivers/STM32H7xx_HAL_Driver/Src/stm32h7xx_hal_rcc_ex.c:3029:13
	ldr	r0, [sp, #24]
	.loc	5 3029 5 is_stmt 0              @ ../Drivers/STM32H7xx_HAL_Driver/Src/stm32h7xx_hal_rcc_ex.c:3029:5
	str	r0, [sp]                        @ 4-byte Spill
	cbz	r0, .LBB7_4
	b	.LBB7_2
.LBB7_2:
	ldr	r0, [sp]                        @ 4-byte Reload
	cmp	r0, #1
	beq	.LBB7_8
	b	.LBB7_3
.LBB7_3:
	ldr	r0, [sp]                        @ 4-byte Reload
	cmp	r0, #2
	beq.w	.LBB7_9
	b	.LBB7_10
.LBB7_4:
	.loc	5 0 5                           @ ../Drivers/STM32H7xx_HAL_Driver/Src/stm32h7xx_hal_rcc_ex.c:0:5
	movw	r0, #17408
	movt	r0, #22530
.Ltmp740:
	.loc	5 3033 13 is_stmt 1             @ ../Drivers/STM32H7xx_HAL_Driver/Src/stm32h7xx_hal_rcc_ex.c:3033:13
	ldr	r0, [r0]
	and	r1, r0, #32
	movs	r0, #0
.Ltmp741:
	.loc	5 3033 13 is_stmt 0             @ ../Drivers/STM32H7xx_HAL_Driver/Src/stm32h7xx_hal_rcc_ex.c:3033:13
	cmp.w	r0, r1, lsr #5
	beq	.LBB7_6
	b	.LBB7_5
.LBB7_5:
	.loc	5 0 13                          @ ../Drivers/STM32H7xx_HAL_Driver/Src/stm32h7xx_hal_rcc_ex.c:0:13
	movw	r0, #17408
	movt	r0, #22530
.Ltmp742:
	.loc	5 3035 37 is_stmt 1             @ ../Drivers/STM32H7xx_HAL_Driver/Src/stm32h7xx_hal_rcc_ex.c:3035:37
	ldr	r0, [r0]
	.loc	5 3035 65 is_stmt 0             @ ../Drivers/STM32H7xx_HAL_Driver/Src/stm32h7xx_hal_rcc_ex.c:3035:65
	ubfx	r1, r0, #3, #2
	movw	r0, #36864
	movt	r0, #976
	.loc	5 3035 33                       @ ../Drivers/STM32H7xx_HAL_Driver/Src/stm32h7xx_hal_rcc_ex.c:3035:33
	lsrs	r0, r1
	.loc	5 3035 20                       @ ../Drivers/STM32H7xx_HAL_Driver/Src/stm32h7xx_hal_rcc_ex.c:3035:20
	str	r0, [sp, #12]
	.loc	5 3036 22 is_stmt 1             @ ../Drivers/STM32H7xx_HAL_Driver/Src/stm32h7xx_hal_rcc_ex.c:3036:22
	vldr	s0, [sp, #12]
	vcvt.f32.u32	s0, s0
	.loc	5 3036 42 is_stmt 0             @ ../Drivers/STM32H7xx_HAL_Driver/Src/stm32h7xx_hal_rcc_ex.c:3036:42
	vldr	s2, [sp, #20]
	vcvt.f32.u32	s2, s2
	.loc	5 3036 40                       @ ../Drivers/STM32H7xx_HAL_Driver/Src/stm32h7xx_hal_rcc_ex.c:3036:40
	vdiv.f32	s0, s0, s2
	movw	r0, #17472
	movt	r0, #22530
	.loc	5 3036 86                       @ ../Drivers/STM32H7xx_HAL_Driver/Src/stm32h7xx_hal_rcc_ex.c:3036:86
	ldr	r0, [r0]
	.loc	5 3036 95                       @ ../Drivers/STM32H7xx_HAL_Driver/Src/stm32h7xx_hal_rcc_ex.c:3036:95
	bfc	r0, #9, #23
	.loc	5 3036 61                       @ ../Drivers/STM32H7xx_HAL_Driver/Src/stm32h7xx_hal_rcc_ex.c:3036:61
	vmov	s2, r0
	vcvt.f32.u32	s2, s2
	.loc	5 3036 117                      @ ../Drivers/STM32H7xx_HAL_Driver/Src/stm32h7xx_hal_rcc_ex.c:3036:117
	vldr	s4, [sp, #8]
	vldr	s6, .LCPI7_1
	.loc	5 3036 114                      @ ../Drivers/STM32H7xx_HAL_Driver/Src/stm32h7xx_hal_rcc_ex.c:3036:114
	vmla.f32	s2, s4, s6
	vmov.f32	s4, #1.000000e+00
	.loc	5 3036 143                      @ ../Drivers/STM32H7xx_HAL_Driver/Src/stm32h7xx_hal_rcc_ex.c:3036:143
	vadd.f32	s2, s2, s4
	.loc	5 3036 58                       @ ../Drivers/STM32H7xx_HAL_Driver/Src/stm32h7xx_hal_rcc_ex.c:3036:58
	vmul.f32	s0, s0, s2
	.loc	5 3036 19                       @ ../Drivers/STM32H7xx_HAL_Driver/Src/stm32h7xx_hal_rcc_ex.c:3036:19
	vstr	s0, [sp, #4]
	.loc	5 3037 9 is_stmt 1              @ ../Drivers/STM32H7xx_HAL_Driver/Src/stm32h7xx_hal_rcc_ex.c:3037:9
	b	.LBB7_7
.Ltmp743:
.LBB7_6:
	.loc	5 3040 43                       @ ../Drivers/STM32H7xx_HAL_Driver/Src/stm32h7xx_hal_rcc_ex.c:3040:43
	vldr	s0, [sp, #20]
	vcvt.f32.u32	s2, s0
	vldr	s0, .LCPI7_3
	.loc	5 3040 41 is_stmt 0             @ ../Drivers/STM32H7xx_HAL_Driver/Src/stm32h7xx_hal_rcc_ex.c:3040:41
	vdiv.f32	s0, s0, s2
	movw	r0, #17472
	movt	r0, #22530
	.loc	5 3040 87                       @ ../Drivers/STM32H7xx_HAL_Driver/Src/stm32h7xx_hal_rcc_ex.c:3040:87
	ldr	r0, [r0]
	.loc	5 3040 96                       @ ../Drivers/STM32H7xx_HAL_Driver/Src/stm32h7xx_hal_rcc_ex.c:3040:96
	bfc	r0, #9, #23
	.loc	5 3040 62                       @ ../Drivers/STM32H7xx_HAL_Driver/Src/stm32h7xx_hal_rcc_ex.c:3040:62
	vmov	s2, r0
	vcvt.f32.u32	s2, s2
	.loc	5 3040 118                      @ ../Drivers/STM32H7xx_HAL_Driver/Src/stm32h7xx_hal_rcc_ex.c:3040:118
	vldr	s4, [sp, #8]
	vldr	s6, .LCPI7_1
	.loc	5 3040 115                      @ ../Drivers/STM32H7xx_HAL_Driver/Src/stm32h7xx_hal_rcc_ex.c:3040:115
	vmla.f32	s2, s4, s6
	vmov.f32	s4, #1.000000e+00
	.loc	5 3040 144                      @ ../Drivers/STM32H7xx_HAL_Driver/Src/stm32h7xx_hal_rcc_ex.c:3040:144
	vadd.f32	s2, s2, s4
	.loc	5 3040 59                       @ ../Drivers/STM32H7xx_HAL_Driver/Src/stm32h7xx_hal_rcc_ex.c:3040:59
	vmul.f32	s0, s0, s2
	.loc	5 3040 19                       @ ../Drivers/STM32H7xx_HAL_Driver/Src/stm32h7xx_hal_rcc_ex.c:3040:19
	vstr	s0, [sp, #4]
	b	.LBB7_7
.Ltmp744:
.LBB7_7:
	.loc	5 3042 9 is_stmt 1              @ ../Drivers/STM32H7xx_HAL_Driver/Src/stm32h7xx_hal_rcc_ex.c:3042:9
	b	.LBB7_11
.LBB7_8:
	.loc	5 3044 41                       @ ../Drivers/STM32H7xx_HAL_Driver/Src/stm32h7xx_hal_rcc_ex.c:3044:41
	vldr	s0, [sp, #20]
	vcvt.f32.u32	s2, s0
	vldr	s0, .LCPI7_2
	.loc	5 3044 39 is_stmt 0             @ ../Drivers/STM32H7xx_HAL_Driver/Src/stm32h7xx_hal_rcc_ex.c:3044:39
	vdiv.f32	s0, s0, s2
	movw	r0, #17472
	movt	r0, #22530
	.loc	5 3044 85                       @ ../Drivers/STM32H7xx_HAL_Driver/Src/stm32h7xx_hal_rcc_ex.c:3044:85
	ldr	r0, [r0]
	.loc	5 3044 94                       @ ../Drivers/STM32H7xx_HAL_Driver/Src/stm32h7xx_hal_rcc_ex.c:3044:94
	bfc	r0, #9, #23
	.loc	5 3044 60                       @ ../Drivers/STM32H7xx_HAL_Driver/Src/stm32h7xx_hal_rcc_ex.c:3044:60
	vmov	s2, r0
	vcvt.f32.u32	s2, s2
	.loc	5 3044 116                      @ ../Drivers/STM32H7xx_HAL_Driver/Src/stm32h7xx_hal_rcc_ex.c:3044:116
	vldr	s4, [sp, #8]
	vldr	s6, .LCPI7_1
	.loc	5 3044 113                      @ ../Drivers/STM32H7xx_HAL_Driver/Src/stm32h7xx_hal_rcc_ex.c:3044:113
	vmla.f32	s2, s4, s6
	vmov.f32	s4, #1.000000e+00
	.loc	5 3044 142                      @ ../Drivers/STM32H7xx_HAL_Driver/Src/stm32h7xx_hal_rcc_ex.c:3044:142
	vadd.f32	s2, s2, s4
	.loc	5 3044 57                       @ ../Drivers/STM32H7xx_HAL_Driver/Src/stm32h7xx_hal_rcc_ex.c:3044:57
	vmul.f32	s0, s0, s2
	.loc	5 3044 17                       @ ../Drivers/STM32H7xx_HAL_Driver/Src/stm32h7xx_hal_rcc_ex.c:3044:17
	vstr	s0, [sp, #4]
	.loc	5 3045 9 is_stmt 1              @ ../Drivers/STM32H7xx_HAL_Driver/Src/stm32h7xx_hal_rcc_ex.c:3045:9
	b	.LBB7_11
.LBB7_9:
	.loc	5 3048 41                       @ ../Drivers/STM32H7xx_HAL_Driver/Src/stm32h7xx_hal_rcc_ex.c:3048:41
	vldr	s0, [sp, #20]
	vcvt.f32.u32	s2, s0
	vldr	s0, .LCPI7_0
	.loc	5 3048 39 is_stmt 0             @ ../Drivers/STM32H7xx_HAL_Driver/Src/stm32h7xx_hal_rcc_ex.c:3048:39
	vdiv.f32	s0, s0, s2
	movw	r0, #17472
	movt	r0, #22530
	.loc	5 3048 85                       @ ../Drivers/STM32H7xx_HAL_Driver/Src/stm32h7xx_hal_rcc_ex.c:3048:85
	ldr	r0, [r0]
	.loc	5 3048 94                       @ ../Drivers/STM32H7xx_HAL_Driver/Src/stm32h7xx_hal_rcc_ex.c:3048:94
	bfc	r0, #9, #23
	.loc	5 3048 60                       @ ../Drivers/STM32H7xx_HAL_Driver/Src/stm32h7xx_hal_rcc_ex.c:3048:60
	vmov	s2, r0
	vcvt.f32.u32	s2, s2
	.loc	5 3048 116                      @ ../Drivers/STM32H7xx_HAL_Driver/Src/stm32h7xx_hal_rcc_ex.c:3048:116
	vldr	s4, [sp, #8]
	vldr	s6, .LCPI7_1
	.loc	5 3048 113                      @ ../Drivers/STM32H7xx_HAL_Driver/Src/stm32h7xx_hal_rcc_ex.c:3048:113
	vmla.f32	s2, s4, s6
	vmov.f32	s4, #1.000000e+00
	.loc	5 3048 142                      @ ../Drivers/STM32H7xx_HAL_Driver/Src/stm32h7xx_hal_rcc_ex.c:3048:142
	vadd.f32	s2, s2, s4
	.loc	5 3048 57                       @ ../Drivers/STM32H7xx_HAL_Driver/Src/stm32h7xx_hal_rcc_ex.c:3048:57
	vmul.f32	s0, s0, s2
	.loc	5 3048 17                       @ ../Drivers/STM32H7xx_HAL_Driver/Src/stm32h7xx_hal_rcc_ex.c:3048:17
	vstr	s0, [sp, #4]
	.loc	5 3049 9 is_stmt 1              @ ../Drivers/STM32H7xx_HAL_Driver/Src/stm32h7xx_hal_rcc_ex.c:3049:9
	b	.LBB7_11
.LBB7_10:
	.loc	5 3052 41                       @ ../Drivers/STM32H7xx_HAL_Driver/Src/stm32h7xx_hal_rcc_ex.c:3052:41
	vldr	s0, [sp, #20]
	vcvt.f32.u32	s2, s0
	vldr	s0, .LCPI7_2
	.loc	5 3052 39 is_stmt 0             @ ../Drivers/STM32H7xx_HAL_Driver/Src/stm32h7xx_hal_rcc_ex.c:3052:39
	vdiv.f32	s0, s0, s2
	movw	r0, #17472
	movt	r0, #22530
	.loc	5 3052 85                       @ ../Drivers/STM32H7xx_HAL_Driver/Src/stm32h7xx_hal_rcc_ex.c:3052:85
	ldr	r0, [r0]
	.loc	5 3052 94                       @ ../Drivers/STM32H7xx_HAL_Driver/Src/stm32h7xx_hal_rcc_ex.c:3052:94
	bfc	r0, #9, #23
	.loc	5 3052 60                       @ ../Drivers/STM32H7xx_HAL_Driver/Src/stm32h7xx_hal_rcc_ex.c:3052:60
	vmov	s2, r0
	vcvt.f32.u32	s2, s2
	.loc	5 3052 116                      @ ../Drivers/STM32H7xx_HAL_Driver/Src/stm32h7xx_hal_rcc_ex.c:3052:116
	vldr	s4, [sp, #8]
	vldr	s6, .LCPI7_1
	.loc	5 3052 113                      @ ../Drivers/STM32H7xx_HAL_Driver/Src/stm32h7xx_hal_rcc_ex.c:3052:113
	vmla.f32	s2, s4, s6
	vmov.f32	s4, #1.000000e+00
	.loc	5 3052 142                      @ ../Drivers/STM32H7xx_HAL_Driver/Src/stm32h7xx_hal_rcc_ex.c:3052:142
	vadd.f32	s2, s2, s4
	.loc	5 3052 57                       @ ../Drivers/STM32H7xx_HAL_Driver/Src/stm32h7xx_hal_rcc_ex.c:3052:57
	vmul.f32	s0, s0, s2
	.loc	5 3052 17                       @ ../Drivers/STM32H7xx_HAL_Driver/Src/stm32h7xx_hal_rcc_ex.c:3052:17
	vstr	s0, [sp, #4]
	.loc	5 3053 9 is_stmt 1              @ ../Drivers/STM32H7xx_HAL_Driver/Src/stm32h7xx_hal_rcc_ex.c:3053:9
	b	.LBB7_11
.Ltmp745:
.LBB7_11:
	.loc	5 3055 57                       @ ../Drivers/STM32H7xx_HAL_Driver/Src/stm32h7xx_hal_rcc_ex.c:3055:57
	vldr	s0, [sp, #4]
	movw	r0, #17472
	movt	r0, #22530
	.loc	5 3055 94 is_stmt 0             @ ../Drivers/STM32H7xx_HAL_Driver/Src/stm32h7xx_hal_rcc_ex.c:3055:94
	ldr	r1, [r0]
	.loc	5 3055 103                      @ ../Drivers/STM32H7xx_HAL_Driver/Src/stm32h7xx_hal_rcc_ex.c:3055:103
	uxth	r1, r1
	.loc	5 3055 122                      @ ../Drivers/STM32H7xx_HAL_Driver/Src/stm32h7xx_hal_rcc_ex.c:3055:122
	lsrs	r1, r1, #9
	.loc	5 3055 68                       @ ../Drivers/STM32H7xx_HAL_Driver/Src/stm32h7xx_hal_rcc_ex.c:3055:68
	vmov	s2, r1
	vcvt.f32.u32	s2, s2
	vmov.f32	s4, #1.000000e+00
	.loc	5 3055 129                      @ ../Drivers/STM32H7xx_HAL_Driver/Src/stm32h7xx_hal_rcc_ex.c:3055:129
	vadd.f32	s2, s2, s4
	.loc	5 3055 65                       @ ../Drivers/STM32H7xx_HAL_Driver/Src/stm32h7xx_hal_rcc_ex.c:3055:65
	vdiv.f32	s0, s0, s2
	.loc	5 3055 5                        @ ../Drivers/STM32H7xx_HAL_Driver/Src/stm32h7xx_hal_rcc_ex.c:3055:5
	ldr	r1, [sp, #28]
	.loc	5 3055 35                       @ ../Drivers/STM32H7xx_HAL_Driver/Src/stm32h7xx_hal_rcc_ex.c:3055:35
	vcvt.u32.f32	s0, s0
	vstr	s0, [r1]
	.loc	5 3056 57 is_stmt 1             @ ../Drivers/STM32H7xx_HAL_Driver/Src/stm32h7xx_hal_rcc_ex.c:3056:57
	vldr	s0, [sp, #4]
	.loc	5 3056 94 is_stmt 0             @ ../Drivers/STM32H7xx_HAL_Driver/Src/stm32h7xx_hal_rcc_ex.c:3056:94
	ldr	r1, [r0]
	.loc	5 3056 122                      @ ../Drivers/STM32H7xx_HAL_Driver/Src/stm32h7xx_hal_rcc_ex.c:3056:122
	ubfx	r1, r1, #16, #7
	.loc	5 3056 68                       @ ../Drivers/STM32H7xx_HAL_Driver/Src/stm32h7xx_hal_rcc_ex.c:3056:68
	vmov	s2, r1
	vcvt.f32.u32	s2, s2
	.loc	5 3056 129                      @ ../Drivers/STM32H7xx_HAL_Driver/Src/stm32h7xx_hal_rcc_ex.c:3056:129
	vadd.f32	s2, s2, s4
	.loc	5 3056 65                       @ ../Drivers/STM32H7xx_HAL_Driver/Src/stm32h7xx_hal_rcc_ex.c:3056:65
	vdiv.f32	s0, s0, s2
	.loc	5 3056 5                        @ ../Drivers/STM32H7xx_HAL_Driver/Src/stm32h7xx_hal_rcc_ex.c:3056:5
	ldr	r1, [sp, #28]
	.loc	5 3056 35                       @ ../Drivers/STM32H7xx_HAL_Driver/Src/stm32h7xx_hal_rcc_ex.c:3056:35
	vcvt.u32.f32	s0, s0
	vstr	s0, [r1, #4]
	.loc	5 3057 57 is_stmt 1             @ ../Drivers/STM32H7xx_HAL_Driver/Src/stm32h7xx_hal_rcc_ex.c:3057:57
	vldr	s0, [sp, #4]
	.loc	5 3057 94 is_stmt 0             @ ../Drivers/STM32H7xx_HAL_Driver/Src/stm32h7xx_hal_rcc_ex.c:3057:94
	ldr	r0, [r0]
	.loc	5 3057 122                      @ ../Drivers/STM32H7xx_HAL_Driver/Src/stm32h7xx_hal_rcc_ex.c:3057:122
	ubfx	r0, r0, #24, #7
	.loc	5 3057 68                       @ ../Drivers/STM32H7xx_HAL_Driver/Src/stm32h7xx_hal_rcc_ex.c:3057:68
	vmov	s2, r0
	vcvt.f32.u32	s2, s2
	.loc	5 3057 129                      @ ../Drivers/STM32H7xx_HAL_Driver/Src/stm32h7xx_hal_rcc_ex.c:3057:129
	vadd.f32	s2, s2, s4
	.loc	5 3057 65                       @ ../Drivers/STM32H7xx_HAL_Driver/Src/stm32h7xx_hal_rcc_ex.c:3057:65
	vdiv.f32	s0, s0, s2
	.loc	5 3057 5                        @ ../Drivers/STM32H7xx_HAL_Driver/Src/stm32h7xx_hal_rcc_ex.c:3057:5
	ldr	r0, [sp, #28]
	.loc	5 3057 35                       @ ../Drivers/STM32H7xx_HAL_Driver/Src/stm32h7xx_hal_rcc_ex.c:3057:35
	vcvt.u32.f32	s0, s0
	vstr	s0, [r0, #8]
	.loc	5 3058 3 is_stmt 1              @ ../Drivers/STM32H7xx_HAL_Driver/Src/stm32h7xx_hal_rcc_ex.c:3058:3
	b	.LBB7_13
.Ltmp746:
.LBB7_12:
	.loc	5 3061 5                        @ ../Drivers/STM32H7xx_HAL_Driver/Src/stm32h7xx_hal_rcc_ex.c:3061:5
	ldr	r1, [sp, #28]
	movs	r0, #0
	.loc	5 3061 35 is_stmt 0             @ ../Drivers/STM32H7xx_HAL_Driver/Src/stm32h7xx_hal_rcc_ex.c:3061:35
	str	r0, [r1]
	.loc	5 3062 5 is_stmt 1              @ ../Drivers/STM32H7xx_HAL_Driver/Src/stm32h7xx_hal_rcc_ex.c:3062:5
	ldr	r1, [sp, #28]
	.loc	5 3062 35 is_stmt 0             @ ../Drivers/STM32H7xx_HAL_Driver/Src/stm32h7xx_hal_rcc_ex.c:3062:35
	str	r0, [r1, #4]
	.loc	5 3063 5 is_stmt 1              @ ../Drivers/STM32H7xx_HAL_Driver/Src/stm32h7xx_hal_rcc_ex.c:3063:5
	ldr	r1, [sp, #28]
	.loc	5 3063 35 is_stmt 0             @ ../Drivers/STM32H7xx_HAL_Driver/Src/stm32h7xx_hal_rcc_ex.c:3063:35
	str	r0, [r1, #8]
	b	.LBB7_13
.Ltmp747:
.LBB7_13:
	.loc	5 3066 1 epilogue_begin is_stmt 1 @ ../Drivers/STM32H7xx_HAL_Driver/Src/stm32h7xx_hal_rcc_ex.c:3066:1
	add	sp, #32
	bx	lr
.Ltmp748:
	.loc	5 0 1 is_stmt 0                 @ :0:1
.Ltmp749:
	.p2align	2
@ %bb.14:
.LCPI7_0:
	.long	0x4bb71b00                      @ float 2.4E+7
.LCPI7_1:
	.long	0x39000000                      @ float 1.22070313E-4
.LCPI7_2:
	.long	0x4a742400                      @ float 4.0E+6
.LCPI7_3:
	.long	0x4c742400                      @ float 6.4E+7
.Lfunc_end7:
	.size	HAL_RCCEx_GetPLL3ClockFreq, .Lfunc_end7-HAL_RCCEx_GetPLL3ClockFreq
	.cfi_endproc
	.cantunwind
	.fnend
                                        @ -- End function
	.section	.text.HAL_RCCEx_GetD3PCLK1Freq,"ax",%progbits
	.hidden	HAL_RCCEx_GetD3PCLK1Freq        @ -- Begin function HAL_RCCEx_GetD3PCLK1Freq
	.globl	HAL_RCCEx_GetD3PCLK1Freq
	.p2align	3
	.type	HAL_RCCEx_GetD3PCLK1Freq,%function
	.code	16                              @ @HAL_RCCEx_GetD3PCLK1Freq
	.thumb_func
HAL_RCCEx_GetD3PCLK1Freq:
.Lfunc_begin8:
	.loc	5 2922 0 is_stmt 1              @ ../Drivers/STM32H7xx_HAL_Driver/Src/stm32h7xx_hal_rcc_ex.c:2922:0
	.fnstart
	.cfi_startproc
@ %bb.0:
	.save	{r7, lr}
	push	{r7, lr}
	.cfi_def_cfa_offset 8
	.cfi_offset lr, -4
	.cfi_offset r7, -8
.Ltmp750:
	.loc	5 2925 11 prologue_end          @ ../Drivers/STM32H7xx_HAL_Driver/Src/stm32h7xx_hal_rcc_ex.c:2925:11
	bl	HAL_RCC_GetHCLKFreq
	movw	r1, #17440
	movt	r1, #22530
	.loc	5 2925 60 is_stmt 0             @ ../Drivers/STM32H7xx_HAL_Driver/Src/stm32h7xx_hal_rcc_ex.c:2925:60
	ldr	r1, [r1]
	.loc	5 2925 88                       @ ../Drivers/STM32H7xx_HAL_Driver/Src/stm32h7xx_hal_rcc_ex.c:2925:88
	ubfx	r2, r1, #4, #3
	.loc	5 2925 37                       @ ../Drivers/STM32H7xx_HAL_Driver/Src/stm32h7xx_hal_rcc_ex.c:2925:37
	movw	r1, :lower16:D1CorePrescTable
	movt	r1, :upper16:D1CorePrescTable
	ldrb	r1, [r1, r2]
	.loc	5 2925 114                      @ ../Drivers/STM32H7xx_HAL_Driver/Src/stm32h7xx_hal_rcc_ex.c:2925:114
	and	r1, r1, #31
	.loc	5 2925 33                       @ ../Drivers/STM32H7xx_HAL_Driver/Src/stm32h7xx_hal_rcc_ex.c:2925:33
	lsrs	r0, r1
	.loc	5 2925 3 epilogue_begin         @ ../Drivers/STM32H7xx_HAL_Driver/Src/stm32h7xx_hal_rcc_ex.c:2925:3
	pop	{r7, pc}
.Ltmp751:
.Lfunc_end8:
	.size	HAL_RCCEx_GetD3PCLK1Freq, .Lfunc_end8-HAL_RCCEx_GetD3PCLK1Freq
	.cfi_endproc
	.cantunwind
	.fnend
                                        @ -- End function
	.section	.text.HAL_RCCEx_GetD1PCLK1Freq,"ax",%progbits
	.hidden	HAL_RCCEx_GetD1PCLK1Freq        @ -- Begin function HAL_RCCEx_GetD1PCLK1Freq
	.globl	HAL_RCCEx_GetD1PCLK1Freq
	.p2align	3
	.type	HAL_RCCEx_GetD1PCLK1Freq,%function
	.code	16                              @ @HAL_RCCEx_GetD1PCLK1Freq
	.thumb_func
HAL_RCCEx_GetD1PCLK1Freq:
.Lfunc_begin9:
	.loc	5 2905 0 is_stmt 1              @ ../Drivers/STM32H7xx_HAL_Driver/Src/stm32h7xx_hal_rcc_ex.c:2905:0
	.fnstart
	.cfi_startproc
@ %bb.0:
	.save	{r7, lr}
	push	{r7, lr}
	.cfi_def_cfa_offset 8
	.cfi_offset lr, -4
	.cfi_offset r7, -8
.Ltmp752:
	.loc	5 2908 11 prologue_end          @ ../Drivers/STM32H7xx_HAL_Driver/Src/stm32h7xx_hal_rcc_ex.c:2908:11
	bl	HAL_RCC_GetHCLKFreq
	movw	r1, #17432
	movt	r1, #22530
	.loc	5 2908 60 is_stmt 0             @ ../Drivers/STM32H7xx_HAL_Driver/Src/stm32h7xx_hal_rcc_ex.c:2908:60
	ldr	r1, [r1]
	.loc	5 2908 88                       @ ../Drivers/STM32H7xx_HAL_Driver/Src/stm32h7xx_hal_rcc_ex.c:2908:88
	ubfx	r2, r1, #4, #3
	.loc	5 2908 37                       @ ../Drivers/STM32H7xx_HAL_Driver/Src/stm32h7xx_hal_rcc_ex.c:2908:37
	movw	r1, :lower16:D1CorePrescTable
	movt	r1, :upper16:D1CorePrescTable
	ldrb	r1, [r1, r2]
	.loc	5 2908 114                      @ ../Drivers/STM32H7xx_HAL_Driver/Src/stm32h7xx_hal_rcc_ex.c:2908:114
	and	r1, r1, #31
	.loc	5 2908 33                       @ ../Drivers/STM32H7xx_HAL_Driver/Src/stm32h7xx_hal_rcc_ex.c:2908:33
	lsrs	r0, r1
	.loc	5 2908 3 epilogue_begin         @ ../Drivers/STM32H7xx_HAL_Driver/Src/stm32h7xx_hal_rcc_ex.c:2908:3
	pop	{r7, pc}
.Ltmp753:
.Lfunc_end9:
	.size	HAL_RCCEx_GetD1PCLK1Freq, .Lfunc_end9-HAL_RCCEx_GetD1PCLK1Freq
	.cfi_endproc
	.cantunwind
	.fnend
                                        @ -- End function
	.section	.text.HAL_RCCEx_GetD1SysClockFreq,"ax",%progbits
	.hidden	HAL_RCCEx_GetD1SysClockFreq     @ -- Begin function HAL_RCCEx_GetD1SysClockFreq
	.globl	HAL_RCCEx_GetD1SysClockFreq
	.p2align	3
	.type	HAL_RCCEx_GetD1SysClockFreq,%function
	.code	16                              @ @HAL_RCCEx_GetD1SysClockFreq
	.thumb_func
HAL_RCCEx_GetD1SysClockFreq:
.Lfunc_begin10:
	.loc	5 3144 0 is_stmt 1              @ ../Drivers/STM32H7xx_HAL_Driver/Src/stm32h7xx_hal_rcc_ex.c:3144:0
	.fnstart
	.cfi_startproc
@ %bb.0:
	.save	{r7, lr}
	push	{r7, lr}
	.cfi_def_cfa_offset 8
	.cfi_offset lr, -4
	.cfi_offset r7, -8
	.pad	#8
	sub	sp, #8
	.cfi_def_cfa_offset 16
.Ltmp754:
	.loc	5 3148 25 prologue_end          @ ../Drivers/STM32H7xx_HAL_Driver/Src/stm32h7xx_hal_rcc_ex.c:3148:25
	bl	HAL_RCC_GetSysClockFreq
	movw	r2, #17432
	movt	r2, #22530
	.loc	5 3148 78 is_stmt 0             @ ../Drivers/STM32H7xx_HAL_Driver/Src/stm32h7xx_hal_rcc_ex.c:3148:78
	ldr	r1, [r2]
	.loc	5 3148 106                      @ ../Drivers/STM32H7xx_HAL_Driver/Src/stm32h7xx_hal_rcc_ex.c:3148:106
	ubfx	r3, r1, #8, #4
	.loc	5 3148 55                       @ ../Drivers/STM32H7xx_HAL_Driver/Src/stm32h7xx_hal_rcc_ex.c:3148:55
	movw	r1, :lower16:D1CorePrescTable
	movt	r1, :upper16:D1CorePrescTable
	ldrb	r3, [r1, r3]
	.loc	5 3148 132                      @ ../Drivers/STM32H7xx_HAL_Driver/Src/stm32h7xx_hal_rcc_ex.c:3148:132
	and	r3, r3, #31
	.loc	5 3148 51                       @ ../Drivers/STM32H7xx_HAL_Driver/Src/stm32h7xx_hal_rcc_ex.c:3148:51
	lsrs	r0, r3
	.loc	5 3148 23                       @ ../Drivers/STM32H7xx_HAL_Driver/Src/stm32h7xx_hal_rcc_ex.c:3148:23
	str	r0, [sp, #4]
	.loc	5 3155 20 is_stmt 1             @ ../Drivers/STM32H7xx_HAL_Driver/Src/stm32h7xx_hal_rcc_ex.c:3155:20
	ldr	r0, [sp, #4]
	.loc	5 3155 68 is_stmt 0             @ ../Drivers/STM32H7xx_HAL_Driver/Src/stm32h7xx_hal_rcc_ex.c:3155:68
	ldr	r2, [r2]
	.loc	5 3155 75                       @ ../Drivers/STM32H7xx_HAL_Driver/Src/stm32h7xx_hal_rcc_ex.c:3155:75
	and	r2, r2, #15
	.loc	5 3155 44                       @ ../Drivers/STM32H7xx_HAL_Driver/Src/stm32h7xx_hal_rcc_ex.c:3155:44
	ldrb	r1, [r1, r2]
	.loc	5 3155 119                      @ ../Drivers/STM32H7xx_HAL_Driver/Src/stm32h7xx_hal_rcc_ex.c:3155:119
	and	r1, r1, #31
	.loc	5 3155 40                       @ ../Drivers/STM32H7xx_HAL_Driver/Src/stm32h7xx_hal_rcc_ex.c:3155:40
	lsrs	r0, r1
	.loc	5 3155 17                       @ ../Drivers/STM32H7xx_HAL_Driver/Src/stm32h7xx_hal_rcc_ex.c:3155:17
	movw	r1, :lower16:SystemD2Clock
	movt	r1, :upper16:SystemD2Clock
	str	r0, [r1]
	.loc	5 3163 21 is_stmt 1             @ ../Drivers/STM32H7xx_HAL_Driver/Src/stm32h7xx_hal_rcc_ex.c:3163:21
	ldr	r0, [sp, #4]
	.loc	5 3163 19 is_stmt 0             @ ../Drivers/STM32H7xx_HAL_Driver/Src/stm32h7xx_hal_rcc_ex.c:3163:19
	movw	r1, :lower16:SystemCoreClock
	movt	r1, :upper16:SystemCoreClock
	str	r0, [r1]
	.loc	5 3166 10 is_stmt 1             @ ../Drivers/STM32H7xx_HAL_Driver/Src/stm32h7xx_hal_rcc_ex.c:3166:10
	ldr	r0, [sp, #4]
	.loc	5 3166 3 epilogue_begin is_stmt 0 @ ../Drivers/STM32H7xx_HAL_Driver/Src/stm32h7xx_hal_rcc_ex.c:3166:3
	add	sp, #8
	pop	{r7, pc}
.Ltmp755:
.Lfunc_end10:
	.size	HAL_RCCEx_GetD1SysClockFreq, .Lfunc_end10-HAL_RCCEx_GetD1SysClockFreq
	.cfi_endproc
	.cantunwind
	.fnend
                                        @ -- End function
	.section	.text.HAL_RCCEx_EnableLSECSS,"ax",%progbits
	.hidden	HAL_RCCEx_EnableLSECSS          @ -- Begin function HAL_RCCEx_EnableLSECSS
	.globl	HAL_RCCEx_EnableLSECSS
	.p2align	3
	.type	HAL_RCCEx_EnableLSECSS,%function
	.code	16                              @ @HAL_RCCEx_EnableLSECSS
	.thumb_func
HAL_RCCEx_EnableLSECSS:
.Lfunc_begin11:
	.loc	5 3184 0 is_stmt 1              @ ../Drivers/STM32H7xx_HAL_Driver/Src/stm32h7xx_hal_rcc_ex.c:3184:0
	.fnstart
	.cfi_startproc
@ %bb.0:
	movw	r1, #17520
	movt	r1, #22530
.Ltmp756:
	.loc	5 3185 3 prologue_end           @ ../Drivers/STM32H7xx_HAL_Driver/Src/stm32h7xx_hal_rcc_ex.c:3185:3
	ldr	r0, [r1]
	orr	r0, r0, #32
	str	r0, [r1]
	.loc	5 3186 1                        @ ../Drivers/STM32H7xx_HAL_Driver/Src/stm32h7xx_hal_rcc_ex.c:3186:1
	bx	lr
.Ltmp757:
.Lfunc_end11:
	.size	HAL_RCCEx_EnableLSECSS, .Lfunc_end11-HAL_RCCEx_EnableLSECSS
	.cfi_endproc
	.cantunwind
	.fnend
                                        @ -- End function
	.section	.text.HAL_RCCEx_DisableLSECSS,"ax",%progbits
	.hidden	HAL_RCCEx_DisableLSECSS         @ -- Begin function HAL_RCCEx_DisableLSECSS
	.globl	HAL_RCCEx_DisableLSECSS
	.p2align	3
	.type	HAL_RCCEx_DisableLSECSS,%function
	.code	16                              @ @HAL_RCCEx_DisableLSECSS
	.thumb_func
HAL_RCCEx_DisableLSECSS:
.Lfunc_begin12:
	.loc	5 3194 0                        @ ../Drivers/STM32H7xx_HAL_Driver/Src/stm32h7xx_hal_rcc_ex.c:3194:0
	.fnstart
	.cfi_startproc
@ %bb.0:
	movw	r1, #17520
	movt	r1, #22530
.Ltmp758:
	.loc	5 3195 3 prologue_end           @ ../Drivers/STM32H7xx_HAL_Driver/Src/stm32h7xx_hal_rcc_ex.c:3195:3
	ldr	r0, [r1]
	bic	r0, r0, #32
	str	r0, [r1]
	movw	r1, #17504
	movt	r1, #22530
	.loc	5 3197 3                        @ ../Drivers/STM32H7xx_HAL_Driver/Src/stm32h7xx_hal_rcc_ex.c:3197:3
	ldr	r0, [r1]
	bic	r0, r0, #512
	str	r0, [r1]
	.loc	5 3198 1                        @ ../Drivers/STM32H7xx_HAL_Driver/Src/stm32h7xx_hal_rcc_ex.c:3198:1
	bx	lr
.Ltmp759:
.Lfunc_end12:
	.size	HAL_RCCEx_DisableLSECSS, .Lfunc_end12-HAL_RCCEx_DisableLSECSS
	.cfi_endproc
	.cantunwind
	.fnend
                                        @ -- End function
	.section	.text.HAL_RCCEx_EnableLSECSS_IT,"ax",%progbits
	.hidden	HAL_RCCEx_EnableLSECSS_IT       @ -- Begin function HAL_RCCEx_EnableLSECSS_IT
	.globl	HAL_RCCEx_EnableLSECSS_IT
	.p2align	3
	.type	HAL_RCCEx_EnableLSECSS_IT,%function
	.code	16                              @ @HAL_RCCEx_EnableLSECSS_IT
	.thumb_func
HAL_RCCEx_EnableLSECSS_IT:
.Lfunc_begin13:
	.loc	5 3206 0                        @ ../Drivers/STM32H7xx_HAL_Driver/Src/stm32h7xx_hal_rcc_ex.c:3206:0
	.fnstart
	.cfi_startproc
@ %bb.0:
	movw	r1, #17520
	movt	r1, #22530
.Ltmp760:
	.loc	5 3208 3 prologue_end           @ ../Drivers/STM32H7xx_HAL_Driver/Src/stm32h7xx_hal_rcc_ex.c:3208:3
	ldr	r0, [r1]
	orr	r0, r0, #32
	str	r0, [r1]
	movw	r1, #17504
	movt	r1, #22530
	.loc	5 3211 3                        @ ../Drivers/STM32H7xx_HAL_Driver/Src/stm32h7xx_hal_rcc_ex.c:3211:3
	ldr	r0, [r1]
	orr	r0, r0, #512
	str	r0, [r1]
	movs	r1, #128
	movt	r1, #22528
	.loc	5 3217 3                        @ ../Drivers/STM32H7xx_HAL_Driver/Src/stm32h7xx_hal_rcc_ex.c:3217:3
	ldr	r0, [r1]
	orr	r0, r0, #262144
	str	r0, [r1]
	mov.w	r1, #1476395008
	.loc	5 3219 3                        @ ../Drivers/STM32H7xx_HAL_Driver/Src/stm32h7xx_hal_rcc_ex.c:3219:3
	ldr	r0, [r1]
	orr	r0, r0, #262144
	str	r0, [r1]
	.loc	5 3220 1                        @ ../Drivers/STM32H7xx_HAL_Driver/Src/stm32h7xx_hal_rcc_ex.c:3220:1
	bx	lr
.Ltmp761:
.Lfunc_end13:
	.size	HAL_RCCEx_EnableLSECSS_IT, .Lfunc_end13-HAL_RCCEx_EnableLSECSS_IT
	.cfi_endproc
	.cantunwind
	.fnend
                                        @ -- End function
	.section	.text.HAL_RCCEx_WakeUpStopCLKConfig,"ax",%progbits
	.hidden	HAL_RCCEx_WakeUpStopCLKConfig   @ -- Begin function HAL_RCCEx_WakeUpStopCLKConfig
	.globl	HAL_RCCEx_WakeUpStopCLKConfig
	.p2align	3
	.type	HAL_RCCEx_WakeUpStopCLKConfig,%function
	.code	16                              @ @HAL_RCCEx_WakeUpStopCLKConfig
	.thumb_func
HAL_RCCEx_WakeUpStopCLKConfig:
.Lfunc_begin14:
	.loc	5 3233 0                        @ ../Drivers/STM32H7xx_HAL_Driver/Src/stm32h7xx_hal_rcc_ex.c:3233:0
	.fnstart
	.cfi_startproc
@ %bb.0:
	.pad	#4
	sub	sp, #4
	.cfi_def_cfa_offset 4
	str	r0, [sp]
	movw	r1, #17424
	movt	r1, #22530
.Ltmp762:
	.loc	5 3236 3 prologue_end           @ ../Drivers/STM32H7xx_HAL_Driver/Src/stm32h7xx_hal_rcc_ex.c:3236:3
	ldr	r0, [r1]
	bic	r0, r0, #64
	ldr	r2, [sp]
	orrs	r0, r2
	str	r0, [r1]
	.loc	5 3237 1 epilogue_begin         @ ../Drivers/STM32H7xx_HAL_Driver/Src/stm32h7xx_hal_rcc_ex.c:3237:1
	add	sp, #4
	bx	lr
.Ltmp763:
.Lfunc_end14:
	.size	HAL_RCCEx_WakeUpStopCLKConfig, .Lfunc_end14-HAL_RCCEx_WakeUpStopCLKConfig
	.cfi_endproc
	.cantunwind
	.fnend
                                        @ -- End function
	.section	.text.HAL_RCCEx_KerWakeUpStopCLKConfig,"ax",%progbits
	.hidden	HAL_RCCEx_KerWakeUpStopCLKConfig @ -- Begin function HAL_RCCEx_KerWakeUpStopCLKConfig
	.globl	HAL_RCCEx_KerWakeUpStopCLKConfig
	.p2align	3
	.type	HAL_RCCEx_KerWakeUpStopCLKConfig,%function
	.code	16                              @ @HAL_RCCEx_KerWakeUpStopCLKConfig
	.thumb_func
HAL_RCCEx_KerWakeUpStopCLKConfig:
.Lfunc_begin15:
	.loc	5 3248 0                        @ ../Drivers/STM32H7xx_HAL_Driver/Src/stm32h7xx_hal_rcc_ex.c:3248:0
	.fnstart
	.cfi_startproc
@ %bb.0:
	.pad	#4
	sub	sp, #4
	.cfi_def_cfa_offset 4
	str	r0, [sp]
	movw	r1, #17424
	movt	r1, #22530
.Ltmp764:
	.loc	5 3251 3 prologue_end           @ ../Drivers/STM32H7xx_HAL_Driver/Src/stm32h7xx_hal_rcc_ex.c:3251:3
	ldr	r0, [r1]
	bic	r0, r0, #128
	ldr	r2, [sp]
	orrs	r0, r2
	str	r0, [r1]
	.loc	5 3252 1 epilogue_begin         @ ../Drivers/STM32H7xx_HAL_Driver/Src/stm32h7xx_hal_rcc_ex.c:3252:1
	add	sp, #4
	bx	lr
.Ltmp765:
.Lfunc_end15:
	.size	HAL_RCCEx_KerWakeUpStopCLKConfig, .Lfunc_end15-HAL_RCCEx_KerWakeUpStopCLKConfig
	.cfi_endproc
	.cantunwind
	.fnend
                                        @ -- End function
	.section	.text.HAL_RCCEx_WWDGxSysResetConfig,"ax",%progbits
	.hidden	HAL_RCCEx_WWDGxSysResetConfig   @ -- Begin function HAL_RCCEx_WWDGxSysResetConfig
	.globl	HAL_RCCEx_WWDGxSysResetConfig
	.p2align	3
	.type	HAL_RCCEx_WWDGxSysResetConfig,%function
	.code	16                              @ @HAL_RCCEx_WWDGxSysResetConfig
	.thumb_func
HAL_RCCEx_WWDGxSysResetConfig:
.Lfunc_begin16:
	.loc	5 3302 0                        @ ../Drivers/STM32H7xx_HAL_Driver/Src/stm32h7xx_hal_rcc_ex.c:3302:0
	.fnstart
	.cfi_startproc
@ %bb.0:
	.pad	#4
	sub	sp, #4
	.cfi_def_cfa_offset 4
	str	r0, [sp]
.Ltmp766:
	.loc	5 3304 3 prologue_end           @ ../Drivers/STM32H7xx_HAL_Driver/Src/stm32h7xx_hal_rcc_ex.c:3304:3
	ldr	r2, [sp]
	movw	r1, #17568
	movt	r1, #22530
	ldr	r0, [r1]
	orrs	r0, r2
	str	r0, [r1]
	.loc	5 3305 1 epilogue_begin         @ ../Drivers/STM32H7xx_HAL_Driver/Src/stm32h7xx_hal_rcc_ex.c:3305:1
	add	sp, #4
	bx	lr
.Ltmp767:
.Lfunc_end16:
	.size	HAL_RCCEx_WWDGxSysResetConfig, .Lfunc_end16-HAL_RCCEx_WWDGxSysResetConfig
	.cfi_endproc
	.cantunwind
	.fnend
                                        @ -- End function
	.section	.text.HAL_RCCEx_CRSConfig,"ax",%progbits
	.hidden	HAL_RCCEx_CRSConfig             @ -- Begin function HAL_RCCEx_CRSConfig
	.globl	HAL_RCCEx_CRSConfig
	.p2align	3
	.type	HAL_RCCEx_CRSConfig,%function
	.code	16                              @ @HAL_RCCEx_CRSConfig
	.thumb_func
HAL_RCCEx_CRSConfig:
.Lfunc_begin17:
	.loc	5 3383 0                        @ ../Drivers/STM32H7xx_HAL_Driver/Src/stm32h7xx_hal_rcc_ex.c:3383:0
	.fnstart
	.cfi_startproc
@ %bb.0:
	.save	{r7, lr}
	push	{r7, lr}
	.cfi_def_cfa_offset 8
	.cfi_offset lr, -4
	.cfi_offset r7, -8
	.pad	#8
	sub	sp, #8
	.cfi_def_cfa_offset 16
	str	r0, [sp, #4]
	movw	r1, #17556
	movt	r1, #22530
.Ltmp768:
	.loc	5 3397 3 prologue_end           @ ../Drivers/STM32H7xx_HAL_Driver/Src/stm32h7xx_hal_rcc_ex.c:3397:3
	ldr	r0, [r1]
	orr	r0, r0, #2
	str	r0, [r1]
	.loc	5 3398 3                        @ ../Drivers/STM32H7xx_HAL_Driver/Src/stm32h7xx_hal_rcc_ex.c:3398:3
	ldr	r0, [r1]
	bic	r0, r0, #2
	str	r0, [r1]
.Ltmp769:
	.loc	5 3403 8                        @ ../Drivers/STM32H7xx_HAL_Driver/Src/stm32h7xx_hal_rcc_ex.c:3403:8
	bl	HAL_GetREVID
	movw	r1, #4099
	.loc	5 3403 36 is_stmt 0             @ ../Drivers/STM32H7xx_HAL_Driver/Src/stm32h7xx_hal_rcc_ex.c:3403:36
	cmp	r0, r1
	bhi	.LBB17_3
	b	.LBB17_1
.LBB17_1:
	.loc	5 3403 40                       @ ../Drivers/STM32H7xx_HAL_Driver/Src/stm32h7xx_hal_rcc_ex.c:3403:40
	ldr	r0, [sp, #4]
	.loc	5 3403 47                       @ ../Drivers/STM32H7xx_HAL_Driver/Src/stm32h7xx_hal_rcc_ex.c:3403:47
	ldr	r0, [r0, #4]
.Ltmp770:
	.loc	5 3403 7                        @ ../Drivers/STM32H7xx_HAL_Driver/Src/stm32h7xx_hal_rcc_ex.c:3403:7
	cmp.w	r0, #805306368
	bne	.LBB17_3
	b	.LBB17_2
.LBB17_2:
.Ltmp771:
	.loc	5 3406 14 is_stmt 1             @ ../Drivers/STM32H7xx_HAL_Driver/Src/stm32h7xx_hal_rcc_ex.c:3406:14
	ldr	r1, [sp, #4]
	.loc	5 3406 21 is_stmt 0             @ ../Drivers/STM32H7xx_HAL_Driver/Src/stm32h7xx_hal_rcc_ex.c:3406:21
	ldr	r0, [r1]
	.loc	5 3406 66                       @ ../Drivers/STM32H7xx_HAL_Driver/Src/stm32h7xx_hal_rcc_ex.c:3406:66
	ldr	r1, [r1, #8]
	.loc	5 3406 57                       @ ../Drivers/STM32H7xx_HAL_Driver/Src/stm32h7xx_hal_rcc_ex.c:3406:57
	orrs	r0, r1
	.loc	5 3406 11                       @ ../Drivers/STM32H7xx_HAL_Driver/Src/stm32h7xx_hal_rcc_ex.c:3406:11
	str	r0, [sp]
	.loc	5 3407 3 is_stmt 1              @ ../Drivers/STM32H7xx_HAL_Driver/Src/stm32h7xx_hal_rcc_ex.c:3407:3
	b	.LBB17_4
.Ltmp772:
.LBB17_3:
	.loc	5 3410 14                       @ ../Drivers/STM32H7xx_HAL_Driver/Src/stm32h7xx_hal_rcc_ex.c:3410:14
	ldr	r1, [sp, #4]
	.loc	5 3410 21 is_stmt 0             @ ../Drivers/STM32H7xx_HAL_Driver/Src/stm32h7xx_hal_rcc_ex.c:3410:21
	ldr	r0, [r1]
	.loc	5 3410 40                       @ ../Drivers/STM32H7xx_HAL_Driver/Src/stm32h7xx_hal_rcc_ex.c:3410:40
	ldr	r2, [r1, #4]
	.loc	5 3410 56                       @ ../Drivers/STM32H7xx_HAL_Driver/Src/stm32h7xx_hal_rcc_ex.c:3410:56
	ldr	r1, [r1, #8]
	.loc	5 3410 31                       @ ../Drivers/STM32H7xx_HAL_Driver/Src/stm32h7xx_hal_rcc_ex.c:3410:31
	orrs	r0, r2
	.loc	5 3410 47                       @ ../Drivers/STM32H7xx_HAL_Driver/Src/stm32h7xx_hal_rcc_ex.c:3410:47
	orrs	r0, r1
	.loc	5 3410 11                       @ ../Drivers/STM32H7xx_HAL_Driver/Src/stm32h7xx_hal_rcc_ex.c:3410:11
	str	r0, [sp]
	b	.LBB17_4
.Ltmp773:
.LBB17_4:
	.loc	5 3413 12 is_stmt 1             @ ../Drivers/STM32H7xx_HAL_Driver/Src/stm32h7xx_hal_rcc_ex.c:3413:12
	ldr	r0, [sp, #4]
	.loc	5 3413 19 is_stmt 0             @ ../Drivers/STM32H7xx_HAL_Driver/Src/stm32h7xx_hal_rcc_ex.c:3413:19
	ldr	r1, [r0, #12]
	.loc	5 3413 9                        @ ../Drivers/STM32H7xx_HAL_Driver/Src/stm32h7xx_hal_rcc_ex.c:3413:9
	ldr	r0, [sp]
	orrs	r0, r1
	str	r0, [sp]
	.loc	5 3415 13 is_stmt 1             @ ../Drivers/STM32H7xx_HAL_Driver/Src/stm32h7xx_hal_rcc_ex.c:3415:13
	ldr	r0, [sp, #4]
	.loc	5 3415 20 is_stmt 0             @ ../Drivers/STM32H7xx_HAL_Driver/Src/stm32h7xx_hal_rcc_ex.c:3415:20
	ldr	r1, [r0, #16]
	.loc	5 3415 9                        @ ../Drivers/STM32H7xx_HAL_Driver/Src/stm32h7xx_hal_rcc_ex.c:3415:9
	ldr	r0, [sp]
	orr.w	r0, r0, r1, lsl #16
	str	r0, [sp]
	.loc	5 3416 3 is_stmt 1              @ ../Drivers/STM32H7xx_HAL_Driver/Src/stm32h7xx_hal_rcc_ex.c:3416:3
	ldr	r0, [sp]
	movw	r1, #33796
	movt	r1, #16384
	str	r0, [r1]
	movw	r1, #33792
	movt	r1, #16384
	.loc	5 3420 3                        @ ../Drivers/STM32H7xx_HAL_Driver/Src/stm32h7xx_hal_rcc_ex.c:3420:3
	ldr	r0, [r1]
	bic	r0, r0, #16128
	ldr	r2, [sp, #4]
	ldr	r2, [r2, #20]
	orr.w	r0, r0, r2, lsl #8
	str	r0, [r1]
	.loc	5 3425 3                        @ ../Drivers/STM32H7xx_HAL_Driver/Src/stm32h7xx_hal_rcc_ex.c:3425:3
	ldr	r0, [r1]
	orr	r0, r0, #96
	str	r0, [r1]
	.loc	5 3426 1 epilogue_begin         @ ../Drivers/STM32H7xx_HAL_Driver/Src/stm32h7xx_hal_rcc_ex.c:3426:1
	add	sp, #8
	pop	{r7, pc}
.Ltmp774:
.Lfunc_end17:
	.size	HAL_RCCEx_CRSConfig, .Lfunc_end17-HAL_RCCEx_CRSConfig
	.cfi_endproc
	.cantunwind
	.fnend
                                        @ -- End function
	.section	.text.HAL_RCCEx_CRSSoftwareSynchronizationGenerate,"ax",%progbits
	.hidden	HAL_RCCEx_CRSSoftwareSynchronizationGenerate @ -- Begin function HAL_RCCEx_CRSSoftwareSynchronizationGenerate
	.globl	HAL_RCCEx_CRSSoftwareSynchronizationGenerate
	.p2align	3
	.type	HAL_RCCEx_CRSSoftwareSynchronizationGenerate,%function
	.code	16                              @ @HAL_RCCEx_CRSSoftwareSynchronizationGenerate
	.thumb_func
HAL_RCCEx_CRSSoftwareSynchronizationGenerate:
.Lfunc_begin18:
	.loc	5 3433 0                        @ ../Drivers/STM32H7xx_HAL_Driver/Src/stm32h7xx_hal_rcc_ex.c:3433:0
	.fnstart
	.cfi_startproc
@ %bb.0:
	movw	r1, #33792
	movt	r1, #16384
.Ltmp775:
	.loc	5 3434 3 prologue_end           @ ../Drivers/STM32H7xx_HAL_Driver/Src/stm32h7xx_hal_rcc_ex.c:3434:3
	ldr	r0, [r1]
	orr	r0, r0, #128
	str	r0, [r1]
	.loc	5 3435 1                        @ ../Drivers/STM32H7xx_HAL_Driver/Src/stm32h7xx_hal_rcc_ex.c:3435:1
	bx	lr
.Ltmp776:
.Lfunc_end18:
	.size	HAL_RCCEx_CRSSoftwareSynchronizationGenerate, .Lfunc_end18-HAL_RCCEx_CRSSoftwareSynchronizationGenerate
	.cfi_endproc
	.cantunwind
	.fnend
                                        @ -- End function
	.section	.text.HAL_RCCEx_CRSGetSynchronizationInfo,"ax",%progbits
	.hidden	HAL_RCCEx_CRSGetSynchronizationInfo @ -- Begin function HAL_RCCEx_CRSGetSynchronizationInfo
	.globl	HAL_RCCEx_CRSGetSynchronizationInfo
	.p2align	3
	.type	HAL_RCCEx_CRSGetSynchronizationInfo,%function
	.code	16                              @ @HAL_RCCEx_CRSGetSynchronizationInfo
	.thumb_func
HAL_RCCEx_CRSGetSynchronizationInfo:
.Lfunc_begin19:
	.loc	5 3443 0                        @ ../Drivers/STM32H7xx_HAL_Driver/Src/stm32h7xx_hal_rcc_ex.c:3443:0
	.fnstart
	.cfi_startproc
@ %bb.0:
	.pad	#4
	sub	sp, #4
	.cfi_def_cfa_offset 4
	str	r0, [sp]
	movw	r0, #33796
	movt	r0, #16384
.Ltmp777:
	.loc	5 3448 42 prologue_end          @ ../Drivers/STM32H7xx_HAL_Driver/Src/stm32h7xx_hal_rcc_ex.c:3448:42
	ldr	r0, [r0]
	uxth	r0, r0
	.loc	5 3448 3 is_stmt 0              @ ../Drivers/STM32H7xx_HAL_Driver/Src/stm32h7xx_hal_rcc_ex.c:3448:3
	ldr	r1, [sp]
	.loc	5 3448 29                       @ ../Drivers/STM32H7xx_HAL_Driver/Src/stm32h7xx_hal_rcc_ex.c:3448:29
	str	r0, [r1]
	movw	r0, #33792
	movt	r0, #16384
	.loc	5 3451 52 is_stmt 1             @ ../Drivers/STM32H7xx_HAL_Driver/Src/stm32h7xx_hal_rcc_ex.c:3451:52
	ldr	r0, [r0]
	.loc	5 3451 83 is_stmt 0             @ ../Drivers/STM32H7xx_HAL_Driver/Src/stm32h7xx_hal_rcc_ex.c:3451:83
	ubfx	r0, r0, #8, #6
	.loc	5 3451 3                        @ ../Drivers/STM32H7xx_HAL_Driver/Src/stm32h7xx_hal_rcc_ex.c:3451:3
	ldr	r1, [sp]
	.loc	5 3451 39                       @ ../Drivers/STM32H7xx_HAL_Driver/Src/stm32h7xx_hal_rcc_ex.c:3451:39
	str	r0, [r1, #4]
	movw	r0, #33800
	movt	r0, #16384
	.loc	5 3454 47 is_stmt 1             @ ../Drivers/STM32H7xx_HAL_Driver/Src/stm32h7xx_hal_rcc_ex.c:3454:47
	ldr	r1, [r0]
	.loc	5 3454 81 is_stmt 0             @ ../Drivers/STM32H7xx_HAL_Driver/Src/stm32h7xx_hal_rcc_ex.c:3454:81
	lsrs	r1, r1, #16
	.loc	5 3454 3                        @ ../Drivers/STM32H7xx_HAL_Driver/Src/stm32h7xx_hal_rcc_ex.c:3454:3
	ldr	r2, [sp]
	.loc	5 3454 34                       @ ../Drivers/STM32H7xx_HAL_Driver/Src/stm32h7xx_hal_rcc_ex.c:3454:34
	str	r1, [r2, #8]
	.loc	5 3457 49 is_stmt 1             @ ../Drivers/STM32H7xx_HAL_Driver/Src/stm32h7xx_hal_rcc_ex.c:3457:49
	ldr	r0, [r0]
	and	r0, r0, #32768
	.loc	5 3457 3 is_stmt 0              @ ../Drivers/STM32H7xx_HAL_Driver/Src/stm32h7xx_hal_rcc_ex.c:3457:3
	ldr	r1, [sp]
	.loc	5 3457 36                       @ ../Drivers/STM32H7xx_HAL_Driver/Src/stm32h7xx_hal_rcc_ex.c:3457:36
	str	r0, [r1, #12]
	.loc	5 3458 1 epilogue_begin is_stmt 1 @ ../Drivers/STM32H7xx_HAL_Driver/Src/stm32h7xx_hal_rcc_ex.c:3458:1
	add	sp, #4
	bx	lr
.Ltmp778:
.Lfunc_end19:
	.size	HAL_RCCEx_CRSGetSynchronizationInfo, .Lfunc_end19-HAL_RCCEx_CRSGetSynchronizationInfo
	.cfi_endproc
	.cantunwind
	.fnend
                                        @ -- End function
	.section	.text.HAL_RCCEx_CRSWaitSynchronization,"ax",%progbits
	.hidden	HAL_RCCEx_CRSWaitSynchronization @ -- Begin function HAL_RCCEx_CRSWaitSynchronization
	.globl	HAL_RCCEx_CRSWaitSynchronization
	.p2align	3
	.type	HAL_RCCEx_CRSWaitSynchronization,%function
	.code	16                              @ @HAL_RCCEx_CRSWaitSynchronization
	.thumb_func
HAL_RCCEx_CRSWaitSynchronization:
.Lfunc_begin20:
	.loc	5 3476 0                        @ ../Drivers/STM32H7xx_HAL_Driver/Src/stm32h7xx_hal_rcc_ex.c:3476:0
	.fnstart
	.cfi_startproc
@ %bb.0:
	.save	{r7, lr}
	push	{r7, lr}
	.cfi_def_cfa_offset 8
	.cfi_offset lr, -4
	.cfi_offset r7, -8
	.pad	#16
	sub	sp, #16
	.cfi_def_cfa_offset 24
	str	r0, [sp, #12]
	movs	r0, #0
.Ltmp779:
	.loc	5 3477 12 prologue_end          @ ../Drivers/STM32H7xx_HAL_Driver/Src/stm32h7xx_hal_rcc_ex.c:3477:12
	str	r0, [sp, #8]
	.loc	5 3481 15                       @ ../Drivers/STM32H7xx_HAL_Driver/Src/stm32h7xx_hal_rcc_ex.c:3481:15
	bl	HAL_GetTick
	.loc	5 3481 13 is_stmt 0             @ ../Drivers/STM32H7xx_HAL_Driver/Src/stm32h7xx_hal_rcc_ex.c:3481:13
	str	r0, [sp, #4]
	.loc	5 3484 3 is_stmt 1              @ ../Drivers/STM32H7xx_HAL_Driver/Src/stm32h7xx_hal_rcc_ex.c:3484:3
	b	.LBB20_1
.LBB20_1:                               @ =>This Inner Loop Header: Depth=1
.Ltmp780:
	.loc	5 3486 9                        @ ../Drivers/STM32H7xx_HAL_Driver/Src/stm32h7xx_hal_rcc_ex.c:3486:9
	ldr	r0, [sp, #12]
.Ltmp781:
	.loc	5 3486 9 is_stmt 0              @ ../Drivers/STM32H7xx_HAL_Driver/Src/stm32h7xx_hal_rcc_ex.c:3486:9
	adds	r0, #1
	cbz	r0, .LBB20_6
	b	.LBB20_2
.LBB20_2:                               @   in Loop: Header=BB20_1 Depth=1
.Ltmp782:
	.loc	5 3488 13 is_stmt 1             @ ../Drivers/STM32H7xx_HAL_Driver/Src/stm32h7xx_hal_rcc_ex.c:3488:13
	bl	HAL_GetTick
	.loc	5 3488 29 is_stmt 0             @ ../Drivers/STM32H7xx_HAL_Driver/Src/stm32h7xx_hal_rcc_ex.c:3488:29
	ldr	r1, [sp, #4]
	.loc	5 3488 27                       @ ../Drivers/STM32H7xx_HAL_Driver/Src/stm32h7xx_hal_rcc_ex.c:3488:27
	subs	r0, r0, r1
	.loc	5 3488 42                       @ ../Drivers/STM32H7xx_HAL_Driver/Src/stm32h7xx_hal_rcc_ex.c:3488:42
	ldr	r1, [sp, #12]
	.loc	5 3488 51                       @ ../Drivers/STM32H7xx_HAL_Driver/Src/stm32h7xx_hal_rcc_ex.c:3488:51
	cmp	r0, r1
	bhi	.LBB20_4
	b	.LBB20_3
.LBB20_3:                               @   in Loop: Header=BB20_1 Depth=1
	.loc	5 3488 55                       @ ../Drivers/STM32H7xx_HAL_Driver/Src/stm32h7xx_hal_rcc_ex.c:3488:55
	ldr	r0, [sp, #12]
.Ltmp783:
	.loc	5 3488 11                       @ ../Drivers/STM32H7xx_HAL_Driver/Src/stm32h7xx_hal_rcc_ex.c:3488:11
	cbnz	r0, .LBB20_5
	b	.LBB20_4
.LBB20_4:                               @   in Loop: Header=BB20_1 Depth=1
	.loc	5 0 11                          @ ../Drivers/STM32H7xx_HAL_Driver/Src/stm32h7xx_hal_rcc_ex.c:0:11
	movs	r0, #1
.Ltmp784:
	.loc	5 3490 19 is_stmt 1             @ ../Drivers/STM32H7xx_HAL_Driver/Src/stm32h7xx_hal_rcc_ex.c:3490:19
	str	r0, [sp, #8]
	.loc	5 3491 7                        @ ../Drivers/STM32H7xx_HAL_Driver/Src/stm32h7xx_hal_rcc_ex.c:3491:7
	b	.LBB20_5
.Ltmp785:
.LBB20_5:                               @   in Loop: Header=BB20_1 Depth=1
	.loc	5 3492 5                        @ ../Drivers/STM32H7xx_HAL_Driver/Src/stm32h7xx_hal_rcc_ex.c:3492:5
	b	.LBB20_6
.Ltmp786:
.LBB20_6:                               @   in Loop: Header=BB20_1 Depth=1
	.loc	5 0 5 is_stmt 0                 @ ../Drivers/STM32H7xx_HAL_Driver/Src/stm32h7xx_hal_rcc_ex.c:0:5
	movw	r0, #33800
	movt	r0, #16384
.Ltmp787:
	.loc	5 3494 9 is_stmt 1              @ ../Drivers/STM32H7xx_HAL_Driver/Src/stm32h7xx_hal_rcc_ex.c:3494:9
	ldr	r0, [r0]
.Ltmp788:
	.loc	5 3494 9 is_stmt 0              @ ../Drivers/STM32H7xx_HAL_Driver/Src/stm32h7xx_hal_rcc_ex.c:3494:9
	lsls	r0, r0, #31
	cbz	r0, .LBB20_10
	b	.LBB20_7
.LBB20_7:                               @   in Loop: Header=BB20_1 Depth=1
.Ltmp789:
	.loc	5 3497 17 is_stmt 1             @ ../Drivers/STM32H7xx_HAL_Driver/Src/stm32h7xx_hal_rcc_ex.c:3497:17
	ldr	r0, [sp, #8]
	orr	r0, r0, #2
	str	r0, [sp, #8]
	.loc	5 3500 7                        @ ../Drivers/STM32H7xx_HAL_Driver/Src/stm32h7xx_hal_rcc_ex.c:3500:7
	b	.LBB20_8
.LBB20_8:                               @   in Loop: Header=BB20_1 Depth=1
	.loc	5 0 7 is_stmt 0                 @ ../Drivers/STM32H7xx_HAL_Driver/Src/stm32h7xx_hal_rcc_ex.c:0:7
	movw	r1, #33804
	movt	r1, #16384
	movs	r0, #1
.Ltmp790:
	.loc	5 3500 7                        @ ../Drivers/STM32H7xx_HAL_Driver/Src/stm32h7xx_hal_rcc_ex.c:3500:7
	str	r0, [r1]
.Ltmp791:
	.loc	5 3500 7                        @ ../Drivers/STM32H7xx_HAL_Driver/Src/stm32h7xx_hal_rcc_ex.c:3500:7
	b	.LBB20_9
.Ltmp792:
.LBB20_9:                               @   in Loop: Header=BB20_1 Depth=1
	.loc	5 3501 5 is_stmt 1              @ ../Drivers/STM32H7xx_HAL_Driver/Src/stm32h7xx_hal_rcc_ex.c:3501:5
	b	.LBB20_10
.Ltmp793:
.LBB20_10:                              @   in Loop: Header=BB20_1 Depth=1
	.loc	5 0 5 is_stmt 0                 @ ../Drivers/STM32H7xx_HAL_Driver/Src/stm32h7xx_hal_rcc_ex.c:0:5
	movw	r0, #33800
	movt	r0, #16384
.Ltmp794:
	.loc	5 3504 9 is_stmt 1              @ ../Drivers/STM32H7xx_HAL_Driver/Src/stm32h7xx_hal_rcc_ex.c:3504:9
	ldr	r0, [r0]
.Ltmp795:
	.loc	5 3504 9 is_stmt 0              @ ../Drivers/STM32H7xx_HAL_Driver/Src/stm32h7xx_hal_rcc_ex.c:3504:9
	lsls	r0, r0, #30
	cmp	r0, #0
	bpl	.LBB20_14
	b	.LBB20_11
.LBB20_11:                              @   in Loop: Header=BB20_1 Depth=1
.Ltmp796:
	.loc	5 3507 17 is_stmt 1             @ ../Drivers/STM32H7xx_HAL_Driver/Src/stm32h7xx_hal_rcc_ex.c:3507:17
	ldr	r0, [sp, #8]
	orr	r0, r0, #4
	str	r0, [sp, #8]
	.loc	5 3510 7                        @ ../Drivers/STM32H7xx_HAL_Driver/Src/stm32h7xx_hal_rcc_ex.c:3510:7
	b	.LBB20_12
.LBB20_12:                              @   in Loop: Header=BB20_1 Depth=1
	.loc	5 0 7 is_stmt 0                 @ ../Drivers/STM32H7xx_HAL_Driver/Src/stm32h7xx_hal_rcc_ex.c:0:7
	movw	r1, #33804
	movt	r1, #16384
	movs	r0, #2
.Ltmp797:
	.loc	5 3510 7                        @ ../Drivers/STM32H7xx_HAL_Driver/Src/stm32h7xx_hal_rcc_ex.c:3510:7
	str	r0, [r1]
.Ltmp798:
	.loc	5 3510 7                        @ ../Drivers/STM32H7xx_HAL_Driver/Src/stm32h7xx_hal_rcc_ex.c:3510:7
	b	.LBB20_13
.Ltmp799:
.LBB20_13:                              @   in Loop: Header=BB20_1 Depth=1
	.loc	5 3511 5 is_stmt 1              @ ../Drivers/STM32H7xx_HAL_Driver/Src/stm32h7xx_hal_rcc_ex.c:3511:5
	b	.LBB20_14
.Ltmp800:
.LBB20_14:                              @   in Loop: Header=BB20_1 Depth=1
	.loc	5 0 5 is_stmt 0                 @ ../Drivers/STM32H7xx_HAL_Driver/Src/stm32h7xx_hal_rcc_ex.c:0:5
	movw	r0, #33800
	movt	r0, #16384
.Ltmp801:
	.loc	5 3514 9 is_stmt 1              @ ../Drivers/STM32H7xx_HAL_Driver/Src/stm32h7xx_hal_rcc_ex.c:3514:9
	ldr	r0, [r0]
.Ltmp802:
	.loc	5 3514 9 is_stmt 0              @ ../Drivers/STM32H7xx_HAL_Driver/Src/stm32h7xx_hal_rcc_ex.c:3514:9
	lsls	r0, r0, #21
	cmp	r0, #0
	bpl	.LBB20_18
	b	.LBB20_15
.LBB20_15:                              @   in Loop: Header=BB20_1 Depth=1
.Ltmp803:
	.loc	5 3517 17 is_stmt 1             @ ../Drivers/STM32H7xx_HAL_Driver/Src/stm32h7xx_hal_rcc_ex.c:3517:17
	ldr	r0, [sp, #8]
	orr	r0, r0, #32
	str	r0, [sp, #8]
	.loc	5 3520 7                        @ ../Drivers/STM32H7xx_HAL_Driver/Src/stm32h7xx_hal_rcc_ex.c:3520:7
	b	.LBB20_16
.LBB20_16:                              @   in Loop: Header=BB20_1 Depth=1
	.loc	5 0 7 is_stmt 0                 @ ../Drivers/STM32H7xx_HAL_Driver/Src/stm32h7xx_hal_rcc_ex.c:0:7
	movw	r1, #33804
	movt	r1, #16384
	movs	r0, #4
.Ltmp804:
	.loc	5 3520 7                        @ ../Drivers/STM32H7xx_HAL_Driver/Src/stm32h7xx_hal_rcc_ex.c:3520:7
	str	r0, [r1]
.Ltmp805:
	.loc	5 3520 7                        @ ../Drivers/STM32H7xx_HAL_Driver/Src/stm32h7xx_hal_rcc_ex.c:3520:7
	b	.LBB20_17
.Ltmp806:
.LBB20_17:                              @   in Loop: Header=BB20_1 Depth=1
	.loc	5 3521 5 is_stmt 1              @ ../Drivers/STM32H7xx_HAL_Driver/Src/stm32h7xx_hal_rcc_ex.c:3521:5
	b	.LBB20_18
.Ltmp807:
.LBB20_18:                              @   in Loop: Header=BB20_1 Depth=1
	.loc	5 0 5 is_stmt 0                 @ ../Drivers/STM32H7xx_HAL_Driver/Src/stm32h7xx_hal_rcc_ex.c:0:5
	movw	r0, #33800
	movt	r0, #16384
.Ltmp808:
	.loc	5 3524 9 is_stmt 1              @ ../Drivers/STM32H7xx_HAL_Driver/Src/stm32h7xx_hal_rcc_ex.c:3524:9
	ldr	r0, [r0]
.Ltmp809:
	.loc	5 3524 9 is_stmt 0              @ ../Drivers/STM32H7xx_HAL_Driver/Src/stm32h7xx_hal_rcc_ex.c:3524:9
	lsls	r0, r0, #23
	cmp	r0, #0
	bpl	.LBB20_22
	b	.LBB20_19
.LBB20_19:                              @   in Loop: Header=BB20_1 Depth=1
.Ltmp810:
	.loc	5 3527 17 is_stmt 1             @ ../Drivers/STM32H7xx_HAL_Driver/Src/stm32h7xx_hal_rcc_ex.c:3527:17
	ldr	r0, [sp, #8]
	orr	r0, r0, #8
	str	r0, [sp, #8]
	.loc	5 3530 7                        @ ../Drivers/STM32H7xx_HAL_Driver/Src/stm32h7xx_hal_rcc_ex.c:3530:7
	b	.LBB20_20
.LBB20_20:                              @   in Loop: Header=BB20_1 Depth=1
	.loc	5 0 7 is_stmt 0                 @ ../Drivers/STM32H7xx_HAL_Driver/Src/stm32h7xx_hal_rcc_ex.c:0:7
	movw	r1, #33804
	movt	r1, #16384
	movs	r0, #4
.Ltmp811:
	.loc	5 3530 7                        @ ../Drivers/STM32H7xx_HAL_Driver/Src/stm32h7xx_hal_rcc_ex.c:3530:7
	str	r0, [r1]
.Ltmp812:
	.loc	5 3530 7                        @ ../Drivers/STM32H7xx_HAL_Driver/Src/stm32h7xx_hal_rcc_ex.c:3530:7
	b	.LBB20_21
.Ltmp813:
.LBB20_21:                              @   in Loop: Header=BB20_1 Depth=1
	.loc	5 3531 5 is_stmt 1              @ ../Drivers/STM32H7xx_HAL_Driver/Src/stm32h7xx_hal_rcc_ex.c:3531:5
	b	.LBB20_22
.Ltmp814:
.LBB20_22:                              @   in Loop: Header=BB20_1 Depth=1
	.loc	5 0 5 is_stmt 0                 @ ../Drivers/STM32H7xx_HAL_Driver/Src/stm32h7xx_hal_rcc_ex.c:0:5
	movw	r0, #33800
	movt	r0, #16384
.Ltmp815:
	.loc	5 3534 9 is_stmt 1              @ ../Drivers/STM32H7xx_HAL_Driver/Src/stm32h7xx_hal_rcc_ex.c:3534:9
	ldr	r0, [r0]
.Ltmp816:
	.loc	5 3534 9 is_stmt 0              @ ../Drivers/STM32H7xx_HAL_Driver/Src/stm32h7xx_hal_rcc_ex.c:3534:9
	lsls	r0, r0, #22
	cmp	r0, #0
	bpl	.LBB20_26
	b	.LBB20_23
.LBB20_23:                              @   in Loop: Header=BB20_1 Depth=1
.Ltmp817:
	.loc	5 3537 17 is_stmt 1             @ ../Drivers/STM32H7xx_HAL_Driver/Src/stm32h7xx_hal_rcc_ex.c:3537:17
	ldr	r0, [sp, #8]
	orr	r0, r0, #16
	str	r0, [sp, #8]
	.loc	5 3540 7                        @ ../Drivers/STM32H7xx_HAL_Driver/Src/stm32h7xx_hal_rcc_ex.c:3540:7
	b	.LBB20_24
.LBB20_24:                              @   in Loop: Header=BB20_1 Depth=1
	.loc	5 0 7 is_stmt 0                 @ ../Drivers/STM32H7xx_HAL_Driver/Src/stm32h7xx_hal_rcc_ex.c:0:7
	movw	r1, #33804
	movt	r1, #16384
	movs	r0, #4
.Ltmp818:
	.loc	5 3540 7                        @ ../Drivers/STM32H7xx_HAL_Driver/Src/stm32h7xx_hal_rcc_ex.c:3540:7
	str	r0, [r1]
.Ltmp819:
	.loc	5 3540 7                        @ ../Drivers/STM32H7xx_HAL_Driver/Src/stm32h7xx_hal_rcc_ex.c:3540:7
	b	.LBB20_25
.Ltmp820:
.LBB20_25:                              @   in Loop: Header=BB20_1 Depth=1
	.loc	5 3541 5 is_stmt 1              @ ../Drivers/STM32H7xx_HAL_Driver/Src/stm32h7xx_hal_rcc_ex.c:3541:5
	b	.LBB20_26
.Ltmp821:
.LBB20_26:                              @   in Loop: Header=BB20_1 Depth=1
	.loc	5 0 5 is_stmt 0                 @ ../Drivers/STM32H7xx_HAL_Driver/Src/stm32h7xx_hal_rcc_ex.c:0:5
	movw	r0, #33800
	movt	r0, #16384
.Ltmp822:
	.loc	5 3544 9 is_stmt 1              @ ../Drivers/STM32H7xx_HAL_Driver/Src/stm32h7xx_hal_rcc_ex.c:3544:9
	ldr	r0, [r0]
.Ltmp823:
	.loc	5 3544 9 is_stmt 0              @ ../Drivers/STM32H7xx_HAL_Driver/Src/stm32h7xx_hal_rcc_ex.c:3544:9
	lsls	r0, r0, #28
	cmp	r0, #0
	bpl	.LBB20_30
	b	.LBB20_27
.LBB20_27:                              @   in Loop: Header=BB20_1 Depth=1
.Ltmp824:
	.loc	5 3547 7 is_stmt 1              @ ../Drivers/STM32H7xx_HAL_Driver/Src/stm32h7xx_hal_rcc_ex.c:3547:7
	b	.LBB20_28
.LBB20_28:                              @   in Loop: Header=BB20_1 Depth=1
	.loc	5 0 7 is_stmt 0                 @ ../Drivers/STM32H7xx_HAL_Driver/Src/stm32h7xx_hal_rcc_ex.c:0:7
	movw	r1, #33804
	movt	r1, #16384
	movs	r0, #8
.Ltmp825:
	.loc	5 3547 7                        @ ../Drivers/STM32H7xx_HAL_Driver/Src/stm32h7xx_hal_rcc_ex.c:3547:7
	str	r0, [r1]
.Ltmp826:
	.loc	5 3547 7                        @ ../Drivers/STM32H7xx_HAL_Driver/Src/stm32h7xx_hal_rcc_ex.c:3547:7
	b	.LBB20_29
.Ltmp827:
.LBB20_29:                              @   in Loop: Header=BB20_1 Depth=1
	.loc	5 3548 5 is_stmt 1              @ ../Drivers/STM32H7xx_HAL_Driver/Src/stm32h7xx_hal_rcc_ex.c:3548:5
	b	.LBB20_30
.Ltmp828:
.LBB20_30:                              @   in Loop: Header=BB20_1 Depth=1
	.loc	5 3549 3                        @ ../Drivers/STM32H7xx_HAL_Driver/Src/stm32h7xx_hal_rcc_ex.c:3549:3
	b	.LBB20_31
.Ltmp829:
.LBB20_31:                              @   in Loop: Header=BB20_1 Depth=1
	.loc	5 3550 26                       @ ../Drivers/STM32H7xx_HAL_Driver/Src/stm32h7xx_hal_rcc_ex.c:3550:26
	ldr	r0, [sp, #8]
.Ltmp830:
	.loc	5 3549 3                        @ ../Drivers/STM32H7xx_HAL_Driver/Src/stm32h7xx_hal_rcc_ex.c:3549:3
	cmp	r0, #0
	beq.w	.LBB20_1
	b	.LBB20_32
.Ltmp831:
.LBB20_32:
	.loc	5 3552 10                       @ ../Drivers/STM32H7xx_HAL_Driver/Src/stm32h7xx_hal_rcc_ex.c:3552:10
	ldr	r0, [sp, #8]
	.loc	5 3552 3 epilogue_begin is_stmt 0 @ ../Drivers/STM32H7xx_HAL_Driver/Src/stm32h7xx_hal_rcc_ex.c:3552:3
	add	sp, #16
	pop	{r7, pc}
.Ltmp832:
.Lfunc_end20:
	.size	HAL_RCCEx_CRSWaitSynchronization, .Lfunc_end20-HAL_RCCEx_CRSWaitSynchronization
	.cfi_endproc
	.cantunwind
	.fnend
                                        @ -- End function
	.section	.text.HAL_RCCEx_CRS_IRQHandler,"ax",%progbits
	.hidden	HAL_RCCEx_CRS_IRQHandler        @ -- Begin function HAL_RCCEx_CRS_IRQHandler
	.globl	HAL_RCCEx_CRS_IRQHandler
	.p2align	3
	.type	HAL_RCCEx_CRS_IRQHandler,%function
	.code	16                              @ @HAL_RCCEx_CRS_IRQHandler
	.thumb_func
HAL_RCCEx_CRS_IRQHandler:
.Lfunc_begin21:
	.loc	5 3560 0 is_stmt 1              @ ../Drivers/STM32H7xx_HAL_Driver/Src/stm32h7xx_hal_rcc_ex.c:3560:0
	.fnstart
	.cfi_startproc
@ %bb.0:
	.save	{r7, lr}
	push	{r7, lr}
	.cfi_def_cfa_offset 8
	.cfi_offset lr, -4
	.cfi_offset r7, -8
	.pad	#16
	sub	sp, #16
	.cfi_def_cfa_offset 24
	movs	r0, #0
.Ltmp833:
	.loc	5 3561 12 prologue_end          @ ../Drivers/STM32H7xx_HAL_Driver/Src/stm32h7xx_hal_rcc_ex.c:3561:12
	str	r0, [sp, #12]
	movw	r0, #33800
	movt	r0, #16384
	.loc	5 3563 22                       @ ../Drivers/STM32H7xx_HAL_Driver/Src/stm32h7xx_hal_rcc_ex.c:3563:22
	ldr	r0, [r0]
	.loc	5 3563 12 is_stmt 0             @ ../Drivers/STM32H7xx_HAL_Driver/Src/stm32h7xx_hal_rcc_ex.c:3563:12
	str	r0, [sp, #8]
	movw	r0, #33792
	movt	r0, #16384
	.loc	5 3564 24 is_stmt 1             @ ../Drivers/STM32H7xx_HAL_Driver/Src/stm32h7xx_hal_rcc_ex.c:3564:24
	ldr	r0, [r0]
	.loc	5 3564 12 is_stmt 0             @ ../Drivers/STM32H7xx_HAL_Driver/Src/stm32h7xx_hal_rcc_ex.c:3564:12
	str	r0, [sp, #4]
.Ltmp834:
	.loc	5 3567 47 is_stmt 1             @ ../Drivers/STM32H7xx_HAL_Driver/Src/stm32h7xx_hal_rcc_ex.c:3567:47
	ldrb.w	r0, [sp, #8]
	lsls	r0, r0, #31
	cbz	r0, .LBB21_3
	b	.LBB21_1
.Ltmp835:
.LBB21_1:
	.loc	5 3567 7 is_stmt 0              @ ../Drivers/STM32H7xx_HAL_Driver/Src/stm32h7xx_hal_rcc_ex.c:3567:7
	ldrb.w	r0, [sp, #4]
	lsls	r0, r0, #31
	cbz	r0, .LBB21_3
	b	.LBB21_2
.LBB21_2:
	.loc	5 0 7                           @ ../Drivers/STM32H7xx_HAL_Driver/Src/stm32h7xx_hal_rcc_ex.c:0:7
	movw	r1, #33804
	movt	r1, #16384
	movs	r0, #1
.Ltmp836:
	.loc	5 3570 5 is_stmt 1              @ ../Drivers/STM32H7xx_HAL_Driver/Src/stm32h7xx_hal_rcc_ex.c:3570:5
	str	r0, [r1]
	.loc	5 3573 5                        @ ../Drivers/STM32H7xx_HAL_Driver/Src/stm32h7xx_hal_rcc_ex.c:3573:5
	bl	HAL_RCCEx_CRS_SyncOkCallback
	.loc	5 3574 3                        @ ../Drivers/STM32H7xx_HAL_Driver/Src/stm32h7xx_hal_rcc_ex.c:3574:3
	b	.LBB21_21
.Ltmp837:
.LBB21_3:
	.loc	5 3576 54                       @ ../Drivers/STM32H7xx_HAL_Driver/Src/stm32h7xx_hal_rcc_ex.c:3576:54
	ldrb.w	r0, [sp, #8]
	lsls	r0, r0, #30
	cmp	r0, #0
	bpl	.LBB21_6
	b	.LBB21_4
.Ltmp838:
.LBB21_4:
	.loc	5 3576 12 is_stmt 0             @ ../Drivers/STM32H7xx_HAL_Driver/Src/stm32h7xx_hal_rcc_ex.c:3576:12
	ldrb.w	r0, [sp, #4]
	lsls	r0, r0, #30
	cmp	r0, #0
	bpl	.LBB21_6
	b	.LBB21_5
.LBB21_5:
	.loc	5 0 12                          @ ../Drivers/STM32H7xx_HAL_Driver/Src/stm32h7xx_hal_rcc_ex.c:0:12
	movw	r1, #33804
	movt	r1, #16384
	movs	r0, #2
.Ltmp839:
	.loc	5 3579 5 is_stmt 1              @ ../Drivers/STM32H7xx_HAL_Driver/Src/stm32h7xx_hal_rcc_ex.c:3579:5
	str	r0, [r1]
	.loc	5 3582 5                        @ ../Drivers/STM32H7xx_HAL_Driver/Src/stm32h7xx_hal_rcc_ex.c:3582:5
	bl	HAL_RCCEx_CRS_SyncWarnCallback
	.loc	5 3583 3                        @ ../Drivers/STM32H7xx_HAL_Driver/Src/stm32h7xx_hal_rcc_ex.c:3583:3
	b	.LBB21_20
.Ltmp840:
.LBB21_6:
	.loc	5 3585 51                       @ ../Drivers/STM32H7xx_HAL_Driver/Src/stm32h7xx_hal_rcc_ex.c:3585:51
	ldrb.w	r0, [sp, #8]
	lsls	r0, r0, #28
	cmp	r0, #0
	bpl	.LBB21_9
	b	.LBB21_7
.Ltmp841:
.LBB21_7:
	.loc	5 3585 12 is_stmt 0             @ ../Drivers/STM32H7xx_HAL_Driver/Src/stm32h7xx_hal_rcc_ex.c:3585:12
	ldrb.w	r0, [sp, #4]
	lsls	r0, r0, #28
	cmp	r0, #0
	bpl	.LBB21_9
	b	.LBB21_8
.LBB21_8:
	.loc	5 0 12                          @ ../Drivers/STM32H7xx_HAL_Driver/Src/stm32h7xx_hal_rcc_ex.c:0:12
	movw	r1, #33804
	movt	r1, #16384
	movs	r0, #8
.Ltmp842:
	.loc	5 3588 5 is_stmt 1              @ ../Drivers/STM32H7xx_HAL_Driver/Src/stm32h7xx_hal_rcc_ex.c:3588:5
	str	r0, [r1]
	.loc	5 3591 5                        @ ../Drivers/STM32H7xx_HAL_Driver/Src/stm32h7xx_hal_rcc_ex.c:3591:5
	bl	HAL_RCCEx_CRS_ExpectedSyncCallback
	.loc	5 3592 3                        @ ../Drivers/STM32H7xx_HAL_Driver/Src/stm32h7xx_hal_rcc_ex.c:3592:3
	b	.LBB21_19
.Ltmp843:
.LBB21_9:
	.loc	5 3596 46                       @ ../Drivers/STM32H7xx_HAL_Driver/Src/stm32h7xx_hal_rcc_ex.c:3596:46
	ldrb.w	r0, [sp, #8]
	lsls	r0, r0, #29
	cmp	r0, #0
	bpl	.LBB21_18
	b	.LBB21_10
.Ltmp844:
.LBB21_10:
	.loc	5 3596 9 is_stmt 0              @ ../Drivers/STM32H7xx_HAL_Driver/Src/stm32h7xx_hal_rcc_ex.c:3596:9
	ldrb.w	r0, [sp, #4]
	lsls	r0, r0, #29
	cmp	r0, #0
	bpl	.LBB21_18
	b	.LBB21_11
.LBB21_11:
.Ltmp845:
	.loc	5 3598 11 is_stmt 1             @ ../Drivers/STM32H7xx_HAL_Driver/Src/stm32h7xx_hal_rcc_ex.c:3598:11
	ldrb.w	r0, [sp, #9]
	lsls	r0, r0, #31
	cbz	r0, .LBB21_13
	b	.LBB21_12
.LBB21_12:
.Ltmp846:
	.loc	5 3600 18                       @ ../Drivers/STM32H7xx_HAL_Driver/Src/stm32h7xx_hal_rcc_ex.c:3600:18
	ldr	r0, [sp, #12]
	orr	r0, r0, #8
	str	r0, [sp, #12]
	.loc	5 3601 7                        @ ../Drivers/STM32H7xx_HAL_Driver/Src/stm32h7xx_hal_rcc_ex.c:3601:7
	b	.LBB21_13
.Ltmp847:
.LBB21_13:
	.loc	5 3602 11                       @ ../Drivers/STM32H7xx_HAL_Driver/Src/stm32h7xx_hal_rcc_ex.c:3602:11
	ldrb.w	r0, [sp, #9]
	lsls	r0, r0, #30
	cmp	r0, #0
	bpl	.LBB21_15
	b	.LBB21_14
.LBB21_14:
.Ltmp848:
	.loc	5 3604 18                       @ ../Drivers/STM32H7xx_HAL_Driver/Src/stm32h7xx_hal_rcc_ex.c:3604:18
	ldr	r0, [sp, #12]
	orr	r0, r0, #16
	str	r0, [sp, #12]
	.loc	5 3605 7                        @ ../Drivers/STM32H7xx_HAL_Driver/Src/stm32h7xx_hal_rcc_ex.c:3605:7
	b	.LBB21_15
.Ltmp849:
.LBB21_15:
	.loc	5 3606 11                       @ ../Drivers/STM32H7xx_HAL_Driver/Src/stm32h7xx_hal_rcc_ex.c:3606:11
	ldrb.w	r0, [sp, #9]
	lsls	r0, r0, #29
	cmp	r0, #0
	bpl	.LBB21_17
	b	.LBB21_16
.LBB21_16:
.Ltmp850:
	.loc	5 3608 18                       @ ../Drivers/STM32H7xx_HAL_Driver/Src/stm32h7xx_hal_rcc_ex.c:3608:18
	ldr	r0, [sp, #12]
	orr	r0, r0, #32
	str	r0, [sp, #12]
	.loc	5 3609 7                        @ ../Drivers/STM32H7xx_HAL_Driver/Src/stm32h7xx_hal_rcc_ex.c:3609:7
	b	.LBB21_17
.Ltmp851:
.LBB21_17:
	.loc	5 0 7 is_stmt 0                 @ ../Drivers/STM32H7xx_HAL_Driver/Src/stm32h7xx_hal_rcc_ex.c:0:7
	movw	r1, #33804
	movt	r1, #16384
	movs	r0, #4
	.loc	5 3612 7 is_stmt 1              @ ../Drivers/STM32H7xx_HAL_Driver/Src/stm32h7xx_hal_rcc_ex.c:3612:7
	str	r0, [r1]
	.loc	5 3615 35                       @ ../Drivers/STM32H7xx_HAL_Driver/Src/stm32h7xx_hal_rcc_ex.c:3615:35
	ldr	r0, [sp, #12]
	.loc	5 3615 7 is_stmt 0              @ ../Drivers/STM32H7xx_HAL_Driver/Src/stm32h7xx_hal_rcc_ex.c:3615:7
	bl	HAL_RCCEx_CRS_ErrorCallback
	.loc	5 3616 5 is_stmt 1              @ ../Drivers/STM32H7xx_HAL_Driver/Src/stm32h7xx_hal_rcc_ex.c:3616:5
	b	.LBB21_18
.Ltmp852:
.LBB21_18:
	.loc	5 0 5 is_stmt 0                 @ ../Drivers/STM32H7xx_HAL_Driver/Src/stm32h7xx_hal_rcc_ex.c:0:5
	b	.LBB21_19
.LBB21_19:
	b	.LBB21_20
.LBB21_20:
	b	.LBB21_21
.LBB21_21:
	.loc	5 3618 1 epilogue_begin is_stmt 1 @ ../Drivers/STM32H7xx_HAL_Driver/Src/stm32h7xx_hal_rcc_ex.c:3618:1
	add	sp, #16
	pop	{r7, pc}
.Ltmp853:
.Lfunc_end21:
	.size	HAL_RCCEx_CRS_IRQHandler, .Lfunc_end21-HAL_RCCEx_CRS_IRQHandler
	.cfi_endproc
	.cantunwind
	.fnend
                                        @ -- End function
	.section	.text.HAL_RCCEx_CRS_SyncOkCallback,"ax",%progbits
	.hidden	HAL_RCCEx_CRS_SyncOkCallback    @ -- Begin function HAL_RCCEx_CRS_SyncOkCallback
	.weak	HAL_RCCEx_CRS_SyncOkCallback
	.p2align	3
	.type	HAL_RCCEx_CRS_SyncOkCallback,%function
	.code	16                              @ @HAL_RCCEx_CRS_SyncOkCallback
	.thumb_func
HAL_RCCEx_CRS_SyncOkCallback:
.Lfunc_begin22:
	.fnstart
	.cfi_startproc
@ %bb.0:
	.loc	5 3629 1 prologue_end           @ ../Drivers/STM32H7xx_HAL_Driver/Src/stm32h7xx_hal_rcc_ex.c:3629:1
	bx	lr
.Ltmp854:
.Lfunc_end22:
	.size	HAL_RCCEx_CRS_SyncOkCallback, .Lfunc_end22-HAL_RCCEx_CRS_SyncOkCallback
	.cfi_endproc
	.cantunwind
	.fnend
                                        @ -- End function
	.section	.text.HAL_RCCEx_CRS_SyncWarnCallback,"ax",%progbits
	.hidden	HAL_RCCEx_CRS_SyncWarnCallback  @ -- Begin function HAL_RCCEx_CRS_SyncWarnCallback
	.weak	HAL_RCCEx_CRS_SyncWarnCallback
	.p2align	3
	.type	HAL_RCCEx_CRS_SyncWarnCallback,%function
	.code	16                              @ @HAL_RCCEx_CRS_SyncWarnCallback
	.thumb_func
HAL_RCCEx_CRS_SyncWarnCallback:
.Lfunc_begin23:
	.fnstart
	.cfi_startproc
@ %bb.0:
	.loc	5 3640 1 prologue_end           @ ../Drivers/STM32H7xx_HAL_Driver/Src/stm32h7xx_hal_rcc_ex.c:3640:1
	bx	lr
.Ltmp855:
.Lfunc_end23:
	.size	HAL_RCCEx_CRS_SyncWarnCallback, .Lfunc_end23-HAL_RCCEx_CRS_SyncWarnCallback
	.cfi_endproc
	.cantunwind
	.fnend
                                        @ -- End function
	.section	.text.HAL_RCCEx_CRS_ExpectedSyncCallback,"ax",%progbits
	.hidden	HAL_RCCEx_CRS_ExpectedSyncCallback @ -- Begin function HAL_RCCEx_CRS_ExpectedSyncCallback
	.weak	HAL_RCCEx_CRS_ExpectedSyncCallback
	.p2align	3
	.type	HAL_RCCEx_CRS_ExpectedSyncCallback,%function
	.code	16                              @ @HAL_RCCEx_CRS_ExpectedSyncCallback
	.thumb_func
HAL_RCCEx_CRS_ExpectedSyncCallback:
.Lfunc_begin24:
	.fnstart
	.cfi_startproc
@ %bb.0:
	.loc	5 3651 1 prologue_end           @ ../Drivers/STM32H7xx_HAL_Driver/Src/stm32h7xx_hal_rcc_ex.c:3651:1
	bx	lr
.Ltmp856:
.Lfunc_end24:
	.size	HAL_RCCEx_CRS_ExpectedSyncCallback, .Lfunc_end24-HAL_RCCEx_CRS_ExpectedSyncCallback
	.cfi_endproc
	.cantunwind
	.fnend
                                        @ -- End function
	.section	.text.HAL_RCCEx_CRS_ErrorCallback,"ax",%progbits
	.hidden	HAL_RCCEx_CRS_ErrorCallback     @ -- Begin function HAL_RCCEx_CRS_ErrorCallback
	.weak	HAL_RCCEx_CRS_ErrorCallback
	.p2align	3
	.type	HAL_RCCEx_CRS_ErrorCallback,%function
	.code	16                              @ @HAL_RCCEx_CRS_ErrorCallback
	.thumb_func
HAL_RCCEx_CRS_ErrorCallback:
.Lfunc_begin25:
	.loc	5 3663 0                        @ ../Drivers/STM32H7xx_HAL_Driver/Src/stm32h7xx_hal_rcc_ex.c:3663:0
	.fnstart
	.cfi_startproc
@ %bb.0:
	.pad	#4
	sub	sp, #4
	.cfi_def_cfa_offset 4
	str	r0, [sp]
.Ltmp857:
	.loc	5 3670 1 prologue_end epilogue_begin @ ../Drivers/STM32H7xx_HAL_Driver/Src/stm32h7xx_hal_rcc_ex.c:3670:1
	add	sp, #4
	bx	lr
.Ltmp858:
.Lfunc_end25:
	.size	HAL_RCCEx_CRS_ErrorCallback, .Lfunc_end25-HAL_RCCEx_CRS_ErrorCallback
	.cfi_endproc
	.cantunwind
	.fnend
                                        @ -- End function
	.section	.text.HAL_RCCEx_LSECSS_IRQHandler,"ax",%progbits
	.hidden	HAL_RCCEx_LSECSS_IRQHandler     @ -- Begin function HAL_RCCEx_LSECSS_IRQHandler
	.globl	HAL_RCCEx_LSECSS_IRQHandler
	.p2align	3
	.type	HAL_RCCEx_LSECSS_IRQHandler,%function
	.code	16                              @ @HAL_RCCEx_LSECSS_IRQHandler
	.thumb_func
HAL_RCCEx_LSECSS_IRQHandler:
.Lfunc_begin26:
	.loc	5 3896 0                        @ ../Drivers/STM32H7xx_HAL_Driver/Src/stm32h7xx_hal_rcc_ex.c:3896:0
	.fnstart
	.cfi_startproc
@ %bb.0:
	.save	{r7, lr}
	push	{r7, lr}
	.cfi_def_cfa_offset 8
	.cfi_offset lr, -4
	.cfi_offset r7, -8
	movw	r0, #17508
	movt	r0, #22530
.Ltmp859:
	.loc	5 3898 7 prologue_end           @ ../Drivers/STM32H7xx_HAL_Driver/Src/stm32h7xx_hal_rcc_ex.c:3898:7
	ldr	r0, [r0]
.Ltmp860:
	.loc	5 3898 7 is_stmt 0              @ ../Drivers/STM32H7xx_HAL_Driver/Src/stm32h7xx_hal_rcc_ex.c:3898:7
	lsls	r0, r0, #22
	cmp	r0, #0
	bpl	.LBB26_2
	b	.LBB26_1
.LBB26_1:
	.loc	5 0 7                           @ ../Drivers/STM32H7xx_HAL_Driver/Src/stm32h7xx_hal_rcc_ex.c:0:7
	movw	r1, #17512
	movt	r1, #22530
	mov.w	r0, #512
.Ltmp861:
	.loc	5 3902 5 is_stmt 1              @ ../Drivers/STM32H7xx_HAL_Driver/Src/stm32h7xx_hal_rcc_ex.c:3902:5
	str	r0, [r1]
	.loc	5 3905 5                        @ ../Drivers/STM32H7xx_HAL_Driver/Src/stm32h7xx_hal_rcc_ex.c:3905:5
	bl	HAL_RCCEx_LSECSS_Callback
	.loc	5 3907 3                        @ ../Drivers/STM32H7xx_HAL_Driver/Src/stm32h7xx_hal_rcc_ex.c:3907:3
	b	.LBB26_2
.Ltmp862:
.LBB26_2:
	.loc	5 3908 1 epilogue_begin         @ ../Drivers/STM32H7xx_HAL_Driver/Src/stm32h7xx_hal_rcc_ex.c:3908:1
	pop	{r7, pc}
.Ltmp863:
.Lfunc_end26:
	.size	HAL_RCCEx_LSECSS_IRQHandler, .Lfunc_end26-HAL_RCCEx_LSECSS_IRQHandler
	.cfi_endproc
	.cantunwind
	.fnend
                                        @ -- End function
	.section	.text.HAL_RCCEx_LSECSS_Callback,"ax",%progbits
	.hidden	HAL_RCCEx_LSECSS_Callback       @ -- Begin function HAL_RCCEx_LSECSS_Callback
	.weak	HAL_RCCEx_LSECSS_Callback
	.p2align	3
	.type	HAL_RCCEx_LSECSS_Callback,%function
	.code	16                              @ @HAL_RCCEx_LSECSS_Callback
	.thumb_func
HAL_RCCEx_LSECSS_Callback:
.Lfunc_begin27:
	.fnstart
	.cfi_startproc
@ %bb.0:
	.loc	5 3919 1 prologue_end           @ ../Drivers/STM32H7xx_HAL_Driver/Src/stm32h7xx_hal_rcc_ex.c:3919:1
	bx	lr
.Ltmp864:
.Lfunc_end27:
	.size	HAL_RCCEx_LSECSS_Callback, .Lfunc_end27-HAL_RCCEx_LSECSS_Callback
	.cfi_endproc
	.cantunwind
	.fnend
                                        @ -- End function
	.file	6 "D:\\stm32_project\\daily_work\\new_bubing\\cod_update_2.0\\COD_H7_Template\\MDK-ARM" "../Drivers/STM32H7xx_HAL_Driver/Inc\\stm32h7xx_hal_rcc_ex.h"
	.section	.debug_abbrev,"",%progbits
	.byte	1                               @ Abbreviation Code
	.byte	17                              @ DW_TAG_compile_unit
	.byte	1                               @ DW_CHILDREN_yes
	.byte	37                              @ DW_AT_producer
	.byte	14                              @ DW_FORM_strp
	.byte	19                              @ DW_AT_language
	.byte	5                               @ DW_FORM_data2
	.byte	3                               @ DW_AT_name
	.byte	14                              @ DW_FORM_strp
	.byte	16                              @ DW_AT_stmt_list
	.byte	23                              @ DW_FORM_sec_offset
	.byte	27                              @ DW_AT_comp_dir
	.byte	14                              @ DW_FORM_strp
	.byte	17                              @ DW_AT_low_pc
	.byte	1                               @ DW_FORM_addr
	.byte	85                              @ DW_AT_ranges
	.byte	23                              @ DW_FORM_sec_offset
	.byte	0                               @ EOM(1)
	.byte	0                               @ EOM(2)
	.byte	2                               @ Abbreviation Code
	.byte	4                               @ DW_TAG_enumeration_type
	.byte	1                               @ DW_CHILDREN_yes
	.byte	73                              @ DW_AT_type
	.byte	19                              @ DW_FORM_ref4
	.byte	11                              @ DW_AT_byte_size
	.byte	11                              @ DW_FORM_data1
	.byte	58                              @ DW_AT_decl_file
	.byte	11                              @ DW_FORM_data1
	.byte	59                              @ DW_AT_decl_line
	.byte	11                              @ DW_FORM_data1
	.byte	0                               @ EOM(1)
	.byte	0                               @ EOM(2)
	.byte	3                               @ Abbreviation Code
	.byte	40                              @ DW_TAG_enumerator
	.byte	0                               @ DW_CHILDREN_no
	.byte	3                               @ DW_AT_name
	.byte	14                              @ DW_FORM_strp
	.byte	28                              @ DW_AT_const_value
	.byte	15                              @ DW_FORM_udata
	.byte	0                               @ EOM(1)
	.byte	0                               @ EOM(2)
	.byte	4                               @ Abbreviation Code
	.byte	36                              @ DW_TAG_base_type
	.byte	0                               @ DW_CHILDREN_no
	.byte	3                               @ DW_AT_name
	.byte	14                              @ DW_FORM_strp
	.byte	62                              @ DW_AT_encoding
	.byte	11                              @ DW_FORM_data1
	.byte	11                              @ DW_AT_byte_size
	.byte	11                              @ DW_FORM_data1
	.byte	0                               @ EOM(1)
	.byte	0                               @ EOM(2)
	.byte	5                               @ Abbreviation Code
	.byte	22                              @ DW_TAG_typedef
	.byte	0                               @ DW_CHILDREN_no
	.byte	73                              @ DW_AT_type
	.byte	19                              @ DW_FORM_ref4
	.byte	3                               @ DW_AT_name
	.byte	14                              @ DW_FORM_strp
	.byte	58                              @ DW_AT_decl_file
	.byte	11                              @ DW_FORM_data1
	.byte	59                              @ DW_AT_decl_line
	.byte	11                              @ DW_FORM_data1
	.byte	0                               @ EOM(1)
	.byte	0                               @ EOM(2)
	.byte	6                               @ Abbreviation Code
	.byte	15                              @ DW_TAG_pointer_type
	.byte	0                               @ DW_CHILDREN_no
	.byte	73                              @ DW_AT_type
	.byte	19                              @ DW_FORM_ref4
	.byte	0                               @ EOM(1)
	.byte	0                               @ EOM(2)
	.byte	7                               @ Abbreviation Code
	.byte	22                              @ DW_TAG_typedef
	.byte	0                               @ DW_CHILDREN_no
	.byte	73                              @ DW_AT_type
	.byte	19                              @ DW_FORM_ref4
	.byte	3                               @ DW_AT_name
	.byte	14                              @ DW_FORM_strp
	.byte	58                              @ DW_AT_decl_file
	.byte	11                              @ DW_FORM_data1
	.byte	59                              @ DW_AT_decl_line
	.byte	5                               @ DW_FORM_data2
	.byte	0                               @ EOM(1)
	.byte	0                               @ EOM(2)
	.byte	8                               @ Abbreviation Code
	.byte	19                              @ DW_TAG_structure_type
	.byte	1                               @ DW_CHILDREN_yes
	.byte	11                              @ DW_AT_byte_size
	.byte	5                               @ DW_FORM_data2
	.byte	58                              @ DW_AT_decl_file
	.byte	11                              @ DW_FORM_data1
	.byte	59                              @ DW_AT_decl_line
	.byte	5                               @ DW_FORM_data2
	.byte	0                               @ EOM(1)
	.byte	0                               @ EOM(2)
	.byte	9                               @ Abbreviation Code
	.byte	13                              @ DW_TAG_member
	.byte	0                               @ DW_CHILDREN_no
	.byte	3                               @ DW_AT_name
	.byte	14                              @ DW_FORM_strp
	.byte	73                              @ DW_AT_type
	.byte	19                              @ DW_FORM_ref4
	.byte	58                              @ DW_AT_decl_file
	.byte	11                              @ DW_FORM_data1
	.byte	59                              @ DW_AT_decl_line
	.byte	5                               @ DW_FORM_data2
	.byte	56                              @ DW_AT_data_member_location
	.byte	11                              @ DW_FORM_data1
	.byte	0                               @ EOM(1)
	.byte	0                               @ EOM(2)
	.byte	10                              @ Abbreviation Code
	.byte	13                              @ DW_TAG_member
	.byte	0                               @ DW_CHILDREN_no
	.byte	3                               @ DW_AT_name
	.byte	14                              @ DW_FORM_strp
	.byte	73                              @ DW_AT_type
	.byte	19                              @ DW_FORM_ref4
	.byte	58                              @ DW_AT_decl_file
	.byte	11                              @ DW_FORM_data1
	.byte	59                              @ DW_AT_decl_line
	.byte	5                               @ DW_FORM_data2
	.byte	56                              @ DW_AT_data_member_location
	.byte	5                               @ DW_FORM_data2
	.byte	0                               @ EOM(1)
	.byte	0                               @ EOM(2)
	.byte	11                              @ Abbreviation Code
	.byte	53                              @ DW_TAG_volatile_type
	.byte	0                               @ DW_CHILDREN_no
	.byte	73                              @ DW_AT_type
	.byte	19                              @ DW_FORM_ref4
	.byte	0                               @ EOM(1)
	.byte	0                               @ EOM(2)
	.byte	12                              @ Abbreviation Code
	.byte	1                               @ DW_TAG_array_type
	.byte	1                               @ DW_CHILDREN_yes
	.byte	73                              @ DW_AT_type
	.byte	19                              @ DW_FORM_ref4
	.byte	0                               @ EOM(1)
	.byte	0                               @ EOM(2)
	.byte	13                              @ Abbreviation Code
	.byte	33                              @ DW_TAG_subrange_type
	.byte	0                               @ DW_CHILDREN_no
	.byte	73                              @ DW_AT_type
	.byte	19                              @ DW_FORM_ref4
	.byte	55                              @ DW_AT_count
	.byte	11                              @ DW_FORM_data1
	.byte	0                               @ EOM(1)
	.byte	0                               @ EOM(2)
	.byte	14                              @ Abbreviation Code
	.byte	36                              @ DW_TAG_base_type
	.byte	0                               @ DW_CHILDREN_no
	.byte	3                               @ DW_AT_name
	.byte	14                              @ DW_FORM_strp
	.byte	11                              @ DW_AT_byte_size
	.byte	11                              @ DW_FORM_data1
	.byte	62                              @ DW_AT_encoding
	.byte	11                              @ DW_FORM_data1
	.byte	0                               @ EOM(1)
	.byte	0                               @ EOM(2)
	.byte	15                              @ Abbreviation Code
	.byte	19                              @ DW_TAG_structure_type
	.byte	1                               @ DW_CHILDREN_yes
	.byte	11                              @ DW_AT_byte_size
	.byte	11                              @ DW_FORM_data1
	.byte	58                              @ DW_AT_decl_file
	.byte	11                              @ DW_FORM_data1
	.byte	59                              @ DW_AT_decl_line
	.byte	5                               @ DW_FORM_data2
	.byte	0                               @ EOM(1)
	.byte	0                               @ EOM(2)
	.byte	16                              @ Abbreviation Code
	.byte	46                              @ DW_TAG_subprogram
	.byte	1                               @ DW_CHILDREN_yes
	.byte	17                              @ DW_AT_low_pc
	.byte	1                               @ DW_FORM_addr
	.byte	18                              @ DW_AT_high_pc
	.byte	6                               @ DW_FORM_data4
	.byte	64                              @ DW_AT_frame_base
	.byte	24                              @ DW_FORM_exprloc
	.byte	3                               @ DW_AT_name
	.byte	14                              @ DW_FORM_strp
	.byte	58                              @ DW_AT_decl_file
	.byte	11                              @ DW_FORM_data1
	.byte	59                              @ DW_AT_decl_line
	.byte	11                              @ DW_FORM_data1
	.byte	39                              @ DW_AT_prototyped
	.byte	25                              @ DW_FORM_flag_present
	.byte	73                              @ DW_AT_type
	.byte	19                              @ DW_FORM_ref4
	.byte	63                              @ DW_AT_external
	.byte	25                              @ DW_FORM_flag_present
	.byte	0                               @ EOM(1)
	.byte	0                               @ EOM(2)
	.byte	17                              @ Abbreviation Code
	.byte	5                               @ DW_TAG_formal_parameter
	.byte	0                               @ DW_CHILDREN_no
	.byte	2                               @ DW_AT_location
	.byte	24                              @ DW_FORM_exprloc
	.byte	3                               @ DW_AT_name
	.byte	14                              @ DW_FORM_strp
	.byte	58                              @ DW_AT_decl_file
	.byte	11                              @ DW_FORM_data1
	.byte	59                              @ DW_AT_decl_line
	.byte	11                              @ DW_FORM_data1
	.byte	73                              @ DW_AT_type
	.byte	19                              @ DW_FORM_ref4
	.byte	0                               @ EOM(1)
	.byte	0                               @ EOM(2)
	.byte	18                              @ Abbreviation Code
	.byte	52                              @ DW_TAG_variable
	.byte	0                               @ DW_CHILDREN_no
	.byte	2                               @ DW_AT_location
	.byte	24                              @ DW_FORM_exprloc
	.byte	3                               @ DW_AT_name
	.byte	14                              @ DW_FORM_strp
	.byte	58                              @ DW_AT_decl_file
	.byte	11                              @ DW_FORM_data1
	.byte	59                              @ DW_AT_decl_line
	.byte	11                              @ DW_FORM_data1
	.byte	73                              @ DW_AT_type
	.byte	19                              @ DW_FORM_ref4
	.byte	0                               @ EOM(1)
	.byte	0                               @ EOM(2)
	.byte	19                              @ Abbreviation Code
	.byte	46                              @ DW_TAG_subprogram
	.byte	1                               @ DW_CHILDREN_yes
	.byte	17                              @ DW_AT_low_pc
	.byte	1                               @ DW_FORM_addr
	.byte	18                              @ DW_AT_high_pc
	.byte	6                               @ DW_FORM_data4
	.byte	64                              @ DW_AT_frame_base
	.byte	24                              @ DW_FORM_exprloc
	.byte	3                               @ DW_AT_name
	.byte	14                              @ DW_FORM_strp
	.byte	58                              @ DW_AT_decl_file
	.byte	11                              @ DW_FORM_data1
	.byte	59                              @ DW_AT_decl_line
	.byte	5                               @ DW_FORM_data2
	.byte	39                              @ DW_AT_prototyped
	.byte	25                              @ DW_FORM_flag_present
	.byte	73                              @ DW_AT_type
	.byte	19                              @ DW_FORM_ref4
	.byte	0                               @ EOM(1)
	.byte	0                               @ EOM(2)
	.byte	20                              @ Abbreviation Code
	.byte	5                               @ DW_TAG_formal_parameter
	.byte	0                               @ DW_CHILDREN_no
	.byte	2                               @ DW_AT_location
	.byte	24                              @ DW_FORM_exprloc
	.byte	3                               @ DW_AT_name
	.byte	14                              @ DW_FORM_strp
	.byte	58                              @ DW_AT_decl_file
	.byte	11                              @ DW_FORM_data1
	.byte	59                              @ DW_AT_decl_line
	.byte	5                               @ DW_FORM_data2
	.byte	73                              @ DW_AT_type
	.byte	19                              @ DW_FORM_ref4
	.byte	0                               @ EOM(1)
	.byte	0                               @ EOM(2)
	.byte	21                              @ Abbreviation Code
	.byte	52                              @ DW_TAG_variable
	.byte	0                               @ DW_CHILDREN_no
	.byte	2                               @ DW_AT_location
	.byte	24                              @ DW_FORM_exprloc
	.byte	3                               @ DW_AT_name
	.byte	14                              @ DW_FORM_strp
	.byte	58                              @ DW_AT_decl_file
	.byte	11                              @ DW_FORM_data1
	.byte	59                              @ DW_AT_decl_line
	.byte	5                               @ DW_FORM_data2
	.byte	73                              @ DW_AT_type
	.byte	19                              @ DW_FORM_ref4
	.byte	0                               @ EOM(1)
	.byte	0                               @ EOM(2)
	.byte	22                              @ Abbreviation Code
	.byte	46                              @ DW_TAG_subprogram
	.byte	1                               @ DW_CHILDREN_yes
	.byte	17                              @ DW_AT_low_pc
	.byte	1                               @ DW_FORM_addr
	.byte	18                              @ DW_AT_high_pc
	.byte	6                               @ DW_FORM_data4
	.byte	64                              @ DW_AT_frame_base
	.byte	24                              @ DW_FORM_exprloc
	.byte	3                               @ DW_AT_name
	.byte	14                              @ DW_FORM_strp
	.byte	58                              @ DW_AT_decl_file
	.byte	11                              @ DW_FORM_data1
	.byte	59                              @ DW_AT_decl_line
	.byte	5                               @ DW_FORM_data2
	.byte	39                              @ DW_AT_prototyped
	.byte	25                              @ DW_FORM_flag_present
	.byte	63                              @ DW_AT_external
	.byte	25                              @ DW_FORM_flag_present
	.byte	0                               @ EOM(1)
	.byte	0                               @ EOM(2)
	.byte	23                              @ Abbreviation Code
	.byte	46                              @ DW_TAG_subprogram
	.byte	1                               @ DW_CHILDREN_yes
	.byte	17                              @ DW_AT_low_pc
	.byte	1                               @ DW_FORM_addr
	.byte	18                              @ DW_AT_high_pc
	.byte	6                               @ DW_FORM_data4
	.byte	64                              @ DW_AT_frame_base
	.byte	24                              @ DW_FORM_exprloc
	.byte	3                               @ DW_AT_name
	.byte	14                              @ DW_FORM_strp
	.byte	58                              @ DW_AT_decl_file
	.byte	11                              @ DW_FORM_data1
	.byte	59                              @ DW_AT_decl_line
	.byte	5                               @ DW_FORM_data2
	.byte	39                              @ DW_AT_prototyped
	.byte	25                              @ DW_FORM_flag_present
	.byte	73                              @ DW_AT_type
	.byte	19                              @ DW_FORM_ref4
	.byte	63                              @ DW_AT_external
	.byte	25                              @ DW_FORM_flag_present
	.byte	0                               @ EOM(1)
	.byte	0                               @ EOM(2)
	.byte	24                              @ Abbreviation Code
	.byte	46                              @ DW_TAG_subprogram
	.byte	0                               @ DW_CHILDREN_no
	.byte	17                              @ DW_AT_low_pc
	.byte	1                               @ DW_FORM_addr
	.byte	18                              @ DW_AT_high_pc
	.byte	6                               @ DW_FORM_data4
	.byte	64                              @ DW_AT_frame_base
	.byte	24                              @ DW_FORM_exprloc
	.byte	3                               @ DW_AT_name
	.byte	14                              @ DW_FORM_strp
	.byte	58                              @ DW_AT_decl_file
	.byte	11                              @ DW_FORM_data1
	.byte	59                              @ DW_AT_decl_line
	.byte	5                               @ DW_FORM_data2
	.byte	39                              @ DW_AT_prototyped
	.byte	25                              @ DW_FORM_flag_present
	.byte	73                              @ DW_AT_type
	.byte	19                              @ DW_FORM_ref4
	.byte	63                              @ DW_AT_external
	.byte	25                              @ DW_FORM_flag_present
	.byte	0                               @ EOM(1)
	.byte	0                               @ EOM(2)
	.byte	25                              @ Abbreviation Code
	.byte	46                              @ DW_TAG_subprogram
	.byte	0                               @ DW_CHILDREN_no
	.byte	17                              @ DW_AT_low_pc
	.byte	1                               @ DW_FORM_addr
	.byte	18                              @ DW_AT_high_pc
	.byte	6                               @ DW_FORM_data4
	.byte	64                              @ DW_AT_frame_base
	.byte	24                              @ DW_FORM_exprloc
	.byte	3                               @ DW_AT_name
	.byte	14                              @ DW_FORM_strp
	.byte	58                              @ DW_AT_decl_file
	.byte	11                              @ DW_FORM_data1
	.byte	59                              @ DW_AT_decl_line
	.byte	5                               @ DW_FORM_data2
	.byte	39                              @ DW_AT_prototyped
	.byte	25                              @ DW_FORM_flag_present
	.byte	63                              @ DW_AT_external
	.byte	25                              @ DW_FORM_flag_present
	.byte	0                               @ EOM(1)
	.byte	0                               @ EOM(2)
	.byte	26                              @ Abbreviation Code
	.byte	19                              @ DW_TAG_structure_type
	.byte	1                               @ DW_CHILDREN_yes
	.byte	11                              @ DW_AT_byte_size
	.byte	11                              @ DW_FORM_data1
	.byte	58                              @ DW_AT_decl_file
	.byte	11                              @ DW_FORM_data1
	.byte	59                              @ DW_AT_decl_line
	.byte	11                              @ DW_FORM_data1
	.byte	0                               @ EOM(1)
	.byte	0                               @ EOM(2)
	.byte	27                              @ Abbreviation Code
	.byte	13                              @ DW_TAG_member
	.byte	0                               @ DW_CHILDREN_no
	.byte	3                               @ DW_AT_name
	.byte	14                              @ DW_FORM_strp
	.byte	73                              @ DW_AT_type
	.byte	19                              @ DW_FORM_ref4
	.byte	58                              @ DW_AT_decl_file
	.byte	11                              @ DW_FORM_data1
	.byte	59                              @ DW_AT_decl_line
	.byte	11                              @ DW_FORM_data1
	.byte	56                              @ DW_AT_data_member_location
	.byte	11                              @ DW_FORM_data1
	.byte	0                               @ EOM(1)
	.byte	0                               @ EOM(2)
	.byte	28                              @ Abbreviation Code
	.byte	38                              @ DW_TAG_const_type
	.byte	0                               @ DW_CHILDREN_no
	.byte	73                              @ DW_AT_type
	.byte	19                              @ DW_FORM_ref4
	.byte	0                               @ EOM(1)
	.byte	0                               @ EOM(2)
	.byte	0                               @ EOM(3)
	.section	.debug_info,"",%progbits
.Lcu_begin0:
	.long	.Ldebug_info_end0-.Ldebug_info_start0 @ Length of Unit
.Ldebug_info_start0:
	.short	4                               @ DWARF version number
	.long	.debug_abbrev                   @ Offset Into Abbrev. Section
	.byte	4                               @ Address Size (in bytes)
	.byte	1                               @ Abbrev [1] 0xb:0x1049 DW_TAG_compile_unit
	.long	.Linfo_string0                  @ DW_AT_producer
	.short	12                              @ DW_AT_language
	.long	.Linfo_string1                  @ DW_AT_name
	.long	.Lline_table_start0             @ DW_AT_stmt_list
	.long	.Linfo_string2                  @ DW_AT_comp_dir
	.long	0                               @ DW_AT_low_pc
	.long	.Ldebug_ranges0                 @ DW_AT_ranges
	.byte	2                               @ Abbrev [2] 0x26:0x21 DW_TAG_enumeration_type
	.long	71                              @ DW_AT_type
	.byte	1                               @ DW_AT_byte_size
	.byte	1                               @ DW_AT_decl_file
	.byte	39                              @ DW_AT_decl_line
	.byte	3                               @ Abbrev [3] 0x2e:0x6 DW_TAG_enumerator
	.long	.Linfo_string4                  @ DW_AT_name
	.byte	0                               @ DW_AT_const_value
	.byte	3                               @ Abbrev [3] 0x34:0x6 DW_TAG_enumerator
	.long	.Linfo_string5                  @ DW_AT_name
	.byte	1                               @ DW_AT_const_value
	.byte	3                               @ Abbrev [3] 0x3a:0x6 DW_TAG_enumerator
	.long	.Linfo_string6                  @ DW_AT_name
	.byte	2                               @ DW_AT_const_value
	.byte	3                               @ Abbrev [3] 0x40:0x6 DW_TAG_enumerator
	.long	.Linfo_string7                  @ DW_AT_name
	.byte	3                               @ DW_AT_const_value
	.byte	0                               @ End Of Children Mark
	.byte	4                               @ Abbrev [4] 0x47:0x7 DW_TAG_base_type
	.long	.Linfo_string3                  @ DW_AT_name
	.byte	8                               @ DW_AT_encoding
	.byte	1                               @ DW_AT_byte_size
	.byte	5                               @ Abbrev [5] 0x4e:0xb DW_TAG_typedef
	.long	89                              @ DW_AT_type
	.long	.Linfo_string9                  @ DW_AT_name
	.byte	2                               @ DW_AT_decl_file
	.byte	65                              @ DW_AT_decl_line
	.byte	4                               @ Abbrev [4] 0x59:0x7 DW_TAG_base_type
	.long	.Linfo_string8                  @ DW_AT_name
	.byte	7                               @ DW_AT_encoding
	.byte	8                               @ DW_AT_byte_size
	.byte	6                               @ Abbrev [6] 0x60:0x5 DW_TAG_pointer_type
	.long	101                             @ DW_AT_type
	.byte	7                               @ Abbrev [7] 0x65:0xc DW_TAG_typedef
	.long	113                             @ DW_AT_type
	.long	.Linfo_string78                 @ DW_AT_name
	.byte	3                               @ DW_AT_decl_file
	.short	1300                            @ DW_AT_decl_line
	.byte	8                               @ Abbrev [8] 0x71:0x35d DW_TAG_structure_type
	.short	304                             @ DW_AT_byte_size
	.byte	3                               @ DW_AT_decl_file
	.short	1232                            @ DW_AT_decl_line
	.byte	9                               @ Abbrev [9] 0x77:0xd DW_TAG_member
	.long	.Linfo_string10                 @ DW_AT_name
	.long	974                             @ DW_AT_type
	.byte	3                               @ DW_AT_decl_file
	.short	1234                            @ DW_AT_decl_line
	.byte	0                               @ DW_AT_data_member_location
	.byte	9                               @ Abbrev [9] 0x84:0xd DW_TAG_member
	.long	.Linfo_string13                 @ DW_AT_name
	.long	974                             @ DW_AT_type
	.byte	3                               @ DW_AT_decl_file
	.short	1235                            @ DW_AT_decl_line
	.byte	4                               @ DW_AT_data_member_location
	.byte	9                               @ Abbrev [9] 0x91:0xd DW_TAG_member
	.long	.Linfo_string14                 @ DW_AT_name
	.long	974                             @ DW_AT_type
	.byte	3                               @ DW_AT_decl_file
	.short	1236                            @ DW_AT_decl_line
	.byte	8                               @ DW_AT_data_member_location
	.byte	9                               @ Abbrev [9] 0x9e:0xd DW_TAG_member
	.long	.Linfo_string15                 @ DW_AT_name
	.long	974                             @ DW_AT_type
	.byte	3                               @ DW_AT_decl_file
	.short	1237                            @ DW_AT_decl_line
	.byte	12                              @ DW_AT_data_member_location
	.byte	9                               @ Abbrev [9] 0xab:0xd DW_TAG_member
	.long	.Linfo_string16                 @ DW_AT_name
	.long	974                             @ DW_AT_type
	.byte	3                               @ DW_AT_decl_file
	.short	1238                            @ DW_AT_decl_line
	.byte	16                              @ DW_AT_data_member_location
	.byte	9                               @ Abbrev [9] 0xb8:0xd DW_TAG_member
	.long	.Linfo_string17                 @ DW_AT_name
	.long	979                             @ DW_AT_type
	.byte	3                               @ DW_AT_decl_file
	.short	1239                            @ DW_AT_decl_line
	.byte	20                              @ DW_AT_data_member_location
	.byte	9                               @ Abbrev [9] 0xc5:0xd DW_TAG_member
	.long	.Linfo_string18                 @ DW_AT_name
	.long	974                             @ DW_AT_type
	.byte	3                               @ DW_AT_decl_file
	.short	1240                            @ DW_AT_decl_line
	.byte	24                              @ DW_AT_data_member_location
	.byte	9                               @ Abbrev [9] 0xd2:0xd DW_TAG_member
	.long	.Linfo_string19                 @ DW_AT_name
	.long	974                             @ DW_AT_type
	.byte	3                               @ DW_AT_decl_file
	.short	1241                            @ DW_AT_decl_line
	.byte	28                              @ DW_AT_data_member_location
	.byte	9                               @ Abbrev [9] 0xdf:0xd DW_TAG_member
	.long	.Linfo_string20                 @ DW_AT_name
	.long	974                             @ DW_AT_type
	.byte	3                               @ DW_AT_decl_file
	.short	1242                            @ DW_AT_decl_line
	.byte	32                              @ DW_AT_data_member_location
	.byte	9                               @ Abbrev [9] 0xec:0xd DW_TAG_member
	.long	.Linfo_string21                 @ DW_AT_name
	.long	979                             @ DW_AT_type
	.byte	3                               @ DW_AT_decl_file
	.short	1243                            @ DW_AT_decl_line
	.byte	36                              @ DW_AT_data_member_location
	.byte	9                               @ Abbrev [9] 0xf9:0xd DW_TAG_member
	.long	.Linfo_string22                 @ DW_AT_name
	.long	974                             @ DW_AT_type
	.byte	3                               @ DW_AT_decl_file
	.short	1244                            @ DW_AT_decl_line
	.byte	40                              @ DW_AT_data_member_location
	.byte	9                               @ Abbrev [9] 0x106:0xd DW_TAG_member
	.long	.Linfo_string23                 @ DW_AT_name
	.long	974                             @ DW_AT_type
	.byte	3                               @ DW_AT_decl_file
	.short	1245                            @ DW_AT_decl_line
	.byte	44                              @ DW_AT_data_member_location
	.byte	9                               @ Abbrev [9] 0x113:0xd DW_TAG_member
	.long	.Linfo_string24                 @ DW_AT_name
	.long	974                             @ DW_AT_type
	.byte	3                               @ DW_AT_decl_file
	.short	1246                            @ DW_AT_decl_line
	.byte	48                              @ DW_AT_data_member_location
	.byte	9                               @ Abbrev [9] 0x120:0xd DW_TAG_member
	.long	.Linfo_string25                 @ DW_AT_name
	.long	974                             @ DW_AT_type
	.byte	3                               @ DW_AT_decl_file
	.short	1247                            @ DW_AT_decl_line
	.byte	52                              @ DW_AT_data_member_location
	.byte	9                               @ Abbrev [9] 0x12d:0xd DW_TAG_member
	.long	.Linfo_string26                 @ DW_AT_name
	.long	974                             @ DW_AT_type
	.byte	3                               @ DW_AT_decl_file
	.short	1248                            @ DW_AT_decl_line
	.byte	56                              @ DW_AT_data_member_location
	.byte	9                               @ Abbrev [9] 0x13a:0xd DW_TAG_member
	.long	.Linfo_string27                 @ DW_AT_name
	.long	974                             @ DW_AT_type
	.byte	3                               @ DW_AT_decl_file
	.short	1249                            @ DW_AT_decl_line
	.byte	60                              @ DW_AT_data_member_location
	.byte	9                               @ Abbrev [9] 0x147:0xd DW_TAG_member
	.long	.Linfo_string28                 @ DW_AT_name
	.long	974                             @ DW_AT_type
	.byte	3                               @ DW_AT_decl_file
	.short	1250                            @ DW_AT_decl_line
	.byte	64                              @ DW_AT_data_member_location
	.byte	9                               @ Abbrev [9] 0x154:0xd DW_TAG_member
	.long	.Linfo_string29                 @ DW_AT_name
	.long	974                             @ DW_AT_type
	.byte	3                               @ DW_AT_decl_file
	.short	1251                            @ DW_AT_decl_line
	.byte	68                              @ DW_AT_data_member_location
	.byte	9                               @ Abbrev [9] 0x161:0xd DW_TAG_member
	.long	.Linfo_string30                 @ DW_AT_name
	.long	979                             @ DW_AT_type
	.byte	3                               @ DW_AT_decl_file
	.short	1252                            @ DW_AT_decl_line
	.byte	72                              @ DW_AT_data_member_location
	.byte	9                               @ Abbrev [9] 0x16e:0xd DW_TAG_member
	.long	.Linfo_string31                 @ DW_AT_name
	.long	974                             @ DW_AT_type
	.byte	3                               @ DW_AT_decl_file
	.short	1253                            @ DW_AT_decl_line
	.byte	76                              @ DW_AT_data_member_location
	.byte	9                               @ Abbrev [9] 0x17b:0xd DW_TAG_member
	.long	.Linfo_string32                 @ DW_AT_name
	.long	974                             @ DW_AT_type
	.byte	3                               @ DW_AT_decl_file
	.short	1254                            @ DW_AT_decl_line
	.byte	80                              @ DW_AT_data_member_location
	.byte	9                               @ Abbrev [9] 0x188:0xd DW_TAG_member
	.long	.Linfo_string33                 @ DW_AT_name
	.long	974                             @ DW_AT_type
	.byte	3                               @ DW_AT_decl_file
	.short	1255                            @ DW_AT_decl_line
	.byte	84                              @ DW_AT_data_member_location
	.byte	9                               @ Abbrev [9] 0x195:0xd DW_TAG_member
	.long	.Linfo_string34                 @ DW_AT_name
	.long	974                             @ DW_AT_type
	.byte	3                               @ DW_AT_decl_file
	.short	1256                            @ DW_AT_decl_line
	.byte	88                              @ DW_AT_data_member_location
	.byte	9                               @ Abbrev [9] 0x1a2:0xd DW_TAG_member
	.long	.Linfo_string35                 @ DW_AT_name
	.long	979                             @ DW_AT_type
	.byte	3                               @ DW_AT_decl_file
	.short	1257                            @ DW_AT_decl_line
	.byte	92                              @ DW_AT_data_member_location
	.byte	9                               @ Abbrev [9] 0x1af:0xd DW_TAG_member
	.long	.Linfo_string36                 @ DW_AT_name
	.long	974                             @ DW_AT_type
	.byte	3                               @ DW_AT_decl_file
	.short	1258                            @ DW_AT_decl_line
	.byte	96                              @ DW_AT_data_member_location
	.byte	9                               @ Abbrev [9] 0x1bc:0xd DW_TAG_member
	.long	.Linfo_string37                 @ DW_AT_name
	.long	974                             @ DW_AT_type
	.byte	3                               @ DW_AT_decl_file
	.short	1259                            @ DW_AT_decl_line
	.byte	100                             @ DW_AT_data_member_location
	.byte	9                               @ Abbrev [9] 0x1c9:0xd DW_TAG_member
	.long	.Linfo_string38                 @ DW_AT_name
	.long	974                             @ DW_AT_type
	.byte	3                               @ DW_AT_decl_file
	.short	1260                            @ DW_AT_decl_line
	.byte	104                             @ DW_AT_data_member_location
	.byte	9                               @ Abbrev [9] 0x1d6:0xd DW_TAG_member
	.long	.Linfo_string39                 @ DW_AT_name
	.long	979                             @ DW_AT_type
	.byte	3                               @ DW_AT_decl_file
	.short	1261                            @ DW_AT_decl_line
	.byte	108                             @ DW_AT_data_member_location
	.byte	9                               @ Abbrev [9] 0x1e3:0xd DW_TAG_member
	.long	.Linfo_string40                 @ DW_AT_name
	.long	974                             @ DW_AT_type
	.byte	3                               @ DW_AT_decl_file
	.short	1262                            @ DW_AT_decl_line
	.byte	112                             @ DW_AT_data_member_location
	.byte	9                               @ Abbrev [9] 0x1f0:0xd DW_TAG_member
	.long	.Linfo_string41                 @ DW_AT_name
	.long	974                             @ DW_AT_type
	.byte	3                               @ DW_AT_decl_file
	.short	1263                            @ DW_AT_decl_line
	.byte	116                             @ DW_AT_data_member_location
	.byte	9                               @ Abbrev [9] 0x1fd:0xd DW_TAG_member
	.long	.Linfo_string42                 @ DW_AT_name
	.long	979                             @ DW_AT_type
	.byte	3                               @ DW_AT_decl_file
	.short	1264                            @ DW_AT_decl_line
	.byte	120                             @ DW_AT_data_member_location
	.byte	9                               @ Abbrev [9] 0x20a:0xd DW_TAG_member
	.long	.Linfo_string43                 @ DW_AT_name
	.long	974                             @ DW_AT_type
	.byte	3                               @ DW_AT_decl_file
	.short	1265                            @ DW_AT_decl_line
	.byte	124                             @ DW_AT_data_member_location
	.byte	9                               @ Abbrev [9] 0x217:0xd DW_TAG_member
	.long	.Linfo_string44                 @ DW_AT_name
	.long	974                             @ DW_AT_type
	.byte	3                               @ DW_AT_decl_file
	.short	1266                            @ DW_AT_decl_line
	.byte	128                             @ DW_AT_data_member_location
	.byte	9                               @ Abbrev [9] 0x224:0xd DW_TAG_member
	.long	.Linfo_string45                 @ DW_AT_name
	.long	974                             @ DW_AT_type
	.byte	3                               @ DW_AT_decl_file
	.short	1267                            @ DW_AT_decl_line
	.byte	132                             @ DW_AT_data_member_location
	.byte	9                               @ Abbrev [9] 0x231:0xd DW_TAG_member
	.long	.Linfo_string46                 @ DW_AT_name
	.long	974                             @ DW_AT_type
	.byte	3                               @ DW_AT_decl_file
	.short	1268                            @ DW_AT_decl_line
	.byte	136                             @ DW_AT_data_member_location
	.byte	9                               @ Abbrev [9] 0x23e:0xd DW_TAG_member
	.long	.Linfo_string47                 @ DW_AT_name
	.long	974                             @ DW_AT_type
	.byte	3                               @ DW_AT_decl_file
	.short	1269                            @ DW_AT_decl_line
	.byte	140                             @ DW_AT_data_member_location
	.byte	9                               @ Abbrev [9] 0x24b:0xd DW_TAG_member
	.long	.Linfo_string48                 @ DW_AT_name
	.long	974                             @ DW_AT_type
	.byte	3                               @ DW_AT_decl_file
	.short	1270                            @ DW_AT_decl_line
	.byte	144                             @ DW_AT_data_member_location
	.byte	9                               @ Abbrev [9] 0x258:0xd DW_TAG_member
	.long	.Linfo_string49                 @ DW_AT_name
	.long	974                             @ DW_AT_type
	.byte	3                               @ DW_AT_decl_file
	.short	1271                            @ DW_AT_decl_line
	.byte	148                             @ DW_AT_data_member_location
	.byte	9                               @ Abbrev [9] 0x265:0xd DW_TAG_member
	.long	.Linfo_string50                 @ DW_AT_name
	.long	974                             @ DW_AT_type
	.byte	3                               @ DW_AT_decl_file
	.short	1272                            @ DW_AT_decl_line
	.byte	152                             @ DW_AT_data_member_location
	.byte	9                               @ Abbrev [9] 0x272:0xd DW_TAG_member
	.long	.Linfo_string51                 @ DW_AT_name
	.long	974                             @ DW_AT_type
	.byte	3                               @ DW_AT_decl_file
	.short	1273                            @ DW_AT_decl_line
	.byte	156                             @ DW_AT_data_member_location
	.byte	9                               @ Abbrev [9] 0x27f:0xd DW_TAG_member
	.long	.Linfo_string52                 @ DW_AT_name
	.long	974                             @ DW_AT_type
	.byte	3                               @ DW_AT_decl_file
	.short	1274                            @ DW_AT_decl_line
	.byte	160                             @ DW_AT_data_member_location
	.byte	9                               @ Abbrev [9] 0x28c:0xd DW_TAG_member
	.long	.Linfo_string53                 @ DW_AT_name
	.long	979                             @ DW_AT_type
	.byte	3                               @ DW_AT_decl_file
	.short	1275                            @ DW_AT_decl_line
	.byte	164                             @ DW_AT_data_member_location
	.byte	9                               @ Abbrev [9] 0x299:0xd DW_TAG_member
	.long	.Linfo_string54                 @ DW_AT_name
	.long	974                             @ DW_AT_type
	.byte	3                               @ DW_AT_decl_file
	.short	1276                            @ DW_AT_decl_line
	.byte	168                             @ DW_AT_data_member_location
	.byte	9                               @ Abbrev [9] 0x2a6:0xd DW_TAG_member
	.long	.Linfo_string55                 @ DW_AT_name
	.long	997                             @ DW_AT_type
	.byte	3                               @ DW_AT_decl_file
	.short	1277                            @ DW_AT_decl_line
	.byte	172                             @ DW_AT_data_member_location
	.byte	9                               @ Abbrev [9] 0x2b3:0xd DW_TAG_member
	.long	.Linfo_string57                 @ DW_AT_name
	.long	974                             @ DW_AT_type
	.byte	3                               @ DW_AT_decl_file
	.short	1278                            @ DW_AT_decl_line
	.byte	208                             @ DW_AT_data_member_location
	.byte	9                               @ Abbrev [9] 0x2c0:0xd DW_TAG_member
	.long	.Linfo_string58                 @ DW_AT_name
	.long	974                             @ DW_AT_type
	.byte	3                               @ DW_AT_decl_file
	.short	1279                            @ DW_AT_decl_line
	.byte	212                             @ DW_AT_data_member_location
	.byte	9                               @ Abbrev [9] 0x2cd:0xd DW_TAG_member
	.long	.Linfo_string59                 @ DW_AT_name
	.long	974                             @ DW_AT_type
	.byte	3                               @ DW_AT_decl_file
	.short	1280                            @ DW_AT_decl_line
	.byte	216                             @ DW_AT_data_member_location
	.byte	9                               @ Abbrev [9] 0x2da:0xd DW_TAG_member
	.long	.Linfo_string60                 @ DW_AT_name
	.long	974                             @ DW_AT_type
	.byte	3                               @ DW_AT_decl_file
	.short	1281                            @ DW_AT_decl_line
	.byte	220                             @ DW_AT_data_member_location
	.byte	9                               @ Abbrev [9] 0x2e7:0xd DW_TAG_member
	.long	.Linfo_string61                 @ DW_AT_name
	.long	974                             @ DW_AT_type
	.byte	3                               @ DW_AT_decl_file
	.short	1282                            @ DW_AT_decl_line
	.byte	224                             @ DW_AT_data_member_location
	.byte	9                               @ Abbrev [9] 0x2f4:0xd DW_TAG_member
	.long	.Linfo_string62                 @ DW_AT_name
	.long	974                             @ DW_AT_type
	.byte	3                               @ DW_AT_decl_file
	.short	1283                            @ DW_AT_decl_line
	.byte	228                             @ DW_AT_data_member_location
	.byte	9                               @ Abbrev [9] 0x301:0xd DW_TAG_member
	.long	.Linfo_string63                 @ DW_AT_name
	.long	974                             @ DW_AT_type
	.byte	3                               @ DW_AT_decl_file
	.short	1284                            @ DW_AT_decl_line
	.byte	232                             @ DW_AT_data_member_location
	.byte	9                               @ Abbrev [9] 0x30e:0xd DW_TAG_member
	.long	.Linfo_string64                 @ DW_AT_name
	.long	974                             @ DW_AT_type
	.byte	3                               @ DW_AT_decl_file
	.short	1285                            @ DW_AT_decl_line
	.byte	236                             @ DW_AT_data_member_location
	.byte	9                               @ Abbrev [9] 0x31b:0xd DW_TAG_member
	.long	.Linfo_string65                 @ DW_AT_name
	.long	974                             @ DW_AT_type
	.byte	3                               @ DW_AT_decl_file
	.short	1286                            @ DW_AT_decl_line
	.byte	240                             @ DW_AT_data_member_location
	.byte	9                               @ Abbrev [9] 0x328:0xd DW_TAG_member
	.long	.Linfo_string66                 @ DW_AT_name
	.long	974                             @ DW_AT_type
	.byte	3                               @ DW_AT_decl_file
	.short	1287                            @ DW_AT_decl_line
	.byte	244                             @ DW_AT_data_member_location
	.byte	9                               @ Abbrev [9] 0x335:0xd DW_TAG_member
	.long	.Linfo_string67                 @ DW_AT_name
	.long	979                             @ DW_AT_type
	.byte	3                               @ DW_AT_decl_file
	.short	1288                            @ DW_AT_decl_line
	.byte	248                             @ DW_AT_data_member_location
	.byte	9                               @ Abbrev [9] 0x342:0xd DW_TAG_member
	.long	.Linfo_string68                 @ DW_AT_name
	.long	974                             @ DW_AT_type
	.byte	3                               @ DW_AT_decl_file
	.short	1289                            @ DW_AT_decl_line
	.byte	252                             @ DW_AT_data_member_location
	.byte	10                              @ Abbrev [10] 0x34f:0xe DW_TAG_member
	.long	.Linfo_string69                 @ DW_AT_name
	.long	974                             @ DW_AT_type
	.byte	3                               @ DW_AT_decl_file
	.short	1290                            @ DW_AT_decl_line
	.short	256                             @ DW_AT_data_member_location
	.byte	10                              @ Abbrev [10] 0x35d:0xe DW_TAG_member
	.long	.Linfo_string70                 @ DW_AT_name
	.long	974                             @ DW_AT_type
	.byte	3                               @ DW_AT_decl_file
	.short	1291                            @ DW_AT_decl_line
	.short	260                             @ DW_AT_data_member_location
	.byte	10                              @ Abbrev [10] 0x36b:0xe DW_TAG_member
	.long	.Linfo_string71                 @ DW_AT_name
	.long	974                             @ DW_AT_type
	.byte	3                               @ DW_AT_decl_file
	.short	1292                            @ DW_AT_decl_line
	.short	264                             @ DW_AT_data_member_location
	.byte	10                              @ Abbrev [10] 0x379:0xe DW_TAG_member
	.long	.Linfo_string72                 @ DW_AT_name
	.long	974                             @ DW_AT_type
	.byte	3                               @ DW_AT_decl_file
	.short	1293                            @ DW_AT_decl_line
	.short	268                             @ DW_AT_data_member_location
	.byte	10                              @ Abbrev [10] 0x387:0xe DW_TAG_member
	.long	.Linfo_string73                 @ DW_AT_name
	.long	974                             @ DW_AT_type
	.byte	3                               @ DW_AT_decl_file
	.short	1294                            @ DW_AT_decl_line
	.short	272                             @ DW_AT_data_member_location
	.byte	10                              @ Abbrev [10] 0x395:0xe DW_TAG_member
	.long	.Linfo_string74                 @ DW_AT_name
	.long	974                             @ DW_AT_type
	.byte	3                               @ DW_AT_decl_file
	.short	1295                            @ DW_AT_decl_line
	.short	276                             @ DW_AT_data_member_location
	.byte	10                              @ Abbrev [10] 0x3a3:0xe DW_TAG_member
	.long	.Linfo_string75                 @ DW_AT_name
	.long	974                             @ DW_AT_type
	.byte	3                               @ DW_AT_decl_file
	.short	1296                            @ DW_AT_decl_line
	.short	280                             @ DW_AT_data_member_location
	.byte	10                              @ Abbrev [10] 0x3b1:0xe DW_TAG_member
	.long	.Linfo_string76                 @ DW_AT_name
	.long	974                             @ DW_AT_type
	.byte	3                               @ DW_AT_decl_file
	.short	1297                            @ DW_AT_decl_line
	.short	284                             @ DW_AT_data_member_location
	.byte	10                              @ Abbrev [10] 0x3bf:0xe DW_TAG_member
	.long	.Linfo_string77                 @ DW_AT_name
	.long	1016                            @ DW_AT_type
	.byte	3                               @ DW_AT_decl_file
	.short	1298                            @ DW_AT_decl_line
	.short	288                             @ DW_AT_data_member_location
	.byte	0                               @ End Of Children Mark
	.byte	11                              @ Abbrev [11] 0x3ce:0x5 DW_TAG_volatile_type
	.long	979                             @ DW_AT_type
	.byte	5                               @ Abbrev [5] 0x3d3:0xb DW_TAG_typedef
	.long	990                             @ DW_AT_type
	.long	.Linfo_string12                 @ DW_AT_name
	.byte	2                               @ DW_AT_decl_file
	.byte	64                              @ DW_AT_decl_line
	.byte	4                               @ Abbrev [4] 0x3de:0x7 DW_TAG_base_type
	.long	.Linfo_string11                 @ DW_AT_name
	.byte	7                               @ DW_AT_encoding
	.byte	4                               @ DW_AT_byte_size
	.byte	12                              @ Abbrev [12] 0x3e5:0xc DW_TAG_array_type
	.long	979                             @ DW_AT_type
	.byte	13                              @ Abbrev [13] 0x3ea:0x6 DW_TAG_subrange_type
	.long	1009                            @ DW_AT_type
	.byte	9                               @ DW_AT_count
	.byte	0                               @ End Of Children Mark
	.byte	14                              @ Abbrev [14] 0x3f1:0x7 DW_TAG_base_type
	.long	.Linfo_string56                 @ DW_AT_name
	.byte	8                               @ DW_AT_byte_size
	.byte	7                               @ DW_AT_encoding
	.byte	12                              @ Abbrev [12] 0x3f8:0xc DW_TAG_array_type
	.long	979                             @ DW_AT_type
	.byte	13                              @ Abbrev [13] 0x3fd:0x6 DW_TAG_subrange_type
	.long	1009                            @ DW_AT_type
	.byte	4                               @ DW_AT_count
	.byte	0                               @ End Of Children Mark
	.byte	6                               @ Abbrev [6] 0x404:0x5 DW_TAG_pointer_type
	.long	1033                            @ DW_AT_type
	.byte	7                               @ Abbrev [7] 0x409:0xc DW_TAG_typedef
	.long	1045                            @ DW_AT_type
	.long	.Linfo_string89                 @ DW_AT_name
	.byte	3                               @ DW_AT_decl_file
	.short	1226                            @ DW_AT_decl_line
	.byte	15                              @ Abbrev [15] 0x415:0x95 DW_TAG_structure_type
	.byte	44                              @ DW_AT_byte_size
	.byte	3                               @ DW_AT_decl_file
	.short	1213                            @ DW_AT_decl_line
	.byte	9                               @ Abbrev [9] 0x41a:0xd DW_TAG_member
	.long	.Linfo_string79                 @ DW_AT_name
	.long	974                             @ DW_AT_type
	.byte	3                               @ DW_AT_decl_file
	.short	1215                            @ DW_AT_decl_line
	.byte	0                               @ DW_AT_data_member_location
	.byte	9                               @ Abbrev [9] 0x427:0xd DW_TAG_member
	.long	.Linfo_string80                 @ DW_AT_name
	.long	974                             @ DW_AT_type
	.byte	3                               @ DW_AT_decl_file
	.short	1216                            @ DW_AT_decl_line
	.byte	4                               @ DW_AT_data_member_location
	.byte	9                               @ Abbrev [9] 0x434:0xd DW_TAG_member
	.long	.Linfo_string81                 @ DW_AT_name
	.long	974                             @ DW_AT_type
	.byte	3                               @ DW_AT_decl_file
	.short	1217                            @ DW_AT_decl_line
	.byte	8                               @ DW_AT_data_member_location
	.byte	9                               @ Abbrev [9] 0x441:0xd DW_TAG_member
	.long	.Linfo_string82                 @ DW_AT_name
	.long	974                             @ DW_AT_type
	.byte	3                               @ DW_AT_decl_file
	.short	1218                            @ DW_AT_decl_line
	.byte	12                              @ DW_AT_data_member_location
	.byte	9                               @ Abbrev [9] 0x44e:0xd DW_TAG_member
	.long	.Linfo_string83                 @ DW_AT_name
	.long	974                             @ DW_AT_type
	.byte	3                               @ DW_AT_decl_file
	.short	1219                            @ DW_AT_decl_line
	.byte	16                              @ DW_AT_data_member_location
	.byte	9                               @ Abbrev [9] 0x45b:0xd DW_TAG_member
	.long	.Linfo_string84                 @ DW_AT_name
	.long	979                             @ DW_AT_type
	.byte	3                               @ DW_AT_decl_file
	.short	1220                            @ DW_AT_decl_line
	.byte	20                              @ DW_AT_data_member_location
	.byte	9                               @ Abbrev [9] 0x468:0xd DW_TAG_member
	.long	.Linfo_string85                 @ DW_AT_name
	.long	974                             @ DW_AT_type
	.byte	3                               @ DW_AT_decl_file
	.short	1221                            @ DW_AT_decl_line
	.byte	24                              @ DW_AT_data_member_location
	.byte	9                               @ Abbrev [9] 0x475:0xd DW_TAG_member
	.long	.Linfo_string17                 @ DW_AT_name
	.long	979                             @ DW_AT_type
	.byte	3                               @ DW_AT_decl_file
	.short	1222                            @ DW_AT_decl_line
	.byte	28                              @ DW_AT_data_member_location
	.byte	9                               @ Abbrev [9] 0x482:0xd DW_TAG_member
	.long	.Linfo_string86                 @ DW_AT_name
	.long	974                             @ DW_AT_type
	.byte	3                               @ DW_AT_decl_file
	.short	1223                            @ DW_AT_decl_line
	.byte	32                              @ DW_AT_data_member_location
	.byte	9                               @ Abbrev [9] 0x48f:0xd DW_TAG_member
	.long	.Linfo_string87                 @ DW_AT_name
	.long	974                             @ DW_AT_type
	.byte	3                               @ DW_AT_decl_file
	.short	1224                            @ DW_AT_decl_line
	.byte	36                              @ DW_AT_data_member_location
	.byte	9                               @ Abbrev [9] 0x49c:0xd DW_TAG_member
	.long	.Linfo_string88                 @ DW_AT_name
	.long	974                             @ DW_AT_type
	.byte	3                               @ DW_AT_decl_file
	.short	1225                            @ DW_AT_decl_line
	.byte	40                              @ DW_AT_data_member_location
	.byte	0                               @ End Of Children Mark
	.byte	5                               @ Abbrev [5] 0x4aa:0xb DW_TAG_typedef
	.long	71                              @ DW_AT_type
	.long	.Linfo_string90                 @ DW_AT_name
	.byte	2                               @ DW_AT_decl_file
	.byte	62                              @ DW_AT_decl_line
	.byte	7                               @ Abbrev [7] 0x4b5:0xc DW_TAG_typedef
	.long	1217                            @ DW_AT_type
	.long	.Linfo_string92                 @ DW_AT_name
	.byte	4                               @ DW_AT_decl_file
	.short	266                             @ DW_AT_decl_line
	.byte	4                               @ Abbrev [4] 0x4c1:0x7 DW_TAG_base_type
	.long	.Linfo_string91                 @ DW_AT_name
	.byte	4                               @ DW_AT_encoding
	.byte	4                               @ DW_AT_byte_size
	.byte	6                               @ Abbrev [6] 0x4c8:0x5 DW_TAG_pointer_type
	.long	1229                            @ DW_AT_type
	.byte	7                               @ Abbrev [7] 0x4cd:0xc DW_TAG_typedef
	.long	1241                            @ DW_AT_type
	.long	.Linfo_string120                @ DW_AT_name
	.byte	3                               @ DW_AT_decl_file
	.short	924                             @ DW_AT_decl_line
	.byte	15                              @ Abbrev [15] 0x4d9:0x1a6 DW_TAG_structure_type
	.byte	172                             @ DW_AT_byte_size
	.byte	3                               @ DW_AT_decl_file
	.short	890                             @ DW_AT_decl_line
	.byte	9                               @ Abbrev [9] 0x4de:0xd DW_TAG_member
	.long	.Linfo_string93                 @ DW_AT_name
	.long	974                             @ DW_AT_type
	.byte	3                               @ DW_AT_decl_file
	.short	892                             @ DW_AT_decl_line
	.byte	0                               @ DW_AT_data_member_location
	.byte	9                               @ Abbrev [9] 0x4eb:0xd DW_TAG_member
	.long	.Linfo_string94                 @ DW_AT_name
	.long	974                             @ DW_AT_type
	.byte	3                               @ DW_AT_decl_file
	.short	893                             @ DW_AT_decl_line
	.byte	4                               @ DW_AT_data_member_location
	.byte	9                               @ Abbrev [9] 0x4f8:0xd DW_TAG_member
	.long	.Linfo_string95                 @ DW_AT_name
	.long	974                             @ DW_AT_type
	.byte	3                               @ DW_AT_decl_file
	.short	894                             @ DW_AT_decl_line
	.byte	8                               @ DW_AT_data_member_location
	.byte	9                               @ Abbrev [9] 0x505:0xd DW_TAG_member
	.long	.Linfo_string96                 @ DW_AT_name
	.long	974                             @ DW_AT_type
	.byte	3                               @ DW_AT_decl_file
	.short	895                             @ DW_AT_decl_line
	.byte	12                              @ DW_AT_data_member_location
	.byte	9                               @ Abbrev [9] 0x512:0xd DW_TAG_member
	.long	.Linfo_string97                 @ DW_AT_name
	.long	974                             @ DW_AT_type
	.byte	3                               @ DW_AT_decl_file
	.short	896                             @ DW_AT_decl_line
	.byte	16                              @ DW_AT_data_member_location
	.byte	9                               @ Abbrev [9] 0x51f:0xd DW_TAG_member
	.long	.Linfo_string98                 @ DW_AT_name
	.long	974                             @ DW_AT_type
	.byte	3                               @ DW_AT_decl_file
	.short	897                             @ DW_AT_decl_line
	.byte	20                              @ DW_AT_data_member_location
	.byte	9                               @ Abbrev [9] 0x52c:0xd DW_TAG_member
	.long	.Linfo_string17                 @ DW_AT_name
	.long	1663                            @ DW_AT_type
	.byte	3                               @ DW_AT_decl_file
	.short	898                             @ DW_AT_decl_line
	.byte	24                              @ DW_AT_data_member_location
	.byte	9                               @ Abbrev [9] 0x539:0xd DW_TAG_member
	.long	.Linfo_string99                 @ DW_AT_name
	.long	974                             @ DW_AT_type
	.byte	3                               @ DW_AT_decl_file
	.short	899                             @ DW_AT_decl_line
	.byte	32                              @ DW_AT_data_member_location
	.byte	9                               @ Abbrev [9] 0x546:0xd DW_TAG_member
	.long	.Linfo_string100                @ DW_AT_name
	.long	974                             @ DW_AT_type
	.byte	3                               @ DW_AT_decl_file
	.short	900                             @ DW_AT_decl_line
	.byte	36                              @ DW_AT_data_member_location
	.byte	9                               @ Abbrev [9] 0x553:0xd DW_TAG_member
	.long	.Linfo_string101                @ DW_AT_name
	.long	974                             @ DW_AT_type
	.byte	3                               @ DW_AT_decl_file
	.short	901                             @ DW_AT_decl_line
	.byte	40                              @ DW_AT_data_member_location
	.byte	9                               @ Abbrev [9] 0x560:0xd DW_TAG_member
	.long	.Linfo_string102                @ DW_AT_name
	.long	974                             @ DW_AT_type
	.byte	3                               @ DW_AT_decl_file
	.short	902                             @ DW_AT_decl_line
	.byte	44                              @ DW_AT_data_member_location
	.byte	9                               @ Abbrev [9] 0x56d:0xd DW_TAG_member
	.long	.Linfo_string103                @ DW_AT_name
	.long	974                             @ DW_AT_type
	.byte	3                               @ DW_AT_decl_file
	.short	903                             @ DW_AT_decl_line
	.byte	48                              @ DW_AT_data_member_location
	.byte	9                               @ Abbrev [9] 0x57a:0xd DW_TAG_member
	.long	.Linfo_string104                @ DW_AT_name
	.long	974                             @ DW_AT_type
	.byte	3                               @ DW_AT_decl_file
	.short	904                             @ DW_AT_decl_line
	.byte	52                              @ DW_AT_data_member_location
	.byte	9                               @ Abbrev [9] 0x587:0xd DW_TAG_member
	.long	.Linfo_string21                 @ DW_AT_name
	.long	1663                            @ DW_AT_type
	.byte	3                               @ DW_AT_decl_file
	.short	905                             @ DW_AT_decl_line
	.byte	56                              @ DW_AT_data_member_location
	.byte	9                               @ Abbrev [9] 0x594:0xd DW_TAG_member
	.long	.Linfo_string105                @ DW_AT_name
	.long	974                             @ DW_AT_type
	.byte	3                               @ DW_AT_decl_file
	.short	906                             @ DW_AT_decl_line
	.byte	64                              @ DW_AT_data_member_location
	.byte	9                               @ Abbrev [9] 0x5a1:0xd DW_TAG_member
	.long	.Linfo_string106                @ DW_AT_name
	.long	974                             @ DW_AT_type
	.byte	3                               @ DW_AT_decl_file
	.short	907                             @ DW_AT_decl_line
	.byte	68                              @ DW_AT_data_member_location
	.byte	9                               @ Abbrev [9] 0x5ae:0xd DW_TAG_member
	.long	.Linfo_string107                @ DW_AT_name
	.long	974                             @ DW_AT_type
	.byte	3                               @ DW_AT_decl_file
	.short	908                             @ DW_AT_decl_line
	.byte	72                              @ DW_AT_data_member_location
	.byte	9                               @ Abbrev [9] 0x5bb:0xd DW_TAG_member
	.long	.Linfo_string108                @ DW_AT_name
	.long	974                             @ DW_AT_type
	.byte	3                               @ DW_AT_decl_file
	.short	909                             @ DW_AT_decl_line
	.byte	76                              @ DW_AT_data_member_location
	.byte	9                               @ Abbrev [9] 0x5c8:0xd DW_TAG_member
	.long	.Linfo_string109                @ DW_AT_name
	.long	974                             @ DW_AT_type
	.byte	3                               @ DW_AT_decl_file
	.short	910                             @ DW_AT_decl_line
	.byte	80                              @ DW_AT_data_member_location
	.byte	9                               @ Abbrev [9] 0x5d5:0xd DW_TAG_member
	.long	.Linfo_string110                @ DW_AT_name
	.long	974                             @ DW_AT_type
	.byte	3                               @ DW_AT_decl_file
	.short	911                             @ DW_AT_decl_line
	.byte	84                              @ DW_AT_data_member_location
	.byte	9                               @ Abbrev [9] 0x5e2:0xd DW_TAG_member
	.long	.Linfo_string30                 @ DW_AT_name
	.long	1675                            @ DW_AT_type
	.byte	3                               @ DW_AT_decl_file
	.short	912                             @ DW_AT_decl_line
	.byte	88                              @ DW_AT_data_member_location
	.byte	9                               @ Abbrev [9] 0x5ef:0xd DW_TAG_member
	.long	.Linfo_string111                @ DW_AT_name
	.long	974                             @ DW_AT_type
	.byte	3                               @ DW_AT_decl_file
	.short	913                             @ DW_AT_decl_line
	.byte	128                             @ DW_AT_data_member_location
	.byte	9                               @ Abbrev [9] 0x5fc:0xd DW_TAG_member
	.long	.Linfo_string112                @ DW_AT_name
	.long	974                             @ DW_AT_type
	.byte	3                               @ DW_AT_decl_file
	.short	914                             @ DW_AT_decl_line
	.byte	132                             @ DW_AT_data_member_location
	.byte	9                               @ Abbrev [9] 0x609:0xd DW_TAG_member
	.long	.Linfo_string113                @ DW_AT_name
	.long	974                             @ DW_AT_type
	.byte	3                               @ DW_AT_decl_file
	.short	915                             @ DW_AT_decl_line
	.byte	136                             @ DW_AT_data_member_location
	.byte	9                               @ Abbrev [9] 0x616:0xd DW_TAG_member
	.long	.Linfo_string35                 @ DW_AT_name
	.long	979                             @ DW_AT_type
	.byte	3                               @ DW_AT_decl_file
	.short	916                             @ DW_AT_decl_line
	.byte	140                             @ DW_AT_data_member_location
	.byte	9                               @ Abbrev [9] 0x623:0xd DW_TAG_member
	.long	.Linfo_string114                @ DW_AT_name
	.long	974                             @ DW_AT_type
	.byte	3                               @ DW_AT_decl_file
	.short	917                             @ DW_AT_decl_line
	.byte	144                             @ DW_AT_data_member_location
	.byte	9                               @ Abbrev [9] 0x630:0xd DW_TAG_member
	.long	.Linfo_string115                @ DW_AT_name
	.long	974                             @ DW_AT_type
	.byte	3                               @ DW_AT_decl_file
	.short	918                             @ DW_AT_decl_line
	.byte	148                             @ DW_AT_data_member_location
	.byte	9                               @ Abbrev [9] 0x63d:0xd DW_TAG_member
	.long	.Linfo_string116                @ DW_AT_name
	.long	974                             @ DW_AT_type
	.byte	3                               @ DW_AT_decl_file
	.short	919                             @ DW_AT_decl_line
	.byte	152                             @ DW_AT_data_member_location
	.byte	9                               @ Abbrev [9] 0x64a:0xd DW_TAG_member
	.long	.Linfo_string39                 @ DW_AT_name
	.long	979                             @ DW_AT_type
	.byte	3                               @ DW_AT_decl_file
	.short	920                             @ DW_AT_decl_line
	.byte	156                             @ DW_AT_data_member_location
	.byte	9                               @ Abbrev [9] 0x657:0xd DW_TAG_member
	.long	.Linfo_string117                @ DW_AT_name
	.long	974                             @ DW_AT_type
	.byte	3                               @ DW_AT_decl_file
	.short	921                             @ DW_AT_decl_line
	.byte	160                             @ DW_AT_data_member_location
	.byte	9                               @ Abbrev [9] 0x664:0xd DW_TAG_member
	.long	.Linfo_string118                @ DW_AT_name
	.long	974                             @ DW_AT_type
	.byte	3                               @ DW_AT_decl_file
	.short	922                             @ DW_AT_decl_line
	.byte	164                             @ DW_AT_data_member_location
	.byte	9                               @ Abbrev [9] 0x671:0xd DW_TAG_member
	.long	.Linfo_string119                @ DW_AT_name
	.long	974                             @ DW_AT_type
	.byte	3                               @ DW_AT_decl_file
	.short	923                             @ DW_AT_decl_line
	.byte	168                             @ DW_AT_data_member_location
	.byte	0                               @ End Of Children Mark
	.byte	12                              @ Abbrev [12] 0x67f:0xc DW_TAG_array_type
	.long	979                             @ DW_AT_type
	.byte	13                              @ Abbrev [13] 0x684:0x6 DW_TAG_subrange_type
	.long	1009                            @ DW_AT_type
	.byte	2                               @ DW_AT_count
	.byte	0                               @ End Of Children Mark
	.byte	12                              @ Abbrev [12] 0x68b:0xc DW_TAG_array_type
	.long	979                             @ DW_AT_type
	.byte	13                              @ Abbrev [13] 0x690:0x6 DW_TAG_subrange_type
	.long	1009                            @ DW_AT_type
	.byte	10                              @ DW_AT_count
	.byte	0                               @ End Of Children Mark
	.byte	6                               @ Abbrev [6] 0x697:0x5 DW_TAG_pointer_type
	.long	1692                            @ DW_AT_type
	.byte	7                               @ Abbrev [7] 0x69c:0xc DW_TAG_typedef
	.long	1704                            @ DW_AT_type
	.long	.Linfo_string123                @ DW_AT_name
	.byte	3                               @ DW_AT_decl_file
	.short	461                             @ DW_AT_decl_line
	.byte	15                              @ Abbrev [15] 0x6a8:0x3a DW_TAG_structure_type
	.byte	16                              @ DW_AT_byte_size
	.byte	3                               @ DW_AT_decl_file
	.short	455                             @ DW_AT_decl_line
	.byte	9                               @ Abbrev [9] 0x6ad:0xd DW_TAG_member
	.long	.Linfo_string10                 @ DW_AT_name
	.long	974                             @ DW_AT_type
	.byte	3                               @ DW_AT_decl_file
	.short	457                             @ DW_AT_decl_line
	.byte	0                               @ DW_AT_data_member_location
	.byte	9                               @ Abbrev [9] 0x6ba:0xd DW_TAG_member
	.long	.Linfo_string16                 @ DW_AT_name
	.long	974                             @ DW_AT_type
	.byte	3                               @ DW_AT_decl_file
	.short	458                             @ DW_AT_decl_line
	.byte	4                               @ DW_AT_data_member_location
	.byte	9                               @ Abbrev [9] 0x6c7:0xd DW_TAG_member
	.long	.Linfo_string121                @ DW_AT_name
	.long	974                             @ DW_AT_type
	.byte	3                               @ DW_AT_decl_file
	.short	459                             @ DW_AT_decl_line
	.byte	8                               @ DW_AT_data_member_location
	.byte	9                               @ Abbrev [9] 0x6d4:0xd DW_TAG_member
	.long	.Linfo_string122                @ DW_AT_name
	.long	974                             @ DW_AT_type
	.byte	3                               @ DW_AT_decl_file
	.short	460                             @ DW_AT_decl_line
	.byte	12                              @ DW_AT_data_member_location
	.byte	0                               @ End Of Children Mark
	.byte	16                              @ Abbrev [16] 0x6e2:0x61 DW_TAG_subprogram
	.long	.Lfunc_begin0                   @ DW_AT_low_pc
	.long	.Lfunc_end0-.Lfunc_begin0       @ DW_AT_high_pc
	.byte	1                               @ DW_AT_frame_base
	.byte	93
	.long	.Linfo_string124                @ DW_AT_name
	.byte	5                               @ DW_AT_decl_file
	.byte	105                             @ DW_AT_decl_line
                                        @ DW_AT_prototyped
	.long	3172                            @ DW_AT_type
                                        @ DW_AT_external
	.byte	17                              @ Abbrev [17] 0x6f7:0xf DW_TAG_formal_parameter
	.byte	3                               @ DW_AT_location
	.byte	145
	.asciz	"\340"
	.long	.Linfo_string153                @ DW_AT_name
	.byte	5                               @ DW_AT_decl_file
	.byte	105                             @ DW_AT_decl_line
	.long	3183                            @ DW_AT_type
	.byte	18                              @ Abbrev [18] 0x706:0xf DW_TAG_variable
	.byte	3                               @ DW_AT_location
	.byte	145
	.asciz	"\334"
	.long	.Linfo_string204                @ DW_AT_name
	.byte	5                               @ DW_AT_decl_file
	.byte	107                             @ DW_AT_decl_line
	.long	979                             @ DW_AT_type
	.byte	18                              @ Abbrev [18] 0x715:0xf DW_TAG_variable
	.byte	3                               @ DW_AT_location
	.byte	145
	.asciz	"\330"
	.long	.Linfo_string205                @ DW_AT_name
	.byte	5                               @ DW_AT_decl_file
	.byte	108                             @ DW_AT_decl_line
	.long	979                             @ DW_AT_type
	.byte	18                              @ Abbrev [18] 0x724:0xf DW_TAG_variable
	.byte	3                               @ DW_AT_location
	.byte	145
	.asciz	"\327"
	.long	.Linfo_string206                @ DW_AT_name
	.byte	5                               @ DW_AT_decl_file
	.byte	109                             @ DW_AT_decl_line
	.long	3172                            @ DW_AT_type
	.byte	18                              @ Abbrev [18] 0x733:0xf DW_TAG_variable
	.byte	3                               @ DW_AT_location
	.byte	145
	.asciz	"\326"
	.long	.Linfo_string207                @ DW_AT_name
	.byte	5                               @ DW_AT_decl_file
	.byte	110                             @ DW_AT_decl_line
	.long	3172                            @ DW_AT_type
	.byte	0                               @ End Of Children Mark
	.byte	19                              @ Abbrev [19] 0x743:0x53 DW_TAG_subprogram
	.long	.Lfunc_begin1                   @ DW_AT_low_pc
	.long	.Lfunc_end1-.Lfunc_begin1       @ DW_AT_high_pc
	.byte	1                               @ DW_AT_frame_base
	.byte	93
	.long	.Linfo_string126                @ DW_AT_name
	.byte	5                               @ DW_AT_decl_file
	.short	3693                            @ DW_AT_decl_line
                                        @ DW_AT_prototyped
	.long	3172                            @ DW_AT_type
	.byte	20                              @ Abbrev [20] 0x759:0xf DW_TAG_formal_parameter
	.byte	2                               @ DW_AT_location
	.byte	145
	.byte	16
	.long	.Linfo_string208                @ DW_AT_name
	.byte	5                               @ DW_AT_decl_file
	.short	3693                            @ DW_AT_decl_line
	.long	3807                            @ DW_AT_type
	.byte	20                              @ Abbrev [20] 0x768:0xf DW_TAG_formal_parameter
	.byte	2                               @ DW_AT_location
	.byte	145
	.byte	12
	.long	.Linfo_string209                @ DW_AT_name
	.byte	5                               @ DW_AT_decl_file
	.short	3693                            @ DW_AT_decl_line
	.long	979                             @ DW_AT_type
	.byte	21                              @ Abbrev [21] 0x777:0xf DW_TAG_variable
	.byte	2                               @ DW_AT_location
	.byte	145
	.byte	8
	.long	.Linfo_string205                @ DW_AT_name
	.byte	5                               @ DW_AT_decl_file
	.short	3696                            @ DW_AT_decl_line
	.long	979                             @ DW_AT_type
	.byte	21                              @ Abbrev [21] 0x786:0xf DW_TAG_variable
	.byte	2                               @ DW_AT_location
	.byte	145
	.byte	7
	.long	.Linfo_string207                @ DW_AT_name
	.byte	5                               @ DW_AT_decl_file
	.short	3697                            @ DW_AT_decl_line
	.long	3172                            @ DW_AT_type
	.byte	0                               @ End Of Children Mark
	.byte	19                              @ Abbrev [19] 0x796:0x53 DW_TAG_subprogram
	.long	.Lfunc_begin2                   @ DW_AT_low_pc
	.long	.Lfunc_end2-.Lfunc_begin2       @ DW_AT_high_pc
	.byte	1                               @ DW_AT_frame_base
	.byte	93
	.long	.Linfo_string127                @ DW_AT_name
	.byte	5                               @ DW_AT_decl_file
	.short	3798                            @ DW_AT_decl_line
                                        @ DW_AT_prototyped
	.long	3172                            @ DW_AT_type
	.byte	20                              @ Abbrev [20] 0x7ac:0xf DW_TAG_formal_parameter
	.byte	2                               @ DW_AT_location
	.byte	145
	.byte	16
	.long	.Linfo_string210                @ DW_AT_name
	.byte	5                               @ DW_AT_decl_file
	.short	3798                            @ DW_AT_decl_line
	.long	3817                            @ DW_AT_type
	.byte	20                              @ Abbrev [20] 0x7bb:0xf DW_TAG_formal_parameter
	.byte	2                               @ DW_AT_location
	.byte	145
	.byte	12
	.long	.Linfo_string209                @ DW_AT_name
	.byte	5                               @ DW_AT_decl_file
	.short	3798                            @ DW_AT_decl_line
	.long	979                             @ DW_AT_type
	.byte	21                              @ Abbrev [21] 0x7ca:0xf DW_TAG_variable
	.byte	2                               @ DW_AT_location
	.byte	145
	.byte	8
	.long	.Linfo_string205                @ DW_AT_name
	.byte	5                               @ DW_AT_decl_file
	.short	3800                            @ DW_AT_decl_line
	.long	979                             @ DW_AT_type
	.byte	21                              @ Abbrev [21] 0x7d9:0xf DW_TAG_variable
	.byte	2                               @ DW_AT_location
	.byte	145
	.byte	7
	.long	.Linfo_string207                @ DW_AT_name
	.byte	5                               @ DW_AT_decl_file
	.short	3801                            @ DW_AT_decl_line
	.long	3172                            @ DW_AT_type
	.byte	0                               @ End Of Children Mark
	.byte	22                              @ Abbrev [22] 0x7e9:0x22 DW_TAG_subprogram
	.long	.Lfunc_begin3                   @ DW_AT_low_pc
	.long	.Lfunc_end3-.Lfunc_begin3       @ DW_AT_high_pc
	.byte	1                               @ DW_AT_frame_base
	.byte	93
	.long	.Linfo_string128                @ DW_AT_name
	.byte	5                               @ DW_AT_decl_file
	.short	1692                            @ DW_AT_decl_line
                                        @ DW_AT_prototyped
                                        @ DW_AT_external
	.byte	20                              @ Abbrev [20] 0x7fb:0xf DW_TAG_formal_parameter
	.byte	2                               @ DW_AT_location
	.byte	145
	.byte	0
	.long	.Linfo_string153                @ DW_AT_name
	.byte	5                               @ DW_AT_decl_file
	.short	1692                            @ DW_AT_decl_line
	.long	3183                            @ DW_AT_type
	.byte	0                               @ End Of Children Mark
	.byte	23                              @ Abbrev [23] 0x80b:0x92 DW_TAG_subprogram
	.long	.Lfunc_begin4                   @ DW_AT_low_pc
	.long	.Lfunc_end4-.Lfunc_begin4       @ DW_AT_high_pc
	.byte	1                               @ DW_AT_frame_base
	.byte	93
	.long	.Linfo_string129                @ DW_AT_name
	.byte	5                               @ DW_AT_decl_file
	.short	1881                            @ DW_AT_decl_line
                                        @ DW_AT_prototyped
	.long	979                             @ DW_AT_type
                                        @ DW_AT_external
	.byte	20                              @ Abbrev [20] 0x821:0x10 DW_TAG_formal_parameter
	.byte	3                               @ DW_AT_location
	.byte	145
	.asciz	"\330"
	.long	.Linfo_string211                @ DW_AT_name
	.byte	5                               @ DW_AT_decl_file
	.short	1881                            @ DW_AT_decl_line
	.long	78                              @ DW_AT_type
	.byte	21                              @ Abbrev [21] 0x831:0x10 DW_TAG_variable
	.byte	3                               @ DW_AT_location
	.byte	145
	.asciz	"\314"
	.long	.Linfo_string212                @ DW_AT_name
	.byte	5                               @ DW_AT_decl_file
	.short	1883                            @ DW_AT_decl_line
	.long	3827                            @ DW_AT_type
	.byte	21                              @ Abbrev [21] 0x841:0x10 DW_TAG_variable
	.byte	3                               @ DW_AT_location
	.byte	145
	.asciz	"\300"
	.long	.Linfo_string217                @ DW_AT_name
	.byte	5                               @ DW_AT_decl_file
	.short	1884                            @ DW_AT_decl_line
	.long	3879                            @ DW_AT_type
	.byte	21                              @ Abbrev [21] 0x851:0xf DW_TAG_variable
	.byte	2                               @ DW_AT_location
	.byte	145
	.byte	52
	.long	.Linfo_string222                @ DW_AT_name
	.byte	5                               @ DW_AT_decl_file
	.short	1885                            @ DW_AT_decl_line
	.long	3931                            @ DW_AT_type
	.byte	21                              @ Abbrev [21] 0x860:0xf DW_TAG_variable
	.byte	2                               @ DW_AT_location
	.byte	145
	.byte	48
	.long	.Linfo_string227                @ DW_AT_name
	.byte	5                               @ DW_AT_decl_file
	.short	1888                            @ DW_AT_decl_line
	.long	979                             @ DW_AT_type
	.byte	21                              @ Abbrev [21] 0x86f:0xf DW_TAG_variable
	.byte	2                               @ DW_AT_location
	.byte	145
	.byte	44
	.long	.Linfo_string228                @ DW_AT_name
	.byte	5                               @ DW_AT_decl_file
	.short	1890                            @ DW_AT_decl_line
	.long	979                             @ DW_AT_type
	.byte	21                              @ Abbrev [21] 0x87e:0xf DW_TAG_variable
	.byte	2                               @ DW_AT_location
	.byte	145
	.byte	40
	.long	.Linfo_string229                @ DW_AT_name
	.byte	5                               @ DW_AT_decl_file
	.short	1891                            @ DW_AT_decl_line
	.long	979                             @ DW_AT_type
	.byte	21                              @ Abbrev [21] 0x88d:0xf DW_TAG_variable
	.byte	2                               @ DW_AT_location
	.byte	145
	.byte	36
	.long	.Linfo_string230                @ DW_AT_name
	.byte	5                               @ DW_AT_decl_file
	.short	1892                            @ DW_AT_decl_line
	.long	979                             @ DW_AT_type
	.byte	0                               @ End Of Children Mark
	.byte	22                              @ Abbrev [22] 0x89d:0x7c DW_TAG_subprogram
	.long	.Lfunc_begin5                   @ DW_AT_low_pc
	.long	.Lfunc_end5-.Lfunc_begin5       @ DW_AT_high_pc
	.byte	1                               @ DW_AT_frame_base
	.byte	93
	.long	.Linfo_string130                @ DW_AT_name
	.byte	5                               @ DW_AT_decl_file
	.short	3082                            @ DW_AT_decl_line
                                        @ DW_AT_prototyped
                                        @ DW_AT_external
	.byte	20                              @ Abbrev [20] 0x8af:0xf DW_TAG_formal_parameter
	.byte	2                               @ DW_AT_location
	.byte	145
	.byte	28
	.long	.Linfo_string231                @ DW_AT_name
	.byte	5                               @ DW_AT_decl_file
	.short	3082                            @ DW_AT_decl_line
	.long	3983                            @ DW_AT_type
	.byte	21                              @ Abbrev [21] 0x8be:0xf DW_TAG_variable
	.byte	2                               @ DW_AT_location
	.byte	145
	.byte	24
	.long	.Linfo_string232                @ DW_AT_name
	.byte	5                               @ DW_AT_decl_file
	.short	3084                            @ DW_AT_decl_line
	.long	979                             @ DW_AT_type
	.byte	21                              @ Abbrev [21] 0x8cd:0xf DW_TAG_variable
	.byte	2                               @ DW_AT_location
	.byte	145
	.byte	20
	.long	.Linfo_string233                @ DW_AT_name
	.byte	5                               @ DW_AT_decl_file
	.short	3084                            @ DW_AT_decl_line
	.long	979                             @ DW_AT_type
	.byte	21                              @ Abbrev [21] 0x8dc:0xf DW_TAG_variable
	.byte	2                               @ DW_AT_location
	.byte	145
	.byte	16
	.long	.Linfo_string234                @ DW_AT_name
	.byte	5                               @ DW_AT_decl_file
	.short	3084                            @ DW_AT_decl_line
	.long	979                             @ DW_AT_type
	.byte	21                              @ Abbrev [21] 0x8eb:0xf DW_TAG_variable
	.byte	2                               @ DW_AT_location
	.byte	145
	.byte	12
	.long	.Linfo_string235                @ DW_AT_name
	.byte	5                               @ DW_AT_decl_file
	.short	3084                            @ DW_AT_decl_line
	.long	979                             @ DW_AT_type
	.byte	21                              @ Abbrev [21] 0x8fa:0xf DW_TAG_variable
	.byte	2                               @ DW_AT_location
	.byte	145
	.byte	8
	.long	.Linfo_string236                @ DW_AT_name
	.byte	5                               @ DW_AT_decl_file
	.short	3085                            @ DW_AT_decl_line
	.long	1205                            @ DW_AT_type
	.byte	21                              @ Abbrev [21] 0x909:0xf DW_TAG_variable
	.byte	2                               @ DW_AT_location
	.byte	145
	.byte	4
	.long	.Linfo_string237                @ DW_AT_name
	.byte	5                               @ DW_AT_decl_file
	.short	3085                            @ DW_AT_decl_line
	.long	1205                            @ DW_AT_type
	.byte	0                               @ End Of Children Mark
	.byte	22                              @ Abbrev [22] 0x919:0x7c DW_TAG_subprogram
	.long	.Lfunc_begin6                   @ DW_AT_low_pc
	.long	.Lfunc_end6-.Lfunc_begin6       @ DW_AT_high_pc
	.byte	1                               @ DW_AT_frame_base
	.byte	93
	.long	.Linfo_string131                @ DW_AT_name
	.byte	5                               @ DW_AT_decl_file
	.short	2945                            @ DW_AT_decl_line
                                        @ DW_AT_prototyped
                                        @ DW_AT_external
	.byte	20                              @ Abbrev [20] 0x92b:0xf DW_TAG_formal_parameter
	.byte	2                               @ DW_AT_location
	.byte	145
	.byte	28
	.long	.Linfo_string238                @ DW_AT_name
	.byte	5                               @ DW_AT_decl_file
	.short	2945                            @ DW_AT_decl_line
	.long	3988                            @ DW_AT_type
	.byte	21                              @ Abbrev [21] 0x93a:0xf DW_TAG_variable
	.byte	2                               @ DW_AT_location
	.byte	145
	.byte	24
	.long	.Linfo_string232                @ DW_AT_name
	.byte	5                               @ DW_AT_decl_file
	.short	2947                            @ DW_AT_decl_line
	.long	979                             @ DW_AT_type
	.byte	21                              @ Abbrev [21] 0x949:0xf DW_TAG_variable
	.byte	2                               @ DW_AT_location
	.byte	145
	.byte	20
	.long	.Linfo_string239                @ DW_AT_name
	.byte	5                               @ DW_AT_decl_file
	.short	2947                            @ DW_AT_decl_line
	.long	979                             @ DW_AT_type
	.byte	21                              @ Abbrev [21] 0x958:0xf DW_TAG_variable
	.byte	2                               @ DW_AT_location
	.byte	145
	.byte	16
	.long	.Linfo_string240                @ DW_AT_name
	.byte	5                               @ DW_AT_decl_file
	.short	2947                            @ DW_AT_decl_line
	.long	979                             @ DW_AT_type
	.byte	21                              @ Abbrev [21] 0x967:0xf DW_TAG_variable
	.byte	2                               @ DW_AT_location
	.byte	145
	.byte	12
	.long	.Linfo_string235                @ DW_AT_name
	.byte	5                               @ DW_AT_decl_file
	.short	2947                            @ DW_AT_decl_line
	.long	979                             @ DW_AT_type
	.byte	21                              @ Abbrev [21] 0x976:0xf DW_TAG_variable
	.byte	2                               @ DW_AT_location
	.byte	145
	.byte	8
	.long	.Linfo_string241                @ DW_AT_name
	.byte	5                               @ DW_AT_decl_file
	.short	2948                            @ DW_AT_decl_line
	.long	1205                            @ DW_AT_type
	.byte	21                              @ Abbrev [21] 0x985:0xf DW_TAG_variable
	.byte	2                               @ DW_AT_location
	.byte	145
	.byte	4
	.long	.Linfo_string242                @ DW_AT_name
	.byte	5                               @ DW_AT_decl_file
	.short	2948                            @ DW_AT_decl_line
	.long	1205                            @ DW_AT_type
	.byte	0                               @ End Of Children Mark
	.byte	22                              @ Abbrev [22] 0x995:0x7c DW_TAG_subprogram
	.long	.Lfunc_begin7                   @ DW_AT_low_pc
	.long	.Lfunc_end7-.Lfunc_begin7       @ DW_AT_high_pc
	.byte	1                               @ DW_AT_frame_base
	.byte	93
	.long	.Linfo_string132                @ DW_AT_name
	.byte	5                               @ DW_AT_decl_file
	.short	3014                            @ DW_AT_decl_line
                                        @ DW_AT_prototyped
                                        @ DW_AT_external
	.byte	20                              @ Abbrev [20] 0x9a7:0xf DW_TAG_formal_parameter
	.byte	2                               @ DW_AT_location
	.byte	145
	.byte	28
	.long	.Linfo_string243                @ DW_AT_name
	.byte	5                               @ DW_AT_decl_file
	.short	3014                            @ DW_AT_decl_line
	.long	3993                            @ DW_AT_type
	.byte	21                              @ Abbrev [21] 0x9b6:0xf DW_TAG_variable
	.byte	2                               @ DW_AT_location
	.byte	145
	.byte	24
	.long	.Linfo_string232                @ DW_AT_name
	.byte	5                               @ DW_AT_decl_file
	.short	3016                            @ DW_AT_decl_line
	.long	979                             @ DW_AT_type
	.byte	21                              @ Abbrev [21] 0x9c5:0xf DW_TAG_variable
	.byte	2                               @ DW_AT_location
	.byte	145
	.byte	20
	.long	.Linfo_string244                @ DW_AT_name
	.byte	5                               @ DW_AT_decl_file
	.short	3016                            @ DW_AT_decl_line
	.long	979                             @ DW_AT_type
	.byte	21                              @ Abbrev [21] 0x9d4:0xf DW_TAG_variable
	.byte	2                               @ DW_AT_location
	.byte	145
	.byte	16
	.long	.Linfo_string245                @ DW_AT_name
	.byte	5                               @ DW_AT_decl_file
	.short	3016                            @ DW_AT_decl_line
	.long	979                             @ DW_AT_type
	.byte	21                              @ Abbrev [21] 0x9e3:0xf DW_TAG_variable
	.byte	2                               @ DW_AT_location
	.byte	145
	.byte	12
	.long	.Linfo_string235                @ DW_AT_name
	.byte	5                               @ DW_AT_decl_file
	.short	3016                            @ DW_AT_decl_line
	.long	979                             @ DW_AT_type
	.byte	21                              @ Abbrev [21] 0x9f2:0xf DW_TAG_variable
	.byte	2                               @ DW_AT_location
	.byte	145
	.byte	8
	.long	.Linfo_string246                @ DW_AT_name
	.byte	5                               @ DW_AT_decl_file
	.short	3017                            @ DW_AT_decl_line
	.long	1205                            @ DW_AT_type
	.byte	21                              @ Abbrev [21] 0xa01:0xf DW_TAG_variable
	.byte	2                               @ DW_AT_location
	.byte	145
	.byte	4
	.long	.Linfo_string247                @ DW_AT_name
	.byte	5                               @ DW_AT_decl_file
	.short	3017                            @ DW_AT_decl_line
	.long	1205                            @ DW_AT_type
	.byte	0                               @ End Of Children Mark
	.byte	24                              @ Abbrev [24] 0xa11:0x16 DW_TAG_subprogram
	.long	.Lfunc_begin8                   @ DW_AT_low_pc
	.long	.Lfunc_end8-.Lfunc_begin8       @ DW_AT_high_pc
	.byte	1                               @ DW_AT_frame_base
	.byte	93
	.long	.Linfo_string133                @ DW_AT_name
	.byte	5                               @ DW_AT_decl_file
	.short	2921                            @ DW_AT_decl_line
                                        @ DW_AT_prototyped
	.long	979                             @ DW_AT_type
                                        @ DW_AT_external
	.byte	24                              @ Abbrev [24] 0xa27:0x16 DW_TAG_subprogram
	.long	.Lfunc_begin9                   @ DW_AT_low_pc
	.long	.Lfunc_end9-.Lfunc_begin9       @ DW_AT_high_pc
	.byte	1                               @ DW_AT_frame_base
	.byte	93
	.long	.Linfo_string134                @ DW_AT_name
	.byte	5                               @ DW_AT_decl_file
	.short	2904                            @ DW_AT_decl_line
                                        @ DW_AT_prototyped
	.long	979                             @ DW_AT_type
                                        @ DW_AT_external
	.byte	23                              @ Abbrev [23] 0xa3d:0x26 DW_TAG_subprogram
	.long	.Lfunc_begin10                  @ DW_AT_low_pc
	.long	.Lfunc_end10-.Lfunc_begin10     @ DW_AT_high_pc
	.byte	1                               @ DW_AT_frame_base
	.byte	93
	.long	.Linfo_string135                @ DW_AT_name
	.byte	5                               @ DW_AT_decl_file
	.short	3143                            @ DW_AT_decl_line
                                        @ DW_AT_prototyped
	.long	979                             @ DW_AT_type
                                        @ DW_AT_external
	.byte	21                              @ Abbrev [21] 0xa53:0xf DW_TAG_variable
	.byte	2                               @ DW_AT_location
	.byte	145
	.byte	4
	.long	.Linfo_string248                @ DW_AT_name
	.byte	5                               @ DW_AT_decl_file
	.short	3145                            @ DW_AT_decl_line
	.long	979                             @ DW_AT_type
	.byte	0                               @ End Of Children Mark
	.byte	25                              @ Abbrev [25] 0xa63:0x12 DW_TAG_subprogram
	.long	.Lfunc_begin11                  @ DW_AT_low_pc
	.long	.Lfunc_end11-.Lfunc_begin11     @ DW_AT_high_pc
	.byte	1                               @ DW_AT_frame_base
	.byte	93
	.long	.Linfo_string136                @ DW_AT_name
	.byte	5                               @ DW_AT_decl_file
	.short	3183                            @ DW_AT_decl_line
                                        @ DW_AT_prototyped
                                        @ DW_AT_external
	.byte	25                              @ Abbrev [25] 0xa75:0x12 DW_TAG_subprogram
	.long	.Lfunc_begin12                  @ DW_AT_low_pc
	.long	.Lfunc_end12-.Lfunc_begin12     @ DW_AT_high_pc
	.byte	1                               @ DW_AT_frame_base
	.byte	93
	.long	.Linfo_string137                @ DW_AT_name
	.byte	5                               @ DW_AT_decl_file
	.short	3193                            @ DW_AT_decl_line
                                        @ DW_AT_prototyped
                                        @ DW_AT_external
	.byte	25                              @ Abbrev [25] 0xa87:0x12 DW_TAG_subprogram
	.long	.Lfunc_begin13                  @ DW_AT_low_pc
	.long	.Lfunc_end13-.Lfunc_begin13     @ DW_AT_high_pc
	.byte	1                               @ DW_AT_frame_base
	.byte	93
	.long	.Linfo_string138                @ DW_AT_name
	.byte	5                               @ DW_AT_decl_file
	.short	3205                            @ DW_AT_decl_line
                                        @ DW_AT_prototyped
                                        @ DW_AT_external
	.byte	22                              @ Abbrev [22] 0xa99:0x22 DW_TAG_subprogram
	.long	.Lfunc_begin14                  @ DW_AT_low_pc
	.long	.Lfunc_end14-.Lfunc_begin14     @ DW_AT_high_pc
	.byte	1                               @ DW_AT_frame_base
	.byte	93
	.long	.Linfo_string139                @ DW_AT_name
	.byte	5                               @ DW_AT_decl_file
	.short	3232                            @ DW_AT_decl_line
                                        @ DW_AT_prototyped
                                        @ DW_AT_external
	.byte	20                              @ Abbrev [20] 0xaab:0xf DW_TAG_formal_parameter
	.byte	2                               @ DW_AT_location
	.byte	145
	.byte	0
	.long	.Linfo_string249                @ DW_AT_name
	.byte	5                               @ DW_AT_decl_file
	.short	3232                            @ DW_AT_decl_line
	.long	979                             @ DW_AT_type
	.byte	0                               @ End Of Children Mark
	.byte	22                              @ Abbrev [22] 0xabb:0x22 DW_TAG_subprogram
	.long	.Lfunc_begin15                  @ DW_AT_low_pc
	.long	.Lfunc_end15-.Lfunc_begin15     @ DW_AT_high_pc
	.byte	1                               @ DW_AT_frame_base
	.byte	93
	.long	.Linfo_string140                @ DW_AT_name
	.byte	5                               @ DW_AT_decl_file
	.short	3247                            @ DW_AT_decl_line
                                        @ DW_AT_prototyped
                                        @ DW_AT_external
	.byte	20                              @ Abbrev [20] 0xacd:0xf DW_TAG_formal_parameter
	.byte	2                               @ DW_AT_location
	.byte	145
	.byte	0
	.long	.Linfo_string249                @ DW_AT_name
	.byte	5                               @ DW_AT_decl_file
	.short	3247                            @ DW_AT_decl_line
	.long	979                             @ DW_AT_type
	.byte	0                               @ End Of Children Mark
	.byte	22                              @ Abbrev [22] 0xadd:0x22 DW_TAG_subprogram
	.long	.Lfunc_begin16                  @ DW_AT_low_pc
	.long	.Lfunc_end16-.Lfunc_begin16     @ DW_AT_high_pc
	.byte	1                               @ DW_AT_frame_base
	.byte	93
	.long	.Linfo_string141                @ DW_AT_name
	.byte	5                               @ DW_AT_decl_file
	.short	3301                            @ DW_AT_decl_line
                                        @ DW_AT_prototyped
                                        @ DW_AT_external
	.byte	20                              @ Abbrev [20] 0xaef:0xf DW_TAG_formal_parameter
	.byte	2                               @ DW_AT_location
	.byte	145
	.byte	0
	.long	.Linfo_string250                @ DW_AT_name
	.byte	5                               @ DW_AT_decl_file
	.short	3301                            @ DW_AT_decl_line
	.long	979                             @ DW_AT_type
	.byte	0                               @ End Of Children Mark
	.byte	22                              @ Abbrev [22] 0xaff:0x31 DW_TAG_subprogram
	.long	.Lfunc_begin17                  @ DW_AT_low_pc
	.long	.Lfunc_end17-.Lfunc_begin17     @ DW_AT_high_pc
	.byte	1                               @ DW_AT_frame_base
	.byte	93
	.long	.Linfo_string142                @ DW_AT_name
	.byte	5                               @ DW_AT_decl_file
	.short	3382                            @ DW_AT_decl_line
                                        @ DW_AT_prototyped
                                        @ DW_AT_external
	.byte	20                              @ Abbrev [20] 0xb11:0xf DW_TAG_formal_parameter
	.byte	2                               @ DW_AT_location
	.byte	145
	.byte	4
	.long	.Linfo_string251                @ DW_AT_name
	.byte	5                               @ DW_AT_decl_file
	.short	3382                            @ DW_AT_decl_line
	.long	3998                            @ DW_AT_type
	.byte	21                              @ Abbrev [21] 0xb20:0xf DW_TAG_variable
	.byte	2                               @ DW_AT_location
	.byte	145
	.byte	0
	.long	.Linfo_string259                @ DW_AT_name
	.byte	5                               @ DW_AT_decl_file
	.short	3384                            @ DW_AT_decl_line
	.long	979                             @ DW_AT_type
	.byte	0                               @ End Of Children Mark
	.byte	25                              @ Abbrev [25] 0xb30:0x12 DW_TAG_subprogram
	.long	.Lfunc_begin18                  @ DW_AT_low_pc
	.long	.Lfunc_end18-.Lfunc_begin18     @ DW_AT_high_pc
	.byte	1                               @ DW_AT_frame_base
	.byte	93
	.long	.Linfo_string143                @ DW_AT_name
	.byte	5                               @ DW_AT_decl_file
	.short	3432                            @ DW_AT_decl_line
                                        @ DW_AT_prototyped
                                        @ DW_AT_external
	.byte	22                              @ Abbrev [22] 0xb42:0x22 DW_TAG_subprogram
	.long	.Lfunc_begin19                  @ DW_AT_low_pc
	.long	.Lfunc_end19-.Lfunc_begin19     @ DW_AT_high_pc
	.byte	1                               @ DW_AT_frame_base
	.byte	93
	.long	.Linfo_string144                @ DW_AT_name
	.byte	5                               @ DW_AT_decl_file
	.short	3442                            @ DW_AT_decl_line
                                        @ DW_AT_prototyped
                                        @ DW_AT_external
	.byte	20                              @ Abbrev [20] 0xb54:0xf DW_TAG_formal_parameter
	.byte	2                               @ DW_AT_location
	.byte	145
	.byte	0
	.long	.Linfo_string260                @ DW_AT_name
	.byte	5                               @ DW_AT_decl_file
	.short	3442                            @ DW_AT_decl_line
	.long	4104                            @ DW_AT_type
	.byte	0                               @ End Of Children Mark
	.byte	23                              @ Abbrev [23] 0xb64:0x44 DW_TAG_subprogram
	.long	.Lfunc_begin20                  @ DW_AT_low_pc
	.long	.Lfunc_end20-.Lfunc_begin20     @ DW_AT_high_pc
	.byte	1                               @ DW_AT_frame_base
	.byte	93
	.long	.Linfo_string145                @ DW_AT_name
	.byte	5                               @ DW_AT_decl_file
	.short	3475                            @ DW_AT_decl_line
                                        @ DW_AT_prototyped
	.long	979                             @ DW_AT_type
                                        @ DW_AT_external
	.byte	20                              @ Abbrev [20] 0xb7a:0xf DW_TAG_formal_parameter
	.byte	2                               @ DW_AT_location
	.byte	145
	.byte	12
	.long	.Linfo_string264                @ DW_AT_name
	.byte	5                               @ DW_AT_decl_file
	.short	3475                            @ DW_AT_decl_line
	.long	979                             @ DW_AT_type
	.byte	21                              @ Abbrev [21] 0xb89:0xf DW_TAG_variable
	.byte	2                               @ DW_AT_location
	.byte	145
	.byte	8
	.long	.Linfo_string265                @ DW_AT_name
	.byte	5                               @ DW_AT_decl_file
	.short	3477                            @ DW_AT_decl_line
	.long	979                             @ DW_AT_type
	.byte	21                              @ Abbrev [21] 0xb98:0xf DW_TAG_variable
	.byte	2                               @ DW_AT_location
	.byte	145
	.byte	4
	.long	.Linfo_string205                @ DW_AT_name
	.byte	5                               @ DW_AT_decl_file
	.short	3478                            @ DW_AT_decl_line
	.long	979                             @ DW_AT_type
	.byte	0                               @ End Of Children Mark
	.byte	22                              @ Abbrev [22] 0xba8:0x40 DW_TAG_subprogram
	.long	.Lfunc_begin21                  @ DW_AT_low_pc
	.long	.Lfunc_end21-.Lfunc_begin21     @ DW_AT_high_pc
	.byte	1                               @ DW_AT_frame_base
	.byte	93
	.long	.Linfo_string146                @ DW_AT_name
	.byte	5                               @ DW_AT_decl_file
	.short	3559                            @ DW_AT_decl_line
                                        @ DW_AT_prototyped
                                        @ DW_AT_external
	.byte	21                              @ Abbrev [21] 0xbba:0xf DW_TAG_variable
	.byte	2                               @ DW_AT_location
	.byte	145
	.byte	12
	.long	.Linfo_string266                @ DW_AT_name
	.byte	5                               @ DW_AT_decl_file
	.short	3561                            @ DW_AT_decl_line
	.long	979                             @ DW_AT_type
	.byte	21                              @ Abbrev [21] 0xbc9:0xf DW_TAG_variable
	.byte	2                               @ DW_AT_location
	.byte	145
	.byte	8
	.long	.Linfo_string267                @ DW_AT_name
	.byte	5                               @ DW_AT_decl_file
	.short	3563                            @ DW_AT_decl_line
	.long	979                             @ DW_AT_type
	.byte	21                              @ Abbrev [21] 0xbd8:0xf DW_TAG_variable
	.byte	2                               @ DW_AT_location
	.byte	145
	.byte	4
	.long	.Linfo_string268                @ DW_AT_name
	.byte	5                               @ DW_AT_decl_file
	.short	3564                            @ DW_AT_decl_line
	.long	979                             @ DW_AT_type
	.byte	0                               @ End Of Children Mark
	.byte	25                              @ Abbrev [25] 0xbe8:0x12 DW_TAG_subprogram
	.long	.Lfunc_begin22                  @ DW_AT_low_pc
	.long	.Lfunc_end22-.Lfunc_begin22     @ DW_AT_high_pc
	.byte	1                               @ DW_AT_frame_base
	.byte	93
	.long	.Linfo_string147                @ DW_AT_name
	.byte	5                               @ DW_AT_decl_file
	.short	3624                            @ DW_AT_decl_line
                                        @ DW_AT_prototyped
                                        @ DW_AT_external
	.byte	25                              @ Abbrev [25] 0xbfa:0x12 DW_TAG_subprogram
	.long	.Lfunc_begin23                  @ DW_AT_low_pc
	.long	.Lfunc_end23-.Lfunc_begin23     @ DW_AT_high_pc
	.byte	1                               @ DW_AT_frame_base
	.byte	93
	.long	.Linfo_string148                @ DW_AT_name
	.byte	5                               @ DW_AT_decl_file
	.short	3635                            @ DW_AT_decl_line
                                        @ DW_AT_prototyped
                                        @ DW_AT_external
	.byte	25                              @ Abbrev [25] 0xc0c:0x12 DW_TAG_subprogram
	.long	.Lfunc_begin24                  @ DW_AT_low_pc
	.long	.Lfunc_end24-.Lfunc_begin24     @ DW_AT_high_pc
	.byte	1                               @ DW_AT_frame_base
	.byte	93
	.long	.Linfo_string149                @ DW_AT_name
	.byte	5                               @ DW_AT_decl_file
	.short	3646                            @ DW_AT_decl_line
                                        @ DW_AT_prototyped
                                        @ DW_AT_external
	.byte	22                              @ Abbrev [22] 0xc1e:0x22 DW_TAG_subprogram
	.long	.Lfunc_begin25                  @ DW_AT_low_pc
	.long	.Lfunc_end25-.Lfunc_begin25     @ DW_AT_high_pc
	.byte	1                               @ DW_AT_frame_base
	.byte	93
	.long	.Linfo_string150                @ DW_AT_name
	.byte	5                               @ DW_AT_decl_file
	.short	3662                            @ DW_AT_decl_line
                                        @ DW_AT_prototyped
                                        @ DW_AT_external
	.byte	20                              @ Abbrev [20] 0xc30:0xf DW_TAG_formal_parameter
	.byte	2                               @ DW_AT_location
	.byte	145
	.byte	0
	.long	.Linfo_string269                @ DW_AT_name
	.byte	5                               @ DW_AT_decl_file
	.short	3662                            @ DW_AT_decl_line
	.long	979                             @ DW_AT_type
	.byte	0                               @ End Of Children Mark
	.byte	25                              @ Abbrev [25] 0xc40:0x12 DW_TAG_subprogram
	.long	.Lfunc_begin26                  @ DW_AT_low_pc
	.long	.Lfunc_end26-.Lfunc_begin26     @ DW_AT_high_pc
	.byte	1                               @ DW_AT_frame_base
	.byte	93
	.long	.Linfo_string151                @ DW_AT_name
	.byte	5                               @ DW_AT_decl_file
	.short	3895                            @ DW_AT_decl_line
                                        @ DW_AT_prototyped
                                        @ DW_AT_external
	.byte	25                              @ Abbrev [25] 0xc52:0x12 DW_TAG_subprogram
	.long	.Lfunc_begin27                  @ DW_AT_low_pc
	.long	.Lfunc_end27-.Lfunc_begin27     @ DW_AT_high_pc
	.byte	1                               @ DW_AT_frame_base
	.byte	93
	.long	.Linfo_string152                @ DW_AT_name
	.byte	5                               @ DW_AT_decl_file
	.short	3914                            @ DW_AT_decl_line
                                        @ DW_AT_prototyped
                                        @ DW_AT_external
	.byte	5                               @ Abbrev [5] 0xc64:0xb DW_TAG_typedef
	.long	38                              @ DW_AT_type
	.long	.Linfo_string125                @ DW_AT_name
	.byte	1                               @ DW_AT_decl_file
	.byte	45                              @ DW_AT_decl_line
	.byte	6                               @ Abbrev [6] 0xc6f:0x5 DW_TAG_pointer_type
	.long	3188                            @ DW_AT_type
	.byte	7                               @ Abbrev [7] 0xc74:0xc DW_TAG_typedef
	.long	3200                            @ DW_AT_type
	.long	.Linfo_string203                @ DW_AT_name
	.byte	6                               @ DW_AT_decl_file
	.short	280                             @ DW_AT_decl_line
	.byte	26                              @ Abbrev [26] 0xc80:0x17f DW_TAG_structure_type
	.byte	184                             @ DW_AT_byte_size
	.byte	6                               @ DW_AT_decl_file
	.byte	140                             @ DW_AT_decl_line
	.byte	27                              @ Abbrev [27] 0xc84:0xc DW_TAG_member
	.long	.Linfo_string154                @ DW_AT_name
	.long	78                              @ DW_AT_type
	.byte	6                               @ DW_AT_decl_file
	.byte	142                             @ DW_AT_decl_line
	.byte	0                               @ DW_AT_data_member_location
	.byte	27                              @ Abbrev [27] 0xc90:0xc DW_TAG_member
	.long	.Linfo_string155                @ DW_AT_name
	.long	3583                            @ DW_AT_type
	.byte	6                               @ DW_AT_decl_file
	.byte	145                             @ DW_AT_decl_line
	.byte	8                               @ DW_AT_data_member_location
	.byte	27                              @ Abbrev [27] 0xc9c:0xc DW_TAG_member
	.long	.Linfo_string165                @ DW_AT_name
	.long	3695                            @ DW_AT_type
	.byte	6                               @ DW_AT_decl_file
	.byte	148                             @ DW_AT_decl_line
	.byte	40                              @ DW_AT_data_member_location
	.byte	27                              @ Abbrev [27] 0xca8:0xc DW_TAG_member
	.long	.Linfo_string175                @ DW_AT_name
	.long	979                             @ DW_AT_type
	.byte	6                               @ DW_AT_decl_file
	.byte	151                             @ DW_AT_decl_line
	.byte	72                              @ DW_AT_data_member_location
	.byte	27                              @ Abbrev [27] 0xcb4:0xc DW_TAG_member
	.long	.Linfo_string176                @ DW_AT_name
	.long	979                             @ DW_AT_type
	.byte	6                               @ DW_AT_decl_file
	.byte	160                             @ DW_AT_decl_line
	.byte	76                              @ DW_AT_data_member_location
	.byte	27                              @ Abbrev [27] 0xcc0:0xc DW_TAG_member
	.long	.Linfo_string177                @ DW_AT_name
	.long	979                             @ DW_AT_type
	.byte	6                               @ DW_AT_decl_file
	.byte	170                             @ DW_AT_decl_line
	.byte	80                              @ DW_AT_data_member_location
	.byte	27                              @ Abbrev [27] 0xccc:0xc DW_TAG_member
	.long	.Linfo_string178                @ DW_AT_name
	.long	979                             @ DW_AT_type
	.byte	6                               @ DW_AT_decl_file
	.byte	173                             @ DW_AT_decl_line
	.byte	84                              @ DW_AT_data_member_location
	.byte	27                              @ Abbrev [27] 0xcd8:0xc DW_TAG_member
	.long	.Linfo_string179                @ DW_AT_name
	.long	979                             @ DW_AT_type
	.byte	6                               @ DW_AT_decl_file
	.byte	176                             @ DW_AT_decl_line
	.byte	88                              @ DW_AT_data_member_location
	.byte	27                              @ Abbrev [27] 0xce4:0xc DW_TAG_member
	.long	.Linfo_string180                @ DW_AT_name
	.long	979                             @ DW_AT_type
	.byte	6                               @ DW_AT_decl_file
	.byte	194                             @ DW_AT_decl_line
	.byte	92                              @ DW_AT_data_member_location
	.byte	27                              @ Abbrev [27] 0xcf0:0xc DW_TAG_member
	.long	.Linfo_string181                @ DW_AT_name
	.long	979                             @ DW_AT_type
	.byte	6                               @ DW_AT_decl_file
	.byte	197                             @ DW_AT_decl_line
	.byte	96                              @ DW_AT_data_member_location
	.byte	27                              @ Abbrev [27] 0xcfc:0xc DW_TAG_member
	.long	.Linfo_string182                @ DW_AT_name
	.long	979                             @ DW_AT_type
	.byte	6                               @ DW_AT_decl_file
	.byte	200                             @ DW_AT_decl_line
	.byte	100                             @ DW_AT_data_member_location
	.byte	27                              @ Abbrev [27] 0xd08:0xc DW_TAG_member
	.long	.Linfo_string183                @ DW_AT_name
	.long	979                             @ DW_AT_type
	.byte	6                               @ DW_AT_decl_file
	.byte	203                             @ DW_AT_decl_line
	.byte	104                             @ DW_AT_data_member_location
	.byte	27                              @ Abbrev [27] 0xd14:0xc DW_TAG_member
	.long	.Linfo_string184                @ DW_AT_name
	.long	979                             @ DW_AT_type
	.byte	6                               @ DW_AT_decl_file
	.byte	212                             @ DW_AT_decl_line
	.byte	108                             @ DW_AT_data_member_location
	.byte	27                              @ Abbrev [27] 0xd20:0xc DW_TAG_member
	.long	.Linfo_string185                @ DW_AT_name
	.long	979                             @ DW_AT_type
	.byte	6                               @ DW_AT_decl_file
	.byte	216                             @ DW_AT_decl_line
	.byte	112                             @ DW_AT_data_member_location
	.byte	27                              @ Abbrev [27] 0xd2c:0xc DW_TAG_member
	.long	.Linfo_string186                @ DW_AT_name
	.long	979                             @ DW_AT_type
	.byte	6                               @ DW_AT_decl_file
	.byte	219                             @ DW_AT_decl_line
	.byte	116                             @ DW_AT_data_member_location
	.byte	27                              @ Abbrev [27] 0xd38:0xc DW_TAG_member
	.long	.Linfo_string187                @ DW_AT_name
	.long	979                             @ DW_AT_type
	.byte	6                               @ DW_AT_decl_file
	.byte	222                             @ DW_AT_decl_line
	.byte	120                             @ DW_AT_data_member_location
	.byte	27                              @ Abbrev [27] 0xd44:0xc DW_TAG_member
	.long	.Linfo_string188                @ DW_AT_name
	.long	979                             @ DW_AT_type
	.byte	6                               @ DW_AT_decl_file
	.byte	225                             @ DW_AT_decl_line
	.byte	124                             @ DW_AT_data_member_location
	.byte	27                              @ Abbrev [27] 0xd50:0xc DW_TAG_member
	.long	.Linfo_string189                @ DW_AT_name
	.long	979                             @ DW_AT_type
	.byte	6                               @ DW_AT_decl_file
	.byte	229                             @ DW_AT_decl_line
	.byte	128                             @ DW_AT_data_member_location
	.byte	27                              @ Abbrev [27] 0xd5c:0xc DW_TAG_member
	.long	.Linfo_string190                @ DW_AT_name
	.long	979                             @ DW_AT_type
	.byte	6                               @ DW_AT_decl_file
	.byte	236                             @ DW_AT_decl_line
	.byte	132                             @ DW_AT_data_member_location
	.byte	27                              @ Abbrev [27] 0xd68:0xc DW_TAG_member
	.long	.Linfo_string191                @ DW_AT_name
	.long	979                             @ DW_AT_type
	.byte	6                               @ DW_AT_decl_file
	.byte	239                             @ DW_AT_decl_line
	.byte	136                             @ DW_AT_data_member_location
	.byte	27                              @ Abbrev [27] 0xd74:0xc DW_TAG_member
	.long	.Linfo_string192                @ DW_AT_name
	.long	979                             @ DW_AT_type
	.byte	6                               @ DW_AT_decl_file
	.byte	242                             @ DW_AT_decl_line
	.byte	140                             @ DW_AT_data_member_location
	.byte	27                              @ Abbrev [27] 0xd80:0xc DW_TAG_member
	.long	.Linfo_string193                @ DW_AT_name
	.long	979                             @ DW_AT_type
	.byte	6                               @ DW_AT_decl_file
	.byte	245                             @ DW_AT_decl_line
	.byte	144                             @ DW_AT_data_member_location
	.byte	27                              @ Abbrev [27] 0xd8c:0xc DW_TAG_member
	.long	.Linfo_string194                @ DW_AT_name
	.long	979                             @ DW_AT_type
	.byte	6                               @ DW_AT_decl_file
	.byte	248                             @ DW_AT_decl_line
	.byte	148                             @ DW_AT_data_member_location
	.byte	27                              @ Abbrev [27] 0xd98:0xc DW_TAG_member
	.long	.Linfo_string195                @ DW_AT_name
	.long	979                             @ DW_AT_type
	.byte	6                               @ DW_AT_decl_file
	.byte	251                             @ DW_AT_decl_line
	.byte	152                             @ DW_AT_data_member_location
	.byte	27                              @ Abbrev [27] 0xda4:0xc DW_TAG_member
	.long	.Linfo_string196                @ DW_AT_name
	.long	979                             @ DW_AT_type
	.byte	6                               @ DW_AT_decl_file
	.byte	254                             @ DW_AT_decl_line
	.byte	156                             @ DW_AT_data_member_location
	.byte	9                               @ Abbrev [9] 0xdb0:0xd DW_TAG_member
	.long	.Linfo_string197                @ DW_AT_name
	.long	979                             @ DW_AT_type
	.byte	6                               @ DW_AT_decl_file
	.short	257                             @ DW_AT_decl_line
	.byte	160                             @ DW_AT_data_member_location
	.byte	9                               @ Abbrev [9] 0xdbd:0xd DW_TAG_member
	.long	.Linfo_string198                @ DW_AT_name
	.long	979                             @ DW_AT_type
	.byte	6                               @ DW_AT_decl_file
	.short	260                             @ DW_AT_decl_line
	.byte	164                             @ DW_AT_data_member_location
	.byte	9                               @ Abbrev [9] 0xdca:0xd DW_TAG_member
	.long	.Linfo_string199                @ DW_AT_name
	.long	979                             @ DW_AT_type
	.byte	6                               @ DW_AT_decl_file
	.short	263                             @ DW_AT_decl_line
	.byte	168                             @ DW_AT_data_member_location
	.byte	9                               @ Abbrev [9] 0xdd7:0xd DW_TAG_member
	.long	.Linfo_string200                @ DW_AT_name
	.long	979                             @ DW_AT_type
	.byte	6                               @ DW_AT_decl_file
	.short	267                             @ DW_AT_decl_line
	.byte	172                             @ DW_AT_data_member_location
	.byte	9                               @ Abbrev [9] 0xde4:0xd DW_TAG_member
	.long	.Linfo_string201                @ DW_AT_name
	.long	979                             @ DW_AT_type
	.byte	6                               @ DW_AT_decl_file
	.short	270                             @ DW_AT_decl_line
	.byte	176                             @ DW_AT_data_member_location
	.byte	9                               @ Abbrev [9] 0xdf1:0xd DW_TAG_member
	.long	.Linfo_string202                @ DW_AT_name
	.long	979                             @ DW_AT_type
	.byte	6                               @ DW_AT_decl_file
	.short	278                             @ DW_AT_decl_line
	.byte	180                             @ DW_AT_data_member_location
	.byte	0                               @ End Of Children Mark
	.byte	5                               @ Abbrev [5] 0xdff:0xb DW_TAG_typedef
	.long	3594                            @ DW_AT_type
	.long	.Linfo_string164                @ DW_AT_name
	.byte	6                               @ DW_AT_decl_file
	.byte	72                              @ DW_AT_decl_line
	.byte	26                              @ Abbrev [26] 0xe0a:0x65 DW_TAG_structure_type
	.byte	32                              @ DW_AT_byte_size
	.byte	6                               @ DW_AT_decl_file
	.byte	45                              @ DW_AT_decl_line
	.byte	27                              @ Abbrev [27] 0xe0e:0xc DW_TAG_member
	.long	.Linfo_string156                @ DW_AT_name
	.long	979                             @ DW_AT_type
	.byte	6                               @ DW_AT_decl_file
	.byte	48                              @ DW_AT_decl_line
	.byte	0                               @ DW_AT_data_member_location
	.byte	27                              @ Abbrev [27] 0xe1a:0xc DW_TAG_member
	.long	.Linfo_string157                @ DW_AT_name
	.long	979                             @ DW_AT_type
	.byte	6                               @ DW_AT_decl_file
	.byte	51                              @ DW_AT_decl_line
	.byte	4                               @ DW_AT_data_member_location
	.byte	27                              @ Abbrev [27] 0xe26:0xc DW_TAG_member
	.long	.Linfo_string158                @ DW_AT_name
	.long	979                             @ DW_AT_type
	.byte	6                               @ DW_AT_decl_file
	.byte	56                              @ DW_AT_decl_line
	.byte	8                               @ DW_AT_data_member_location
	.byte	27                              @ Abbrev [27] 0xe32:0xc DW_TAG_member
	.long	.Linfo_string159                @ DW_AT_name
	.long	979                             @ DW_AT_type
	.byte	6                               @ DW_AT_decl_file
	.byte	60                              @ DW_AT_decl_line
	.byte	12                              @ DW_AT_data_member_location
	.byte	27                              @ Abbrev [27] 0xe3e:0xc DW_TAG_member
	.long	.Linfo_string160                @ DW_AT_name
	.long	979                             @ DW_AT_type
	.byte	6                               @ DW_AT_decl_file
	.byte	63                              @ DW_AT_decl_line
	.byte	16                              @ DW_AT_data_member_location
	.byte	27                              @ Abbrev [27] 0xe4a:0xc DW_TAG_member
	.long	.Linfo_string161                @ DW_AT_name
	.long	979                             @ DW_AT_type
	.byte	6                               @ DW_AT_decl_file
	.byte	65                              @ DW_AT_decl_line
	.byte	20                              @ DW_AT_data_member_location
	.byte	27                              @ Abbrev [27] 0xe56:0xc DW_TAG_member
	.long	.Linfo_string162                @ DW_AT_name
	.long	979                             @ DW_AT_type
	.byte	6                               @ DW_AT_decl_file
	.byte	67                              @ DW_AT_decl_line
	.byte	24                              @ DW_AT_data_member_location
	.byte	27                              @ Abbrev [27] 0xe62:0xc DW_TAG_member
	.long	.Linfo_string163                @ DW_AT_name
	.long	979                             @ DW_AT_type
	.byte	6                               @ DW_AT_decl_file
	.byte	70                              @ DW_AT_decl_line
	.byte	28                              @ DW_AT_data_member_location
	.byte	0                               @ End Of Children Mark
	.byte	5                               @ Abbrev [5] 0xe6f:0xb DW_TAG_typedef
	.long	3706                            @ DW_AT_type
	.long	.Linfo_string174                @ DW_AT_name
	.byte	6                               @ DW_AT_decl_file
	.byte	104                             @ DW_AT_decl_line
	.byte	26                              @ Abbrev [26] 0xe7a:0x65 DW_TAG_structure_type
	.byte	32                              @ DW_AT_byte_size
	.byte	6                               @ DW_AT_decl_file
	.byte	77                              @ DW_AT_decl_line
	.byte	27                              @ Abbrev [27] 0xe7e:0xc DW_TAG_member
	.long	.Linfo_string166                @ DW_AT_name
	.long	979                             @ DW_AT_type
	.byte	6                               @ DW_AT_decl_file
	.byte	80                              @ DW_AT_decl_line
	.byte	0                               @ DW_AT_data_member_location
	.byte	27                              @ Abbrev [27] 0xe8a:0xc DW_TAG_member
	.long	.Linfo_string167                @ DW_AT_name
	.long	979                             @ DW_AT_type
	.byte	6                               @ DW_AT_decl_file
	.byte	83                              @ DW_AT_decl_line
	.byte	4                               @ DW_AT_data_member_location
	.byte	27                              @ Abbrev [27] 0xe96:0xc DW_TAG_member
	.long	.Linfo_string168                @ DW_AT_name
	.long	979                             @ DW_AT_type
	.byte	6                               @ DW_AT_decl_file
	.byte	88                              @ DW_AT_decl_line
	.byte	8                               @ DW_AT_data_member_location
	.byte	27                              @ Abbrev [27] 0xea2:0xc DW_TAG_member
	.long	.Linfo_string169                @ DW_AT_name
	.long	979                             @ DW_AT_type
	.byte	6                               @ DW_AT_decl_file
	.byte	92                              @ DW_AT_decl_line
	.byte	12                              @ DW_AT_data_member_location
	.byte	27                              @ Abbrev [27] 0xeae:0xc DW_TAG_member
	.long	.Linfo_string170                @ DW_AT_name
	.long	979                             @ DW_AT_type
	.byte	6                               @ DW_AT_decl_file
	.byte	95                              @ DW_AT_decl_line
	.byte	16                              @ DW_AT_data_member_location
	.byte	27                              @ Abbrev [27] 0xeba:0xc DW_TAG_member
	.long	.Linfo_string171                @ DW_AT_name
	.long	979                             @ DW_AT_type
	.byte	6                               @ DW_AT_decl_file
	.byte	97                              @ DW_AT_decl_line
	.byte	20                              @ DW_AT_data_member_location
	.byte	27                              @ Abbrev [27] 0xec6:0xc DW_TAG_member
	.long	.Linfo_string172                @ DW_AT_name
	.long	979                             @ DW_AT_type
	.byte	6                               @ DW_AT_decl_file
	.byte	99                              @ DW_AT_decl_line
	.byte	24                              @ DW_AT_data_member_location
	.byte	27                              @ Abbrev [27] 0xed2:0xc DW_TAG_member
	.long	.Linfo_string173                @ DW_AT_name
	.long	979                             @ DW_AT_type
	.byte	6                               @ DW_AT_decl_file
	.byte	102                             @ DW_AT_decl_line
	.byte	28                              @ DW_AT_data_member_location
	.byte	0                               @ End Of Children Mark
	.byte	6                               @ Abbrev [6] 0xedf:0x5 DW_TAG_pointer_type
	.long	3812                            @ DW_AT_type
	.byte	28                              @ Abbrev [28] 0xee4:0x5 DW_TAG_const_type
	.long	3583                            @ DW_AT_type
	.byte	6                               @ Abbrev [6] 0xee9:0x5 DW_TAG_pointer_type
	.long	3822                            @ DW_AT_type
	.byte	28                              @ Abbrev [28] 0xeee:0x5 DW_TAG_const_type
	.long	3695                            @ DW_AT_type
	.byte	5                               @ Abbrev [5] 0xef3:0xb DW_TAG_typedef
	.long	3838                            @ DW_AT_type
	.long	.Linfo_string216                @ DW_AT_name
	.byte	6                               @ DW_AT_decl_file
	.byte	114                             @ DW_AT_decl_line
	.byte	26                              @ Abbrev [26] 0xefe:0x29 DW_TAG_structure_type
	.byte	12                              @ DW_AT_byte_size
	.byte	6                               @ DW_AT_decl_file
	.byte	109                             @ DW_AT_decl_line
	.byte	27                              @ Abbrev [27] 0xf02:0xc DW_TAG_member
	.long	.Linfo_string213                @ DW_AT_name
	.long	979                             @ DW_AT_type
	.byte	6                               @ DW_AT_decl_file
	.byte	111                             @ DW_AT_decl_line
	.byte	0                               @ DW_AT_data_member_location
	.byte	27                              @ Abbrev [27] 0xf0e:0xc DW_TAG_member
	.long	.Linfo_string214                @ DW_AT_name
	.long	979                             @ DW_AT_type
	.byte	6                               @ DW_AT_decl_file
	.byte	112                             @ DW_AT_decl_line
	.byte	4                               @ DW_AT_data_member_location
	.byte	27                              @ Abbrev [27] 0xf1a:0xc DW_TAG_member
	.long	.Linfo_string215                @ DW_AT_name
	.long	979                             @ DW_AT_type
	.byte	6                               @ DW_AT_decl_file
	.byte	113                             @ DW_AT_decl_line
	.byte	8                               @ DW_AT_data_member_location
	.byte	0                               @ End Of Children Mark
	.byte	5                               @ Abbrev [5] 0xf27:0xb DW_TAG_typedef
	.long	3890                            @ DW_AT_type
	.long	.Linfo_string221                @ DW_AT_name
	.byte	6                               @ DW_AT_decl_file
	.byte	124                             @ DW_AT_decl_line
	.byte	26                              @ Abbrev [26] 0xf32:0x29 DW_TAG_structure_type
	.byte	12                              @ DW_AT_byte_size
	.byte	6                               @ DW_AT_decl_file
	.byte	119                             @ DW_AT_decl_line
	.byte	27                              @ Abbrev [27] 0xf36:0xc DW_TAG_member
	.long	.Linfo_string218                @ DW_AT_name
	.long	979                             @ DW_AT_type
	.byte	6                               @ DW_AT_decl_file
	.byte	121                             @ DW_AT_decl_line
	.byte	0                               @ DW_AT_data_member_location
	.byte	27                              @ Abbrev [27] 0xf42:0xc DW_TAG_member
	.long	.Linfo_string219                @ DW_AT_name
	.long	979                             @ DW_AT_type
	.byte	6                               @ DW_AT_decl_file
	.byte	122                             @ DW_AT_decl_line
	.byte	4                               @ DW_AT_data_member_location
	.byte	27                              @ Abbrev [27] 0xf4e:0xc DW_TAG_member
	.long	.Linfo_string220                @ DW_AT_name
	.long	979                             @ DW_AT_type
	.byte	6                               @ DW_AT_decl_file
	.byte	123                             @ DW_AT_decl_line
	.byte	8                               @ DW_AT_data_member_location
	.byte	0                               @ End Of Children Mark
	.byte	5                               @ Abbrev [5] 0xf5b:0xb DW_TAG_typedef
	.long	3942                            @ DW_AT_type
	.long	.Linfo_string226                @ DW_AT_name
	.byte	6                               @ DW_AT_decl_file
	.byte	134                             @ DW_AT_decl_line
	.byte	26                              @ Abbrev [26] 0xf66:0x29 DW_TAG_structure_type
	.byte	12                              @ DW_AT_byte_size
	.byte	6                               @ DW_AT_decl_file
	.byte	129                             @ DW_AT_decl_line
	.byte	27                              @ Abbrev [27] 0xf6a:0xc DW_TAG_member
	.long	.Linfo_string223                @ DW_AT_name
	.long	979                             @ DW_AT_type
	.byte	6                               @ DW_AT_decl_file
	.byte	131                             @ DW_AT_decl_line
	.byte	0                               @ DW_AT_data_member_location
	.byte	27                              @ Abbrev [27] 0xf76:0xc DW_TAG_member
	.long	.Linfo_string224                @ DW_AT_name
	.long	979                             @ DW_AT_type
	.byte	6                               @ DW_AT_decl_file
	.byte	132                             @ DW_AT_decl_line
	.byte	4                               @ DW_AT_data_member_location
	.byte	27                              @ Abbrev [27] 0xf82:0xc DW_TAG_member
	.long	.Linfo_string225                @ DW_AT_name
	.long	979                             @ DW_AT_type
	.byte	6                               @ DW_AT_decl_file
	.byte	133                             @ DW_AT_decl_line
	.byte	8                               @ DW_AT_data_member_location
	.byte	0                               @ End Of Children Mark
	.byte	6                               @ Abbrev [6] 0xf8f:0x5 DW_TAG_pointer_type
	.long	3827                            @ DW_AT_type
	.byte	6                               @ Abbrev [6] 0xf94:0x5 DW_TAG_pointer_type
	.long	3879                            @ DW_AT_type
	.byte	6                               @ Abbrev [6] 0xf99:0x5 DW_TAG_pointer_type
	.long	3931                            @ DW_AT_type
	.byte	6                               @ Abbrev [6] 0xf9e:0x5 DW_TAG_pointer_type
	.long	4003                            @ DW_AT_type
	.byte	28                              @ Abbrev [28] 0xfa3:0x5 DW_TAG_const_type
	.long	4008                            @ DW_AT_type
	.byte	7                               @ Abbrev [7] 0xfa8:0xc DW_TAG_typedef
	.long	4020                            @ DW_AT_type
	.long	.Linfo_string258                @ DW_AT_name
	.byte	6                               @ DW_AT_decl_file
	.short	314                             @ DW_AT_decl_line
	.byte	15                              @ Abbrev [15] 0xfb4:0x54 DW_TAG_structure_type
	.byte	24                              @ DW_AT_byte_size
	.byte	6                               @ DW_AT_decl_file
	.short	293                             @ DW_AT_decl_line
	.byte	9                               @ Abbrev [9] 0xfb9:0xd DW_TAG_member
	.long	.Linfo_string252                @ DW_AT_name
	.long	979                             @ DW_AT_type
	.byte	6                               @ DW_AT_decl_file
	.short	295                             @ DW_AT_decl_line
	.byte	0                               @ DW_AT_data_member_location
	.byte	9                               @ Abbrev [9] 0xfc6:0xd DW_TAG_member
	.long	.Linfo_string253                @ DW_AT_name
	.long	979                             @ DW_AT_type
	.byte	6                               @ DW_AT_decl_file
	.short	298                             @ DW_AT_decl_line
	.byte	4                               @ DW_AT_data_member_location
	.byte	9                               @ Abbrev [9] 0xfd3:0xd DW_TAG_member
	.long	.Linfo_string254                @ DW_AT_name
	.long	979                             @ DW_AT_type
	.byte	6                               @ DW_AT_decl_file
	.short	301                             @ DW_AT_decl_line
	.byte	8                               @ DW_AT_data_member_location
	.byte	9                               @ Abbrev [9] 0xfe0:0xd DW_TAG_member
	.long	.Linfo_string255                @ DW_AT_name
	.long	979                             @ DW_AT_type
	.byte	6                               @ DW_AT_decl_file
	.short	304                             @ DW_AT_decl_line
	.byte	12                              @ DW_AT_data_member_location
	.byte	9                               @ Abbrev [9] 0xfed:0xd DW_TAG_member
	.long	.Linfo_string256                @ DW_AT_name
	.long	979                             @ DW_AT_type
	.byte	6                               @ DW_AT_decl_file
	.short	308                             @ DW_AT_decl_line
	.byte	16                              @ DW_AT_data_member_location
	.byte	9                               @ Abbrev [9] 0xffa:0xd DW_TAG_member
	.long	.Linfo_string257                @ DW_AT_name
	.long	979                             @ DW_AT_type
	.byte	6                               @ DW_AT_decl_file
	.short	311                             @ DW_AT_decl_line
	.byte	20                              @ DW_AT_data_member_location
	.byte	0                               @ End Of Children Mark
	.byte	6                               @ Abbrev [6] 0x1008:0x5 DW_TAG_pointer_type
	.long	4109                            @ DW_AT_type
	.byte	7                               @ Abbrev [7] 0x100d:0xc DW_TAG_typedef
	.long	4121                            @ DW_AT_type
	.long	.Linfo_string263                @ DW_AT_name
	.byte	6                               @ DW_AT_decl_file
	.short	336                             @ DW_AT_decl_line
	.byte	15                              @ Abbrev [15] 0x1019:0x3a DW_TAG_structure_type
	.byte	16                              @ DW_AT_byte_size
	.byte	6                               @ DW_AT_decl_file
	.short	319                             @ DW_AT_decl_line
	.byte	9                               @ Abbrev [9] 0x101e:0xd DW_TAG_member
	.long	.Linfo_string255                @ DW_AT_name
	.long	979                             @ DW_AT_type
	.byte	6                               @ DW_AT_decl_file
	.short	321                             @ DW_AT_decl_line
	.byte	0                               @ DW_AT_data_member_location
	.byte	9                               @ Abbrev [9] 0x102b:0xd DW_TAG_member
	.long	.Linfo_string257                @ DW_AT_name
	.long	979                             @ DW_AT_type
	.byte	6                               @ DW_AT_decl_file
	.short	324                             @ DW_AT_decl_line
	.byte	4                               @ DW_AT_data_member_location
	.byte	9                               @ Abbrev [9] 0x1038:0xd DW_TAG_member
	.long	.Linfo_string261                @ DW_AT_name
	.long	979                             @ DW_AT_type
	.byte	6                               @ DW_AT_decl_file
	.short	327                             @ DW_AT_decl_line
	.byte	8                               @ DW_AT_data_member_location
	.byte	9                               @ Abbrev [9] 0x1045:0xd DW_TAG_member
	.long	.Linfo_string262                @ DW_AT_name
	.long	979                             @ DW_AT_type
	.byte	6                               @ DW_AT_decl_file
	.short	331                             @ DW_AT_decl_line
	.byte	12                              @ DW_AT_data_member_location
	.byte	0                               @ End Of Children Mark
	.byte	0                               @ End Of Children Mark
.Ldebug_info_end0:
	.section	.debug_ranges,"",%progbits
.Ldebug_ranges0:
	.long	.Lfunc_begin0
	.long	.Lfunc_end0
	.long	.Lfunc_begin1
	.long	.Lfunc_end1
	.long	.Lfunc_begin2
	.long	.Lfunc_end2
	.long	.Lfunc_begin3
	.long	.Lfunc_end3
	.long	.Lfunc_begin4
	.long	.Lfunc_end4
	.long	.Lfunc_begin5
	.long	.Lfunc_end5
	.long	.Lfunc_begin6
	.long	.Lfunc_end6
	.long	.Lfunc_begin7
	.long	.Lfunc_end7
	.long	.Lfunc_begin8
	.long	.Lfunc_end8
	.long	.Lfunc_begin9
	.long	.Lfunc_end9
	.long	.Lfunc_begin10
	.long	.Lfunc_end10
	.long	.Lfunc_begin11
	.long	.Lfunc_end11
	.long	.Lfunc_begin12
	.long	.Lfunc_end12
	.long	.Lfunc_begin13
	.long	.Lfunc_end13
	.long	.Lfunc_begin14
	.long	.Lfunc_end14
	.long	.Lfunc_begin15
	.long	.Lfunc_end15
	.long	.Lfunc_begin16
	.long	.Lfunc_end16
	.long	.Lfunc_begin17
	.long	.Lfunc_end17
	.long	.Lfunc_begin18
	.long	.Lfunc_end18
	.long	.Lfunc_begin19
	.long	.Lfunc_end19
	.long	.Lfunc_begin20
	.long	.Lfunc_end20
	.long	.Lfunc_begin21
	.long	.Lfunc_end21
	.long	.Lfunc_begin22
	.long	.Lfunc_end22
	.long	.Lfunc_begin23
	.long	.Lfunc_end23
	.long	.Lfunc_begin24
	.long	.Lfunc_end24
	.long	.Lfunc_begin25
	.long	.Lfunc_end25
	.long	.Lfunc_begin26
	.long	.Lfunc_end26
	.long	.Lfunc_begin27
	.long	.Lfunc_end27
	.long	0
	.long	0
	.section	.debug_str,"MS",%progbits,1
.Linfo_string0:
	.asciz	"Component: Arm Compiler for Embedded 6.24 Tool: armclang [5f371800]" @ string offset=0
.Linfo_string1:
	.asciz	"../Drivers/STM32H7xx_HAL_Driver/Src\\stm32h7xx_hal_rcc_ex.c" @ string offset=68
.Linfo_string2:
	.asciz	"D:\\stm32_project\\daily_work\\new_bubing\\cod_update_2.0\\COD_H7_Template\\MDK-ARM" @ string offset=127
.Linfo_string3:
	.asciz	"unsigned char"                 @ string offset=205
.Linfo_string4:
	.asciz	"HAL_OK"                        @ string offset=219
.Linfo_string5:
	.asciz	"HAL_ERROR"                     @ string offset=226
.Linfo_string6:
	.asciz	"HAL_BUSY"                      @ string offset=236
.Linfo_string7:
	.asciz	"HAL_TIMEOUT"                   @ string offset=245
.Linfo_string8:
	.asciz	"unsigned long long"            @ string offset=257
.Linfo_string9:
	.asciz	"uint64_t"                      @ string offset=276
.Linfo_string10:
	.asciz	"CR"                            @ string offset=285
.Linfo_string11:
	.asciz	"unsigned int"                  @ string offset=288
.Linfo_string12:
	.asciz	"uint32_t"                      @ string offset=301
.Linfo_string13:
	.asciz	"HSICFGR"                       @ string offset=310
.Linfo_string14:
	.asciz	"CRRCR"                         @ string offset=318
.Linfo_string15:
	.asciz	"CSICFGR"                       @ string offset=324
.Linfo_string16:
	.asciz	"CFGR"                          @ string offset=332
.Linfo_string17:
	.asciz	"RESERVED1"                     @ string offset=337
.Linfo_string18:
	.asciz	"D1CFGR"                        @ string offset=347
.Linfo_string19:
	.asciz	"D2CFGR"                        @ string offset=354
.Linfo_string20:
	.asciz	"D3CFGR"                        @ string offset=361
.Linfo_string21:
	.asciz	"RESERVED2"                     @ string offset=368
.Linfo_string22:
	.asciz	"PLLCKSELR"                     @ string offset=378
.Linfo_string23:
	.asciz	"PLLCFGR"                       @ string offset=388
.Linfo_string24:
	.asciz	"PLL1DIVR"                      @ string offset=396
.Linfo_string25:
	.asciz	"PLL1FRACR"                     @ string offset=405
.Linfo_string26:
	.asciz	"PLL2DIVR"                      @ string offset=415
.Linfo_string27:
	.asciz	"PLL2FRACR"                     @ string offset=424
.Linfo_string28:
	.asciz	"PLL3DIVR"                      @ string offset=434
.Linfo_string29:
	.asciz	"PLL3FRACR"                     @ string offset=443
.Linfo_string30:
	.asciz	"RESERVED3"                     @ string offset=453
.Linfo_string31:
	.asciz	"D1CCIPR"                       @ string offset=463
.Linfo_string32:
	.asciz	"D2CCIP1R"                      @ string offset=471
.Linfo_string33:
	.asciz	"D2CCIP2R"                      @ string offset=480
.Linfo_string34:
	.asciz	"D3CCIPR"                       @ string offset=489
.Linfo_string35:
	.asciz	"RESERVED4"                     @ string offset=497
.Linfo_string36:
	.asciz	"CIER"                          @ string offset=507
.Linfo_string37:
	.asciz	"CIFR"                          @ string offset=512
.Linfo_string38:
	.asciz	"CICR"                          @ string offset=517
.Linfo_string39:
	.asciz	"RESERVED5"                     @ string offset=522
.Linfo_string40:
	.asciz	"BDCR"                          @ string offset=532
.Linfo_string41:
	.asciz	"CSR"                           @ string offset=537
.Linfo_string42:
	.asciz	"RESERVED6"                     @ string offset=541
.Linfo_string43:
	.asciz	"AHB3RSTR"                      @ string offset=551
.Linfo_string44:
	.asciz	"AHB1RSTR"                      @ string offset=560
.Linfo_string45:
	.asciz	"AHB2RSTR"                      @ string offset=569
.Linfo_string46:
	.asciz	"AHB4RSTR"                      @ string offset=578
.Linfo_string47:
	.asciz	"APB3RSTR"                      @ string offset=587
.Linfo_string48:
	.asciz	"APB1LRSTR"                     @ string offset=596
.Linfo_string49:
	.asciz	"APB1HRSTR"                     @ string offset=606
.Linfo_string50:
	.asciz	"APB2RSTR"                      @ string offset=616
.Linfo_string51:
	.asciz	"APB4RSTR"                      @ string offset=625
.Linfo_string52:
	.asciz	"GCR"                           @ string offset=634
.Linfo_string53:
	.asciz	"RESERVED8"                     @ string offset=638
.Linfo_string54:
	.asciz	"D3AMR"                         @ string offset=648
.Linfo_string55:
	.asciz	"RESERVED11"                    @ string offset=654
.Linfo_string56:
	.asciz	"__ARRAY_SIZE_TYPE__"           @ string offset=665
.Linfo_string57:
	.asciz	"RSR"                           @ string offset=685
.Linfo_string58:
	.asciz	"AHB3ENR"                       @ string offset=689
.Linfo_string59:
	.asciz	"AHB1ENR"                       @ string offset=697
.Linfo_string60:
	.asciz	"AHB2ENR"                       @ string offset=705
.Linfo_string61:
	.asciz	"AHB4ENR"                       @ string offset=713
.Linfo_string62:
	.asciz	"APB3ENR"                       @ string offset=721
.Linfo_string63:
	.asciz	"APB1LENR"                      @ string offset=729
.Linfo_string64:
	.asciz	"APB1HENR"                      @ string offset=738
.Linfo_string65:
	.asciz	"APB2ENR"                       @ string offset=747
.Linfo_string66:
	.asciz	"APB4ENR"                       @ string offset=755
.Linfo_string67:
	.asciz	"RESERVED12"                    @ string offset=763
.Linfo_string68:
	.asciz	"AHB3LPENR"                     @ string offset=774
.Linfo_string69:
	.asciz	"AHB1LPENR"                     @ string offset=784
.Linfo_string70:
	.asciz	"AHB2LPENR"                     @ string offset=794
.Linfo_string71:
	.asciz	"AHB4LPENR"                     @ string offset=804
.Linfo_string72:
	.asciz	"APB3LPENR"                     @ string offset=814
.Linfo_string73:
	.asciz	"APB1LLPENR"                    @ string offset=824
.Linfo_string74:
	.asciz	"APB1HLPENR"                    @ string offset=835
.Linfo_string75:
	.asciz	"APB2LPENR"                     @ string offset=846
.Linfo_string76:
	.asciz	"APB4LPENR"                     @ string offset=856
.Linfo_string77:
	.asciz	"RESERVED13"                    @ string offset=866
.Linfo_string78:
	.asciz	"RCC_TypeDef"                   @ string offset=877
.Linfo_string79:
	.asciz	"CR1"                           @ string offset=889
.Linfo_string80:
	.asciz	"CSR1"                          @ string offset=893
.Linfo_string81:
	.asciz	"CR2"                           @ string offset=898
.Linfo_string82:
	.asciz	"CR3"                           @ string offset=902
.Linfo_string83:
	.asciz	"CPUCR"                         @ string offset=906
.Linfo_string84:
	.asciz	"RESERVED0"                     @ string offset=912
.Linfo_string85:
	.asciz	"D3CR"                          @ string offset=922
.Linfo_string86:
	.asciz	"WKUPCR"                        @ string offset=927
.Linfo_string87:
	.asciz	"WKUPFR"                        @ string offset=934
.Linfo_string88:
	.asciz	"WKUPEPR"                       @ string offset=941
.Linfo_string89:
	.asciz	"PWR_TypeDef"                   @ string offset=949
.Linfo_string90:
	.asciz	"uint8_t"                       @ string offset=961
.Linfo_string91:
	.asciz	"float"                         @ string offset=969
.Linfo_string92:
	.asciz	"float_t"                       @ string offset=975
.Linfo_string93:
	.asciz	"RTSR1"                         @ string offset=983
.Linfo_string94:
	.asciz	"FTSR1"                         @ string offset=989
.Linfo_string95:
	.asciz	"SWIER1"                        @ string offset=995
.Linfo_string96:
	.asciz	"D3PMR1"                        @ string offset=1002
.Linfo_string97:
	.asciz	"D3PCR1L"                       @ string offset=1009
.Linfo_string98:
	.asciz	"D3PCR1H"                       @ string offset=1017
.Linfo_string99:
	.asciz	"RTSR2"                         @ string offset=1025
.Linfo_string100:
	.asciz	"FTSR2"                         @ string offset=1031
.Linfo_string101:
	.asciz	"SWIER2"                        @ string offset=1037
.Linfo_string102:
	.asciz	"D3PMR2"                        @ string offset=1044
.Linfo_string103:
	.asciz	"D3PCR2L"                       @ string offset=1051
.Linfo_string104:
	.asciz	"D3PCR2H"                       @ string offset=1059
.Linfo_string105:
	.asciz	"RTSR3"                         @ string offset=1067
.Linfo_string106:
	.asciz	"FTSR3"                         @ string offset=1073
.Linfo_string107:
	.asciz	"SWIER3"                        @ string offset=1079
.Linfo_string108:
	.asciz	"D3PMR3"                        @ string offset=1086
.Linfo_string109:
	.asciz	"D3PCR3L"                       @ string offset=1093
.Linfo_string110:
	.asciz	"D3PCR3H"                       @ string offset=1101
.Linfo_string111:
	.asciz	"IMR1"                          @ string offset=1109
.Linfo_string112:
	.asciz	"EMR1"                          @ string offset=1114
.Linfo_string113:
	.asciz	"PR1"                           @ string offset=1119
.Linfo_string114:
	.asciz	"IMR2"                          @ string offset=1123
.Linfo_string115:
	.asciz	"EMR2"                          @ string offset=1128
.Linfo_string116:
	.asciz	"PR2"                           @ string offset=1133
.Linfo_string117:
	.asciz	"IMR3"                          @ string offset=1137
.Linfo_string118:
	.asciz	"EMR3"                          @ string offset=1142
.Linfo_string119:
	.asciz	"PR3"                           @ string offset=1147
.Linfo_string120:
	.asciz	"EXTI_TypeDef"                  @ string offset=1151
.Linfo_string121:
	.asciz	"ISR"                           @ string offset=1164
.Linfo_string122:
	.asciz	"ICR"                           @ string offset=1168
.Linfo_string123:
	.asciz	"CRS_TypeDef"                   @ string offset=1172
.Linfo_string124:
	.asciz	"HAL_RCCEx_PeriphCLKConfig"     @ string offset=1184
.Linfo_string125:
	.asciz	"HAL_StatusTypeDef"             @ string offset=1210
.Linfo_string126:
	.asciz	"RCCEx_PLL2_Config"             @ string offset=1228
.Linfo_string127:
	.asciz	"RCCEx_PLL3_Config"             @ string offset=1246
.Linfo_string128:
	.asciz	"HAL_RCCEx_GetPeriphCLKConfig"  @ string offset=1264
.Linfo_string129:
	.asciz	"HAL_RCCEx_GetPeriphCLKFreq"    @ string offset=1293
.Linfo_string130:
	.asciz	"HAL_RCCEx_GetPLL1ClockFreq"    @ string offset=1320
.Linfo_string131:
	.asciz	"HAL_RCCEx_GetPLL2ClockFreq"    @ string offset=1347
.Linfo_string132:
	.asciz	"HAL_RCCEx_GetPLL3ClockFreq"    @ string offset=1374
.Linfo_string133:
	.asciz	"HAL_RCCEx_GetD3PCLK1Freq"      @ string offset=1401
.Linfo_string134:
	.asciz	"HAL_RCCEx_GetD1PCLK1Freq"      @ string offset=1426
.Linfo_string135:
	.asciz	"HAL_RCCEx_GetD1SysClockFreq"   @ string offset=1451
.Linfo_string136:
	.asciz	"HAL_RCCEx_EnableLSECSS"        @ string offset=1479
.Linfo_string137:
	.asciz	"HAL_RCCEx_DisableLSECSS"       @ string offset=1502
.Linfo_string138:
	.asciz	"HAL_RCCEx_EnableLSECSS_IT"     @ string offset=1526
.Linfo_string139:
	.asciz	"HAL_RCCEx_WakeUpStopCLKConfig" @ string offset=1552
.Linfo_string140:
	.asciz	"HAL_RCCEx_KerWakeUpStopCLKConfig" @ string offset=1582
.Linfo_string141:
	.asciz	"HAL_RCCEx_WWDGxSysResetConfig" @ string offset=1615
.Linfo_string142:
	.asciz	"HAL_RCCEx_CRSConfig"           @ string offset=1645
.Linfo_string143:
	.asciz	"HAL_RCCEx_CRSSoftwareSynchronizationGenerate" @ string offset=1665
.Linfo_string144:
	.asciz	"HAL_RCCEx_CRSGetSynchronizationInfo" @ string offset=1710
.Linfo_string145:
	.asciz	"HAL_RCCEx_CRSWaitSynchronization" @ string offset=1746
.Linfo_string146:
	.asciz	"HAL_RCCEx_CRS_IRQHandler"      @ string offset=1779
.Linfo_string147:
	.asciz	"HAL_RCCEx_CRS_SyncOkCallback"  @ string offset=1804
.Linfo_string148:
	.asciz	"HAL_RCCEx_CRS_SyncWarnCallback" @ string offset=1833
.Linfo_string149:
	.asciz	"HAL_RCCEx_CRS_ExpectedSyncCallback" @ string offset=1864
.Linfo_string150:
	.asciz	"HAL_RCCEx_CRS_ErrorCallback"   @ string offset=1899
.Linfo_string151:
	.asciz	"HAL_RCCEx_LSECSS_IRQHandler"   @ string offset=1927
.Linfo_string152:
	.asciz	"HAL_RCCEx_LSECSS_Callback"     @ string offset=1955
.Linfo_string153:
	.asciz	"PeriphClkInit"                 @ string offset=1981
.Linfo_string154:
	.asciz	"PeriphClockSelection"          @ string offset=1995
.Linfo_string155:
	.asciz	"PLL2"                          @ string offset=2016
.Linfo_string156:
	.asciz	"PLL2M"                         @ string offset=2021
.Linfo_string157:
	.asciz	"PLL2N"                         @ string offset=2027
.Linfo_string158:
	.asciz	"PLL2P"                         @ string offset=2033
.Linfo_string159:
	.asciz	"PLL2Q"                         @ string offset=2039
.Linfo_string160:
	.asciz	"PLL2R"                         @ string offset=2045
.Linfo_string161:
	.asciz	"PLL2RGE"                       @ string offset=2051
.Linfo_string162:
	.asciz	"PLL2VCOSEL"                    @ string offset=2059
.Linfo_string163:
	.asciz	"PLL2FRACN"                     @ string offset=2070
.Linfo_string164:
	.asciz	"RCC_PLL2InitTypeDef"           @ string offset=2080
.Linfo_string165:
	.asciz	"PLL3"                          @ string offset=2100
.Linfo_string166:
	.asciz	"PLL3M"                         @ string offset=2105
.Linfo_string167:
	.asciz	"PLL3N"                         @ string offset=2111
.Linfo_string168:
	.asciz	"PLL3P"                         @ string offset=2117
.Linfo_string169:
	.asciz	"PLL3Q"                         @ string offset=2123
.Linfo_string170:
	.asciz	"PLL3R"                         @ string offset=2129
.Linfo_string171:
	.asciz	"PLL3RGE"                       @ string offset=2135
.Linfo_string172:
	.asciz	"PLL3VCOSEL"                    @ string offset=2143
.Linfo_string173:
	.asciz	"PLL3FRACN"                     @ string offset=2154
.Linfo_string174:
	.asciz	"RCC_PLL3InitTypeDef"           @ string offset=2164
.Linfo_string175:
	.asciz	"FmcClockSelection"             @ string offset=2184
.Linfo_string176:
	.asciz	"OspiClockSelection"            @ string offset=2202
.Linfo_string177:
	.asciz	"SdmmcClockSelection"           @ string offset=2221
.Linfo_string178:
	.asciz	"CkperClockSelection"           @ string offset=2241
.Linfo_string179:
	.asciz	"Sai1ClockSelection"            @ string offset=2261
.Linfo_string180:
	.asciz	"Spi123ClockSelection"          @ string offset=2280
.Linfo_string181:
	.asciz	"Spi45ClockSelection"           @ string offset=2301
.Linfo_string182:
	.asciz	"SpdifrxClockSelection"         @ string offset=2321
.Linfo_string183:
	.asciz	"Dfsdm1ClockSelection"          @ string offset=2343
.Linfo_string184:
	.asciz	"FdcanClockSelection"           @ string offset=2364
.Linfo_string185:
	.asciz	"Swpmi1ClockSelection"          @ string offset=2384
.Linfo_string186:
	.asciz	"Usart234578ClockSelection"     @ string offset=2405
.Linfo_string187:
	.asciz	"Usart16ClockSelection"         @ string offset=2431
.Linfo_string188:
	.asciz	"RngClockSelection"             @ string offset=2453
.Linfo_string189:
	.asciz	"I2c1235ClockSelection"         @ string offset=2471
.Linfo_string190:
	.asciz	"UsbClockSelection"             @ string offset=2493
.Linfo_string191:
	.asciz	"CecClockSelection"             @ string offset=2511
.Linfo_string192:
	.asciz	"Lptim1ClockSelection"          @ string offset=2529
.Linfo_string193:
	.asciz	"Lpuart1ClockSelection"         @ string offset=2550
.Linfo_string194:
	.asciz	"I2c4ClockSelection"            @ string offset=2572
.Linfo_string195:
	.asciz	"Lptim2ClockSelection"          @ string offset=2591
.Linfo_string196:
	.asciz	"Lptim345ClockSelection"        @ string offset=2612
.Linfo_string197:
	.asciz	"AdcClockSelection"             @ string offset=2635
.Linfo_string198:
	.asciz	"Sai4AClockSelection"           @ string offset=2653
.Linfo_string199:
	.asciz	"Sai4BClockSelection"           @ string offset=2673
.Linfo_string200:
	.asciz	"Spi6ClockSelection"            @ string offset=2693
.Linfo_string201:
	.asciz	"RTCClockSelection"             @ string offset=2712
.Linfo_string202:
	.asciz	"TIMPresSelection"              @ string offset=2730
.Linfo_string203:
	.asciz	"RCC_PeriphCLKInitTypeDef"      @ string offset=2747
.Linfo_string204:
	.asciz	"tmpreg"                        @ string offset=2772
.Linfo_string205:
	.asciz	"tickstart"                     @ string offset=2779
.Linfo_string206:
	.asciz	"ret"                           @ string offset=2789
.Linfo_string207:
	.asciz	"status"                        @ string offset=2793
.Linfo_string208:
	.asciz	"pll2"                          @ string offset=2800
.Linfo_string209:
	.asciz	"Divider"                       @ string offset=2805
.Linfo_string210:
	.asciz	"pll3"                          @ string offset=2813
.Linfo_string211:
	.asciz	"PeriphClk"                     @ string offset=2818
.Linfo_string212:
	.asciz	"pll1_clocks"                   @ string offset=2828
.Linfo_string213:
	.asciz	"PLL1_P_Frequency"              @ string offset=2840
.Linfo_string214:
	.asciz	"PLL1_Q_Frequency"              @ string offset=2857
.Linfo_string215:
	.asciz	"PLL1_R_Frequency"              @ string offset=2874
.Linfo_string216:
	.asciz	"PLL1_ClocksTypeDef"            @ string offset=2891
.Linfo_string217:
	.asciz	"pll2_clocks"                   @ string offset=2910
.Linfo_string218:
	.asciz	"PLL2_P_Frequency"              @ string offset=2922
.Linfo_string219:
	.asciz	"PLL2_Q_Frequency"              @ string offset=2939
.Linfo_string220:
	.asciz	"PLL2_R_Frequency"              @ string offset=2956
.Linfo_string221:
	.asciz	"PLL2_ClocksTypeDef"            @ string offset=2973
.Linfo_string222:
	.asciz	"pll3_clocks"                   @ string offset=2992
.Linfo_string223:
	.asciz	"PLL3_P_Frequency"              @ string offset=3004
.Linfo_string224:
	.asciz	"PLL3_Q_Frequency"              @ string offset=3021
.Linfo_string225:
	.asciz	"PLL3_R_Frequency"              @ string offset=3038
.Linfo_string226:
	.asciz	"PLL3_ClocksTypeDef"            @ string offset=3055
.Linfo_string227:
	.asciz	"frequency"                     @ string offset=3074
.Linfo_string228:
	.asciz	"saiclocksource"                @ string offset=3084
.Linfo_string229:
	.asciz	"ckpclocksource"                @ string offset=3099
.Linfo_string230:
	.asciz	"srcclk"                        @ string offset=3114
.Linfo_string231:
	.asciz	"PLL1_Clocks"                   @ string offset=3121
.Linfo_string232:
	.asciz	"pllsource"                     @ string offset=3133
.Linfo_string233:
	.asciz	"pll1m"                         @ string offset=3143
.Linfo_string234:
	.asciz	"pll1fracen"                    @ string offset=3149
.Linfo_string235:
	.asciz	"hsivalue"                      @ string offset=3160
.Linfo_string236:
	.asciz	"fracn1"                        @ string offset=3169
.Linfo_string237:
	.asciz	"pll1vco"                       @ string offset=3176
.Linfo_string238:
	.asciz	"PLL2_Clocks"                   @ string offset=3184
.Linfo_string239:
	.asciz	"pll2m"                         @ string offset=3196
.Linfo_string240:
	.asciz	"pll2fracen"                    @ string offset=3202
.Linfo_string241:
	.asciz	"fracn2"                        @ string offset=3213
.Linfo_string242:
	.asciz	"pll2vco"                       @ string offset=3220
.Linfo_string243:
	.asciz	"PLL3_Clocks"                   @ string offset=3228
.Linfo_string244:
	.asciz	"pll3m"                         @ string offset=3240
.Linfo_string245:
	.asciz	"pll3fracen"                    @ string offset=3246
.Linfo_string246:
	.asciz	"fracn3"                        @ string offset=3257
.Linfo_string247:
	.asciz	"pll3vco"                       @ string offset=3264
.Linfo_string248:
	.asciz	"common_system_clock"           @ string offset=3272
.Linfo_string249:
	.asciz	"WakeUpClk"                     @ string offset=3292
.Linfo_string250:
	.asciz	"RCC_WWDGx"                     @ string offset=3302
.Linfo_string251:
	.asciz	"pInit"                         @ string offset=3312
.Linfo_string252:
	.asciz	"Prescaler"                     @ string offset=3318
.Linfo_string253:
	.asciz	"Source"                        @ string offset=3328
.Linfo_string254:
	.asciz	"Polarity"                      @ string offset=3335
.Linfo_string255:
	.asciz	"ReloadValue"                   @ string offset=3344
.Linfo_string256:
	.asciz	"ErrorLimitValue"               @ string offset=3356
.Linfo_string257:
	.asciz	"HSI48CalibrationValue"         @ string offset=3372
.Linfo_string258:
	.asciz	"RCC_CRSInitTypeDef"            @ string offset=3394
.Linfo_string259:
	.asciz	"value"                         @ string offset=3413
.Linfo_string260:
	.asciz	"pSynchroInfo"                  @ string offset=3419
.Linfo_string261:
	.asciz	"FreqErrorCapture"              @ string offset=3432
.Linfo_string262:
	.asciz	"FreqErrorDirection"            @ string offset=3449
.Linfo_string263:
	.asciz	"RCC_CRSSynchroInfoTypeDef"     @ string offset=3468
.Linfo_string264:
	.asciz	"Timeout"                       @ string offset=3494
.Linfo_string265:
	.asciz	"crsstatus"                     @ string offset=3502
.Linfo_string266:
	.asciz	"crserror"                      @ string offset=3512
.Linfo_string267:
	.asciz	"itflags"                       @ string offset=3521
.Linfo_string268:
	.asciz	"itsources"                     @ string offset=3529
.Linfo_string269:
	.asciz	"Error"                         @ string offset=3539
	.ident	"Component: Arm Compiler for Embedded 6.24 Tool: armclang [5f371800]"
	.section	".note.GNU-stack","",%progbits
	.eabi_attribute	30, 6	@ Tag_ABI_optimization_goals
	.ARM_attribute	16, 1	@ Tag_AV_eba
	.section	.debug_line,"",%progbits
.Lline_table_start0:
