	.text
	.syntax unified
	.eabi_attribute	67, "2.09"	@ Tag_conformance
	.cpu	cortex-m7
	.eabi_attribute	6, 13	@ Tag_CPU_arch
	.eabi_attribute	7, 77	@ Tag_CPU_arch_profile
	.eabi_attribute	8, 0	@ Tag_ARM_ISA_use
	.eabi_attribute	9, 2	@ Tag_THUMB_ISA_use
	.fpu	fpv5-d16
	.eabi_attribute	36, 1	@ Tag_FP_HP_extension
	.eabi_attribute	34, 1	@ Tag_CPU_unaligned_access
	.eabi_attribute	17, 1	@ Tag_ABI_PCS_GOT_use
	.eabi_attribute	20, 2	@ Tag_ABI_FP_denormal
	.eabi_attribute	21, 0	@ Tag_ABI_FP_exceptions
	.eabi_attribute	23, 1	@ Tag_ABI_FP_number_model
	.eabi_attribute	24, 1	@ Tag_ABI_align_needed
	.eabi_attribute	25, 1	@ Tag_ABI_align_preserved
	.eabi_attribute	28, 1	@ Tag_ABI_VFP_args
	.eabi_attribute	38, 1	@ Tag_ABI_FP_16bit_format
	.eabi_attribute	18, 2	@ Tag_ABI_PCS_wchar_t
	.eabi_attribute	26, 1	@ Tag_ABI_enum_size
	.eabi_attribute	14, 0	@ Tag_ABI_PCS_R9_use
	.file	"stm32h7xx_hal_tim_ex.c"
	.file	1 "D:\\stm32_project\\daily_work\\new_bubing\\cod_update_2.0\\COD_H7_Template\\MDK-ARM" "../Drivers/STM32H7xx_HAL_Driver/Inc\\stm32h7xx_hal_def.h"
	.file	2 "D:\\stm32_project\\daily_work\\new_bubing\\cod_update_2.0\\COD_H7_Template\\MDK-ARM" "../Drivers/STM32H7xx_HAL_Driver/Inc\\stm32h7xx_hal_tim.h"
	.file	3 "D:\\stm32_project\\daily_work\\new_bubing\\cod_update_2.0\\COD_H7_Template\\MDK-ARM" "../Drivers/STM32H7xx_HAL_Driver/Inc\\stm32h7xx_hal_dma.h"
	.file	4 "D:\\stm32_project\\daily_work\\new_bubing\\cod_update_2.0\\COD_H7_Template\\MDK-ARM" "../Drivers/CMSIS/Device/ST/STM32H7xx/Include\\stm32h7xx.h"
	.file	5 "D:\\keil5_app\\Keil_v5\\ARM\\ARMCLANG\\bin\\..\\include" "stdint.h"
	.file	6 "D:\\stm32_project\\daily_work\\new_bubing\\cod_update_2.0\\COD_H7_Template\\MDK-ARM" "../Drivers/CMSIS/Device/ST/STM32H7xx/Include\\stm32h723xx.h"
	.section	.text.HAL_TIMEx_HallSensor_Init,"ax",%progbits
	.hidden	HAL_TIMEx_HallSensor_Init       @ -- Begin function HAL_TIMEx_HallSensor_Init
	.globl	HAL_TIMEx_HallSensor_Init
	.p2align	3
	.type	HAL_TIMEx_HallSensor_Init,%function
	.code	16                              @ @HAL_TIMEx_HallSensor_Init
	.thumb_func
HAL_TIMEx_HallSensor_Init:
.Lfunc_begin0:
	.file	7 "D:\\stm32_project\\daily_work\\new_bubing\\cod_update_2.0\\COD_H7_Template\\MDK-ARM" "../Drivers/STM32H7xx_HAL_Driver/Src/stm32h7xx_hal_tim_ex.c"
	.loc	7 153 0                         @ ../Drivers/STM32H7xx_HAL_Driver/Src/stm32h7xx_hal_tim_ex.c:153:0
	.fnstart
	.cfi_sections .debug_frame
	.cfi_startproc
@ %bb.0:
	.save	{r7, lr}
	push	{r7, lr}
	.cfi_def_cfa_offset 8
	.cfi_offset lr, -4
	.cfi_offset r7, -8
	.pad	#48
	sub	sp, #48
	.cfi_def_cfa_offset 56
	str	r0, [sp, #40]
	str	r1, [sp, #36]
.Ltmp0:
	.loc	7 157 7 prologue_end            @ ../Drivers/STM32H7xx_HAL_Driver/Src/stm32h7xx_hal_tim_ex.c:157:7
	ldr	r0, [sp, #40]
.Ltmp1:
	.loc	7 157 7 is_stmt 0               @ ../Drivers/STM32H7xx_HAL_Driver/Src/stm32h7xx_hal_tim_ex.c:157:7
	cbnz	r0, .LBB0_2
	b	.LBB0_1
.LBB0_1:
	.loc	7 0 7                           @ ../Drivers/STM32H7xx_HAL_Driver/Src/stm32h7xx_hal_tim_ex.c:0:7
	movs	r0, #1
.Ltmp2:
	.loc	7 159 5 is_stmt 1               @ ../Drivers/STM32H7xx_HAL_Driver/Src/stm32h7xx_hal_tim_ex.c:159:5
	strb.w	r0, [sp, #47]
	b	.LBB0_5
.Ltmp3:
.LBB0_2:
	.loc	7 172 7                         @ ../Drivers/STM32H7xx_HAL_Driver/Src/stm32h7xx_hal_tim_ex.c:172:7
	ldr	r0, [sp, #40]
	.loc	7 172 13 is_stmt 0              @ ../Drivers/STM32H7xx_HAL_Driver/Src/stm32h7xx_hal_tim_ex.c:172:13
	ldrb.w	r0, [r0, #61]
.Ltmp4:
	.loc	7 172 7                         @ ../Drivers/STM32H7xx_HAL_Driver/Src/stm32h7xx_hal_tim_ex.c:172:7
	cbnz	r0, .LBB0_4
	b	.LBB0_3
.LBB0_3:
.Ltmp5:
	.loc	7 175 5 is_stmt 1               @ ../Drivers/STM32H7xx_HAL_Driver/Src/stm32h7xx_hal_tim_ex.c:175:5
	ldr	r1, [sp, #40]
	movs	r0, #0
	.loc	7 175 16 is_stmt 0              @ ../Drivers/STM32H7xx_HAL_Driver/Src/stm32h7xx_hal_tim_ex.c:175:16
	strb.w	r0, [r1, #60]
	.loc	7 189 34 is_stmt 1              @ ../Drivers/STM32H7xx_HAL_Driver/Src/stm32h7xx_hal_tim_ex.c:189:34
	ldr	r0, [sp, #40]
	.loc	7 189 5 is_stmt 0               @ ../Drivers/STM32H7xx_HAL_Driver/Src/stm32h7xx_hal_tim_ex.c:189:5
	bl	HAL_TIMEx_HallSensor_MspInit
	.loc	7 191 3 is_stmt 1               @ ../Drivers/STM32H7xx_HAL_Driver/Src/stm32h7xx_hal_tim_ex.c:191:3
	b	.LBB0_4
.Ltmp6:
.LBB0_4:
	.loc	7 194 3                         @ ../Drivers/STM32H7xx_HAL_Driver/Src/stm32h7xx_hal_tim_ex.c:194:3
	ldr	r1, [sp, #40]
	movs	r0, #2
	.loc	7 194 15 is_stmt 0              @ ../Drivers/STM32H7xx_HAL_Driver/Src/stm32h7xx_hal_tim_ex.c:194:15
	strb.w	r0, [r1, #61]
	.loc	7 197 22 is_stmt 1              @ ../Drivers/STM32H7xx_HAL_Driver/Src/stm32h7xx_hal_tim_ex.c:197:22
	ldr	r1, [sp, #40]
	.loc	7 197 28 is_stmt 0              @ ../Drivers/STM32H7xx_HAL_Driver/Src/stm32h7xx_hal_tim_ex.c:197:28
	ldr	r0, [r1], #4
	.loc	7 197 3                         @ ../Drivers/STM32H7xx_HAL_Driver/Src/stm32h7xx_hal_tim_ex.c:197:3
	bl	TIM_Base_SetConfig
	.loc	7 200 21 is_stmt 1              @ ../Drivers/STM32H7xx_HAL_Driver/Src/stm32h7xx_hal_tim_ex.c:200:21
	ldr	r0, [sp, #40]
	.loc	7 200 27 is_stmt 0              @ ../Drivers/STM32H7xx_HAL_Driver/Src/stm32h7xx_hal_tim_ex.c:200:27
	ldr	r0, [r0]
	.loc	7 200 37                        @ ../Drivers/STM32H7xx_HAL_Driver/Src/stm32h7xx_hal_tim_ex.c:200:37
	ldr	r2, [sp, #36]
	.loc	7 200 46                        @ ../Drivers/STM32H7xx_HAL_Driver/Src/stm32h7xx_hal_tim_ex.c:200:46
	ldr	r1, [r2]
	.loc	7 200 89                        @ ../Drivers/STM32H7xx_HAL_Driver/Src/stm32h7xx_hal_tim_ex.c:200:89
	ldr	r3, [r2, #8]
	movs	r2, #3
	.loc	7 200 3                         @ ../Drivers/STM32H7xx_HAL_Driver/Src/stm32h7xx_hal_tim_ex.c:200:3
	bl	TIM_TI1_SetConfig
	.loc	7 203 3 is_stmt 1               @ ../Drivers/STM32H7xx_HAL_Driver/Src/stm32h7xx_hal_tim_ex.c:203:3
	ldr	r0, [sp, #40]
	.loc	7 203 9 is_stmt 0               @ ../Drivers/STM32H7xx_HAL_Driver/Src/stm32h7xx_hal_tim_ex.c:203:9
	ldr	r1, [r0]
	.loc	7 203 25                        @ ../Drivers/STM32H7xx_HAL_Driver/Src/stm32h7xx_hal_tim_ex.c:203:25
	ldr	r0, [r1, #24]
	bic	r0, r0, #12
	str	r0, [r1, #24]
	.loc	7 205 28 is_stmt 1              @ ../Drivers/STM32H7xx_HAL_Driver/Src/stm32h7xx_hal_tim_ex.c:205:28
	ldr	r0, [sp, #36]
	.loc	7 205 37 is_stmt 0              @ ../Drivers/STM32H7xx_HAL_Driver/Src/stm32h7xx_hal_tim_ex.c:205:37
	ldr	r2, [r0, #4]
	.loc	7 205 3                         @ ../Drivers/STM32H7xx_HAL_Driver/Src/stm32h7xx_hal_tim_ex.c:205:3
	ldr	r0, [sp, #40]
	.loc	7 205 9                         @ ../Drivers/STM32H7xx_HAL_Driver/Src/stm32h7xx_hal_tim_ex.c:205:9
	ldr	r1, [r0]
	.loc	7 205 25                        @ ../Drivers/STM32H7xx_HAL_Driver/Src/stm32h7xx_hal_tim_ex.c:205:25
	ldr	r0, [r1, #24]
	orrs	r0, r2
	str	r0, [r1, #24]
	.loc	7 208 3 is_stmt 1               @ ../Drivers/STM32H7xx_HAL_Driver/Src/stm32h7xx_hal_tim_ex.c:208:3
	ldr	r0, [sp, #40]
	.loc	7 208 9 is_stmt 0               @ ../Drivers/STM32H7xx_HAL_Driver/Src/stm32h7xx_hal_tim_ex.c:208:9
	ldr	r1, [r0]
	.loc	7 208 23                        @ ../Drivers/STM32H7xx_HAL_Driver/Src/stm32h7xx_hal_tim_ex.c:208:23
	ldr	r0, [r1, #4]
	orr	r0, r0, #128
	str	r0, [r1, #4]
	.loc	7 211 3 is_stmt 1               @ ../Drivers/STM32H7xx_HAL_Driver/Src/stm32h7xx_hal_tim_ex.c:211:3
	ldr	r0, [sp, #40]
	.loc	7 211 9 is_stmt 0               @ ../Drivers/STM32H7xx_HAL_Driver/Src/stm32h7xx_hal_tim_ex.c:211:9
	ldr	r1, [r0]
	.loc	7 211 24                        @ ../Drivers/STM32H7xx_HAL_Driver/Src/stm32h7xx_hal_tim_ex.c:211:24
	ldr	r0, [r1, #8]
	movw	r2, #65423
	movt	r2, #65487
	ands	r0, r2
	str	r0, [r1, #8]
	.loc	7 212 3 is_stmt 1               @ ../Drivers/STM32H7xx_HAL_Driver/Src/stm32h7xx_hal_tim_ex.c:212:3
	ldr	r0, [sp, #40]
	.loc	7 212 9 is_stmt 0               @ ../Drivers/STM32H7xx_HAL_Driver/Src/stm32h7xx_hal_tim_ex.c:212:9
	ldr	r1, [r0]
	.loc	7 212 24                        @ ../Drivers/STM32H7xx_HAL_Driver/Src/stm32h7xx_hal_tim_ex.c:212:24
	ldr	r0, [r1, #8]
	orr	r0, r0, #64
	str	r0, [r1, #8]
	.loc	7 215 3 is_stmt 1               @ ../Drivers/STM32H7xx_HAL_Driver/Src/stm32h7xx_hal_tim_ex.c:215:3
	ldr	r0, [sp, #40]
	.loc	7 215 9 is_stmt 0               @ ../Drivers/STM32H7xx_HAL_Driver/Src/stm32h7xx_hal_tim_ex.c:215:9
	ldr	r1, [r0]
	.loc	7 215 24                        @ ../Drivers/STM32H7xx_HAL_Driver/Src/stm32h7xx_hal_tim_ex.c:215:24
	ldr	r0, [r1, #8]
	movw	r2, #65528
	movt	r2, #65534
	ands	r0, r2
	str	r0, [r1, #8]
	.loc	7 216 3 is_stmt 1               @ ../Drivers/STM32H7xx_HAL_Driver/Src/stm32h7xx_hal_tim_ex.c:216:3
	ldr	r0, [sp, #40]
	.loc	7 216 9 is_stmt 0               @ ../Drivers/STM32H7xx_HAL_Driver/Src/stm32h7xx_hal_tim_ex.c:216:9
	ldr	r1, [r0]
	.loc	7 216 24                        @ ../Drivers/STM32H7xx_HAL_Driver/Src/stm32h7xx_hal_tim_ex.c:216:24
	ldr	r0, [r1, #8]
	orr	r0, r0, #4
	str	r0, [r1, #8]
	movs	r0, #0
	.loc	7 219 24 is_stmt 1              @ ../Drivers/STM32H7xx_HAL_Driver/Src/stm32h7xx_hal_tim_ex.c:219:24
	str	r0, [sp, #4]                    @ 4-byte Spill
	str	r0, [sp, #24]
	.loc	7 220 25                        @ ../Drivers/STM32H7xx_HAL_Driver/Src/stm32h7xx_hal_tim_ex.c:220:25
	str	r0, [sp, #28]
	movs	r1, #112
	.loc	7 221 20                        @ ../Drivers/STM32H7xx_HAL_Driver/Src/stm32h7xx_hal_tim_ex.c:221:20
	str	r1, [sp, #8]
	.loc	7 222 26                        @ ../Drivers/STM32H7xx_HAL_Driver/Src/stm32h7xx_hal_tim_ex.c:222:26
	str	r0, [sp, #32]
	.loc	7 223 25                        @ ../Drivers/STM32H7xx_HAL_Driver/Src/stm32h7xx_hal_tim_ex.c:223:25
	str	r0, [sp, #20]
	.loc	7 224 24                        @ ../Drivers/STM32H7xx_HAL_Driver/Src/stm32h7xx_hal_tim_ex.c:224:24
	str	r0, [sp, #16]
	.loc	7 225 21                        @ ../Drivers/STM32H7xx_HAL_Driver/Src/stm32h7xx_hal_tim_ex.c:225:21
	ldr	r0, [sp, #36]
	.loc	7 225 30 is_stmt 0              @ ../Drivers/STM32H7xx_HAL_Driver/Src/stm32h7xx_hal_tim_ex.c:225:30
	ldr	r0, [r0, #12]
	.loc	7 225 19                        @ ../Drivers/STM32H7xx_HAL_Driver/Src/stm32h7xx_hal_tim_ex.c:225:19
	str	r0, [sp, #12]
	.loc	7 227 21 is_stmt 1              @ ../Drivers/STM32H7xx_HAL_Driver/Src/stm32h7xx_hal_tim_ex.c:227:21
	ldr	r0, [sp, #40]
	.loc	7 227 27 is_stmt 0              @ ../Drivers/STM32H7xx_HAL_Driver/Src/stm32h7xx_hal_tim_ex.c:227:27
	ldr	r0, [r0]
	add	r1, sp, #8
	.loc	7 227 3                         @ ../Drivers/STM32H7xx_HAL_Driver/Src/stm32h7xx_hal_tim_ex.c:227:3
	bl	TIM_OC2_SetConfig
	ldr	r0, [sp, #4]                    @ 4-byte Reload
	.loc	7 231 3 is_stmt 1               @ ../Drivers/STM32H7xx_HAL_Driver/Src/stm32h7xx_hal_tim_ex.c:231:3
	ldr	r1, [sp, #40]
	.loc	7 231 9 is_stmt 0               @ ../Drivers/STM32H7xx_HAL_Driver/Src/stm32h7xx_hal_tim_ex.c:231:9
	ldr	r2, [r1]
	.loc	7 231 23                        @ ../Drivers/STM32H7xx_HAL_Driver/Src/stm32h7xx_hal_tim_ex.c:231:23
	ldr	r1, [r2, #4]
	bic	r1, r1, #112
	str	r1, [r2, #4]
	.loc	7 232 3 is_stmt 1               @ ../Drivers/STM32H7xx_HAL_Driver/Src/stm32h7xx_hal_tim_ex.c:232:3
	ldr	r1, [sp, #40]
	.loc	7 232 9 is_stmt 0               @ ../Drivers/STM32H7xx_HAL_Driver/Src/stm32h7xx_hal_tim_ex.c:232:9
	ldr	r2, [r1]
	.loc	7 232 23                        @ ../Drivers/STM32H7xx_HAL_Driver/Src/stm32h7xx_hal_tim_ex.c:232:23
	ldr	r1, [r2, #4]
	orr	r1, r1, #80
	str	r1, [r2, #4]
	.loc	7 235 3 is_stmt 1               @ ../Drivers/STM32H7xx_HAL_Driver/Src/stm32h7xx_hal_tim_ex.c:235:3
	ldr	r2, [sp, #40]
	movs	r1, #1
	.loc	7 235 23 is_stmt 0              @ ../Drivers/STM32H7xx_HAL_Driver/Src/stm32h7xx_hal_tim_ex.c:235:23
	strb.w	r1, [r2, #72]
	.loc	7 238 3 is_stmt 1               @ ../Drivers/STM32H7xx_HAL_Driver/Src/stm32h7xx_hal_tim_ex.c:238:3
	ldr	r2, [sp, #40]
	strb.w	r1, [r2, #62]
	.loc	7 239 3                         @ ../Drivers/STM32H7xx_HAL_Driver/Src/stm32h7xx_hal_tim_ex.c:239:3
	ldr	r2, [sp, #40]
	strb.w	r1, [r2, #63]
	.loc	7 240 3                         @ ../Drivers/STM32H7xx_HAL_Driver/Src/stm32h7xx_hal_tim_ex.c:240:3
	ldr	r2, [sp, #40]
	strb.w	r1, [r2, #68]
	.loc	7 241 3                         @ ../Drivers/STM32H7xx_HAL_Driver/Src/stm32h7xx_hal_tim_ex.c:241:3
	ldr	r2, [sp, #40]
	strb.w	r1, [r2, #69]
	.loc	7 244 3                         @ ../Drivers/STM32H7xx_HAL_Driver/Src/stm32h7xx_hal_tim_ex.c:244:3
	ldr	r2, [sp, #40]
	.loc	7 244 15 is_stmt 0              @ ../Drivers/STM32H7xx_HAL_Driver/Src/stm32h7xx_hal_tim_ex.c:244:15
	strb.w	r1, [r2, #61]
	.loc	7 246 3 is_stmt 1               @ ../Drivers/STM32H7xx_HAL_Driver/Src/stm32h7xx_hal_tim_ex.c:246:3
	strb.w	r0, [sp, #47]
	b	.LBB0_5
.LBB0_5:
	.loc	7 247 1                         @ ../Drivers/STM32H7xx_HAL_Driver/Src/stm32h7xx_hal_tim_ex.c:247:1
	ldrb.w	r0, [sp, #47]
	.loc	7 247 1 epilogue_begin is_stmt 0 @ ../Drivers/STM32H7xx_HAL_Driver/Src/stm32h7xx_hal_tim_ex.c:247:1
	add	sp, #48
	pop	{r7, pc}
.Ltmp7:
.Lfunc_end0:
	.size	HAL_TIMEx_HallSensor_Init, .Lfunc_end0-HAL_TIMEx_HallSensor_Init
	.cfi_endproc
	.cantunwind
	.fnend
                                        @ -- End function
	.section	.text.HAL_TIMEx_HallSensor_MspInit,"ax",%progbits
	.hidden	HAL_TIMEx_HallSensor_MspInit    @ -- Begin function HAL_TIMEx_HallSensor_MspInit
	.weak	HAL_TIMEx_HallSensor_MspInit
	.p2align	3
	.type	HAL_TIMEx_HallSensor_MspInit,%function
	.code	16                              @ @HAL_TIMEx_HallSensor_MspInit
	.thumb_func
HAL_TIMEx_HallSensor_MspInit:
.Lfunc_begin1:
	.loc	7 300 0 is_stmt 1               @ ../Drivers/STM32H7xx_HAL_Driver/Src/stm32h7xx_hal_tim_ex.c:300:0
	.fnstart
	.cfi_startproc
@ %bb.0:
	.pad	#4
	sub	sp, #4
	.cfi_def_cfa_offset 4
	str	r0, [sp]
.Ltmp8:
	.loc	7 307 1 prologue_end epilogue_begin @ ../Drivers/STM32H7xx_HAL_Driver/Src/stm32h7xx_hal_tim_ex.c:307:1
	add	sp, #4
	bx	lr
.Ltmp9:
.Lfunc_end1:
	.size	HAL_TIMEx_HallSensor_MspInit, .Lfunc_end1-HAL_TIMEx_HallSensor_MspInit
	.cfi_endproc
	.cantunwind
	.fnend
                                        @ -- End function
	.section	.text.HAL_TIMEx_HallSensor_DeInit,"ax",%progbits
	.hidden	HAL_TIMEx_HallSensor_DeInit     @ -- Begin function HAL_TIMEx_HallSensor_DeInit
	.globl	HAL_TIMEx_HallSensor_DeInit
	.p2align	3
	.type	HAL_TIMEx_HallSensor_DeInit,%function
	.code	16                              @ @HAL_TIMEx_HallSensor_DeInit
	.thumb_func
HAL_TIMEx_HallSensor_DeInit:
.Lfunc_begin2:
	.loc	7 255 0                         @ ../Drivers/STM32H7xx_HAL_Driver/Src/stm32h7xx_hal_tim_ex.c:255:0
	.fnstart
	.cfi_startproc
@ %bb.0:
	.save	{r7, lr}
	push	{r7, lr}
	.cfi_def_cfa_offset 8
	.cfi_offset lr, -4
	.cfi_offset r7, -8
	.pad	#8
	sub	sp, #8
	.cfi_def_cfa_offset 16
	str	r0, [sp, #4]
.Ltmp10:
	.loc	7 259 3 prologue_end            @ ../Drivers/STM32H7xx_HAL_Driver/Src/stm32h7xx_hal_tim_ex.c:259:3
	ldr	r1, [sp, #4]
	movs	r0, #2
	.loc	7 259 15 is_stmt 0              @ ../Drivers/STM32H7xx_HAL_Driver/Src/stm32h7xx_hal_tim_ex.c:259:15
	strb.w	r0, [r1, #61]
	.loc	7 262 3 is_stmt 1               @ ../Drivers/STM32H7xx_HAL_Driver/Src/stm32h7xx_hal_tim_ex.c:262:3
	b	.LBB2_1
.LBB2_1:
.Ltmp11:
	.loc	7 262 3 is_stmt 0               @ ../Drivers/STM32H7xx_HAL_Driver/Src/stm32h7xx_hal_tim_ex.c:262:3
	ldr	r0, [sp, #4]
	ldr	r0, [r0]
	ldr	r0, [r0, #32]
	movw	r1, #4369
.Ltmp12:
	.loc	7 262 3                         @ ../Drivers/STM32H7xx_HAL_Driver/Src/stm32h7xx_hal_tim_ex.c:262:3
	tst	r0, r1
	bne	.LBB2_5
	b	.LBB2_2
.LBB2_2:
.Ltmp13:
	.loc	7 262 3                         @ ../Drivers/STM32H7xx_HAL_Driver/Src/stm32h7xx_hal_tim_ex.c:262:3
	ldr	r0, [sp, #4]
	ldr	r0, [r0]
	ldr	r0, [r0, #32]
	movw	r1, #1092
.Ltmp14:
	.loc	7 262 3                         @ ../Drivers/STM32H7xx_HAL_Driver/Src/stm32h7xx_hal_tim_ex.c:262:3
	tst	r0, r1
	bne	.LBB2_4
	b	.LBB2_3
.LBB2_3:
.Ltmp15:
	.loc	7 262 3                         @ ../Drivers/STM32H7xx_HAL_Driver/Src/stm32h7xx_hal_tim_ex.c:262:3
	ldr	r0, [sp, #4]
	ldr	r1, [r0]
	ldr	r0, [r1]
	bic	r0, r0, #1
	str	r0, [r1]
	b	.LBB2_4
.Ltmp16:
.LBB2_4:
	.loc	7 262 3                         @ ../Drivers/STM32H7xx_HAL_Driver/Src/stm32h7xx_hal_tim_ex.c:262:3
	b	.LBB2_5
.Ltmp17:
.LBB2_5:
	.loc	7 262 3                         @ ../Drivers/STM32H7xx_HAL_Driver/Src/stm32h7xx_hal_tim_ex.c:262:3
	b	.LBB2_6
.Ltmp18:
.LBB2_6:
	.loc	7 273 34 is_stmt 1              @ ../Drivers/STM32H7xx_HAL_Driver/Src/stm32h7xx_hal_tim_ex.c:273:34
	ldr	r0, [sp, #4]
	.loc	7 273 3 is_stmt 0               @ ../Drivers/STM32H7xx_HAL_Driver/Src/stm32h7xx_hal_tim_ex.c:273:3
	bl	HAL_TIMEx_HallSensor_MspDeInit
	.loc	7 277 3 is_stmt 1               @ ../Drivers/STM32H7xx_HAL_Driver/Src/stm32h7xx_hal_tim_ex.c:277:3
	ldr	r1, [sp, #4]
	movs	r0, #0
	.loc	7 277 23 is_stmt 0              @ ../Drivers/STM32H7xx_HAL_Driver/Src/stm32h7xx_hal_tim_ex.c:277:23
	strb.w	r0, [r1, #72]
	.loc	7 280 3 is_stmt 1               @ ../Drivers/STM32H7xx_HAL_Driver/Src/stm32h7xx_hal_tim_ex.c:280:3
	ldr	r1, [sp, #4]
	strb.w	r0, [r1, #62]
	.loc	7 281 3                         @ ../Drivers/STM32H7xx_HAL_Driver/Src/stm32h7xx_hal_tim_ex.c:281:3
	ldr	r1, [sp, #4]
	strb.w	r0, [r1, #63]
	.loc	7 282 3                         @ ../Drivers/STM32H7xx_HAL_Driver/Src/stm32h7xx_hal_tim_ex.c:282:3
	ldr	r1, [sp, #4]
	strb.w	r0, [r1, #68]
	.loc	7 283 3                         @ ../Drivers/STM32H7xx_HAL_Driver/Src/stm32h7xx_hal_tim_ex.c:283:3
	ldr	r1, [sp, #4]
	strb.w	r0, [r1, #69]
	.loc	7 286 3                         @ ../Drivers/STM32H7xx_HAL_Driver/Src/stm32h7xx_hal_tim_ex.c:286:3
	ldr	r1, [sp, #4]
	.loc	7 286 15 is_stmt 0              @ ../Drivers/STM32H7xx_HAL_Driver/Src/stm32h7xx_hal_tim_ex.c:286:15
	strb.w	r0, [r1, #61]
	.loc	7 289 3 is_stmt 1               @ ../Drivers/STM32H7xx_HAL_Driver/Src/stm32h7xx_hal_tim_ex.c:289:3
	b	.LBB2_7
.LBB2_7:
.Ltmp19:
	.loc	7 289 3 is_stmt 0               @ ../Drivers/STM32H7xx_HAL_Driver/Src/stm32h7xx_hal_tim_ex.c:289:3
	ldr	r1, [sp, #4]
	movs	r0, #0
	strb.w	r0, [r1, #60]
	b	.LBB2_8
.Ltmp20:
.LBB2_8:
	.loc	7 0 3                           @ ../Drivers/STM32H7xx_HAL_Driver/Src/stm32h7xx_hal_tim_ex.c:0:3
	movs	r0, #0
	.loc	7 291 3 epilogue_begin is_stmt 1 @ ../Drivers/STM32H7xx_HAL_Driver/Src/stm32h7xx_hal_tim_ex.c:291:3
	add	sp, #8
	pop	{r7, pc}
.Ltmp21:
.Lfunc_end2:
	.size	HAL_TIMEx_HallSensor_DeInit, .Lfunc_end2-HAL_TIMEx_HallSensor_DeInit
	.cfi_endproc
	.cantunwind
	.fnend
                                        @ -- End function
	.section	.text.HAL_TIMEx_HallSensor_MspDeInit,"ax",%progbits
	.hidden	HAL_TIMEx_HallSensor_MspDeInit  @ -- Begin function HAL_TIMEx_HallSensor_MspDeInit
	.weak	HAL_TIMEx_HallSensor_MspDeInit
	.p2align	3
	.type	HAL_TIMEx_HallSensor_MspDeInit,%function
	.code	16                              @ @HAL_TIMEx_HallSensor_MspDeInit
	.thumb_func
HAL_TIMEx_HallSensor_MspDeInit:
.Lfunc_begin3:
	.loc	7 315 0                         @ ../Drivers/STM32H7xx_HAL_Driver/Src/stm32h7xx_hal_tim_ex.c:315:0
	.fnstart
	.cfi_startproc
@ %bb.0:
	.pad	#4
	sub	sp, #4
	.cfi_def_cfa_offset 4
	str	r0, [sp]
.Ltmp22:
	.loc	7 322 1 prologue_end epilogue_begin @ ../Drivers/STM32H7xx_HAL_Driver/Src/stm32h7xx_hal_tim_ex.c:322:1
	add	sp, #4
	bx	lr
.Ltmp23:
.Lfunc_end3:
	.size	HAL_TIMEx_HallSensor_MspDeInit, .Lfunc_end3-HAL_TIMEx_HallSensor_MspDeInit
	.cfi_endproc
	.cantunwind
	.fnend
                                        @ -- End function
	.section	.text.HAL_TIMEx_HallSensor_Start,"ax",%progbits
	.hidden	HAL_TIMEx_HallSensor_Start      @ -- Begin function HAL_TIMEx_HallSensor_Start
	.globl	HAL_TIMEx_HallSensor_Start
	.p2align	3
	.type	HAL_TIMEx_HallSensor_Start,%function
	.code	16                              @ @HAL_TIMEx_HallSensor_Start
	.thumb_func
HAL_TIMEx_HallSensor_Start:
.Lfunc_begin4:
	.loc	7 330 0                         @ ../Drivers/STM32H7xx_HAL_Driver/Src/stm32h7xx_hal_tim_ex.c:330:0
	.fnstart
	.cfi_startproc
@ %bb.0:
	.save	{r7, lr}
	push	{r7, lr}
	.cfi_def_cfa_offset 8
	.cfi_offset lr, -4
	.cfi_offset r7, -8
	.pad	#16
	sub	sp, #16
	.cfi_def_cfa_offset 24
	str	r0, [sp, #8]
.Ltmp24:
	.loc	7 332 49 prologue_end           @ ../Drivers/STM32H7xx_HAL_Driver/Src/stm32h7xx_hal_tim_ex.c:332:49
	ldr	r0, [sp, #8]
	ldrb.w	r0, [r0, #62]
	.loc	7 332 31 is_stmt 0              @ ../Drivers/STM32H7xx_HAL_Driver/Src/stm32h7xx_hal_tim_ex.c:332:31
	strb.w	r0, [sp, #3]
	.loc	7 333 49 is_stmt 1              @ ../Drivers/STM32H7xx_HAL_Driver/Src/stm32h7xx_hal_tim_ex.c:333:49
	ldr	r0, [sp, #8]
	ldrb.w	r0, [r0, #63]
	.loc	7 333 31 is_stmt 0              @ ../Drivers/STM32H7xx_HAL_Driver/Src/stm32h7xx_hal_tim_ex.c:333:31
	strb.w	r0, [sp, #2]
	.loc	7 334 63 is_stmt 1              @ ../Drivers/STM32H7xx_HAL_Driver/Src/stm32h7xx_hal_tim_ex.c:334:63
	ldr	r0, [sp, #8]
	ldrb.w	r0, [r0, #68]
	.loc	7 334 31 is_stmt 0              @ ../Drivers/STM32H7xx_HAL_Driver/Src/stm32h7xx_hal_tim_ex.c:334:31
	strb.w	r0, [sp, #1]
	.loc	7 335 63 is_stmt 1              @ ../Drivers/STM32H7xx_HAL_Driver/Src/stm32h7xx_hal_tim_ex.c:335:63
	ldr	r0, [sp, #8]
	ldrb.w	r0, [r0, #69]
	.loc	7 335 31 is_stmt 0              @ ../Drivers/STM32H7xx_HAL_Driver/Src/stm32h7xx_hal_tim_ex.c:335:31
	strb.w	r0, [sp]
.Ltmp25:
	.loc	7 341 8 is_stmt 1               @ ../Drivers/STM32H7xx_HAL_Driver/Src/stm32h7xx_hal_tim_ex.c:341:8
	ldrb.w	r0, [sp, #3]
	.loc	7 342 7                         @ ../Drivers/STM32H7xx_HAL_Driver/Src/stm32h7xx_hal_tim_ex.c:342:7
	cmp	r0, #1
	bne	.LBB4_4
	b	.LBB4_1
.LBB4_1:
	.loc	7 342 11 is_stmt 0              @ ../Drivers/STM32H7xx_HAL_Driver/Src/stm32h7xx_hal_tim_ex.c:342:11
	ldrb.w	r0, [sp, #2]
	.loc	7 343 7 is_stmt 1               @ ../Drivers/STM32H7xx_HAL_Driver/Src/stm32h7xx_hal_tim_ex.c:343:7
	cmp	r0, #1
	bne	.LBB4_4
	b	.LBB4_2
.LBB4_2:
	.loc	7 343 11 is_stmt 0              @ ../Drivers/STM32H7xx_HAL_Driver/Src/stm32h7xx_hal_tim_ex.c:343:11
	ldrb.w	r0, [sp, #1]
	.loc	7 344 7 is_stmt 1               @ ../Drivers/STM32H7xx_HAL_Driver/Src/stm32h7xx_hal_tim_ex.c:344:7
	cmp	r0, #1
	bne	.LBB4_4
	b	.LBB4_3
.LBB4_3:
	.loc	7 344 11 is_stmt 0              @ ../Drivers/STM32H7xx_HAL_Driver/Src/stm32h7xx_hal_tim_ex.c:344:11
	ldrb.w	r0, [sp]
.Ltmp26:
	.loc	7 341 7 is_stmt 1               @ ../Drivers/STM32H7xx_HAL_Driver/Src/stm32h7xx_hal_tim_ex.c:341:7
	cmp	r0, #1
	beq	.LBB4_5
	b	.LBB4_4
.LBB4_4:
	.loc	7 0 7 is_stmt 0                 @ ../Drivers/STM32H7xx_HAL_Driver/Src/stm32h7xx_hal_tim_ex.c:0:7
	movs	r0, #1
.Ltmp27:
	.loc	7 346 5 is_stmt 1               @ ../Drivers/STM32H7xx_HAL_Driver/Src/stm32h7xx_hal_tim_ex.c:346:5
	strb.w	r0, [sp, #15]
	b	.LBB4_21
.Ltmp28:
.LBB4_5:
	.loc	7 350 3                         @ ../Drivers/STM32H7xx_HAL_Driver/Src/stm32h7xx_hal_tim_ex.c:350:3
	ldr	r1, [sp, #8]
	movs	r0, #2
	strb.w	r0, [r1, #62]
	.loc	7 351 3                         @ ../Drivers/STM32H7xx_HAL_Driver/Src/stm32h7xx_hal_tim_ex.c:351:3
	ldr	r1, [sp, #8]
	strb.w	r0, [r1, #63]
	.loc	7 352 3                         @ ../Drivers/STM32H7xx_HAL_Driver/Src/stm32h7xx_hal_tim_ex.c:352:3
	ldr	r1, [sp, #8]
	strb.w	r0, [r1, #68]
	.loc	7 353 3                         @ ../Drivers/STM32H7xx_HAL_Driver/Src/stm32h7xx_hal_tim_ex.c:353:3
	ldr	r1, [sp, #8]
	strb.w	r0, [r1, #69]
	.loc	7 358 21                        @ ../Drivers/STM32H7xx_HAL_Driver/Src/stm32h7xx_hal_tim_ex.c:358:21
	ldr	r0, [sp, #8]
	.loc	7 358 27 is_stmt 0              @ ../Drivers/STM32H7xx_HAL_Driver/Src/stm32h7xx_hal_tim_ex.c:358:27
	ldr	r0, [r0]
	movs	r1, #0
	movs	r2, #1
	.loc	7 358 3                         @ ../Drivers/STM32H7xx_HAL_Driver/Src/stm32h7xx_hal_tim_ex.c:358:3
	bl	TIM_CCxChannelCmd
.Ltmp29:
	.loc	7 361 7 is_stmt 1               @ ../Drivers/STM32H7xx_HAL_Driver/Src/stm32h7xx_hal_tim_ex.c:361:7
	ldr	r0, [sp, #8]
	ldr	r0, [r0]
	movs	r1, #0
	movt	r1, #16385
	cmp	r0, r1
	beq	.LBB4_15
	b	.LBB4_6
.LBB4_6:
	ldr	r0, [sp, #8]
	ldr	r0, [r0]
	cmp.w	r0, #1073741824
	beq	.LBB4_15
	b	.LBB4_7
.LBB4_7:
	ldr	r0, [sp, #8]
	ldr	r0, [r0]
	movw	r1, #1024
	movt	r1, #16384
	cmp	r0, r1
	beq	.LBB4_15
	b	.LBB4_8
.LBB4_8:
	ldr	r0, [sp, #8]
	ldr	r0, [r0]
	movw	r1, #2048
	movt	r1, #16384
	cmp	r0, r1
	beq	.LBB4_15
	b	.LBB4_9
.LBB4_9:
	ldr	r0, [sp, #8]
	ldr	r0, [r0]
	movw	r1, #3072
	movt	r1, #16384
	cmp	r0, r1
	beq	.LBB4_15
	b	.LBB4_10
.LBB4_10:
	ldr	r0, [sp, #8]
	ldr	r0, [r0]
	movw	r1, #1024
	movt	r1, #16385
	cmp	r0, r1
	beq	.LBB4_15
	b	.LBB4_11
.LBB4_11:
	ldr	r0, [sp, #8]
	ldr	r0, [r0]
	movw	r1, #6144
	movt	r1, #16384
	cmp	r0, r1
	beq	.LBB4_15
	b	.LBB4_12
.LBB4_12:
	ldr	r0, [sp, #8]
	ldr	r0, [r0]
	movw	r1, #16384
	movt	r1, #16385
	cmp	r0, r1
	beq	.LBB4_15
	b	.LBB4_13
.LBB4_13:
	ldr	r0, [sp, #8]
	ldr	r0, [r0]
	movw	r1, #57344
	movt	r1, #16384
	cmp	r0, r1
	beq	.LBB4_15
	b	.LBB4_14
.LBB4_14:
	ldr	r0, [sp, #8]
	ldr	r0, [r0]
	movw	r1, #58368
	movt	r1, #16384
.Ltmp30:
	.loc	7 361 7 is_stmt 0               @ ../Drivers/STM32H7xx_HAL_Driver/Src/stm32h7xx_hal_tim_ex.c:361:7
	cmp	r0, r1
	bne	.LBB4_19
	b	.LBB4_15
.LBB4_15:
.Ltmp31:
	.loc	7 363 15 is_stmt 1              @ ../Drivers/STM32H7xx_HAL_Driver/Src/stm32h7xx_hal_tim_ex.c:363:15
	ldr	r0, [sp, #8]
	.loc	7 363 21 is_stmt 0              @ ../Drivers/STM32H7xx_HAL_Driver/Src/stm32h7xx_hal_tim_ex.c:363:21
	ldr	r0, [r0]
	.loc	7 363 31                        @ ../Drivers/STM32H7xx_HAL_Driver/Src/stm32h7xx_hal_tim_ex.c:363:31
	ldr	r0, [r0, #8]
	movs	r1, #7
	movt	r1, #1
	.loc	7 363 36                        @ ../Drivers/STM32H7xx_HAL_Driver/Src/stm32h7xx_hal_tim_ex.c:363:36
	ands	r0, r1
	.loc	7 363 13                        @ ../Drivers/STM32H7xx_HAL_Driver/Src/stm32h7xx_hal_tim_ex.c:363:13
	str	r0, [sp, #4]
.Ltmp32:
	.loc	7 364 10 is_stmt 1              @ ../Drivers/STM32H7xx_HAL_Driver/Src/stm32h7xx_hal_tim_ex.c:364:10
	ldr	r0, [sp, #4]
	cmp	r0, #6
	beq	.LBB4_18
	b	.LBB4_16
.LBB4_16:
	ldr	r0, [sp, #4]
.Ltmp33:
	.loc	7 364 9 is_stmt 0               @ ../Drivers/STM32H7xx_HAL_Driver/Src/stm32h7xx_hal_tim_ex.c:364:9
	cmp.w	r0, #65536
	beq	.LBB4_18
	b	.LBB4_17
.LBB4_17:
.Ltmp34:
	.loc	7 366 7 is_stmt 1               @ ../Drivers/STM32H7xx_HAL_Driver/Src/stm32h7xx_hal_tim_ex.c:366:7
	ldr	r0, [sp, #8]
	ldr	r1, [r0]
	ldr	r0, [r1]
	orr	r0, r0, #1
	str	r0, [r1]
	.loc	7 367 5                         @ ../Drivers/STM32H7xx_HAL_Driver/Src/stm32h7xx_hal_tim_ex.c:367:5
	b	.LBB4_18
.Ltmp35:
.LBB4_18:
	.loc	7 368 3                         @ ../Drivers/STM32H7xx_HAL_Driver/Src/stm32h7xx_hal_tim_ex.c:368:3
	b	.LBB4_20
.Ltmp36:
.LBB4_19:
	.loc	7 371 5                         @ ../Drivers/STM32H7xx_HAL_Driver/Src/stm32h7xx_hal_tim_ex.c:371:5
	ldr	r0, [sp, #8]
	ldr	r1, [r0]
	ldr	r0, [r1]
	orr	r0, r0, #1
	str	r0, [r1]
	b	.LBB4_20
.Ltmp37:
.LBB4_20:
	.loc	7 0 5 is_stmt 0                 @ ../Drivers/STM32H7xx_HAL_Driver/Src/stm32h7xx_hal_tim_ex.c:0:5
	movs	r0, #0
	.loc	7 375 3 is_stmt 1               @ ../Drivers/STM32H7xx_HAL_Driver/Src/stm32h7xx_hal_tim_ex.c:375:3
	strb.w	r0, [sp, #15]
	b	.LBB4_21
.LBB4_21:
	.loc	7 376 1                         @ ../Drivers/STM32H7xx_HAL_Driver/Src/stm32h7xx_hal_tim_ex.c:376:1
	ldrb.w	r0, [sp, #15]
	.loc	7 376 1 epilogue_begin is_stmt 0 @ ../Drivers/STM32H7xx_HAL_Driver/Src/stm32h7xx_hal_tim_ex.c:376:1
	add	sp, #16
	pop	{r7, pc}
.Ltmp38:
.Lfunc_end4:
	.size	HAL_TIMEx_HallSensor_Start, .Lfunc_end4-HAL_TIMEx_HallSensor_Start
	.cfi_endproc
	.cantunwind
	.fnend
                                        @ -- End function
	.section	.text.HAL_TIMEx_HallSensor_Stop,"ax",%progbits
	.hidden	HAL_TIMEx_HallSensor_Stop       @ -- Begin function HAL_TIMEx_HallSensor_Stop
	.globl	HAL_TIMEx_HallSensor_Stop
	.p2align	3
	.type	HAL_TIMEx_HallSensor_Stop,%function
	.code	16                              @ @HAL_TIMEx_HallSensor_Stop
	.thumb_func
HAL_TIMEx_HallSensor_Stop:
.Lfunc_begin5:
	.loc	7 384 0 is_stmt 1               @ ../Drivers/STM32H7xx_HAL_Driver/Src/stm32h7xx_hal_tim_ex.c:384:0
	.fnstart
	.cfi_startproc
@ %bb.0:
	.save	{r7, lr}
	push	{r7, lr}
	.cfi_def_cfa_offset 8
	.cfi_offset lr, -4
	.cfi_offset r7, -8
	.pad	#8
	sub	sp, #8
	.cfi_def_cfa_offset 16
	str	r0, [sp, #4]
.Ltmp39:
	.loc	7 391 21 prologue_end           @ ../Drivers/STM32H7xx_HAL_Driver/Src/stm32h7xx_hal_tim_ex.c:391:21
	ldr	r0, [sp, #4]
	.loc	7 391 27 is_stmt 0              @ ../Drivers/STM32H7xx_HAL_Driver/Src/stm32h7xx_hal_tim_ex.c:391:27
	ldr	r0, [r0]
	movs	r2, #0
	.loc	7 391 3                         @ ../Drivers/STM32H7xx_HAL_Driver/Src/stm32h7xx_hal_tim_ex.c:391:3
	mov	r1, r2
	bl	TIM_CCxChannelCmd
	.loc	7 394 3 is_stmt 1               @ ../Drivers/STM32H7xx_HAL_Driver/Src/stm32h7xx_hal_tim_ex.c:394:3
	b	.LBB5_1
.LBB5_1:
.Ltmp40:
	.loc	7 394 3 is_stmt 0               @ ../Drivers/STM32H7xx_HAL_Driver/Src/stm32h7xx_hal_tim_ex.c:394:3
	ldr	r0, [sp, #4]
	ldr	r0, [r0]
	ldr	r0, [r0, #32]
	movw	r1, #4369
.Ltmp41:
	.loc	7 394 3                         @ ../Drivers/STM32H7xx_HAL_Driver/Src/stm32h7xx_hal_tim_ex.c:394:3
	tst	r0, r1
	bne	.LBB5_5
	b	.LBB5_2
.LBB5_2:
.Ltmp42:
	.loc	7 394 3                         @ ../Drivers/STM32H7xx_HAL_Driver/Src/stm32h7xx_hal_tim_ex.c:394:3
	ldr	r0, [sp, #4]
	ldr	r0, [r0]
	ldr	r0, [r0, #32]
	movw	r1, #1092
.Ltmp43:
	.loc	7 394 3                         @ ../Drivers/STM32H7xx_HAL_Driver/Src/stm32h7xx_hal_tim_ex.c:394:3
	tst	r0, r1
	bne	.LBB5_4
	b	.LBB5_3
.LBB5_3:
.Ltmp44:
	.loc	7 394 3                         @ ../Drivers/STM32H7xx_HAL_Driver/Src/stm32h7xx_hal_tim_ex.c:394:3
	ldr	r0, [sp, #4]
	ldr	r1, [r0]
	ldr	r0, [r1]
	bic	r0, r0, #1
	str	r0, [r1]
	b	.LBB5_4
.Ltmp45:
.LBB5_4:
	.loc	7 394 3                         @ ../Drivers/STM32H7xx_HAL_Driver/Src/stm32h7xx_hal_tim_ex.c:394:3
	b	.LBB5_5
.Ltmp46:
.LBB5_5:
	.loc	7 394 3                         @ ../Drivers/STM32H7xx_HAL_Driver/Src/stm32h7xx_hal_tim_ex.c:394:3
	b	.LBB5_6
.Ltmp47:
.LBB5_6:
	.loc	7 397 3 is_stmt 1               @ ../Drivers/STM32H7xx_HAL_Driver/Src/stm32h7xx_hal_tim_ex.c:397:3
	ldr	r1, [sp, #4]
	movs	r0, #1
	strb.w	r0, [r1, #62]
	.loc	7 398 3                         @ ../Drivers/STM32H7xx_HAL_Driver/Src/stm32h7xx_hal_tim_ex.c:398:3
	ldr	r1, [sp, #4]
	strb.w	r0, [r1, #63]
	.loc	7 399 3                         @ ../Drivers/STM32H7xx_HAL_Driver/Src/stm32h7xx_hal_tim_ex.c:399:3
	ldr	r1, [sp, #4]
	strb.w	r0, [r1, #68]
	.loc	7 400 3                         @ ../Drivers/STM32H7xx_HAL_Driver/Src/stm32h7xx_hal_tim_ex.c:400:3
	ldr	r1, [sp, #4]
	strb.w	r0, [r1, #69]
	movs	r0, #0
	.loc	7 403 3 epilogue_begin          @ ../Drivers/STM32H7xx_HAL_Driver/Src/stm32h7xx_hal_tim_ex.c:403:3
	add	sp, #8
	pop	{r7, pc}
.Ltmp48:
.Lfunc_end5:
	.size	HAL_TIMEx_HallSensor_Stop, .Lfunc_end5-HAL_TIMEx_HallSensor_Stop
	.cfi_endproc
	.cantunwind
	.fnend
                                        @ -- End function
	.section	.text.HAL_TIMEx_HallSensor_Start_IT,"ax",%progbits
	.hidden	HAL_TIMEx_HallSensor_Start_IT   @ -- Begin function HAL_TIMEx_HallSensor_Start_IT
	.globl	HAL_TIMEx_HallSensor_Start_IT
	.p2align	3
	.type	HAL_TIMEx_HallSensor_Start_IT,%function
	.code	16                              @ @HAL_TIMEx_HallSensor_Start_IT
	.thumb_func
HAL_TIMEx_HallSensor_Start_IT:
.Lfunc_begin6:
	.loc	7 412 0                         @ ../Drivers/STM32H7xx_HAL_Driver/Src/stm32h7xx_hal_tim_ex.c:412:0
	.fnstart
	.cfi_startproc
@ %bb.0:
	.save	{r7, lr}
	push	{r7, lr}
	.cfi_def_cfa_offset 8
	.cfi_offset lr, -4
	.cfi_offset r7, -8
	.pad	#16
	sub	sp, #16
	.cfi_def_cfa_offset 24
	str	r0, [sp, #8]
.Ltmp49:
	.loc	7 414 49 prologue_end           @ ../Drivers/STM32H7xx_HAL_Driver/Src/stm32h7xx_hal_tim_ex.c:414:49
	ldr	r0, [sp, #8]
	ldrb.w	r0, [r0, #62]
	.loc	7 414 31 is_stmt 0              @ ../Drivers/STM32H7xx_HAL_Driver/Src/stm32h7xx_hal_tim_ex.c:414:31
	strb.w	r0, [sp, #3]
	.loc	7 415 49 is_stmt 1              @ ../Drivers/STM32H7xx_HAL_Driver/Src/stm32h7xx_hal_tim_ex.c:415:49
	ldr	r0, [sp, #8]
	ldrb.w	r0, [r0, #63]
	.loc	7 415 31 is_stmt 0              @ ../Drivers/STM32H7xx_HAL_Driver/Src/stm32h7xx_hal_tim_ex.c:415:31
	strb.w	r0, [sp, #2]
	.loc	7 416 63 is_stmt 1              @ ../Drivers/STM32H7xx_HAL_Driver/Src/stm32h7xx_hal_tim_ex.c:416:63
	ldr	r0, [sp, #8]
	ldrb.w	r0, [r0, #68]
	.loc	7 416 31 is_stmt 0              @ ../Drivers/STM32H7xx_HAL_Driver/Src/stm32h7xx_hal_tim_ex.c:416:31
	strb.w	r0, [sp, #1]
	.loc	7 417 63 is_stmt 1              @ ../Drivers/STM32H7xx_HAL_Driver/Src/stm32h7xx_hal_tim_ex.c:417:63
	ldr	r0, [sp, #8]
	ldrb.w	r0, [r0, #69]
	.loc	7 417 31 is_stmt 0              @ ../Drivers/STM32H7xx_HAL_Driver/Src/stm32h7xx_hal_tim_ex.c:417:31
	strb.w	r0, [sp]
.Ltmp50:
	.loc	7 423 8 is_stmt 1               @ ../Drivers/STM32H7xx_HAL_Driver/Src/stm32h7xx_hal_tim_ex.c:423:8
	ldrb.w	r0, [sp, #3]
	.loc	7 424 7                         @ ../Drivers/STM32H7xx_HAL_Driver/Src/stm32h7xx_hal_tim_ex.c:424:7
	cmp	r0, #1
	bne	.LBB6_4
	b	.LBB6_1
.LBB6_1:
	.loc	7 424 11 is_stmt 0              @ ../Drivers/STM32H7xx_HAL_Driver/Src/stm32h7xx_hal_tim_ex.c:424:11
	ldrb.w	r0, [sp, #2]
	.loc	7 425 7 is_stmt 1               @ ../Drivers/STM32H7xx_HAL_Driver/Src/stm32h7xx_hal_tim_ex.c:425:7
	cmp	r0, #1
	bne	.LBB6_4
	b	.LBB6_2
.LBB6_2:
	.loc	7 425 11 is_stmt 0              @ ../Drivers/STM32H7xx_HAL_Driver/Src/stm32h7xx_hal_tim_ex.c:425:11
	ldrb.w	r0, [sp, #1]
	.loc	7 426 7 is_stmt 1               @ ../Drivers/STM32H7xx_HAL_Driver/Src/stm32h7xx_hal_tim_ex.c:426:7
	cmp	r0, #1
	bne	.LBB6_4
	b	.LBB6_3
.LBB6_3:
	.loc	7 426 11 is_stmt 0              @ ../Drivers/STM32H7xx_HAL_Driver/Src/stm32h7xx_hal_tim_ex.c:426:11
	ldrb.w	r0, [sp]
.Ltmp51:
	.loc	7 423 7 is_stmt 1               @ ../Drivers/STM32H7xx_HAL_Driver/Src/stm32h7xx_hal_tim_ex.c:423:7
	cmp	r0, #1
	beq	.LBB6_5
	b	.LBB6_4
.LBB6_4:
	.loc	7 0 7 is_stmt 0                 @ ../Drivers/STM32H7xx_HAL_Driver/Src/stm32h7xx_hal_tim_ex.c:0:7
	movs	r0, #1
.Ltmp52:
	.loc	7 428 5 is_stmt 1               @ ../Drivers/STM32H7xx_HAL_Driver/Src/stm32h7xx_hal_tim_ex.c:428:5
	strb.w	r0, [sp, #15]
	b	.LBB6_21
.Ltmp53:
.LBB6_5:
	.loc	7 432 3                         @ ../Drivers/STM32H7xx_HAL_Driver/Src/stm32h7xx_hal_tim_ex.c:432:3
	ldr	r1, [sp, #8]
	movs	r0, #2
	strb.w	r0, [r1, #62]
	.loc	7 433 3                         @ ../Drivers/STM32H7xx_HAL_Driver/Src/stm32h7xx_hal_tim_ex.c:433:3
	ldr	r1, [sp, #8]
	strb.w	r0, [r1, #63]
	.loc	7 434 3                         @ ../Drivers/STM32H7xx_HAL_Driver/Src/stm32h7xx_hal_tim_ex.c:434:3
	ldr	r1, [sp, #8]
	strb.w	r0, [r1, #68]
	.loc	7 435 3                         @ ../Drivers/STM32H7xx_HAL_Driver/Src/stm32h7xx_hal_tim_ex.c:435:3
	ldr	r1, [sp, #8]
	strb.w	r0, [r1, #69]
	.loc	7 438 3                         @ ../Drivers/STM32H7xx_HAL_Driver/Src/stm32h7xx_hal_tim_ex.c:438:3
	ldr	r0, [sp, #8]
	ldr	r1, [r0]
	ldr	r0, [r1, #12]
	orr	r0, r0, #2
	str	r0, [r1, #12]
	.loc	7 443 21                        @ ../Drivers/STM32H7xx_HAL_Driver/Src/stm32h7xx_hal_tim_ex.c:443:21
	ldr	r0, [sp, #8]
	.loc	7 443 27 is_stmt 0              @ ../Drivers/STM32H7xx_HAL_Driver/Src/stm32h7xx_hal_tim_ex.c:443:27
	ldr	r0, [r0]
	movs	r1, #0
	movs	r2, #1
	.loc	7 443 3                         @ ../Drivers/STM32H7xx_HAL_Driver/Src/stm32h7xx_hal_tim_ex.c:443:3
	bl	TIM_CCxChannelCmd
.Ltmp54:
	.loc	7 446 7 is_stmt 1               @ ../Drivers/STM32H7xx_HAL_Driver/Src/stm32h7xx_hal_tim_ex.c:446:7
	ldr	r0, [sp, #8]
	ldr	r0, [r0]
	movs	r1, #0
	movt	r1, #16385
	cmp	r0, r1
	beq	.LBB6_15
	b	.LBB6_6
.LBB6_6:
	ldr	r0, [sp, #8]
	ldr	r0, [r0]
	cmp.w	r0, #1073741824
	beq	.LBB6_15
	b	.LBB6_7
.LBB6_7:
	ldr	r0, [sp, #8]
	ldr	r0, [r0]
	movw	r1, #1024
	movt	r1, #16384
	cmp	r0, r1
	beq	.LBB6_15
	b	.LBB6_8
.LBB6_8:
	ldr	r0, [sp, #8]
	ldr	r0, [r0]
	movw	r1, #2048
	movt	r1, #16384
	cmp	r0, r1
	beq	.LBB6_15
	b	.LBB6_9
.LBB6_9:
	ldr	r0, [sp, #8]
	ldr	r0, [r0]
	movw	r1, #3072
	movt	r1, #16384
	cmp	r0, r1
	beq	.LBB6_15
	b	.LBB6_10
.LBB6_10:
	ldr	r0, [sp, #8]
	ldr	r0, [r0]
	movw	r1, #1024
	movt	r1, #16385
	cmp	r0, r1
	beq	.LBB6_15
	b	.LBB6_11
.LBB6_11:
	ldr	r0, [sp, #8]
	ldr	r0, [r0]
	movw	r1, #6144
	movt	r1, #16384
	cmp	r0, r1
	beq	.LBB6_15
	b	.LBB6_12
.LBB6_12:
	ldr	r0, [sp, #8]
	ldr	r0, [r0]
	movw	r1, #16384
	movt	r1, #16385
	cmp	r0, r1
	beq	.LBB6_15
	b	.LBB6_13
.LBB6_13:
	ldr	r0, [sp, #8]
	ldr	r0, [r0]
	movw	r1, #57344
	movt	r1, #16384
	cmp	r0, r1
	beq	.LBB6_15
	b	.LBB6_14
.LBB6_14:
	ldr	r0, [sp, #8]
	ldr	r0, [r0]
	movw	r1, #58368
	movt	r1, #16384
.Ltmp55:
	.loc	7 446 7 is_stmt 0               @ ../Drivers/STM32H7xx_HAL_Driver/Src/stm32h7xx_hal_tim_ex.c:446:7
	cmp	r0, r1
	bne	.LBB6_19
	b	.LBB6_15
.LBB6_15:
.Ltmp56:
	.loc	7 448 15 is_stmt 1              @ ../Drivers/STM32H7xx_HAL_Driver/Src/stm32h7xx_hal_tim_ex.c:448:15
	ldr	r0, [sp, #8]
	.loc	7 448 21 is_stmt 0              @ ../Drivers/STM32H7xx_HAL_Driver/Src/stm32h7xx_hal_tim_ex.c:448:21
	ldr	r0, [r0]
	.loc	7 448 31                        @ ../Drivers/STM32H7xx_HAL_Driver/Src/stm32h7xx_hal_tim_ex.c:448:31
	ldr	r0, [r0, #8]
	movs	r1, #7
	movt	r1, #1
	.loc	7 448 36                        @ ../Drivers/STM32H7xx_HAL_Driver/Src/stm32h7xx_hal_tim_ex.c:448:36
	ands	r0, r1
	.loc	7 448 13                        @ ../Drivers/STM32H7xx_HAL_Driver/Src/stm32h7xx_hal_tim_ex.c:448:13
	str	r0, [sp, #4]
.Ltmp57:
	.loc	7 449 10 is_stmt 1              @ ../Drivers/STM32H7xx_HAL_Driver/Src/stm32h7xx_hal_tim_ex.c:449:10
	ldr	r0, [sp, #4]
	cmp	r0, #6
	beq	.LBB6_18
	b	.LBB6_16
.LBB6_16:
	ldr	r0, [sp, #4]
.Ltmp58:
	.loc	7 449 9 is_stmt 0               @ ../Drivers/STM32H7xx_HAL_Driver/Src/stm32h7xx_hal_tim_ex.c:449:9
	cmp.w	r0, #65536
	beq	.LBB6_18
	b	.LBB6_17
.LBB6_17:
.Ltmp59:
	.loc	7 451 7 is_stmt 1               @ ../Drivers/STM32H7xx_HAL_Driver/Src/stm32h7xx_hal_tim_ex.c:451:7
	ldr	r0, [sp, #8]
	ldr	r1, [r0]
	ldr	r0, [r1]
	orr	r0, r0, #1
	str	r0, [r1]
	.loc	7 452 5                         @ ../Drivers/STM32H7xx_HAL_Driver/Src/stm32h7xx_hal_tim_ex.c:452:5
	b	.LBB6_18
.Ltmp60:
.LBB6_18:
	.loc	7 453 3                         @ ../Drivers/STM32H7xx_HAL_Driver/Src/stm32h7xx_hal_tim_ex.c:453:3
	b	.LBB6_20
.Ltmp61:
.LBB6_19:
	.loc	7 456 5                         @ ../Drivers/STM32H7xx_HAL_Driver/Src/stm32h7xx_hal_tim_ex.c:456:5
	ldr	r0, [sp, #8]
	ldr	r1, [r0]
	ldr	r0, [r1]
	orr	r0, r0, #1
	str	r0, [r1]
	b	.LBB6_20
.Ltmp62:
.LBB6_20:
	.loc	7 0 5 is_stmt 0                 @ ../Drivers/STM32H7xx_HAL_Driver/Src/stm32h7xx_hal_tim_ex.c:0:5
	movs	r0, #0
	.loc	7 460 3 is_stmt 1               @ ../Drivers/STM32H7xx_HAL_Driver/Src/stm32h7xx_hal_tim_ex.c:460:3
	strb.w	r0, [sp, #15]
	b	.LBB6_21
.LBB6_21:
	.loc	7 461 1                         @ ../Drivers/STM32H7xx_HAL_Driver/Src/stm32h7xx_hal_tim_ex.c:461:1
	ldrb.w	r0, [sp, #15]
	.loc	7 461 1 epilogue_begin is_stmt 0 @ ../Drivers/STM32H7xx_HAL_Driver/Src/stm32h7xx_hal_tim_ex.c:461:1
	add	sp, #16
	pop	{r7, pc}
.Ltmp63:
.Lfunc_end6:
	.size	HAL_TIMEx_HallSensor_Start_IT, .Lfunc_end6-HAL_TIMEx_HallSensor_Start_IT
	.cfi_endproc
	.cantunwind
	.fnend
                                        @ -- End function
	.section	.text.HAL_TIMEx_HallSensor_Stop_IT,"ax",%progbits
	.hidden	HAL_TIMEx_HallSensor_Stop_IT    @ -- Begin function HAL_TIMEx_HallSensor_Stop_IT
	.globl	HAL_TIMEx_HallSensor_Stop_IT
	.p2align	3
	.type	HAL_TIMEx_HallSensor_Stop_IT,%function
	.code	16                              @ @HAL_TIMEx_HallSensor_Stop_IT
	.thumb_func
HAL_TIMEx_HallSensor_Stop_IT:
.Lfunc_begin7:
	.loc	7 469 0 is_stmt 1               @ ../Drivers/STM32H7xx_HAL_Driver/Src/stm32h7xx_hal_tim_ex.c:469:0
	.fnstart
	.cfi_startproc
@ %bb.0:
	.save	{r7, lr}
	push	{r7, lr}
	.cfi_def_cfa_offset 8
	.cfi_offset lr, -4
	.cfi_offset r7, -8
	.pad	#8
	sub	sp, #8
	.cfi_def_cfa_offset 16
	str	r0, [sp, #4]
.Ltmp64:
	.loc	7 476 21 prologue_end           @ ../Drivers/STM32H7xx_HAL_Driver/Src/stm32h7xx_hal_tim_ex.c:476:21
	ldr	r0, [sp, #4]
	.loc	7 476 27 is_stmt 0              @ ../Drivers/STM32H7xx_HAL_Driver/Src/stm32h7xx_hal_tim_ex.c:476:27
	ldr	r0, [r0]
	movs	r2, #0
	.loc	7 476 3                         @ ../Drivers/STM32H7xx_HAL_Driver/Src/stm32h7xx_hal_tim_ex.c:476:3
	mov	r1, r2
	bl	TIM_CCxChannelCmd
	.loc	7 479 3 is_stmt 1               @ ../Drivers/STM32H7xx_HAL_Driver/Src/stm32h7xx_hal_tim_ex.c:479:3
	ldr	r0, [sp, #4]
	ldr	r1, [r0]
	ldr	r0, [r1, #12]
	bic	r0, r0, #2
	str	r0, [r1, #12]
	.loc	7 482 3                         @ ../Drivers/STM32H7xx_HAL_Driver/Src/stm32h7xx_hal_tim_ex.c:482:3
	b	.LBB7_1
.LBB7_1:
.Ltmp65:
	.loc	7 482 3 is_stmt 0               @ ../Drivers/STM32H7xx_HAL_Driver/Src/stm32h7xx_hal_tim_ex.c:482:3
	ldr	r0, [sp, #4]
	ldr	r0, [r0]
	ldr	r0, [r0, #32]
	movw	r1, #4369
.Ltmp66:
	.loc	7 482 3                         @ ../Drivers/STM32H7xx_HAL_Driver/Src/stm32h7xx_hal_tim_ex.c:482:3
	tst	r0, r1
	bne	.LBB7_5
	b	.LBB7_2
.LBB7_2:
.Ltmp67:
	.loc	7 482 3                         @ ../Drivers/STM32H7xx_HAL_Driver/Src/stm32h7xx_hal_tim_ex.c:482:3
	ldr	r0, [sp, #4]
	ldr	r0, [r0]
	ldr	r0, [r0, #32]
	movw	r1, #1092
.Ltmp68:
	.loc	7 482 3                         @ ../Drivers/STM32H7xx_HAL_Driver/Src/stm32h7xx_hal_tim_ex.c:482:3
	tst	r0, r1
	bne	.LBB7_4
	b	.LBB7_3
.LBB7_3:
.Ltmp69:
	.loc	7 482 3                         @ ../Drivers/STM32H7xx_HAL_Driver/Src/stm32h7xx_hal_tim_ex.c:482:3
	ldr	r0, [sp, #4]
	ldr	r1, [r0]
	ldr	r0, [r1]
	bic	r0, r0, #1
	str	r0, [r1]
	b	.LBB7_4
.Ltmp70:
.LBB7_4:
	.loc	7 482 3                         @ ../Drivers/STM32H7xx_HAL_Driver/Src/stm32h7xx_hal_tim_ex.c:482:3
	b	.LBB7_5
.Ltmp71:
.LBB7_5:
	.loc	7 482 3                         @ ../Drivers/STM32H7xx_HAL_Driver/Src/stm32h7xx_hal_tim_ex.c:482:3
	b	.LBB7_6
.Ltmp72:
.LBB7_6:
	.loc	7 485 3 is_stmt 1               @ ../Drivers/STM32H7xx_HAL_Driver/Src/stm32h7xx_hal_tim_ex.c:485:3
	ldr	r1, [sp, #4]
	movs	r0, #1
	strb.w	r0, [r1, #62]
	.loc	7 486 3                         @ ../Drivers/STM32H7xx_HAL_Driver/Src/stm32h7xx_hal_tim_ex.c:486:3
	ldr	r1, [sp, #4]
	strb.w	r0, [r1, #63]
	.loc	7 487 3                         @ ../Drivers/STM32H7xx_HAL_Driver/Src/stm32h7xx_hal_tim_ex.c:487:3
	ldr	r1, [sp, #4]
	strb.w	r0, [r1, #68]
	.loc	7 488 3                         @ ../Drivers/STM32H7xx_HAL_Driver/Src/stm32h7xx_hal_tim_ex.c:488:3
	ldr	r1, [sp, #4]
	strb.w	r0, [r1, #69]
	movs	r0, #0
	.loc	7 491 3 epilogue_begin          @ ../Drivers/STM32H7xx_HAL_Driver/Src/stm32h7xx_hal_tim_ex.c:491:3
	add	sp, #8
	pop	{r7, pc}
.Ltmp73:
.Lfunc_end7:
	.size	HAL_TIMEx_HallSensor_Stop_IT, .Lfunc_end7-HAL_TIMEx_HallSensor_Stop_IT
	.cfi_endproc
	.cantunwind
	.fnend
                                        @ -- End function
	.section	.text.HAL_TIMEx_HallSensor_Start_DMA,"ax",%progbits
	.hidden	HAL_TIMEx_HallSensor_Start_DMA  @ -- Begin function HAL_TIMEx_HallSensor_Start_DMA
	.globl	HAL_TIMEx_HallSensor_Start_DMA
	.p2align	3
	.type	HAL_TIMEx_HallSensor_Start_DMA,%function
	.code	16                              @ @HAL_TIMEx_HallSensor_Start_DMA
	.thumb_func
HAL_TIMEx_HallSensor_Start_DMA:
.Lfunc_begin8:
	.loc	7 502 0                         @ ../Drivers/STM32H7xx_HAL_Driver/Src/stm32h7xx_hal_tim_ex.c:502:0
	.fnstart
	.cfi_startproc
@ %bb.0:
	.save	{r7, lr}
	push	{r7, lr}
	.cfi_def_cfa_offset 8
	.cfi_offset lr, -4
	.cfi_offset r7, -8
	.pad	#24
	sub	sp, #24
	.cfi_def_cfa_offset 32
                                        @ kill: def $r3 killed $r2
	str	r0, [sp, #16]
	str	r1, [sp, #12]
	strh.w	r2, [sp, #10]
.Ltmp74:
	.loc	7 504 49 prologue_end           @ ../Drivers/STM32H7xx_HAL_Driver/Src/stm32h7xx_hal_tim_ex.c:504:49
	ldr	r0, [sp, #16]
	ldrb.w	r0, [r0, #62]
	.loc	7 504 31 is_stmt 0              @ ../Drivers/STM32H7xx_HAL_Driver/Src/stm32h7xx_hal_tim_ex.c:504:31
	strb.w	r0, [sp, #3]
	.loc	7 505 63 is_stmt 1              @ ../Drivers/STM32H7xx_HAL_Driver/Src/stm32h7xx_hal_tim_ex.c:505:63
	ldr	r0, [sp, #16]
	ldrb.w	r0, [r0, #68]
	.loc	7 505 31 is_stmt 0              @ ../Drivers/STM32H7xx_HAL_Driver/Src/stm32h7xx_hal_tim_ex.c:505:31
	strb.w	r0, [sp, #2]
.Ltmp75:
	.loc	7 511 8 is_stmt 1               @ ../Drivers/STM32H7xx_HAL_Driver/Src/stm32h7xx_hal_tim_ex.c:511:8
	ldrb.w	r0, [sp, #3]
	.loc	7 512 7                         @ ../Drivers/STM32H7xx_HAL_Driver/Src/stm32h7xx_hal_tim_ex.c:512:7
	cmp	r0, #2
	beq	.LBB8_2
	b	.LBB8_1
.LBB8_1:
	.loc	7 512 11 is_stmt 0              @ ../Drivers/STM32H7xx_HAL_Driver/Src/stm32h7xx_hal_tim_ex.c:512:11
	ldrb.w	r0, [sp, #2]
.Ltmp76:
	.loc	7 511 7 is_stmt 1               @ ../Drivers/STM32H7xx_HAL_Driver/Src/stm32h7xx_hal_tim_ex.c:511:7
	cmp	r0, #2
	bne	.LBB8_3
	b	.LBB8_2
.LBB8_2:
	.loc	7 0 7 is_stmt 0                 @ ../Drivers/STM32H7xx_HAL_Driver/Src/stm32h7xx_hal_tim_ex.c:0:7
	movs	r0, #2
.Ltmp77:
	.loc	7 514 5 is_stmt 1               @ ../Drivers/STM32H7xx_HAL_Driver/Src/stm32h7xx_hal_tim_ex.c:514:5
	strb.w	r0, [sp, #23]
	b	.LBB8_30
.Ltmp78:
.LBB8_3:
	.loc	7 516 13                        @ ../Drivers/STM32H7xx_HAL_Driver/Src/stm32h7xx_hal_tim_ex.c:516:13
	ldrb.w	r0, [sp, #3]
	.loc	7 517 12                        @ ../Drivers/STM32H7xx_HAL_Driver/Src/stm32h7xx_hal_tim_ex.c:517:12
	cmp	r0, #1
	bne	.LBB8_10
	b	.LBB8_4
.LBB8_4:
	.loc	7 517 16 is_stmt 0              @ ../Drivers/STM32H7xx_HAL_Driver/Src/stm32h7xx_hal_tim_ex.c:517:16
	ldrb.w	r0, [sp, #2]
.Ltmp79:
	.loc	7 516 12 is_stmt 1              @ ../Drivers/STM32H7xx_HAL_Driver/Src/stm32h7xx_hal_tim_ex.c:516:12
	cmp	r0, #1
	bne	.LBB8_10
	b	.LBB8_5
.LBB8_5:
.Ltmp80:
	.loc	7 519 10                        @ ../Drivers/STM32H7xx_HAL_Driver/Src/stm32h7xx_hal_tim_ex.c:519:10
	ldr	r0, [sp, #12]
	.loc	7 519 25 is_stmt 0              @ ../Drivers/STM32H7xx_HAL_Driver/Src/stm32h7xx_hal_tim_ex.c:519:25
	cbz	r0, .LBB8_7
	b	.LBB8_6
.LBB8_6:
	.loc	7 519 29                        @ ../Drivers/STM32H7xx_HAL_Driver/Src/stm32h7xx_hal_tim_ex.c:519:29
	ldrh.w	r0, [sp, #10]
.Ltmp81:
	.loc	7 519 9                         @ ../Drivers/STM32H7xx_HAL_Driver/Src/stm32h7xx_hal_tim_ex.c:519:9
	cbnz	r0, .LBB8_8
	b	.LBB8_7
.LBB8_7:
	.loc	7 0 9                           @ ../Drivers/STM32H7xx_HAL_Driver/Src/stm32h7xx_hal_tim_ex.c:0:9
	movs	r0, #1
.Ltmp82:
	.loc	7 521 7 is_stmt 1               @ ../Drivers/STM32H7xx_HAL_Driver/Src/stm32h7xx_hal_tim_ex.c:521:7
	strb.w	r0, [sp, #23]
	b	.LBB8_30
.Ltmp83:
.LBB8_8:
	.loc	7 525 7                         @ ../Drivers/STM32H7xx_HAL_Driver/Src/stm32h7xx_hal_tim_ex.c:525:7
	ldr	r1, [sp, #16]
	movs	r0, #2
	strb.w	r0, [r1, #62]
	.loc	7 526 7                         @ ../Drivers/STM32H7xx_HAL_Driver/Src/stm32h7xx_hal_tim_ex.c:526:7
	ldr	r1, [sp, #16]
	strb.w	r0, [r1, #68]
	b	.LBB8_9
.Ltmp84:
.LBB8_9:
	.loc	7 528 3                         @ ../Drivers/STM32H7xx_HAL_Driver/Src/stm32h7xx_hal_tim_ex.c:528:3
	b	.LBB8_11
.Ltmp85:
.LBB8_10:
	.loc	7 0 3 is_stmt 0                 @ ../Drivers/STM32H7xx_HAL_Driver/Src/stm32h7xx_hal_tim_ex.c:0:3
	movs	r0, #1
.Ltmp86:
	.loc	7 531 5 is_stmt 1               @ ../Drivers/STM32H7xx_HAL_Driver/Src/stm32h7xx_hal_tim_ex.c:531:5
	strb.w	r0, [sp, #23]
	b	.LBB8_30
.Ltmp87:
.LBB8_11:
	.loc	7 0 5 is_stmt 0                 @ ../Drivers/STM32H7xx_HAL_Driver/Src/stm32h7xx_hal_tim_ex.c:0:5
	b	.LBB8_12
.LBB8_12:
	.loc	7 537 21 is_stmt 1              @ ../Drivers/STM32H7xx_HAL_Driver/Src/stm32h7xx_hal_tim_ex.c:537:21
	ldr	r0, [sp, #16]
	.loc	7 537 27 is_stmt 0              @ ../Drivers/STM32H7xx_HAL_Driver/Src/stm32h7xx_hal_tim_ex.c:537:27
	ldr	r0, [r0]
	movs	r1, #0
	movs	r2, #1
	.loc	7 537 3                         @ ../Drivers/STM32H7xx_HAL_Driver/Src/stm32h7xx_hal_tim_ex.c:537:3
	bl	TIM_CCxChannelCmd
	.loc	7 540 3 is_stmt 1               @ ../Drivers/STM32H7xx_HAL_Driver/Src/stm32h7xx_hal_tim_ex.c:540:3
	ldr	r0, [sp, #16]
	ldr	r1, [r0, #36]
	.loc	7 540 48 is_stmt 0              @ ../Drivers/STM32H7xx_HAL_Driver/Src/stm32h7xx_hal_tim_ex.c:540:48
	movw	r0, :lower16:TIM_DMACaptureCplt
	movt	r0, :upper16:TIM_DMACaptureCplt
	str	r0, [r1, #60]
	.loc	7 541 3 is_stmt 1               @ ../Drivers/STM32H7xx_HAL_Driver/Src/stm32h7xx_hal_tim_ex.c:541:3
	ldr	r0, [sp, #16]
	ldr	r1, [r0, #36]
	.loc	7 541 52 is_stmt 0              @ ../Drivers/STM32H7xx_HAL_Driver/Src/stm32h7xx_hal_tim_ex.c:541:52
	movw	r0, :lower16:TIM_DMACaptureHalfCplt
	movt	r0, :upper16:TIM_DMACaptureHalfCplt
	str	r0, [r1, #64]
	.loc	7 543 3 is_stmt 1               @ ../Drivers/STM32H7xx_HAL_Driver/Src/stm32h7xx_hal_tim_ex.c:543:3
	ldr	r0, [sp, #16]
	ldr	r1, [r0, #36]
	.loc	7 543 49 is_stmt 0              @ ../Drivers/STM32H7xx_HAL_Driver/Src/stm32h7xx_hal_tim_ex.c:543:49
	movw	r0, :lower16:TIM_DMAError
	movt	r0, :upper16:TIM_DMAError
	str	r0, [r1, #76]
.Ltmp88:
	.loc	7 546 24 is_stmt 1              @ ../Drivers/STM32H7xx_HAL_Driver/Src/stm32h7xx_hal_tim_ex.c:546:24
	ldr	r0, [sp, #16]
	.loc	7 546 69 is_stmt 0              @ ../Drivers/STM32H7xx_HAL_Driver/Src/stm32h7xx_hal_tim_ex.c:546:69
	ldr	r1, [r0]
	.loc	7 546 24                        @ ../Drivers/STM32H7xx_HAL_Driver/Src/stm32h7xx_hal_tim_ex.c:546:24
	ldr	r0, [r0, #36]
	.loc	7 546 79                        @ ../Drivers/STM32H7xx_HAL_Driver/Src/stm32h7xx_hal_tim_ex.c:546:79
	adds	r1, #52
	.loc	7 546 95                        @ ../Drivers/STM32H7xx_HAL_Driver/Src/stm32h7xx_hal_tim_ex.c:546:95
	ldr	r2, [sp, #12]
	.loc	7 546 102                       @ ../Drivers/STM32H7xx_HAL_Driver/Src/stm32h7xx_hal_tim_ex.c:546:102
	ldrh.w	r3, [sp, #10]
	.loc	7 546 7                         @ ../Drivers/STM32H7xx_HAL_Driver/Src/stm32h7xx_hal_tim_ex.c:546:7
	bl	HAL_DMA_Start_IT
.Ltmp89:
	.loc	7 546 7                         @ ../Drivers/STM32H7xx_HAL_Driver/Src/stm32h7xx_hal_tim_ex.c:546:7
	cbz	r0, .LBB8_14
	b	.LBB8_13
.LBB8_13:
	.loc	7 0 7                           @ ../Drivers/STM32H7xx_HAL_Driver/Src/stm32h7xx_hal_tim_ex.c:0:7
	movs	r0, #1
.Ltmp90:
	.loc	7 549 5 is_stmt 1               @ ../Drivers/STM32H7xx_HAL_Driver/Src/stm32h7xx_hal_tim_ex.c:549:5
	strb.w	r0, [sp, #23]
	b	.LBB8_30
.Ltmp91:
.LBB8_14:
	.loc	7 552 3                         @ ../Drivers/STM32H7xx_HAL_Driver/Src/stm32h7xx_hal_tim_ex.c:552:3
	ldr	r0, [sp, #16]
	ldr	r1, [r0]
	ldr	r0, [r1, #12]
	orr	r0, r0, #512
	str	r0, [r1, #12]
.Ltmp92:
	.loc	7 555 7                         @ ../Drivers/STM32H7xx_HAL_Driver/Src/stm32h7xx_hal_tim_ex.c:555:7
	ldr	r0, [sp, #16]
	ldr	r0, [r0]
	movs	r1, #0
	movt	r1, #16385
	cmp	r0, r1
	beq	.LBB8_24
	b	.LBB8_15
.LBB8_15:
	ldr	r0, [sp, #16]
	ldr	r0, [r0]
	cmp.w	r0, #1073741824
	beq	.LBB8_24
	b	.LBB8_16
.LBB8_16:
	ldr	r0, [sp, #16]
	ldr	r0, [r0]
	movw	r1, #1024
	movt	r1, #16384
	cmp	r0, r1
	beq	.LBB8_24
	b	.LBB8_17
.LBB8_17:
	ldr	r0, [sp, #16]
	ldr	r0, [r0]
	movw	r1, #2048
	movt	r1, #16384
	cmp	r0, r1
	beq	.LBB8_24
	b	.LBB8_18
.LBB8_18:
	ldr	r0, [sp, #16]
	ldr	r0, [r0]
	movw	r1, #3072
	movt	r1, #16384
	cmp	r0, r1
	beq	.LBB8_24
	b	.LBB8_19
.LBB8_19:
	ldr	r0, [sp, #16]
	ldr	r0, [r0]
	movw	r1, #1024
	movt	r1, #16385
	cmp	r0, r1
	beq	.LBB8_24
	b	.LBB8_20
.LBB8_20:
	ldr	r0, [sp, #16]
	ldr	r0, [r0]
	movw	r1, #6144
	movt	r1, #16384
	cmp	r0, r1
	beq	.LBB8_24
	b	.LBB8_21
.LBB8_21:
	ldr	r0, [sp, #16]
	ldr	r0, [r0]
	movw	r1, #16384
	movt	r1, #16385
	cmp	r0, r1
	beq	.LBB8_24
	b	.LBB8_22
.LBB8_22:
	ldr	r0, [sp, #16]
	ldr	r0, [r0]
	movw	r1, #57344
	movt	r1, #16384
	cmp	r0, r1
	beq	.LBB8_24
	b	.LBB8_23
.LBB8_23:
	ldr	r0, [sp, #16]
	ldr	r0, [r0]
	movw	r1, #58368
	movt	r1, #16384
.Ltmp93:
	.loc	7 555 7 is_stmt 0               @ ../Drivers/STM32H7xx_HAL_Driver/Src/stm32h7xx_hal_tim_ex.c:555:7
	cmp	r0, r1
	bne	.LBB8_28
	b	.LBB8_24
.LBB8_24:
.Ltmp94:
	.loc	7 557 15 is_stmt 1              @ ../Drivers/STM32H7xx_HAL_Driver/Src/stm32h7xx_hal_tim_ex.c:557:15
	ldr	r0, [sp, #16]
	.loc	7 557 21 is_stmt 0              @ ../Drivers/STM32H7xx_HAL_Driver/Src/stm32h7xx_hal_tim_ex.c:557:21
	ldr	r0, [r0]
	.loc	7 557 31                        @ ../Drivers/STM32H7xx_HAL_Driver/Src/stm32h7xx_hal_tim_ex.c:557:31
	ldr	r0, [r0, #8]
	movs	r1, #7
	movt	r1, #1
	.loc	7 557 36                        @ ../Drivers/STM32H7xx_HAL_Driver/Src/stm32h7xx_hal_tim_ex.c:557:36
	ands	r0, r1
	.loc	7 557 13                        @ ../Drivers/STM32H7xx_HAL_Driver/Src/stm32h7xx_hal_tim_ex.c:557:13
	str	r0, [sp, #4]
.Ltmp95:
	.loc	7 558 10 is_stmt 1              @ ../Drivers/STM32H7xx_HAL_Driver/Src/stm32h7xx_hal_tim_ex.c:558:10
	ldr	r0, [sp, #4]
	cmp	r0, #6
	beq	.LBB8_27
	b	.LBB8_25
.LBB8_25:
	ldr	r0, [sp, #4]
.Ltmp96:
	.loc	7 558 9 is_stmt 0               @ ../Drivers/STM32H7xx_HAL_Driver/Src/stm32h7xx_hal_tim_ex.c:558:9
	cmp.w	r0, #65536
	beq	.LBB8_27
	b	.LBB8_26
.LBB8_26:
.Ltmp97:
	.loc	7 560 7 is_stmt 1               @ ../Drivers/STM32H7xx_HAL_Driver/Src/stm32h7xx_hal_tim_ex.c:560:7
	ldr	r0, [sp, #16]
	ldr	r1, [r0]
	ldr	r0, [r1]
	orr	r0, r0, #1
	str	r0, [r1]
	.loc	7 561 5                         @ ../Drivers/STM32H7xx_HAL_Driver/Src/stm32h7xx_hal_tim_ex.c:561:5
	b	.LBB8_27
.Ltmp98:
.LBB8_27:
	.loc	7 562 3                         @ ../Drivers/STM32H7xx_HAL_Driver/Src/stm32h7xx_hal_tim_ex.c:562:3
	b	.LBB8_29
.Ltmp99:
.LBB8_28:
	.loc	7 565 5                         @ ../Drivers/STM32H7xx_HAL_Driver/Src/stm32h7xx_hal_tim_ex.c:565:5
	ldr	r0, [sp, #16]
	ldr	r1, [r0]
	ldr	r0, [r1]
	orr	r0, r0, #1
	str	r0, [r1]
	b	.LBB8_29
.Ltmp100:
.LBB8_29:
	.loc	7 0 5 is_stmt 0                 @ ../Drivers/STM32H7xx_HAL_Driver/Src/stm32h7xx_hal_tim_ex.c:0:5
	movs	r0, #0
	.loc	7 569 3 is_stmt 1               @ ../Drivers/STM32H7xx_HAL_Driver/Src/stm32h7xx_hal_tim_ex.c:569:3
	strb.w	r0, [sp, #23]
	b	.LBB8_30
.LBB8_30:
	.loc	7 570 1                         @ ../Drivers/STM32H7xx_HAL_Driver/Src/stm32h7xx_hal_tim_ex.c:570:1
	ldrb.w	r0, [sp, #23]
	.loc	7 570 1 epilogue_begin is_stmt 0 @ ../Drivers/STM32H7xx_HAL_Driver/Src/stm32h7xx_hal_tim_ex.c:570:1
	add	sp, #24
	pop	{r7, pc}
.Ltmp101:
.Lfunc_end8:
	.size	HAL_TIMEx_HallSensor_Start_DMA, .Lfunc_end8-HAL_TIMEx_HallSensor_Start_DMA
	.cfi_endproc
	.cantunwind
	.fnend
                                        @ -- End function
	.section	.text.HAL_TIMEx_HallSensor_Stop_DMA,"ax",%progbits
	.hidden	HAL_TIMEx_HallSensor_Stop_DMA   @ -- Begin function HAL_TIMEx_HallSensor_Stop_DMA
	.globl	HAL_TIMEx_HallSensor_Stop_DMA
	.p2align	3
	.type	HAL_TIMEx_HallSensor_Stop_DMA,%function
	.code	16                              @ @HAL_TIMEx_HallSensor_Stop_DMA
	.thumb_func
HAL_TIMEx_HallSensor_Stop_DMA:
.Lfunc_begin9:
	.loc	7 578 0 is_stmt 1               @ ../Drivers/STM32H7xx_HAL_Driver/Src/stm32h7xx_hal_tim_ex.c:578:0
	.fnstart
	.cfi_startproc
@ %bb.0:
	.save	{r7, lr}
	push	{r7, lr}
	.cfi_def_cfa_offset 8
	.cfi_offset lr, -4
	.cfi_offset r7, -8
	.pad	#8
	sub	sp, #8
	.cfi_def_cfa_offset 16
	str	r0, [sp, #4]
.Ltmp102:
	.loc	7 585 21 prologue_end           @ ../Drivers/STM32H7xx_HAL_Driver/Src/stm32h7xx_hal_tim_ex.c:585:21
	ldr	r0, [sp, #4]
	.loc	7 585 27 is_stmt 0              @ ../Drivers/STM32H7xx_HAL_Driver/Src/stm32h7xx_hal_tim_ex.c:585:27
	ldr	r0, [r0]
	movs	r2, #0
	.loc	7 585 3                         @ ../Drivers/STM32H7xx_HAL_Driver/Src/stm32h7xx_hal_tim_ex.c:585:3
	mov	r1, r2
	bl	TIM_CCxChannelCmd
	.loc	7 589 3 is_stmt 1               @ ../Drivers/STM32H7xx_HAL_Driver/Src/stm32h7xx_hal_tim_ex.c:589:3
	ldr	r0, [sp, #4]
	ldr	r1, [r0]
	ldr	r0, [r1, #12]
	bic	r0, r0, #512
	str	r0, [r1, #12]
	.loc	7 591 26                        @ ../Drivers/STM32H7xx_HAL_Driver/Src/stm32h7xx_hal_tim_ex.c:591:26
	ldr	r0, [sp, #4]
	ldr	r0, [r0, #36]
	.loc	7 591 9 is_stmt 0               @ ../Drivers/STM32H7xx_HAL_Driver/Src/stm32h7xx_hal_tim_ex.c:591:9
	bl	HAL_DMA_Abort_IT
	.loc	7 594 3 is_stmt 1               @ ../Drivers/STM32H7xx_HAL_Driver/Src/stm32h7xx_hal_tim_ex.c:594:3
	b	.LBB9_1
.LBB9_1:
.Ltmp103:
	.loc	7 594 3 is_stmt 0               @ ../Drivers/STM32H7xx_HAL_Driver/Src/stm32h7xx_hal_tim_ex.c:594:3
	ldr	r0, [sp, #4]
	ldr	r0, [r0]
	ldr	r0, [r0, #32]
	movw	r1, #4369
.Ltmp104:
	.loc	7 594 3                         @ ../Drivers/STM32H7xx_HAL_Driver/Src/stm32h7xx_hal_tim_ex.c:594:3
	tst	r0, r1
	bne	.LBB9_5
	b	.LBB9_2
.LBB9_2:
.Ltmp105:
	.loc	7 594 3                         @ ../Drivers/STM32H7xx_HAL_Driver/Src/stm32h7xx_hal_tim_ex.c:594:3
	ldr	r0, [sp, #4]
	ldr	r0, [r0]
	ldr	r0, [r0, #32]
	movw	r1, #1092
.Ltmp106:
	.loc	7 594 3                         @ ../Drivers/STM32H7xx_HAL_Driver/Src/stm32h7xx_hal_tim_ex.c:594:3
	tst	r0, r1
	bne	.LBB9_4
	b	.LBB9_3
.LBB9_3:
.Ltmp107:
	.loc	7 594 3                         @ ../Drivers/STM32H7xx_HAL_Driver/Src/stm32h7xx_hal_tim_ex.c:594:3
	ldr	r0, [sp, #4]
	ldr	r1, [r0]
	ldr	r0, [r1]
	bic	r0, r0, #1
	str	r0, [r1]
	b	.LBB9_4
.Ltmp108:
.LBB9_4:
	.loc	7 594 3                         @ ../Drivers/STM32H7xx_HAL_Driver/Src/stm32h7xx_hal_tim_ex.c:594:3
	b	.LBB9_5
.Ltmp109:
.LBB9_5:
	.loc	7 594 3                         @ ../Drivers/STM32H7xx_HAL_Driver/Src/stm32h7xx_hal_tim_ex.c:594:3
	b	.LBB9_6
.Ltmp110:
.LBB9_6:
	.loc	7 597 3 is_stmt 1               @ ../Drivers/STM32H7xx_HAL_Driver/Src/stm32h7xx_hal_tim_ex.c:597:3
	ldr	r1, [sp, #4]
	movs	r0, #1
	strb.w	r0, [r1, #62]
	.loc	7 598 3                         @ ../Drivers/STM32H7xx_HAL_Driver/Src/stm32h7xx_hal_tim_ex.c:598:3
	ldr	r1, [sp, #4]
	strb.w	r0, [r1, #68]
	movs	r0, #0
	.loc	7 601 3 epilogue_begin          @ ../Drivers/STM32H7xx_HAL_Driver/Src/stm32h7xx_hal_tim_ex.c:601:3
	add	sp, #8
	pop	{r7, pc}
.Ltmp111:
.Lfunc_end9:
	.size	HAL_TIMEx_HallSensor_Stop_DMA, .Lfunc_end9-HAL_TIMEx_HallSensor_Stop_DMA
	.cfi_endproc
	.cantunwind
	.fnend
                                        @ -- End function
	.section	.text.HAL_TIMEx_OCN_Start,"ax",%progbits
	.hidden	HAL_TIMEx_OCN_Start             @ -- Begin function HAL_TIMEx_OCN_Start
	.globl	HAL_TIMEx_OCN_Start
	.p2align	3
	.type	HAL_TIMEx_OCN_Start,%function
	.code	16                              @ @HAL_TIMEx_OCN_Start
	.thumb_func
HAL_TIMEx_OCN_Start:
.Lfunc_begin10:
	.loc	7 640 0                         @ ../Drivers/STM32H7xx_HAL_Driver/Src/stm32h7xx_hal_tim_ex.c:640:0
	.fnstart
	.cfi_startproc
@ %bb.0:
	.save	{r7, lr}
	push	{r7, lr}
	.cfi_def_cfa_offset 8
	.cfi_offset lr, -4
	.cfi_offset r7, -8
	.pad	#40
	sub	sp, #40
	.cfi_def_cfa_offset 48
	str	r0, [sp, #32]
	str	r1, [sp, #28]
.Ltmp112:
	.loc	7 647 7 prologue_end            @ ../Drivers/STM32H7xx_HAL_Driver/Src/stm32h7xx_hal_tim_ex.c:647:7
	ldr	r0, [sp, #28]
	cbnz	r0, .LBB10_2
	b	.LBB10_1
.LBB10_1:
	ldr	r0, [sp, #32]
	ldrb.w	r0, [r0, #68]
	str	r0, [sp, #20]                   @ 4-byte Spill
	b	.LBB10_9
.LBB10_2:
	ldr	r0, [sp, #28]
	cmp	r0, #4
	bne	.LBB10_4
	b	.LBB10_3
.LBB10_3:
	ldr	r0, [sp, #32]
	ldrb.w	r0, [r0, #69]
	str	r0, [sp, #16]                   @ 4-byte Spill
	b	.LBB10_8
.LBB10_4:
	ldr	r0, [sp, #28]
	cmp	r0, #8
	bne	.LBB10_6
	b	.LBB10_5
.LBB10_5:
	ldr	r0, [sp, #32]
	ldrb.w	r0, [r0, #70]
	str	r0, [sp, #12]                   @ 4-byte Spill
	b	.LBB10_7
.LBB10_6:
	ldr	r0, [sp, #32]
	ldrb.w	r0, [r0, #71]
	str	r0, [sp, #12]                   @ 4-byte Spill
	b	.LBB10_7
.LBB10_7:
	ldr	r0, [sp, #12]                   @ 4-byte Reload
	str	r0, [sp, #16]                   @ 4-byte Spill
	b	.LBB10_8
.LBB10_8:
	ldr	r0, [sp, #16]                   @ 4-byte Reload
	str	r0, [sp, #20]                   @ 4-byte Spill
	b	.LBB10_9
.LBB10_9:
	ldr	r0, [sp, #20]                   @ 4-byte Reload
.Ltmp113:
	.loc	7 647 7 is_stmt 0               @ ../Drivers/STM32H7xx_HAL_Driver/Src/stm32h7xx_hal_tim_ex.c:647:7
	cmp	r0, #1
	beq	.LBB10_11
	b	.LBB10_10
.LBB10_10:
	.loc	7 0 7                           @ ../Drivers/STM32H7xx_HAL_Driver/Src/stm32h7xx_hal_tim_ex.c:0:7
	movs	r0, #1
.Ltmp114:
	.loc	7 649 5 is_stmt 1               @ ../Drivers/STM32H7xx_HAL_Driver/Src/stm32h7xx_hal_tim_ex.c:649:5
	strb.w	r0, [sp, #39]
	b	.LBB10_36
.Ltmp115:
.LBB10_11:
	.loc	7 653 3                         @ ../Drivers/STM32H7xx_HAL_Driver/Src/stm32h7xx_hal_tim_ex.c:653:3
	ldr	r0, [sp, #28]
	cbnz	r0, .LBB10_13
	b	.LBB10_12
.LBB10_12:
	ldr	r1, [sp, #32]
	movs	r0, #2
	strb.w	r0, [r1, #68]
	b	.LBB10_20
.LBB10_13:
	ldr	r0, [sp, #28]
	cmp	r0, #4
	bne	.LBB10_15
	b	.LBB10_14
.LBB10_14:
	ldr	r1, [sp, #32]
	movs	r0, #2
	strb.w	r0, [r1, #69]
	str	r0, [sp, #8]                    @ 4-byte Spill
	b	.LBB10_19
.LBB10_15:
	ldr	r0, [sp, #28]
	cmp	r0, #8
	bne	.LBB10_17
	b	.LBB10_16
.LBB10_16:
	ldr	r1, [sp, #32]
	movs	r0, #2
	strb.w	r0, [r1, #70]
	str	r0, [sp, #4]                    @ 4-byte Spill
	b	.LBB10_18
.LBB10_17:
	ldr	r1, [sp, #32]
	movs	r0, #2
	strb.w	r0, [r1, #71]
	str	r0, [sp, #4]                    @ 4-byte Spill
	b	.LBB10_18
.LBB10_18:
	ldr	r0, [sp, #4]                    @ 4-byte Reload
	str	r0, [sp, #8]                    @ 4-byte Spill
	b	.LBB10_19
.LBB10_19:
	ldr	r0, [sp, #8]                    @ 4-byte Reload
	b	.LBB10_20
.LBB10_20:
	.loc	7 656 22                        @ ../Drivers/STM32H7xx_HAL_Driver/Src/stm32h7xx_hal_tim_ex.c:656:22
	ldr	r0, [sp, #32]
	.loc	7 656 28 is_stmt 0              @ ../Drivers/STM32H7xx_HAL_Driver/Src/stm32h7xx_hal_tim_ex.c:656:28
	ldr	r0, [r0]
	.loc	7 656 38                        @ ../Drivers/STM32H7xx_HAL_Driver/Src/stm32h7xx_hal_tim_ex.c:656:38
	ldr	r1, [sp, #28]
	movs	r2, #4
	.loc	7 656 3                         @ ../Drivers/STM32H7xx_HAL_Driver/Src/stm32h7xx_hal_tim_ex.c:656:3
	bl	TIM_CCxNChannelCmd
	.loc	7 659 3 is_stmt 1               @ ../Drivers/STM32H7xx_HAL_Driver/Src/stm32h7xx_hal_tim_ex.c:659:3
	ldr	r0, [sp, #32]
	ldr	r1, [r0]
	ldr	r0, [r1, #68]
	orr	r0, r0, #32768
	str	r0, [r1, #68]
.Ltmp116:
	.loc	7 662 7                         @ ../Drivers/STM32H7xx_HAL_Driver/Src/stm32h7xx_hal_tim_ex.c:662:7
	ldr	r0, [sp, #32]
	ldr	r0, [r0]
	movs	r1, #0
	movt	r1, #16385
	cmp	r0, r1
	beq	.LBB10_30
	b	.LBB10_21
.LBB10_21:
	ldr	r0, [sp, #32]
	ldr	r0, [r0]
	cmp.w	r0, #1073741824
	beq	.LBB10_30
	b	.LBB10_22
.LBB10_22:
	ldr	r0, [sp, #32]
	ldr	r0, [r0]
	movw	r1, #1024
	movt	r1, #16384
	cmp	r0, r1
	beq	.LBB10_30
	b	.LBB10_23
.LBB10_23:
	ldr	r0, [sp, #32]
	ldr	r0, [r0]
	movw	r1, #2048
	movt	r1, #16384
	cmp	r0, r1
	beq	.LBB10_30
	b	.LBB10_24
.LBB10_24:
	ldr	r0, [sp, #32]
	ldr	r0, [r0]
	movw	r1, #3072
	movt	r1, #16384
	cmp	r0, r1
	beq	.LBB10_30
	b	.LBB10_25
.LBB10_25:
	ldr	r0, [sp, #32]
	ldr	r0, [r0]
	movw	r1, #1024
	movt	r1, #16385
	cmp	r0, r1
	beq	.LBB10_30
	b	.LBB10_26
.LBB10_26:
	ldr	r0, [sp, #32]
	ldr	r0, [r0]
	movw	r1, #6144
	movt	r1, #16384
	cmp	r0, r1
	beq	.LBB10_30
	b	.LBB10_27
.LBB10_27:
	ldr	r0, [sp, #32]
	ldr	r0, [r0]
	movw	r1, #16384
	movt	r1, #16385
	cmp	r0, r1
	beq	.LBB10_30
	b	.LBB10_28
.LBB10_28:
	ldr	r0, [sp, #32]
	ldr	r0, [r0]
	movw	r1, #57344
	movt	r1, #16384
	cmp	r0, r1
	beq	.LBB10_30
	b	.LBB10_29
.LBB10_29:
	ldr	r0, [sp, #32]
	ldr	r0, [r0]
	movw	r1, #58368
	movt	r1, #16384
.Ltmp117:
	.loc	7 662 7 is_stmt 0               @ ../Drivers/STM32H7xx_HAL_Driver/Src/stm32h7xx_hal_tim_ex.c:662:7
	cmp	r0, r1
	bne	.LBB10_34
	b	.LBB10_30
.LBB10_30:
.Ltmp118:
	.loc	7 664 15 is_stmt 1              @ ../Drivers/STM32H7xx_HAL_Driver/Src/stm32h7xx_hal_tim_ex.c:664:15
	ldr	r0, [sp, #32]
	.loc	7 664 21 is_stmt 0              @ ../Drivers/STM32H7xx_HAL_Driver/Src/stm32h7xx_hal_tim_ex.c:664:21
	ldr	r0, [r0]
	.loc	7 664 31                        @ ../Drivers/STM32H7xx_HAL_Driver/Src/stm32h7xx_hal_tim_ex.c:664:31
	ldr	r0, [r0, #8]
	movs	r1, #7
	movt	r1, #1
	.loc	7 664 36                        @ ../Drivers/STM32H7xx_HAL_Driver/Src/stm32h7xx_hal_tim_ex.c:664:36
	ands	r0, r1
	.loc	7 664 13                        @ ../Drivers/STM32H7xx_HAL_Driver/Src/stm32h7xx_hal_tim_ex.c:664:13
	str	r0, [sp, #24]
.Ltmp119:
	.loc	7 665 10 is_stmt 1              @ ../Drivers/STM32H7xx_HAL_Driver/Src/stm32h7xx_hal_tim_ex.c:665:10
	ldr	r0, [sp, #24]
	cmp	r0, #6
	beq	.LBB10_33
	b	.LBB10_31
.LBB10_31:
	ldr	r0, [sp, #24]
.Ltmp120:
	.loc	7 665 9 is_stmt 0               @ ../Drivers/STM32H7xx_HAL_Driver/Src/stm32h7xx_hal_tim_ex.c:665:9
	cmp.w	r0, #65536
	beq	.LBB10_33
	b	.LBB10_32
.LBB10_32:
.Ltmp121:
	.loc	7 667 7 is_stmt 1               @ ../Drivers/STM32H7xx_HAL_Driver/Src/stm32h7xx_hal_tim_ex.c:667:7
	ldr	r0, [sp, #32]
	ldr	r1, [r0]
	ldr	r0, [r1]
	orr	r0, r0, #1
	str	r0, [r1]
	.loc	7 668 5                         @ ../Drivers/STM32H7xx_HAL_Driver/Src/stm32h7xx_hal_tim_ex.c:668:5
	b	.LBB10_33
.Ltmp122:
.LBB10_33:
	.loc	7 669 3                         @ ../Drivers/STM32H7xx_HAL_Driver/Src/stm32h7xx_hal_tim_ex.c:669:3
	b	.LBB10_35
.Ltmp123:
.LBB10_34:
	.loc	7 672 5                         @ ../Drivers/STM32H7xx_HAL_Driver/Src/stm32h7xx_hal_tim_ex.c:672:5
	ldr	r0, [sp, #32]
	ldr	r1, [r0]
	ldr	r0, [r1]
	orr	r0, r0, #1
	str	r0, [r1]
	b	.LBB10_35
.Ltmp124:
.LBB10_35:
	.loc	7 0 5 is_stmt 0                 @ ../Drivers/STM32H7xx_HAL_Driver/Src/stm32h7xx_hal_tim_ex.c:0:5
	movs	r0, #0
	.loc	7 676 3 is_stmt 1               @ ../Drivers/STM32H7xx_HAL_Driver/Src/stm32h7xx_hal_tim_ex.c:676:3
	strb.w	r0, [sp, #39]
	b	.LBB10_36
.LBB10_36:
	.loc	7 677 1                         @ ../Drivers/STM32H7xx_HAL_Driver/Src/stm32h7xx_hal_tim_ex.c:677:1
	ldrb.w	r0, [sp, #39]
	.loc	7 677 1 epilogue_begin is_stmt 0 @ ../Drivers/STM32H7xx_HAL_Driver/Src/stm32h7xx_hal_tim_ex.c:677:1
	add	sp, #40
	pop	{r7, pc}
.Ltmp125:
.Lfunc_end10:
	.size	HAL_TIMEx_OCN_Start, .Lfunc_end10-HAL_TIMEx_OCN_Start
	.cfi_endproc
	.cantunwind
	.fnend
                                        @ -- End function
	.section	.text.TIM_CCxNChannelCmd,"ax",%progbits
	.p2align	3                               @ -- Begin function TIM_CCxNChannelCmd
	.type	TIM_CCxNChannelCmd,%function
	.code	16                              @ @TIM_CCxNChannelCmd
	.thumb_func
TIM_CCxNChannelCmd:
.Lfunc_begin11:
	.loc	7 2899 0 is_stmt 1              @ ../Drivers/STM32H7xx_HAL_Driver/Src/stm32h7xx_hal_tim_ex.c:2899:0
	.fnstart
	.cfi_startproc
@ %bb.0:
	.pad	#16
	sub	sp, #16
	.cfi_def_cfa_offset 16
	str	r0, [sp, #12]
	str	r1, [sp, #8]
	str	r2, [sp, #4]
.Ltmp126:
	.loc	7 2902 28 prologue_end          @ ../Drivers/STM32H7xx_HAL_Driver/Src/stm32h7xx_hal_tim_ex.c:2902:28
	ldr	r0, [sp, #8]
	.loc	7 2902 36 is_stmt 0             @ ../Drivers/STM32H7xx_HAL_Driver/Src/stm32h7xx_hal_tim_ex.c:2902:36
	and	r1, r0, #15
	movs	r0, #4
	.loc	7 2902 24                       @ ../Drivers/STM32H7xx_HAL_Driver/Src/stm32h7xx_hal_tim_ex.c:2902:24
	lsls	r0, r1
	.loc	7 2902 7                        @ ../Drivers/STM32H7xx_HAL_Driver/Src/stm32h7xx_hal_tim_ex.c:2902:7
	str	r0, [sp]
	.loc	7 2905 19 is_stmt 1             @ ../Drivers/STM32H7xx_HAL_Driver/Src/stm32h7xx_hal_tim_ex.c:2905:19
	ldr	r2, [sp]
	.loc	7 2905 3 is_stmt 0              @ ../Drivers/STM32H7xx_HAL_Driver/Src/stm32h7xx_hal_tim_ex.c:2905:3
	ldr	r1, [sp, #12]
	.loc	7 2905 14                       @ ../Drivers/STM32H7xx_HAL_Driver/Src/stm32h7xx_hal_tim_ex.c:2905:14
	ldr	r0, [r1, #32]
	bics	r0, r2
	str	r0, [r1, #32]
	.loc	7 2908 28 is_stmt 1             @ ../Drivers/STM32H7xx_HAL_Driver/Src/stm32h7xx_hal_tim_ex.c:2908:28
	ldr	r0, [sp, #4]
	.loc	7 2908 46 is_stmt 0             @ ../Drivers/STM32H7xx_HAL_Driver/Src/stm32h7xx_hal_tim_ex.c:2908:46
	ldr	r1, [sp, #8]
	.loc	7 2908 54                       @ ../Drivers/STM32H7xx_HAL_Driver/Src/stm32h7xx_hal_tim_ex.c:2908:54
	and	r1, r1, #15
	.loc	7 2908 42                       @ ../Drivers/STM32H7xx_HAL_Driver/Src/stm32h7xx_hal_tim_ex.c:2908:42
	lsl.w	r2, r0, r1
	.loc	7 2908 3                        @ ../Drivers/STM32H7xx_HAL_Driver/Src/stm32h7xx_hal_tim_ex.c:2908:3
	ldr	r1, [sp, #12]
	.loc	7 2908 14                       @ ../Drivers/STM32H7xx_HAL_Driver/Src/stm32h7xx_hal_tim_ex.c:2908:14
	ldr	r0, [r1, #32]
	orrs	r0, r2
	str	r0, [r1, #32]
	.loc	7 2909 1 epilogue_begin is_stmt 1 @ ../Drivers/STM32H7xx_HAL_Driver/Src/stm32h7xx_hal_tim_ex.c:2909:1
	add	sp, #16
	bx	lr
.Ltmp127:
.Lfunc_end11:
	.size	TIM_CCxNChannelCmd, .Lfunc_end11-TIM_CCxNChannelCmd
	.cfi_endproc
	.cantunwind
	.fnend
                                        @ -- End function
	.section	.text.HAL_TIMEx_OCN_Stop,"ax",%progbits
	.hidden	HAL_TIMEx_OCN_Stop              @ -- Begin function HAL_TIMEx_OCN_Stop
	.globl	HAL_TIMEx_OCN_Stop
	.p2align	3
	.type	HAL_TIMEx_OCN_Stop,%function
	.code	16                              @ @HAL_TIMEx_OCN_Stop
	.thumb_func
HAL_TIMEx_OCN_Stop:
.Lfunc_begin12:
	.loc	7 691 0                         @ ../Drivers/STM32H7xx_HAL_Driver/Src/stm32h7xx_hal_tim_ex.c:691:0
	.fnstart
	.cfi_startproc
@ %bb.0:
	.save	{r7, lr}
	push	{r7, lr}
	.cfi_def_cfa_offset 8
	.cfi_offset lr, -4
	.cfi_offset r7, -8
	.pad	#16
	sub	sp, #16
	.cfi_def_cfa_offset 24
	str	r0, [sp, #12]
	str	r1, [sp, #8]
.Ltmp128:
	.loc	7 696 22 prologue_end           @ ../Drivers/STM32H7xx_HAL_Driver/Src/stm32h7xx_hal_tim_ex.c:696:22
	ldr	r0, [sp, #12]
	.loc	7 696 28 is_stmt 0              @ ../Drivers/STM32H7xx_HAL_Driver/Src/stm32h7xx_hal_tim_ex.c:696:28
	ldr	r0, [r0]
	.loc	7 696 38                        @ ../Drivers/STM32H7xx_HAL_Driver/Src/stm32h7xx_hal_tim_ex.c:696:38
	ldr	r1, [sp, #8]
	movs	r2, #0
	.loc	7 696 3                         @ ../Drivers/STM32H7xx_HAL_Driver/Src/stm32h7xx_hal_tim_ex.c:696:3
	bl	TIM_CCxNChannelCmd
	.loc	7 699 3 is_stmt 1               @ ../Drivers/STM32H7xx_HAL_Driver/Src/stm32h7xx_hal_tim_ex.c:699:3
	b	.LBB12_1
.LBB12_1:
.Ltmp129:
	.loc	7 699 3 is_stmt 0               @ ../Drivers/STM32H7xx_HAL_Driver/Src/stm32h7xx_hal_tim_ex.c:699:3
	ldr	r0, [sp, #12]
	ldr	r0, [r0]
	ldr	r0, [r0, #32]
	movw	r1, #4369
.Ltmp130:
	.loc	7 699 3                         @ ../Drivers/STM32H7xx_HAL_Driver/Src/stm32h7xx_hal_tim_ex.c:699:3
	tst	r0, r1
	bne	.LBB12_5
	b	.LBB12_2
.LBB12_2:
.Ltmp131:
	.loc	7 699 3                         @ ../Drivers/STM32H7xx_HAL_Driver/Src/stm32h7xx_hal_tim_ex.c:699:3
	ldr	r0, [sp, #12]
	ldr	r0, [r0]
	ldr	r0, [r0, #32]
	movw	r1, #1092
.Ltmp132:
	.loc	7 699 3                         @ ../Drivers/STM32H7xx_HAL_Driver/Src/stm32h7xx_hal_tim_ex.c:699:3
	tst	r0, r1
	bne	.LBB12_4
	b	.LBB12_3
.LBB12_3:
.Ltmp133:
	.loc	7 699 3                         @ ../Drivers/STM32H7xx_HAL_Driver/Src/stm32h7xx_hal_tim_ex.c:699:3
	ldr	r0, [sp, #12]
	ldr	r1, [r0]
	ldr	r0, [r1, #68]
	bic	r0, r0, #32768
	str	r0, [r1, #68]
	b	.LBB12_4
.Ltmp134:
.LBB12_4:
	.loc	7 699 3                         @ ../Drivers/STM32H7xx_HAL_Driver/Src/stm32h7xx_hal_tim_ex.c:699:3
	b	.LBB12_5
.Ltmp135:
.LBB12_5:
	.loc	7 699 3                         @ ../Drivers/STM32H7xx_HAL_Driver/Src/stm32h7xx_hal_tim_ex.c:699:3
	b	.LBB12_6
.Ltmp136:
.LBB12_6:
	.loc	7 702 3 is_stmt 1               @ ../Drivers/STM32H7xx_HAL_Driver/Src/stm32h7xx_hal_tim_ex.c:702:3
	b	.LBB12_7
.LBB12_7:
.Ltmp137:
	.loc	7 702 3 is_stmt 0               @ ../Drivers/STM32H7xx_HAL_Driver/Src/stm32h7xx_hal_tim_ex.c:702:3
	ldr	r0, [sp, #12]
	ldr	r0, [r0]
	ldr	r0, [r0, #32]
	movw	r1, #4369
.Ltmp138:
	.loc	7 702 3                         @ ../Drivers/STM32H7xx_HAL_Driver/Src/stm32h7xx_hal_tim_ex.c:702:3
	tst	r0, r1
	bne	.LBB12_11
	b	.LBB12_8
.LBB12_8:
.Ltmp139:
	.loc	7 702 3                         @ ../Drivers/STM32H7xx_HAL_Driver/Src/stm32h7xx_hal_tim_ex.c:702:3
	ldr	r0, [sp, #12]
	ldr	r0, [r0]
	ldr	r0, [r0, #32]
	movw	r1, #1092
.Ltmp140:
	.loc	7 702 3                         @ ../Drivers/STM32H7xx_HAL_Driver/Src/stm32h7xx_hal_tim_ex.c:702:3
	tst	r0, r1
	bne	.LBB12_10
	b	.LBB12_9
.LBB12_9:
.Ltmp141:
	.loc	7 702 3                         @ ../Drivers/STM32H7xx_HAL_Driver/Src/stm32h7xx_hal_tim_ex.c:702:3
	ldr	r0, [sp, #12]
	ldr	r1, [r0]
	ldr	r0, [r1]
	bic	r0, r0, #1
	str	r0, [r1]
	b	.LBB12_10
.Ltmp142:
.LBB12_10:
	.loc	7 702 3                         @ ../Drivers/STM32H7xx_HAL_Driver/Src/stm32h7xx_hal_tim_ex.c:702:3
	b	.LBB12_11
.Ltmp143:
.LBB12_11:
	.loc	7 702 3                         @ ../Drivers/STM32H7xx_HAL_Driver/Src/stm32h7xx_hal_tim_ex.c:702:3
	b	.LBB12_12
.Ltmp144:
.LBB12_12:
	.loc	7 705 3 is_stmt 1               @ ../Drivers/STM32H7xx_HAL_Driver/Src/stm32h7xx_hal_tim_ex.c:705:3
	ldr	r0, [sp, #8]
	cbnz	r0, .LBB12_14
	b	.LBB12_13
.LBB12_13:
	ldr	r1, [sp, #12]
	movs	r0, #1
	strb.w	r0, [r1, #68]
	b	.LBB12_21
.LBB12_14:
	ldr	r0, [sp, #8]
	cmp	r0, #4
	bne	.LBB12_16
	b	.LBB12_15
.LBB12_15:
	ldr	r1, [sp, #12]
	movs	r0, #1
	strb.w	r0, [r1, #69]
	str	r0, [sp, #4]                    @ 4-byte Spill
	b	.LBB12_20
.LBB12_16:
	ldr	r0, [sp, #8]
	cmp	r0, #8
	bne	.LBB12_18
	b	.LBB12_17
.LBB12_17:
	ldr	r1, [sp, #12]
	movs	r0, #1
	strb.w	r0, [r1, #70]
	str	r0, [sp]                        @ 4-byte Spill
	b	.LBB12_19
.LBB12_18:
	ldr	r1, [sp, #12]
	movs	r0, #1
	strb.w	r0, [r1, #71]
	str	r0, [sp]                        @ 4-byte Spill
	b	.LBB12_19
.LBB12_19:
	ldr	r0, [sp]                        @ 4-byte Reload
	str	r0, [sp, #4]                    @ 4-byte Spill
	b	.LBB12_20
.LBB12_20:
	ldr	r0, [sp, #4]                    @ 4-byte Reload
	b	.LBB12_21
.LBB12_21:
	.loc	7 0 3 is_stmt 0                 @ ../Drivers/STM32H7xx_HAL_Driver/Src/stm32h7xx_hal_tim_ex.c:0:3
	movs	r0, #0
	.loc	7 708 3 epilogue_begin is_stmt 1 @ ../Drivers/STM32H7xx_HAL_Driver/Src/stm32h7xx_hal_tim_ex.c:708:3
	add	sp, #16
	pop	{r7, pc}
.Ltmp145:
.Lfunc_end12:
	.size	HAL_TIMEx_OCN_Stop, .Lfunc_end12-HAL_TIMEx_OCN_Stop
	.cfi_endproc
	.cantunwind
	.fnend
                                        @ -- End function
	.section	.text.HAL_TIMEx_OCN_Start_IT,"ax",%progbits
	.hidden	HAL_TIMEx_OCN_Start_IT          @ -- Begin function HAL_TIMEx_OCN_Start_IT
	.globl	HAL_TIMEx_OCN_Start_IT
	.p2align	3
	.type	HAL_TIMEx_OCN_Start_IT,%function
	.code	16                              @ @HAL_TIMEx_OCN_Start_IT
	.thumb_func
HAL_TIMEx_OCN_Start_IT:
.Lfunc_begin13:
	.loc	7 723 0                         @ ../Drivers/STM32H7xx_HAL_Driver/Src/stm32h7xx_hal_tim_ex.c:723:0
	.fnstart
	.cfi_startproc
@ %bb.0:
	.save	{r7, lr}
	push	{r7, lr}
	.cfi_def_cfa_offset 8
	.cfi_offset lr, -4
	.cfi_offset r7, -8
	.pad	#48
	sub	sp, #48
	.cfi_def_cfa_offset 56
	str	r0, [sp, #40]
	str	r1, [sp, #36]
	movs	r0, #0
.Ltmp146:
	.loc	7 724 21 prologue_end           @ ../Drivers/STM32H7xx_HAL_Driver/Src/stm32h7xx_hal_tim_ex.c:724:21
	strb.w	r0, [sp, #35]
.Ltmp147:
	.loc	7 731 7                         @ ../Drivers/STM32H7xx_HAL_Driver/Src/stm32h7xx_hal_tim_ex.c:731:7
	ldr	r0, [sp, #36]
	cbnz	r0, .LBB13_2
	b	.LBB13_1
.LBB13_1:
	ldr	r0, [sp, #40]
	ldrb.w	r0, [r0, #68]
	str	r0, [sp, #24]                   @ 4-byte Spill
	b	.LBB13_9
.LBB13_2:
	ldr	r0, [sp, #36]
	cmp	r0, #4
	bne	.LBB13_4
	b	.LBB13_3
.LBB13_3:
	ldr	r0, [sp, #40]
	ldrb.w	r0, [r0, #69]
	str	r0, [sp, #20]                   @ 4-byte Spill
	b	.LBB13_8
.LBB13_4:
	ldr	r0, [sp, #36]
	cmp	r0, #8
	bne	.LBB13_6
	b	.LBB13_5
.LBB13_5:
	ldr	r0, [sp, #40]
	ldrb.w	r0, [r0, #70]
	str	r0, [sp, #16]                   @ 4-byte Spill
	b	.LBB13_7
.LBB13_6:
	ldr	r0, [sp, #40]
	ldrb.w	r0, [r0, #71]
	str	r0, [sp, #16]                   @ 4-byte Spill
	b	.LBB13_7
.LBB13_7:
	ldr	r0, [sp, #16]                   @ 4-byte Reload
	str	r0, [sp, #20]                   @ 4-byte Spill
	b	.LBB13_8
.LBB13_8:
	ldr	r0, [sp, #20]                   @ 4-byte Reload
	str	r0, [sp, #24]                   @ 4-byte Spill
	b	.LBB13_9
.LBB13_9:
	ldr	r0, [sp, #24]                   @ 4-byte Reload
.Ltmp148:
	.loc	7 731 7 is_stmt 0               @ ../Drivers/STM32H7xx_HAL_Driver/Src/stm32h7xx_hal_tim_ex.c:731:7
	cmp	r0, #1
	beq	.LBB13_11
	b	.LBB13_10
.LBB13_10:
	.loc	7 0 7                           @ ../Drivers/STM32H7xx_HAL_Driver/Src/stm32h7xx_hal_tim_ex.c:0:7
	movs	r0, #1
.Ltmp149:
	.loc	7 733 5 is_stmt 1               @ ../Drivers/STM32H7xx_HAL_Driver/Src/stm32h7xx_hal_tim_ex.c:733:5
	strb.w	r0, [sp, #47]
	b	.LBB13_45
.Ltmp150:
.LBB13_11:
	.loc	7 737 3                         @ ../Drivers/STM32H7xx_HAL_Driver/Src/stm32h7xx_hal_tim_ex.c:737:3
	ldr	r0, [sp, #36]
	cbnz	r0, .LBB13_13
	b	.LBB13_12
.LBB13_12:
	ldr	r1, [sp, #40]
	movs	r0, #2
	strb.w	r0, [r1, #68]
	b	.LBB13_20
.LBB13_13:
	ldr	r0, [sp, #36]
	cmp	r0, #4
	bne	.LBB13_15
	b	.LBB13_14
.LBB13_14:
	ldr	r1, [sp, #40]
	movs	r0, #2
	strb.w	r0, [r1, #69]
	str	r0, [sp, #12]                   @ 4-byte Spill
	b	.LBB13_19
.LBB13_15:
	ldr	r0, [sp, #36]
	cmp	r0, #8
	bne	.LBB13_17
	b	.LBB13_16
.LBB13_16:
	ldr	r1, [sp, #40]
	movs	r0, #2
	strb.w	r0, [r1, #70]
	str	r0, [sp, #8]                    @ 4-byte Spill
	b	.LBB13_18
.LBB13_17:
	ldr	r1, [sp, #40]
	movs	r0, #2
	strb.w	r0, [r1, #71]
	str	r0, [sp, #8]                    @ 4-byte Spill
	b	.LBB13_18
.LBB13_18:
	ldr	r0, [sp, #8]                    @ 4-byte Reload
	str	r0, [sp, #12]                   @ 4-byte Spill
	b	.LBB13_19
.LBB13_19:
	ldr	r0, [sp, #12]                   @ 4-byte Reload
	b	.LBB13_20
.LBB13_20:
	.loc	7 739 11                        @ ../Drivers/STM32H7xx_HAL_Driver/Src/stm32h7xx_hal_tim_ex.c:739:11
	ldr	r0, [sp, #36]
	.loc	7 739 3 is_stmt 0               @ ../Drivers/STM32H7xx_HAL_Driver/Src/stm32h7xx_hal_tim_ex.c:739:3
	str	r0, [sp, #4]                    @ 4-byte Spill
	cbz	r0, .LBB13_23
	b	.LBB13_21
.LBB13_21:
	ldr	r0, [sp, #4]                    @ 4-byte Reload
	cmp	r0, #4
	beq	.LBB13_24
	b	.LBB13_22
.LBB13_22:
	ldr	r0, [sp, #4]                    @ 4-byte Reload
	cmp	r0, #8
	beq	.LBB13_25
	b	.LBB13_26
.LBB13_23:
.Ltmp151:
	.loc	7 744 7 is_stmt 1               @ ../Drivers/STM32H7xx_HAL_Driver/Src/stm32h7xx_hal_tim_ex.c:744:7
	ldr	r0, [sp, #40]
	ldr	r1, [r0]
	ldr	r0, [r1, #12]
	orr	r0, r0, #2
	str	r0, [r1, #12]
	.loc	7 745 7                         @ ../Drivers/STM32H7xx_HAL_Driver/Src/stm32h7xx_hal_tim_ex.c:745:7
	b	.LBB13_27
.Ltmp152:
.LBB13_24:
	.loc	7 751 7                         @ ../Drivers/STM32H7xx_HAL_Driver/Src/stm32h7xx_hal_tim_ex.c:751:7
	ldr	r0, [sp, #40]
	ldr	r1, [r0]
	ldr	r0, [r1, #12]
	orr	r0, r0, #4
	str	r0, [r1, #12]
	.loc	7 752 7                         @ ../Drivers/STM32H7xx_HAL_Driver/Src/stm32h7xx_hal_tim_ex.c:752:7
	b	.LBB13_27
.Ltmp153:
.LBB13_25:
	.loc	7 758 7                         @ ../Drivers/STM32H7xx_HAL_Driver/Src/stm32h7xx_hal_tim_ex.c:758:7
	ldr	r0, [sp, #40]
	ldr	r1, [r0]
	ldr	r0, [r1, #12]
	orr	r0, r0, #8
	str	r0, [r1, #12]
	.loc	7 759 7                         @ ../Drivers/STM32H7xx_HAL_Driver/Src/stm32h7xx_hal_tim_ex.c:759:7
	b	.LBB13_27
.Ltmp154:
.LBB13_26:
	.loc	7 0 7 is_stmt 0                 @ ../Drivers/STM32H7xx_HAL_Driver/Src/stm32h7xx_hal_tim_ex.c:0:7
	movs	r0, #1
	.loc	7 764 14 is_stmt 1              @ ../Drivers/STM32H7xx_HAL_Driver/Src/stm32h7xx_hal_tim_ex.c:764:14
	strb.w	r0, [sp, #35]
	.loc	7 765 7                         @ ../Drivers/STM32H7xx_HAL_Driver/Src/stm32h7xx_hal_tim_ex.c:765:7
	b	.LBB13_27
.Ltmp155:
.LBB13_27:
	.loc	7 768 7                         @ ../Drivers/STM32H7xx_HAL_Driver/Src/stm32h7xx_hal_tim_ex.c:768:7
	ldrb.w	r0, [sp, #35]
.Ltmp156:
	.loc	7 768 7 is_stmt 0               @ ../Drivers/STM32H7xx_HAL_Driver/Src/stm32h7xx_hal_tim_ex.c:768:7
	cmp	r0, #0
	bne.w	.LBB13_44
	b	.LBB13_28
.LBB13_28:
.Ltmp157:
	.loc	7 771 5 is_stmt 1               @ ../Drivers/STM32H7xx_HAL_Driver/Src/stm32h7xx_hal_tim_ex.c:771:5
	ldr	r0, [sp, #40]
	ldr	r1, [r0]
	ldr	r0, [r1, #12]
	orr	r0, r0, #128
	str	r0, [r1, #12]
	.loc	7 774 24                        @ ../Drivers/STM32H7xx_HAL_Driver/Src/stm32h7xx_hal_tim_ex.c:774:24
	ldr	r0, [sp, #40]
	.loc	7 774 30 is_stmt 0              @ ../Drivers/STM32H7xx_HAL_Driver/Src/stm32h7xx_hal_tim_ex.c:774:30
	ldr	r0, [r0]
	.loc	7 774 40                        @ ../Drivers/STM32H7xx_HAL_Driver/Src/stm32h7xx_hal_tim_ex.c:774:40
	ldr	r1, [sp, #36]
	movs	r2, #4
	.loc	7 774 5                         @ ../Drivers/STM32H7xx_HAL_Driver/Src/stm32h7xx_hal_tim_ex.c:774:5
	bl	TIM_CCxNChannelCmd
	.loc	7 777 5 is_stmt 1               @ ../Drivers/STM32H7xx_HAL_Driver/Src/stm32h7xx_hal_tim_ex.c:777:5
	ldr	r0, [sp, #40]
	ldr	r1, [r0]
	ldr	r0, [r1, #68]
	orr	r0, r0, #32768
	str	r0, [r1, #68]
.Ltmp158:
	.loc	7 780 9                         @ ../Drivers/STM32H7xx_HAL_Driver/Src/stm32h7xx_hal_tim_ex.c:780:9
	ldr	r0, [sp, #40]
	ldr	r0, [r0]
	movs	r1, #0
	movt	r1, #16385
	cmp	r0, r1
	beq	.LBB13_38
	b	.LBB13_29
.LBB13_29:
	ldr	r0, [sp, #40]
	ldr	r0, [r0]
	cmp.w	r0, #1073741824
	beq	.LBB13_38
	b	.LBB13_30
.LBB13_30:
	ldr	r0, [sp, #40]
	ldr	r0, [r0]
	movw	r1, #1024
	movt	r1, #16384
	cmp	r0, r1
	beq	.LBB13_38
	b	.LBB13_31
.LBB13_31:
	ldr	r0, [sp, #40]
	ldr	r0, [r0]
	movw	r1, #2048
	movt	r1, #16384
	cmp	r0, r1
	beq	.LBB13_38
	b	.LBB13_32
.LBB13_32:
	ldr	r0, [sp, #40]
	ldr	r0, [r0]
	movw	r1, #3072
	movt	r1, #16384
	cmp	r0, r1
	beq	.LBB13_38
	b	.LBB13_33
.LBB13_33:
	ldr	r0, [sp, #40]
	ldr	r0, [r0]
	movw	r1, #1024
	movt	r1, #16385
	cmp	r0, r1
	beq	.LBB13_38
	b	.LBB13_34
.LBB13_34:
	ldr	r0, [sp, #40]
	ldr	r0, [r0]
	movw	r1, #6144
	movt	r1, #16384
	cmp	r0, r1
	beq	.LBB13_38
	b	.LBB13_35
.LBB13_35:
	ldr	r0, [sp, #40]
	ldr	r0, [r0]
	movw	r1, #16384
	movt	r1, #16385
	cmp	r0, r1
	beq	.LBB13_38
	b	.LBB13_36
.LBB13_36:
	ldr	r0, [sp, #40]
	ldr	r0, [r0]
	movw	r1, #57344
	movt	r1, #16384
	cmp	r0, r1
	beq	.LBB13_38
	b	.LBB13_37
.LBB13_37:
	ldr	r0, [sp, #40]
	ldr	r0, [r0]
	movw	r1, #58368
	movt	r1, #16384
.Ltmp159:
	.loc	7 780 9 is_stmt 0               @ ../Drivers/STM32H7xx_HAL_Driver/Src/stm32h7xx_hal_tim_ex.c:780:9
	cmp	r0, r1
	bne	.LBB13_42
	b	.LBB13_38
.LBB13_38:
.Ltmp160:
	.loc	7 782 17 is_stmt 1              @ ../Drivers/STM32H7xx_HAL_Driver/Src/stm32h7xx_hal_tim_ex.c:782:17
	ldr	r0, [sp, #40]
	.loc	7 782 23 is_stmt 0              @ ../Drivers/STM32H7xx_HAL_Driver/Src/stm32h7xx_hal_tim_ex.c:782:23
	ldr	r0, [r0]
	.loc	7 782 33                        @ ../Drivers/STM32H7xx_HAL_Driver/Src/stm32h7xx_hal_tim_ex.c:782:33
	ldr	r0, [r0, #8]
	movs	r1, #7
	movt	r1, #1
	.loc	7 782 38                        @ ../Drivers/STM32H7xx_HAL_Driver/Src/stm32h7xx_hal_tim_ex.c:782:38
	ands	r0, r1
	.loc	7 782 15                        @ ../Drivers/STM32H7xx_HAL_Driver/Src/stm32h7xx_hal_tim_ex.c:782:15
	str	r0, [sp, #28]
.Ltmp161:
	.loc	7 783 12 is_stmt 1              @ ../Drivers/STM32H7xx_HAL_Driver/Src/stm32h7xx_hal_tim_ex.c:783:12
	ldr	r0, [sp, #28]
	cmp	r0, #6
	beq	.LBB13_41
	b	.LBB13_39
.LBB13_39:
	ldr	r0, [sp, #28]
.Ltmp162:
	.loc	7 783 11 is_stmt 0              @ ../Drivers/STM32H7xx_HAL_Driver/Src/stm32h7xx_hal_tim_ex.c:783:11
	cmp.w	r0, #65536
	beq	.LBB13_41
	b	.LBB13_40
.LBB13_40:
.Ltmp163:
	.loc	7 785 9 is_stmt 1               @ ../Drivers/STM32H7xx_HAL_Driver/Src/stm32h7xx_hal_tim_ex.c:785:9
	ldr	r0, [sp, #40]
	ldr	r1, [r0]
	ldr	r0, [r1]
	orr	r0, r0, #1
	str	r0, [r1]
	.loc	7 786 7                         @ ../Drivers/STM32H7xx_HAL_Driver/Src/stm32h7xx_hal_tim_ex.c:786:7
	b	.LBB13_41
.Ltmp164:
.LBB13_41:
	.loc	7 787 5                         @ ../Drivers/STM32H7xx_HAL_Driver/Src/stm32h7xx_hal_tim_ex.c:787:5
	b	.LBB13_43
.Ltmp165:
.LBB13_42:
	.loc	7 790 7                         @ ../Drivers/STM32H7xx_HAL_Driver/Src/stm32h7xx_hal_tim_ex.c:790:7
	ldr	r0, [sp, #40]
	ldr	r1, [r0]
	ldr	r0, [r1]
	orr	r0, r0, #1
	str	r0, [r1]
	b	.LBB13_43
.Ltmp166:
.LBB13_43:
	.loc	7 792 3                         @ ../Drivers/STM32H7xx_HAL_Driver/Src/stm32h7xx_hal_tim_ex.c:792:3
	b	.LBB13_44
.Ltmp167:
.LBB13_44:
	.loc	7 795 10                        @ ../Drivers/STM32H7xx_HAL_Driver/Src/stm32h7xx_hal_tim_ex.c:795:10
	ldrb.w	r0, [sp, #35]
	.loc	7 795 3 is_stmt 0               @ ../Drivers/STM32H7xx_HAL_Driver/Src/stm32h7xx_hal_tim_ex.c:795:3
	strb.w	r0, [sp, #47]
	b	.LBB13_45
.LBB13_45:
	.loc	7 796 1 is_stmt 1               @ ../Drivers/STM32H7xx_HAL_Driver/Src/stm32h7xx_hal_tim_ex.c:796:1
	ldrb.w	r0, [sp, #47]
	.loc	7 796 1 epilogue_begin is_stmt 0 @ ../Drivers/STM32H7xx_HAL_Driver/Src/stm32h7xx_hal_tim_ex.c:796:1
	add	sp, #48
	pop	{r7, pc}
.Ltmp168:
.Lfunc_end13:
	.size	HAL_TIMEx_OCN_Start_IT, .Lfunc_end13-HAL_TIMEx_OCN_Start_IT
	.cfi_endproc
	.cantunwind
	.fnend
                                        @ -- End function
	.section	.text.HAL_TIMEx_OCN_Stop_IT,"ax",%progbits
	.hidden	HAL_TIMEx_OCN_Stop_IT           @ -- Begin function HAL_TIMEx_OCN_Stop_IT
	.globl	HAL_TIMEx_OCN_Stop_IT
	.p2align	3
	.type	HAL_TIMEx_OCN_Stop_IT,%function
	.code	16                              @ @HAL_TIMEx_OCN_Stop_IT
	.thumb_func
HAL_TIMEx_OCN_Stop_IT:
.Lfunc_begin14:
	.loc	7 810 0 is_stmt 1               @ ../Drivers/STM32H7xx_HAL_Driver/Src/stm32h7xx_hal_tim_ex.c:810:0
	.fnstart
	.cfi_startproc
@ %bb.0:
	.save	{r7, lr}
	push	{r7, lr}
	.cfi_def_cfa_offset 8
	.cfi_offset lr, -4
	.cfi_offset r7, -8
	.pad	#32
	sub	sp, #32
	.cfi_def_cfa_offset 40
	str	r0, [sp, #28]
	str	r1, [sp, #24]
	movs	r0, #0
.Ltmp169:
	.loc	7 811 21 prologue_end           @ ../Drivers/STM32H7xx_HAL_Driver/Src/stm32h7xx_hal_tim_ex.c:811:21
	strb.w	r0, [sp, #23]
	.loc	7 817 11                        @ ../Drivers/STM32H7xx_HAL_Driver/Src/stm32h7xx_hal_tim_ex.c:817:11
	ldr	r0, [sp, #24]
	.loc	7 817 3 is_stmt 0               @ ../Drivers/STM32H7xx_HAL_Driver/Src/stm32h7xx_hal_tim_ex.c:817:3
	str	r0, [sp, #12]                   @ 4-byte Spill
	cbz	r0, .LBB14_3
	b	.LBB14_1
.LBB14_1:
	ldr	r0, [sp, #12]                   @ 4-byte Reload
	cmp	r0, #4
	beq	.LBB14_4
	b	.LBB14_2
.LBB14_2:
	ldr	r0, [sp, #12]                   @ 4-byte Reload
	cmp	r0, #8
	beq	.LBB14_5
	b	.LBB14_6
.LBB14_3:
.Ltmp170:
	.loc	7 822 7 is_stmt 1               @ ../Drivers/STM32H7xx_HAL_Driver/Src/stm32h7xx_hal_tim_ex.c:822:7
	ldr	r0, [sp, #28]
	ldr	r1, [r0]
	ldr	r0, [r1, #12]
	bic	r0, r0, #2
	str	r0, [r1, #12]
	.loc	7 823 7                         @ ../Drivers/STM32H7xx_HAL_Driver/Src/stm32h7xx_hal_tim_ex.c:823:7
	b	.LBB14_7
.Ltmp171:
.LBB14_4:
	.loc	7 829 7                         @ ../Drivers/STM32H7xx_HAL_Driver/Src/stm32h7xx_hal_tim_ex.c:829:7
	ldr	r0, [sp, #28]
	ldr	r1, [r0]
	ldr	r0, [r1, #12]
	bic	r0, r0, #4
	str	r0, [r1, #12]
	.loc	7 830 7                         @ ../Drivers/STM32H7xx_HAL_Driver/Src/stm32h7xx_hal_tim_ex.c:830:7
	b	.LBB14_7
.Ltmp172:
.LBB14_5:
	.loc	7 836 7                         @ ../Drivers/STM32H7xx_HAL_Driver/Src/stm32h7xx_hal_tim_ex.c:836:7
	ldr	r0, [sp, #28]
	ldr	r1, [r0]
	ldr	r0, [r1, #12]
	bic	r0, r0, #8
	str	r0, [r1, #12]
	.loc	7 837 7                         @ ../Drivers/STM32H7xx_HAL_Driver/Src/stm32h7xx_hal_tim_ex.c:837:7
	b	.LBB14_7
.Ltmp173:
.LBB14_6:
	.loc	7 0 7 is_stmt 0                 @ ../Drivers/STM32H7xx_HAL_Driver/Src/stm32h7xx_hal_tim_ex.c:0:7
	movs	r0, #1
	.loc	7 841 14 is_stmt 1              @ ../Drivers/STM32H7xx_HAL_Driver/Src/stm32h7xx_hal_tim_ex.c:841:14
	strb.w	r0, [sp, #23]
	.loc	7 842 7                         @ ../Drivers/STM32H7xx_HAL_Driver/Src/stm32h7xx_hal_tim_ex.c:842:7
	b	.LBB14_7
.Ltmp174:
.LBB14_7:
	.loc	7 845 7                         @ ../Drivers/STM32H7xx_HAL_Driver/Src/stm32h7xx_hal_tim_ex.c:845:7
	ldrb.w	r0, [sp, #23]
.Ltmp175:
	.loc	7 845 7 is_stmt 0               @ ../Drivers/STM32H7xx_HAL_Driver/Src/stm32h7xx_hal_tim_ex.c:845:7
	cmp	r0, #0
	bne	.LBB14_32
	b	.LBB14_8
.LBB14_8:
.Ltmp176:
	.loc	7 848 24 is_stmt 1              @ ../Drivers/STM32H7xx_HAL_Driver/Src/stm32h7xx_hal_tim_ex.c:848:24
	ldr	r0, [sp, #28]
	.loc	7 848 30 is_stmt 0              @ ../Drivers/STM32H7xx_HAL_Driver/Src/stm32h7xx_hal_tim_ex.c:848:30
	ldr	r0, [r0]
	.loc	7 848 40                        @ ../Drivers/STM32H7xx_HAL_Driver/Src/stm32h7xx_hal_tim_ex.c:848:40
	ldr	r1, [sp, #24]
	movs	r2, #0
	.loc	7 848 5                         @ ../Drivers/STM32H7xx_HAL_Driver/Src/stm32h7xx_hal_tim_ex.c:848:5
	bl	TIM_CCxNChannelCmd
	.loc	7 851 15 is_stmt 1              @ ../Drivers/STM32H7xx_HAL_Driver/Src/stm32h7xx_hal_tim_ex.c:851:15
	ldr	r0, [sp, #28]
	.loc	7 851 21 is_stmt 0              @ ../Drivers/STM32H7xx_HAL_Driver/Src/stm32h7xx_hal_tim_ex.c:851:21
	ldr	r0, [r0]
	.loc	7 851 31                        @ ../Drivers/STM32H7xx_HAL_Driver/Src/stm32h7xx_hal_tim_ex.c:851:31
	ldr	r0, [r0, #32]
	.loc	7 851 13                        @ ../Drivers/STM32H7xx_HAL_Driver/Src/stm32h7xx_hal_tim_ex.c:851:13
	str	r0, [sp, #16]
	.loc	7 852 9 is_stmt 1               @ ../Drivers/STM32H7xx_HAL_Driver/Src/stm32h7xx_hal_tim_ex.c:852:9
	ldrh.w	r0, [sp, #16]
	movw	r1, #1092
	tst	r0, r1
	bne	.LBB14_10
	b	.LBB14_9
.LBB14_9:
.Ltmp177:
	.loc	7 854 7                         @ ../Drivers/STM32H7xx_HAL_Driver/Src/stm32h7xx_hal_tim_ex.c:854:7
	ldr	r0, [sp, #28]
	ldr	r1, [r0]
	ldr	r0, [r1, #12]
	bic	r0, r0, #128
	str	r0, [r1, #12]
	.loc	7 855 5                         @ ../Drivers/STM32H7xx_HAL_Driver/Src/stm32h7xx_hal_tim_ex.c:855:5
	b	.LBB14_10
.Ltmp178:
.LBB14_10:
	.loc	7 858 5                         @ ../Drivers/STM32H7xx_HAL_Driver/Src/stm32h7xx_hal_tim_ex.c:858:5
	b	.LBB14_11
.LBB14_11:
.Ltmp179:
	.loc	7 858 5 is_stmt 0               @ ../Drivers/STM32H7xx_HAL_Driver/Src/stm32h7xx_hal_tim_ex.c:858:5
	ldr	r0, [sp, #28]
	ldr	r0, [r0]
	ldr	r0, [r0, #32]
	movw	r1, #4369
.Ltmp180:
	.loc	7 858 5                         @ ../Drivers/STM32H7xx_HAL_Driver/Src/stm32h7xx_hal_tim_ex.c:858:5
	tst	r0, r1
	bne	.LBB14_15
	b	.LBB14_12
.LBB14_12:
.Ltmp181:
	.loc	7 858 5                         @ ../Drivers/STM32H7xx_HAL_Driver/Src/stm32h7xx_hal_tim_ex.c:858:5
	ldr	r0, [sp, #28]
	ldr	r0, [r0]
	ldr	r0, [r0, #32]
	movw	r1, #1092
.Ltmp182:
	.loc	7 858 5                         @ ../Drivers/STM32H7xx_HAL_Driver/Src/stm32h7xx_hal_tim_ex.c:858:5
	tst	r0, r1
	bne	.LBB14_14
	b	.LBB14_13
.LBB14_13:
.Ltmp183:
	.loc	7 858 5                         @ ../Drivers/STM32H7xx_HAL_Driver/Src/stm32h7xx_hal_tim_ex.c:858:5
	ldr	r0, [sp, #28]
	ldr	r1, [r0]
	ldr	r0, [r1, #68]
	bic	r0, r0, #32768
	str	r0, [r1, #68]
	b	.LBB14_14
.Ltmp184:
.LBB14_14:
	.loc	7 858 5                         @ ../Drivers/STM32H7xx_HAL_Driver/Src/stm32h7xx_hal_tim_ex.c:858:5
	b	.LBB14_15
.Ltmp185:
.LBB14_15:
	.loc	7 858 5                         @ ../Drivers/STM32H7xx_HAL_Driver/Src/stm32h7xx_hal_tim_ex.c:858:5
	b	.LBB14_16
.Ltmp186:
.LBB14_16:
	.loc	7 861 5 is_stmt 1               @ ../Drivers/STM32H7xx_HAL_Driver/Src/stm32h7xx_hal_tim_ex.c:861:5
	b	.LBB14_17
.LBB14_17:
.Ltmp187:
	.loc	7 861 5 is_stmt 0               @ ../Drivers/STM32H7xx_HAL_Driver/Src/stm32h7xx_hal_tim_ex.c:861:5
	ldr	r0, [sp, #28]
	ldr	r0, [r0]
	ldr	r0, [r0, #32]
	movw	r1, #4369
.Ltmp188:
	.loc	7 861 5                         @ ../Drivers/STM32H7xx_HAL_Driver/Src/stm32h7xx_hal_tim_ex.c:861:5
	tst	r0, r1
	bne	.LBB14_21
	b	.LBB14_18
.LBB14_18:
.Ltmp189:
	.loc	7 861 5                         @ ../Drivers/STM32H7xx_HAL_Driver/Src/stm32h7xx_hal_tim_ex.c:861:5
	ldr	r0, [sp, #28]
	ldr	r0, [r0]
	ldr	r0, [r0, #32]
	movw	r1, #1092
.Ltmp190:
	.loc	7 861 5                         @ ../Drivers/STM32H7xx_HAL_Driver/Src/stm32h7xx_hal_tim_ex.c:861:5
	tst	r0, r1
	bne	.LBB14_20
	b	.LBB14_19
.LBB14_19:
.Ltmp191:
	.loc	7 861 5                         @ ../Drivers/STM32H7xx_HAL_Driver/Src/stm32h7xx_hal_tim_ex.c:861:5
	ldr	r0, [sp, #28]
	ldr	r1, [r0]
	ldr	r0, [r1]
	bic	r0, r0, #1
	str	r0, [r1]
	b	.LBB14_20
.Ltmp192:
.LBB14_20:
	.loc	7 861 5                         @ ../Drivers/STM32H7xx_HAL_Driver/Src/stm32h7xx_hal_tim_ex.c:861:5
	b	.LBB14_21
.Ltmp193:
.LBB14_21:
	.loc	7 861 5                         @ ../Drivers/STM32H7xx_HAL_Driver/Src/stm32h7xx_hal_tim_ex.c:861:5
	b	.LBB14_22
.Ltmp194:
.LBB14_22:
	.loc	7 864 5 is_stmt 1               @ ../Drivers/STM32H7xx_HAL_Driver/Src/stm32h7xx_hal_tim_ex.c:864:5
	ldr	r0, [sp, #24]
	cbnz	r0, .LBB14_24
	b	.LBB14_23
.LBB14_23:
	ldr	r1, [sp, #28]
	movs	r0, #1
	strb.w	r0, [r1, #68]
	b	.LBB14_31
.LBB14_24:
	ldr	r0, [sp, #24]
	cmp	r0, #4
	bne	.LBB14_26
	b	.LBB14_25
.LBB14_25:
	ldr	r1, [sp, #28]
	movs	r0, #1
	strb.w	r0, [r1, #69]
	str	r0, [sp, #8]                    @ 4-byte Spill
	b	.LBB14_30
.LBB14_26:
	ldr	r0, [sp, #24]
	cmp	r0, #8
	bne	.LBB14_28
	b	.LBB14_27
.LBB14_27:
	ldr	r1, [sp, #28]
	movs	r0, #1
	strb.w	r0, [r1, #70]
	str	r0, [sp, #4]                    @ 4-byte Spill
	b	.LBB14_29
.LBB14_28:
	ldr	r1, [sp, #28]
	movs	r0, #1
	strb.w	r0, [r1, #71]
	str	r0, [sp, #4]                    @ 4-byte Spill
	b	.LBB14_29
.LBB14_29:
	ldr	r0, [sp, #4]                    @ 4-byte Reload
	str	r0, [sp, #8]                    @ 4-byte Spill
	b	.LBB14_30
.LBB14_30:
	ldr	r0, [sp, #8]                    @ 4-byte Reload
	b	.LBB14_31
.LBB14_31:
	.loc	7 865 3                         @ ../Drivers/STM32H7xx_HAL_Driver/Src/stm32h7xx_hal_tim_ex.c:865:3
	b	.LBB14_32
.Ltmp195:
.LBB14_32:
	.loc	7 868 10                        @ ../Drivers/STM32H7xx_HAL_Driver/Src/stm32h7xx_hal_tim_ex.c:868:10
	ldrb.w	r0, [sp, #23]
	.loc	7 868 3 epilogue_begin is_stmt 0 @ ../Drivers/STM32H7xx_HAL_Driver/Src/stm32h7xx_hal_tim_ex.c:868:3
	add	sp, #32
	pop	{r7, pc}
.Ltmp196:
.Lfunc_end14:
	.size	HAL_TIMEx_OCN_Stop_IT, .Lfunc_end14-HAL_TIMEx_OCN_Stop_IT
	.cfi_endproc
	.cantunwind
	.fnend
                                        @ -- End function
	.section	.text.HAL_TIMEx_OCN_Start_DMA,"ax",%progbits
	.hidden	HAL_TIMEx_OCN_Start_DMA         @ -- Begin function HAL_TIMEx_OCN_Start_DMA
	.globl	HAL_TIMEx_OCN_Start_DMA
	.p2align	3
	.type	HAL_TIMEx_OCN_Start_DMA,%function
	.code	16                              @ @HAL_TIMEx_OCN_Start_DMA
	.thumb_func
HAL_TIMEx_OCN_Start_DMA:
.Lfunc_begin15:
	.loc	7 886 0 is_stmt 1               @ ../Drivers/STM32H7xx_HAL_Driver/Src/stm32h7xx_hal_tim_ex.c:886:0
	.fnstart
	.cfi_startproc
@ %bb.0:
	.save	{r7, lr}
	push	{r7, lr}
	.cfi_def_cfa_offset 8
	.cfi_offset lr, -4
	.cfi_offset r7, -8
	.pad	#64
	sub	sp, #64
	.cfi_def_cfa_offset 72
                                        @ kill: def $r12 killed $r3
	str	r0, [sp, #56]
	str	r1, [sp, #52]
	str	r2, [sp, #48]
	strh.w	r3, [sp, #46]
	movs	r0, #0
.Ltmp197:
	.loc	7 887 21 prologue_end           @ ../Drivers/STM32H7xx_HAL_Driver/Src/stm32h7xx_hal_tim_ex.c:887:21
	strb.w	r0, [sp, #45]
.Ltmp198:
	.loc	7 894 7                         @ ../Drivers/STM32H7xx_HAL_Driver/Src/stm32h7xx_hal_tim_ex.c:894:7
	ldr	r0, [sp, #52]
	cbnz	r0, .LBB15_2
	b	.LBB15_1
.LBB15_1:
	ldr	r0, [sp, #56]
	ldrb.w	r0, [r0, #68]
	str	r0, [sp, #36]                   @ 4-byte Spill
	b	.LBB15_9
.LBB15_2:
	ldr	r0, [sp, #52]
	cmp	r0, #4
	bne	.LBB15_4
	b	.LBB15_3
.LBB15_3:
	ldr	r0, [sp, #56]
	ldrb.w	r0, [r0, #69]
	str	r0, [sp, #32]                   @ 4-byte Spill
	b	.LBB15_8
.LBB15_4:
	ldr	r0, [sp, #52]
	cmp	r0, #8
	bne	.LBB15_6
	b	.LBB15_5
.LBB15_5:
	ldr	r0, [sp, #56]
	ldrb.w	r0, [r0, #70]
	str	r0, [sp, #28]                   @ 4-byte Spill
	b	.LBB15_7
.LBB15_6:
	ldr	r0, [sp, #56]
	ldrb.w	r0, [r0, #71]
	str	r0, [sp, #28]                   @ 4-byte Spill
	b	.LBB15_7
.LBB15_7:
	ldr	r0, [sp, #28]                   @ 4-byte Reload
	str	r0, [sp, #32]                   @ 4-byte Spill
	b	.LBB15_8
.LBB15_8:
	ldr	r0, [sp, #32]                   @ 4-byte Reload
	str	r0, [sp, #36]                   @ 4-byte Spill
	b	.LBB15_9
.LBB15_9:
	ldr	r0, [sp, #36]                   @ 4-byte Reload
.Ltmp199:
	.loc	7 894 7 is_stmt 0               @ ../Drivers/STM32H7xx_HAL_Driver/Src/stm32h7xx_hal_tim_ex.c:894:7
	cmp	r0, #2
	bne	.LBB15_11
	b	.LBB15_10
.LBB15_10:
	.loc	7 0 7                           @ ../Drivers/STM32H7xx_HAL_Driver/Src/stm32h7xx_hal_tim_ex.c:0:7
	movs	r0, #2
.Ltmp200:
	.loc	7 896 5 is_stmt 1               @ ../Drivers/STM32H7xx_HAL_Driver/Src/stm32h7xx_hal_tim_ex.c:896:5
	strb.w	r0, [sp, #63]
	b	.LBB15_68
.Ltmp201:
.LBB15_11:
	.loc	7 898 12                        @ ../Drivers/STM32H7xx_HAL_Driver/Src/stm32h7xx_hal_tim_ex.c:898:12
	ldr	r0, [sp, #52]
	cbnz	r0, .LBB15_13
	b	.LBB15_12
.LBB15_12:
	ldr	r0, [sp, #56]
	ldrb.w	r0, [r0, #68]
	str	r0, [sp, #24]                   @ 4-byte Spill
	b	.LBB15_20
.LBB15_13:
	ldr	r0, [sp, #52]
	cmp	r0, #4
	bne	.LBB15_15
	b	.LBB15_14
.LBB15_14:
	ldr	r0, [sp, #56]
	ldrb.w	r0, [r0, #69]
	str	r0, [sp, #20]                   @ 4-byte Spill
	b	.LBB15_19
.LBB15_15:
	ldr	r0, [sp, #52]
	cmp	r0, #8
	bne	.LBB15_17
	b	.LBB15_16
.LBB15_16:
	ldr	r0, [sp, #56]
	ldrb.w	r0, [r0, #70]
	str	r0, [sp, #16]                   @ 4-byte Spill
	b	.LBB15_18
.LBB15_17:
	ldr	r0, [sp, #56]
	ldrb.w	r0, [r0, #71]
	str	r0, [sp, #16]                   @ 4-byte Spill
	b	.LBB15_18
.LBB15_18:
	ldr	r0, [sp, #16]                   @ 4-byte Reload
	str	r0, [sp, #20]                   @ 4-byte Spill
	b	.LBB15_19
.LBB15_19:
	ldr	r0, [sp, #20]                   @ 4-byte Reload
	str	r0, [sp, #24]                   @ 4-byte Spill
	b	.LBB15_20
.LBB15_20:
	ldr	r0, [sp, #24]                   @ 4-byte Reload
.Ltmp202:
	.loc	7 898 12 is_stmt 0              @ ../Drivers/STM32H7xx_HAL_Driver/Src/stm32h7xx_hal_tim_ex.c:898:12
	cmp	r0, #1
	bne	.LBB15_35
	b	.LBB15_21
.LBB15_21:
.Ltmp203:
	.loc	7 900 10 is_stmt 1              @ ../Drivers/STM32H7xx_HAL_Driver/Src/stm32h7xx_hal_tim_ex.c:900:10
	ldr	r0, [sp, #48]
	.loc	7 900 25 is_stmt 0              @ ../Drivers/STM32H7xx_HAL_Driver/Src/stm32h7xx_hal_tim_ex.c:900:25
	cbz	r0, .LBB15_23
	b	.LBB15_22
.LBB15_22:
	.loc	7 900 29                        @ ../Drivers/STM32H7xx_HAL_Driver/Src/stm32h7xx_hal_tim_ex.c:900:29
	ldrh.w	r0, [sp, #46]
.Ltmp204:
	.loc	7 900 9                         @ ../Drivers/STM32H7xx_HAL_Driver/Src/stm32h7xx_hal_tim_ex.c:900:9
	cbnz	r0, .LBB15_24
	b	.LBB15_23
.LBB15_23:
	.loc	7 0 9                           @ ../Drivers/STM32H7xx_HAL_Driver/Src/stm32h7xx_hal_tim_ex.c:0:9
	movs	r0, #1
.Ltmp205:
	.loc	7 902 7 is_stmt 1               @ ../Drivers/STM32H7xx_HAL_Driver/Src/stm32h7xx_hal_tim_ex.c:902:7
	strb.w	r0, [sp, #63]
	b	.LBB15_68
.Ltmp206:
.LBB15_24:
	.loc	7 906 7                         @ ../Drivers/STM32H7xx_HAL_Driver/Src/stm32h7xx_hal_tim_ex.c:906:7
	ldr	r0, [sp, #52]
	cbnz	r0, .LBB15_26
	b	.LBB15_25
.LBB15_25:
	ldr	r1, [sp, #56]
	movs	r0, #2
	strb.w	r0, [r1, #68]
	b	.LBB15_33
.LBB15_26:
	ldr	r0, [sp, #52]
	cmp	r0, #4
	bne	.LBB15_28
	b	.LBB15_27
.LBB15_27:
	ldr	r1, [sp, #56]
	movs	r0, #2
	strb.w	r0, [r1, #69]
	str	r0, [sp, #12]                   @ 4-byte Spill
	b	.LBB15_32
.LBB15_28:
	ldr	r0, [sp, #52]
	cmp	r0, #8
	bne	.LBB15_30
	b	.LBB15_29
.LBB15_29:
	ldr	r1, [sp, #56]
	movs	r0, #2
	strb.w	r0, [r1, #70]
	str	r0, [sp, #8]                    @ 4-byte Spill
	b	.LBB15_31
.LBB15_30:
	ldr	r1, [sp, #56]
	movs	r0, #2
	strb.w	r0, [r1, #71]
	str	r0, [sp, #8]                    @ 4-byte Spill
	b	.LBB15_31
.LBB15_31:
	ldr	r0, [sp, #8]                    @ 4-byte Reload
	str	r0, [sp, #12]                   @ 4-byte Spill
	b	.LBB15_32
.LBB15_32:
	ldr	r0, [sp, #12]                   @ 4-byte Reload
	b	.LBB15_33
.Ltmp207:
.LBB15_33:
	.loc	7 0 7 is_stmt 0                 @ ../Drivers/STM32H7xx_HAL_Driver/Src/stm32h7xx_hal_tim_ex.c:0:7
	b	.LBB15_34
.LBB15_34:
	.loc	7 908 3 is_stmt 1               @ ../Drivers/STM32H7xx_HAL_Driver/Src/stm32h7xx_hal_tim_ex.c:908:3
	b	.LBB15_36
.Ltmp208:
.LBB15_35:
	.loc	7 0 3 is_stmt 0                 @ ../Drivers/STM32H7xx_HAL_Driver/Src/stm32h7xx_hal_tim_ex.c:0:3
	movs	r0, #1
.Ltmp209:
	.loc	7 911 5 is_stmt 1               @ ../Drivers/STM32H7xx_HAL_Driver/Src/stm32h7xx_hal_tim_ex.c:911:5
	strb.w	r0, [sp, #63]
	b	.LBB15_68
.Ltmp210:
.LBB15_36:
	.loc	7 0 5 is_stmt 0                 @ ../Drivers/STM32H7xx_HAL_Driver/Src/stm32h7xx_hal_tim_ex.c:0:5
	b	.LBB15_37
.LBB15_37:
	.loc	7 914 11 is_stmt 1              @ ../Drivers/STM32H7xx_HAL_Driver/Src/stm32h7xx_hal_tim_ex.c:914:11
	ldr	r0, [sp, #52]
	.loc	7 914 3 is_stmt 0               @ ../Drivers/STM32H7xx_HAL_Driver/Src/stm32h7xx_hal_tim_ex.c:914:3
	str	r0, [sp, #4]                    @ 4-byte Spill
	cbz	r0, .LBB15_40
	b	.LBB15_38
.LBB15_38:
	ldr	r0, [sp, #4]                    @ 4-byte Reload
	cmp	r0, #4
	beq	.LBB15_43
	b	.LBB15_39
.LBB15_39:
	ldr	r0, [sp, #4]                    @ 4-byte Reload
	cmp	r0, #8
	beq	.LBB15_46
	b	.LBB15_49
.LBB15_40:
.Ltmp211:
	.loc	7 919 7 is_stmt 1               @ ../Drivers/STM32H7xx_HAL_Driver/Src/stm32h7xx_hal_tim_ex.c:919:7
	ldr	r0, [sp, #56]
	ldr	r1, [r0, #36]
	.loc	7 919 52 is_stmt 0              @ ../Drivers/STM32H7xx_HAL_Driver/Src/stm32h7xx_hal_tim_ex.c:919:52
	movw	r0, :lower16:TIM_DMADelayPulseNCplt
	movt	r0, :upper16:TIM_DMADelayPulseNCplt
	str	r0, [r1, #60]
	.loc	7 920 7 is_stmt 1               @ ../Drivers/STM32H7xx_HAL_Driver/Src/stm32h7xx_hal_tim_ex.c:920:7
	ldr	r0, [sp, #56]
	ldr	r1, [r0, #36]
	.loc	7 920 56 is_stmt 0              @ ../Drivers/STM32H7xx_HAL_Driver/Src/stm32h7xx_hal_tim_ex.c:920:56
	movw	r0, :lower16:TIM_DMADelayPulseHalfCplt
	movt	r0, :upper16:TIM_DMADelayPulseHalfCplt
	str	r0, [r1, #64]
	.loc	7 923 7 is_stmt 1               @ ../Drivers/STM32H7xx_HAL_Driver/Src/stm32h7xx_hal_tim_ex.c:923:7
	ldr	r0, [sp, #56]
	ldr	r1, [r0, #36]
	.loc	7 923 53 is_stmt 0              @ ../Drivers/STM32H7xx_HAL_Driver/Src/stm32h7xx_hal_tim_ex.c:923:53
	movw	r0, :lower16:TIM_DMAErrorCCxN
	movt	r0, :upper16:TIM_DMAErrorCCxN
	str	r0, [r1, #76]
.Ltmp212:
	.loc	7 926 28 is_stmt 1              @ ../Drivers/STM32H7xx_HAL_Driver/Src/stm32h7xx_hal_tim_ex.c:926:28
	ldr	r0, [sp, #56]
	.loc	7 926 90 is_stmt 0              @ ../Drivers/STM32H7xx_HAL_Driver/Src/stm32h7xx_hal_tim_ex.c:926:90
	ldr	r2, [r0]
	.loc	7 926 28                        @ ../Drivers/STM32H7xx_HAL_Driver/Src/stm32h7xx_hal_tim_ex.c:926:28
	ldr	r0, [r0, #36]
	.loc	7 926 66                        @ ../Drivers/STM32H7xx_HAL_Driver/Src/stm32h7xx_hal_tim_ex.c:926:66
	ldr	r1, [sp, #48]
	.loc	7 926 100                       @ ../Drivers/STM32H7xx_HAL_Driver/Src/stm32h7xx_hal_tim_ex.c:926:100
	adds	r2, #52
	.loc	7 927 28 is_stmt 1              @ ../Drivers/STM32H7xx_HAL_Driver/Src/stm32h7xx_hal_tim_ex.c:927:28
	ldrh.w	r3, [sp, #46]
	.loc	7 926 11                        @ ../Drivers/STM32H7xx_HAL_Driver/Src/stm32h7xx_hal_tim_ex.c:926:11
	bl	HAL_DMA_Start_IT
.Ltmp213:
	.loc	7 926 11 is_stmt 0              @ ../Drivers/STM32H7xx_HAL_Driver/Src/stm32h7xx_hal_tim_ex.c:926:11
	cbz	r0, .LBB15_42
	b	.LBB15_41
.LBB15_41:
	.loc	7 0 11                          @ ../Drivers/STM32H7xx_HAL_Driver/Src/stm32h7xx_hal_tim_ex.c:0:11
	movs	r0, #1
.Ltmp214:
	.loc	7 930 9 is_stmt 1               @ ../Drivers/STM32H7xx_HAL_Driver/Src/stm32h7xx_hal_tim_ex.c:930:9
	strb.w	r0, [sp, #63]
	b	.LBB15_68
.Ltmp215:
.LBB15_42:
	.loc	7 933 7                         @ ../Drivers/STM32H7xx_HAL_Driver/Src/stm32h7xx_hal_tim_ex.c:933:7
	ldr	r0, [sp, #56]
	ldr	r1, [r0]
	ldr	r0, [r1, #12]
	orr	r0, r0, #512
	str	r0, [r1, #12]
	.loc	7 934 7                         @ ../Drivers/STM32H7xx_HAL_Driver/Src/stm32h7xx_hal_tim_ex.c:934:7
	b	.LBB15_50
.Ltmp216:
.LBB15_43:
	.loc	7 940 7                         @ ../Drivers/STM32H7xx_HAL_Driver/Src/stm32h7xx_hal_tim_ex.c:940:7
	ldr	r0, [sp, #56]
	ldr	r1, [r0, #40]
	.loc	7 940 52 is_stmt 0              @ ../Drivers/STM32H7xx_HAL_Driver/Src/stm32h7xx_hal_tim_ex.c:940:52
	movw	r0, :lower16:TIM_DMADelayPulseNCplt
	movt	r0, :upper16:TIM_DMADelayPulseNCplt
	str	r0, [r1, #60]
	.loc	7 941 7 is_stmt 1               @ ../Drivers/STM32H7xx_HAL_Driver/Src/stm32h7xx_hal_tim_ex.c:941:7
	ldr	r0, [sp, #56]
	ldr	r1, [r0, #40]
	.loc	7 941 56 is_stmt 0              @ ../Drivers/STM32H7xx_HAL_Driver/Src/stm32h7xx_hal_tim_ex.c:941:56
	movw	r0, :lower16:TIM_DMADelayPulseHalfCplt
	movt	r0, :upper16:TIM_DMADelayPulseHalfCplt
	str	r0, [r1, #64]
	.loc	7 944 7 is_stmt 1               @ ../Drivers/STM32H7xx_HAL_Driver/Src/stm32h7xx_hal_tim_ex.c:944:7
	ldr	r0, [sp, #56]
	ldr	r1, [r0, #40]
	.loc	7 944 53 is_stmt 0              @ ../Drivers/STM32H7xx_HAL_Driver/Src/stm32h7xx_hal_tim_ex.c:944:53
	movw	r0, :lower16:TIM_DMAErrorCCxN
	movt	r0, :upper16:TIM_DMAErrorCCxN
	str	r0, [r1, #76]
.Ltmp217:
	.loc	7 947 28 is_stmt 1              @ ../Drivers/STM32H7xx_HAL_Driver/Src/stm32h7xx_hal_tim_ex.c:947:28
	ldr	r0, [sp, #56]
	.loc	7 947 90 is_stmt 0              @ ../Drivers/STM32H7xx_HAL_Driver/Src/stm32h7xx_hal_tim_ex.c:947:90
	ldr	r2, [r0]
	.loc	7 947 28                        @ ../Drivers/STM32H7xx_HAL_Driver/Src/stm32h7xx_hal_tim_ex.c:947:28
	ldr	r0, [r0, #40]
	.loc	7 947 66                        @ ../Drivers/STM32H7xx_HAL_Driver/Src/stm32h7xx_hal_tim_ex.c:947:66
	ldr	r1, [sp, #48]
	.loc	7 947 100                       @ ../Drivers/STM32H7xx_HAL_Driver/Src/stm32h7xx_hal_tim_ex.c:947:100
	adds	r2, #56
	.loc	7 948 28 is_stmt 1              @ ../Drivers/STM32H7xx_HAL_Driver/Src/stm32h7xx_hal_tim_ex.c:948:28
	ldrh.w	r3, [sp, #46]
	.loc	7 947 11                        @ ../Drivers/STM32H7xx_HAL_Driver/Src/stm32h7xx_hal_tim_ex.c:947:11
	bl	HAL_DMA_Start_IT
.Ltmp218:
	.loc	7 947 11 is_stmt 0              @ ../Drivers/STM32H7xx_HAL_Driver/Src/stm32h7xx_hal_tim_ex.c:947:11
	cbz	r0, .LBB15_45
	b	.LBB15_44
.LBB15_44:
	.loc	7 0 11                          @ ../Drivers/STM32H7xx_HAL_Driver/Src/stm32h7xx_hal_tim_ex.c:0:11
	movs	r0, #1
.Ltmp219:
	.loc	7 951 9 is_stmt 1               @ ../Drivers/STM32H7xx_HAL_Driver/Src/stm32h7xx_hal_tim_ex.c:951:9
	strb.w	r0, [sp, #63]
	b	.LBB15_68
.Ltmp220:
.LBB15_45:
	.loc	7 954 7                         @ ../Drivers/STM32H7xx_HAL_Driver/Src/stm32h7xx_hal_tim_ex.c:954:7
	ldr	r0, [sp, #56]
	ldr	r1, [r0]
	ldr	r0, [r1, #12]
	orr	r0, r0, #1024
	str	r0, [r1, #12]
	.loc	7 955 7                         @ ../Drivers/STM32H7xx_HAL_Driver/Src/stm32h7xx_hal_tim_ex.c:955:7
	b	.LBB15_50
.Ltmp221:
.LBB15_46:
	.loc	7 961 7                         @ ../Drivers/STM32H7xx_HAL_Driver/Src/stm32h7xx_hal_tim_ex.c:961:7
	ldr	r0, [sp, #56]
	ldr	r1, [r0, #44]
	.loc	7 961 52 is_stmt 0              @ ../Drivers/STM32H7xx_HAL_Driver/Src/stm32h7xx_hal_tim_ex.c:961:52
	movw	r0, :lower16:TIM_DMADelayPulseNCplt
	movt	r0, :upper16:TIM_DMADelayPulseNCplt
	str	r0, [r1, #60]
	.loc	7 962 7 is_stmt 1               @ ../Drivers/STM32H7xx_HAL_Driver/Src/stm32h7xx_hal_tim_ex.c:962:7
	ldr	r0, [sp, #56]
	ldr	r1, [r0, #44]
	.loc	7 962 56 is_stmt 0              @ ../Drivers/STM32H7xx_HAL_Driver/Src/stm32h7xx_hal_tim_ex.c:962:56
	movw	r0, :lower16:TIM_DMADelayPulseHalfCplt
	movt	r0, :upper16:TIM_DMADelayPulseHalfCplt
	str	r0, [r1, #64]
	.loc	7 965 7 is_stmt 1               @ ../Drivers/STM32H7xx_HAL_Driver/Src/stm32h7xx_hal_tim_ex.c:965:7
	ldr	r0, [sp, #56]
	ldr	r1, [r0, #44]
	.loc	7 965 53 is_stmt 0              @ ../Drivers/STM32H7xx_HAL_Driver/Src/stm32h7xx_hal_tim_ex.c:965:53
	movw	r0, :lower16:TIM_DMAErrorCCxN
	movt	r0, :upper16:TIM_DMAErrorCCxN
	str	r0, [r1, #76]
.Ltmp222:
	.loc	7 968 28 is_stmt 1              @ ../Drivers/STM32H7xx_HAL_Driver/Src/stm32h7xx_hal_tim_ex.c:968:28
	ldr	r0, [sp, #56]
	.loc	7 968 90 is_stmt 0              @ ../Drivers/STM32H7xx_HAL_Driver/Src/stm32h7xx_hal_tim_ex.c:968:90
	ldr	r2, [r0]
	.loc	7 968 28                        @ ../Drivers/STM32H7xx_HAL_Driver/Src/stm32h7xx_hal_tim_ex.c:968:28
	ldr	r0, [r0, #44]
	.loc	7 968 66                        @ ../Drivers/STM32H7xx_HAL_Driver/Src/stm32h7xx_hal_tim_ex.c:968:66
	ldr	r1, [sp, #48]
	.loc	7 968 100                       @ ../Drivers/STM32H7xx_HAL_Driver/Src/stm32h7xx_hal_tim_ex.c:968:100
	adds	r2, #60
	.loc	7 969 28 is_stmt 1              @ ../Drivers/STM32H7xx_HAL_Driver/Src/stm32h7xx_hal_tim_ex.c:969:28
	ldrh.w	r3, [sp, #46]
	.loc	7 968 11                        @ ../Drivers/STM32H7xx_HAL_Driver/Src/stm32h7xx_hal_tim_ex.c:968:11
	bl	HAL_DMA_Start_IT
.Ltmp223:
	.loc	7 968 11 is_stmt 0              @ ../Drivers/STM32H7xx_HAL_Driver/Src/stm32h7xx_hal_tim_ex.c:968:11
	cbz	r0, .LBB15_48
	b	.LBB15_47
.LBB15_47:
	.loc	7 0 11                          @ ../Drivers/STM32H7xx_HAL_Driver/Src/stm32h7xx_hal_tim_ex.c:0:11
	movs	r0, #1
.Ltmp224:
	.loc	7 972 9 is_stmt 1               @ ../Drivers/STM32H7xx_HAL_Driver/Src/stm32h7xx_hal_tim_ex.c:972:9
	strb.w	r0, [sp, #63]
	b	.LBB15_68
.Ltmp225:
.LBB15_48:
	.loc	7 975 7                         @ ../Drivers/STM32H7xx_HAL_Driver/Src/stm32h7xx_hal_tim_ex.c:975:7
	ldr	r0, [sp, #56]
	ldr	r1, [r0]
	ldr	r0, [r1, #12]
	orr	r0, r0, #2048
	str	r0, [r1, #12]
	.loc	7 976 7                         @ ../Drivers/STM32H7xx_HAL_Driver/Src/stm32h7xx_hal_tim_ex.c:976:7
	b	.LBB15_50
.Ltmp226:
.LBB15_49:
	.loc	7 0 7 is_stmt 0                 @ ../Drivers/STM32H7xx_HAL_Driver/Src/stm32h7xx_hal_tim_ex.c:0:7
	movs	r0, #1
	.loc	7 980 14 is_stmt 1              @ ../Drivers/STM32H7xx_HAL_Driver/Src/stm32h7xx_hal_tim_ex.c:980:14
	strb.w	r0, [sp, #45]
	.loc	7 981 7                         @ ../Drivers/STM32H7xx_HAL_Driver/Src/stm32h7xx_hal_tim_ex.c:981:7
	b	.LBB15_50
.Ltmp227:
.LBB15_50:
	.loc	7 984 7                         @ ../Drivers/STM32H7xx_HAL_Driver/Src/stm32h7xx_hal_tim_ex.c:984:7
	ldrb.w	r0, [sp, #45]
.Ltmp228:
	.loc	7 984 7 is_stmt 0               @ ../Drivers/STM32H7xx_HAL_Driver/Src/stm32h7xx_hal_tim_ex.c:984:7
	cmp	r0, #0
	bne.w	.LBB15_67
	b	.LBB15_51
.LBB15_51:
.Ltmp229:
	.loc	7 987 24 is_stmt 1              @ ../Drivers/STM32H7xx_HAL_Driver/Src/stm32h7xx_hal_tim_ex.c:987:24
	ldr	r0, [sp, #56]
	.loc	7 987 30 is_stmt 0              @ ../Drivers/STM32H7xx_HAL_Driver/Src/stm32h7xx_hal_tim_ex.c:987:30
	ldr	r0, [r0]
	.loc	7 987 40                        @ ../Drivers/STM32H7xx_HAL_Driver/Src/stm32h7xx_hal_tim_ex.c:987:40
	ldr	r1, [sp, #52]
	movs	r2, #4
	.loc	7 987 5                         @ ../Drivers/STM32H7xx_HAL_Driver/Src/stm32h7xx_hal_tim_ex.c:987:5
	bl	TIM_CCxNChannelCmd
	.loc	7 990 5 is_stmt 1               @ ../Drivers/STM32H7xx_HAL_Driver/Src/stm32h7xx_hal_tim_ex.c:990:5
	ldr	r0, [sp, #56]
	ldr	r1, [r0]
	ldr	r0, [r1, #68]
	orr	r0, r0, #32768
	str	r0, [r1, #68]
.Ltmp230:
	.loc	7 993 9                         @ ../Drivers/STM32H7xx_HAL_Driver/Src/stm32h7xx_hal_tim_ex.c:993:9
	ldr	r0, [sp, #56]
	ldr	r0, [r0]
	movs	r1, #0
	movt	r1, #16385
	cmp	r0, r1
	beq	.LBB15_61
	b	.LBB15_52
.LBB15_52:
	ldr	r0, [sp, #56]
	ldr	r0, [r0]
	cmp.w	r0, #1073741824
	beq	.LBB15_61
	b	.LBB15_53
.LBB15_53:
	ldr	r0, [sp, #56]
	ldr	r0, [r0]
	movw	r1, #1024
	movt	r1, #16384
	cmp	r0, r1
	beq	.LBB15_61
	b	.LBB15_54
.LBB15_54:
	ldr	r0, [sp, #56]
	ldr	r0, [r0]
	movw	r1, #2048
	movt	r1, #16384
	cmp	r0, r1
	beq	.LBB15_61
	b	.LBB15_55
.LBB15_55:
	ldr	r0, [sp, #56]
	ldr	r0, [r0]
	movw	r1, #3072
	movt	r1, #16384
	cmp	r0, r1
	beq	.LBB15_61
	b	.LBB15_56
.LBB15_56:
	ldr	r0, [sp, #56]
	ldr	r0, [r0]
	movw	r1, #1024
	movt	r1, #16385
	cmp	r0, r1
	beq	.LBB15_61
	b	.LBB15_57
.LBB15_57:
	ldr	r0, [sp, #56]
	ldr	r0, [r0]
	movw	r1, #6144
	movt	r1, #16384
	cmp	r0, r1
	beq	.LBB15_61
	b	.LBB15_58
.LBB15_58:
	ldr	r0, [sp, #56]
	ldr	r0, [r0]
	movw	r1, #16384
	movt	r1, #16385
	cmp	r0, r1
	beq	.LBB15_61
	b	.LBB15_59
.LBB15_59:
	ldr	r0, [sp, #56]
	ldr	r0, [r0]
	movw	r1, #57344
	movt	r1, #16384
	cmp	r0, r1
	beq	.LBB15_61
	b	.LBB15_60
.LBB15_60:
	ldr	r0, [sp, #56]
	ldr	r0, [r0]
	movw	r1, #58368
	movt	r1, #16384
.Ltmp231:
	.loc	7 993 9 is_stmt 0               @ ../Drivers/STM32H7xx_HAL_Driver/Src/stm32h7xx_hal_tim_ex.c:993:9
	cmp	r0, r1
	bne	.LBB15_65
	b	.LBB15_61
.LBB15_61:
.Ltmp232:
	.loc	7 995 17 is_stmt 1              @ ../Drivers/STM32H7xx_HAL_Driver/Src/stm32h7xx_hal_tim_ex.c:995:17
	ldr	r0, [sp, #56]
	.loc	7 995 23 is_stmt 0              @ ../Drivers/STM32H7xx_HAL_Driver/Src/stm32h7xx_hal_tim_ex.c:995:23
	ldr	r0, [r0]
	.loc	7 995 33                        @ ../Drivers/STM32H7xx_HAL_Driver/Src/stm32h7xx_hal_tim_ex.c:995:33
	ldr	r0, [r0, #8]
	movs	r1, #7
	movt	r1, #1
	.loc	7 995 38                        @ ../Drivers/STM32H7xx_HAL_Driver/Src/stm32h7xx_hal_tim_ex.c:995:38
	ands	r0, r1
	.loc	7 995 15                        @ ../Drivers/STM32H7xx_HAL_Driver/Src/stm32h7xx_hal_tim_ex.c:995:15
	str	r0, [sp, #40]
.Ltmp233:
	.loc	7 996 12 is_stmt 1              @ ../Drivers/STM32H7xx_HAL_Driver/Src/stm32h7xx_hal_tim_ex.c:996:12
	ldr	r0, [sp, #40]
	cmp	r0, #6
	beq	.LBB15_64
	b	.LBB15_62
.LBB15_62:
	ldr	r0, [sp, #40]
.Ltmp234:
	.loc	7 996 11 is_stmt 0              @ ../Drivers/STM32H7xx_HAL_Driver/Src/stm32h7xx_hal_tim_ex.c:996:11
	cmp.w	r0, #65536
	beq	.LBB15_64
	b	.LBB15_63
.LBB15_63:
.Ltmp235:
	.loc	7 998 9 is_stmt 1               @ ../Drivers/STM32H7xx_HAL_Driver/Src/stm32h7xx_hal_tim_ex.c:998:9
	ldr	r0, [sp, #56]
	ldr	r1, [r0]
	ldr	r0, [r1]
	orr	r0, r0, #1
	str	r0, [r1]
	.loc	7 999 7                         @ ../Drivers/STM32H7xx_HAL_Driver/Src/stm32h7xx_hal_tim_ex.c:999:7
	b	.LBB15_64
.Ltmp236:
.LBB15_64:
	.loc	7 1000 5                        @ ../Drivers/STM32H7xx_HAL_Driver/Src/stm32h7xx_hal_tim_ex.c:1000:5
	b	.LBB15_66
.Ltmp237:
.LBB15_65:
	.loc	7 1003 7                        @ ../Drivers/STM32H7xx_HAL_Driver/Src/stm32h7xx_hal_tim_ex.c:1003:7
	ldr	r0, [sp, #56]
	ldr	r1, [r0]
	ldr	r0, [r1]
	orr	r0, r0, #1
	str	r0, [r1]
	b	.LBB15_66
.Ltmp238:
.LBB15_66:
	.loc	7 1005 3                        @ ../Drivers/STM32H7xx_HAL_Driver/Src/stm32h7xx_hal_tim_ex.c:1005:3
	b	.LBB15_67
.Ltmp239:
.LBB15_67:
	.loc	7 1008 10                       @ ../Drivers/STM32H7xx_HAL_Driver/Src/stm32h7xx_hal_tim_ex.c:1008:10
	ldrb.w	r0, [sp, #45]
	.loc	7 1008 3 is_stmt 0              @ ../Drivers/STM32H7xx_HAL_Driver/Src/stm32h7xx_hal_tim_ex.c:1008:3
	strb.w	r0, [sp, #63]
	b	.LBB15_68
.LBB15_68:
	.loc	7 1009 1 is_stmt 1              @ ../Drivers/STM32H7xx_HAL_Driver/Src/stm32h7xx_hal_tim_ex.c:1009:1
	ldrb.w	r0, [sp, #63]
	.loc	7 1009 1 epilogue_begin is_stmt 0 @ ../Drivers/STM32H7xx_HAL_Driver/Src/stm32h7xx_hal_tim_ex.c:1009:1
	add	sp, #64
	pop	{r7, pc}
.Ltmp240:
.Lfunc_end15:
	.size	HAL_TIMEx_OCN_Start_DMA, .Lfunc_end15-HAL_TIMEx_OCN_Start_DMA
	.cfi_endproc
	.cantunwind
	.fnend
                                        @ -- End function
	.section	.text.TIM_DMADelayPulseNCplt,"ax",%progbits
	.p2align	3                               @ -- Begin function TIM_DMADelayPulseNCplt
	.type	TIM_DMADelayPulseNCplt,%function
	.code	16                              @ @TIM_DMADelayPulseNCplt
	.thumb_func
TIM_DMADelayPulseNCplt:
.Lfunc_begin16:
	.loc	7 2804 0 is_stmt 1              @ ../Drivers/STM32H7xx_HAL_Driver/Src/stm32h7xx_hal_tim_ex.c:2804:0
	.fnstart
	.cfi_startproc
@ %bb.0:
	.save	{r7, lr}
	push	{r7, lr}
	.cfi_def_cfa_offset 8
	.cfi_offset lr, -4
	.cfi_offset r7, -8
	.pad	#8
	sub	sp, #8
	.cfi_def_cfa_offset 16
	str	r0, [sp, #4]
.Ltmp241:
	.loc	7 2805 72 prologue_end          @ ../Drivers/STM32H7xx_HAL_Driver/Src/stm32h7xx_hal_tim_ex.c:2805:72
	ldr	r0, [sp, #4]
	.loc	7 2805 79 is_stmt 0             @ ../Drivers/STM32H7xx_HAL_Driver/Src/stm32h7xx_hal_tim_ex.c:2805:79
	ldr	r0, [r0, #56]
	.loc	7 2805 22                       @ ../Drivers/STM32H7xx_HAL_Driver/Src/stm32h7xx_hal_tim_ex.c:2805:22
	str	r0, [sp]
.Ltmp242:
	.loc	7 2807 7 is_stmt 1              @ ../Drivers/STM32H7xx_HAL_Driver/Src/stm32h7xx_hal_tim_ex.c:2807:7
	ldr	r0, [sp, #4]
	.loc	7 2807 15 is_stmt 0             @ ../Drivers/STM32H7xx_HAL_Driver/Src/stm32h7xx_hal_tim_ex.c:2807:15
	ldr	r1, [sp]
	ldr	r1, [r1, #36]
.Ltmp243:
	.loc	7 2807 7                        @ ../Drivers/STM32H7xx_HAL_Driver/Src/stm32h7xx_hal_tim_ex.c:2807:7
	cmp	r0, r1
	bne	.LBB16_4
	b	.LBB16_1
.LBB16_1:
.Ltmp244:
	.loc	7 2809 5 is_stmt 1              @ ../Drivers/STM32H7xx_HAL_Driver/Src/stm32h7xx_hal_tim_ex.c:2809:5
	ldr	r1, [sp]
	movs	r0, #1
	.loc	7 2809 19 is_stmt 0             @ ../Drivers/STM32H7xx_HAL_Driver/Src/stm32h7xx_hal_tim_ex.c:2809:19
	strb	r0, [r1, #28]
.Ltmp245:
	.loc	7 2811 9 is_stmt 1              @ ../Drivers/STM32H7xx_HAL_Driver/Src/stm32h7xx_hal_tim_ex.c:2811:9
	ldr	r0, [sp, #4]
	.loc	7 2811 20 is_stmt 0             @ ../Drivers/STM32H7xx_HAL_Driver/Src/stm32h7xx_hal_tim_ex.c:2811:20
	ldr	r0, [r0, #28]
.Ltmp246:
	.loc	7 2811 9                        @ ../Drivers/STM32H7xx_HAL_Driver/Src/stm32h7xx_hal_tim_ex.c:2811:9
	cbnz	r0, .LBB16_3
	b	.LBB16_2
.LBB16_2:
.Ltmp247:
	.loc	7 2813 7 is_stmt 1              @ ../Drivers/STM32H7xx_HAL_Driver/Src/stm32h7xx_hal_tim_ex.c:2813:7
	ldr	r1, [sp]
	movs	r0, #1
	strb.w	r0, [r1, #68]
	.loc	7 2814 5                        @ ../Drivers/STM32H7xx_HAL_Driver/Src/stm32h7xx_hal_tim_ex.c:2814:5
	b	.LBB16_3
.Ltmp248:
.LBB16_3:
	.loc	7 2815 3                        @ ../Drivers/STM32H7xx_HAL_Driver/Src/stm32h7xx_hal_tim_ex.c:2815:3
	b	.LBB16_15
.Ltmp249:
.LBB16_4:
	.loc	7 2816 12                       @ ../Drivers/STM32H7xx_HAL_Driver/Src/stm32h7xx_hal_tim_ex.c:2816:12
	ldr	r0, [sp, #4]
	.loc	7 2816 20 is_stmt 0             @ ../Drivers/STM32H7xx_HAL_Driver/Src/stm32h7xx_hal_tim_ex.c:2816:20
	ldr	r1, [sp]
	ldr	r1, [r1, #40]
.Ltmp250:
	.loc	7 2816 12                       @ ../Drivers/STM32H7xx_HAL_Driver/Src/stm32h7xx_hal_tim_ex.c:2816:12
	cmp	r0, r1
	bne	.LBB16_8
	b	.LBB16_5
.LBB16_5:
.Ltmp251:
	.loc	7 2818 5 is_stmt 1              @ ../Drivers/STM32H7xx_HAL_Driver/Src/stm32h7xx_hal_tim_ex.c:2818:5
	ldr	r1, [sp]
	movs	r0, #2
	.loc	7 2818 19 is_stmt 0             @ ../Drivers/STM32H7xx_HAL_Driver/Src/stm32h7xx_hal_tim_ex.c:2818:19
	strb	r0, [r1, #28]
.Ltmp252:
	.loc	7 2820 9 is_stmt 1              @ ../Drivers/STM32H7xx_HAL_Driver/Src/stm32h7xx_hal_tim_ex.c:2820:9
	ldr	r0, [sp, #4]
	.loc	7 2820 20 is_stmt 0             @ ../Drivers/STM32H7xx_HAL_Driver/Src/stm32h7xx_hal_tim_ex.c:2820:20
	ldr	r0, [r0, #28]
.Ltmp253:
	.loc	7 2820 9                        @ ../Drivers/STM32H7xx_HAL_Driver/Src/stm32h7xx_hal_tim_ex.c:2820:9
	cbnz	r0, .LBB16_7
	b	.LBB16_6
.LBB16_6:
.Ltmp254:
	.loc	7 2822 7 is_stmt 1              @ ../Drivers/STM32H7xx_HAL_Driver/Src/stm32h7xx_hal_tim_ex.c:2822:7
	ldr	r1, [sp]
	movs	r0, #1
	strb.w	r0, [r1, #69]
	.loc	7 2823 5                        @ ../Drivers/STM32H7xx_HAL_Driver/Src/stm32h7xx_hal_tim_ex.c:2823:5
	b	.LBB16_7
.Ltmp255:
.LBB16_7:
	.loc	7 2824 3                        @ ../Drivers/STM32H7xx_HAL_Driver/Src/stm32h7xx_hal_tim_ex.c:2824:3
	b	.LBB16_14
.Ltmp256:
.LBB16_8:
	.loc	7 2825 12                       @ ../Drivers/STM32H7xx_HAL_Driver/Src/stm32h7xx_hal_tim_ex.c:2825:12
	ldr	r0, [sp, #4]
	.loc	7 2825 20 is_stmt 0             @ ../Drivers/STM32H7xx_HAL_Driver/Src/stm32h7xx_hal_tim_ex.c:2825:20
	ldr	r1, [sp]
	ldr	r1, [r1, #44]
.Ltmp257:
	.loc	7 2825 12                       @ ../Drivers/STM32H7xx_HAL_Driver/Src/stm32h7xx_hal_tim_ex.c:2825:12
	cmp	r0, r1
	bne	.LBB16_12
	b	.LBB16_9
.LBB16_9:
.Ltmp258:
	.loc	7 2827 5 is_stmt 1              @ ../Drivers/STM32H7xx_HAL_Driver/Src/stm32h7xx_hal_tim_ex.c:2827:5
	ldr	r1, [sp]
	movs	r0, #4
	.loc	7 2827 19 is_stmt 0             @ ../Drivers/STM32H7xx_HAL_Driver/Src/stm32h7xx_hal_tim_ex.c:2827:19
	strb	r0, [r1, #28]
.Ltmp259:
	.loc	7 2829 9 is_stmt 1              @ ../Drivers/STM32H7xx_HAL_Driver/Src/stm32h7xx_hal_tim_ex.c:2829:9
	ldr	r0, [sp, #4]
	.loc	7 2829 20 is_stmt 0             @ ../Drivers/STM32H7xx_HAL_Driver/Src/stm32h7xx_hal_tim_ex.c:2829:20
	ldr	r0, [r0, #28]
.Ltmp260:
	.loc	7 2829 9                        @ ../Drivers/STM32H7xx_HAL_Driver/Src/stm32h7xx_hal_tim_ex.c:2829:9
	cbnz	r0, .LBB16_11
	b	.LBB16_10
.LBB16_10:
.Ltmp261:
	.loc	7 2831 7 is_stmt 1              @ ../Drivers/STM32H7xx_HAL_Driver/Src/stm32h7xx_hal_tim_ex.c:2831:7
	ldr	r1, [sp]
	movs	r0, #1
	strb.w	r0, [r1, #70]
	.loc	7 2832 5                        @ ../Drivers/STM32H7xx_HAL_Driver/Src/stm32h7xx_hal_tim_ex.c:2832:5
	b	.LBB16_11
.Ltmp262:
.LBB16_11:
	.loc	7 2833 3                        @ ../Drivers/STM32H7xx_HAL_Driver/Src/stm32h7xx_hal_tim_ex.c:2833:3
	b	.LBB16_13
.Ltmp263:
.LBB16_12:
	.loc	7 0 3 is_stmt 0                 @ ../Drivers/STM32H7xx_HAL_Driver/Src/stm32h7xx_hal_tim_ex.c:0:3
	b	.LBB16_13
.LBB16_13:
	b	.LBB16_14
.LBB16_14:
	b	.LBB16_15
.LBB16_15:
	.loc	7 2842 37 is_stmt 1             @ ../Drivers/STM32H7xx_HAL_Driver/Src/stm32h7xx_hal_tim_ex.c:2842:37
	ldr	r0, [sp]
	.loc	7 2842 3 is_stmt 0              @ ../Drivers/STM32H7xx_HAL_Driver/Src/stm32h7xx_hal_tim_ex.c:2842:3
	bl	HAL_TIM_PWM_PulseFinishedCallback
	.loc	7 2845 3 is_stmt 1              @ ../Drivers/STM32H7xx_HAL_Driver/Src/stm32h7xx_hal_tim_ex.c:2845:3
	ldr	r1, [sp]
	movs	r0, #0
	.loc	7 2845 17 is_stmt 0             @ ../Drivers/STM32H7xx_HAL_Driver/Src/stm32h7xx_hal_tim_ex.c:2845:17
	strb	r0, [r1, #28]
	.loc	7 2846 1 epilogue_begin is_stmt 1 @ ../Drivers/STM32H7xx_HAL_Driver/Src/stm32h7xx_hal_tim_ex.c:2846:1
	add	sp, #8
	pop	{r7, pc}
.Ltmp264:
.Lfunc_end16:
	.size	TIM_DMADelayPulseNCplt, .Lfunc_end16-TIM_DMADelayPulseNCplt
	.cfi_endproc
	.cantunwind
	.fnend
                                        @ -- End function
	.section	.text.TIM_DMAErrorCCxN,"ax",%progbits
	.p2align	3                               @ -- Begin function TIM_DMAErrorCCxN
	.type	TIM_DMAErrorCCxN,%function
	.code	16                              @ @TIM_DMAErrorCCxN
	.thumb_func
TIM_DMAErrorCCxN:
.Lfunc_begin17:
	.loc	7 2854 0                        @ ../Drivers/STM32H7xx_HAL_Driver/Src/stm32h7xx_hal_tim_ex.c:2854:0
	.fnstart
	.cfi_startproc
@ %bb.0:
	.save	{r7, lr}
	push	{r7, lr}
	.cfi_def_cfa_offset 8
	.cfi_offset lr, -4
	.cfi_offset r7, -8
	.pad	#8
	sub	sp, #8
	.cfi_def_cfa_offset 16
	str	r0, [sp, #4]
.Ltmp265:
	.loc	7 2855 72 prologue_end          @ ../Drivers/STM32H7xx_HAL_Driver/Src/stm32h7xx_hal_tim_ex.c:2855:72
	ldr	r0, [sp, #4]
	.loc	7 2855 79 is_stmt 0             @ ../Drivers/STM32H7xx_HAL_Driver/Src/stm32h7xx_hal_tim_ex.c:2855:79
	ldr	r0, [r0, #56]
	.loc	7 2855 22                       @ ../Drivers/STM32H7xx_HAL_Driver/Src/stm32h7xx_hal_tim_ex.c:2855:22
	str	r0, [sp]
.Ltmp266:
	.loc	7 2857 7 is_stmt 1              @ ../Drivers/STM32H7xx_HAL_Driver/Src/stm32h7xx_hal_tim_ex.c:2857:7
	ldr	r0, [sp, #4]
	.loc	7 2857 15 is_stmt 0             @ ../Drivers/STM32H7xx_HAL_Driver/Src/stm32h7xx_hal_tim_ex.c:2857:15
	ldr	r1, [sp]
	ldr	r1, [r1, #36]
.Ltmp267:
	.loc	7 2857 7                        @ ../Drivers/STM32H7xx_HAL_Driver/Src/stm32h7xx_hal_tim_ex.c:2857:7
	cmp	r0, r1
	bne	.LBB17_2
	b	.LBB17_1
.LBB17_1:
.Ltmp268:
	.loc	7 2859 5 is_stmt 1              @ ../Drivers/STM32H7xx_HAL_Driver/Src/stm32h7xx_hal_tim_ex.c:2859:5
	ldr	r1, [sp]
	movs	r0, #1
	.loc	7 2859 19 is_stmt 0             @ ../Drivers/STM32H7xx_HAL_Driver/Src/stm32h7xx_hal_tim_ex.c:2859:19
	strb	r0, [r1, #28]
	.loc	7 2860 5 is_stmt 1              @ ../Drivers/STM32H7xx_HAL_Driver/Src/stm32h7xx_hal_tim_ex.c:2860:5
	ldr	r1, [sp]
	strb.w	r0, [r1, #68]
	.loc	7 2861 3                        @ ../Drivers/STM32H7xx_HAL_Driver/Src/stm32h7xx_hal_tim_ex.c:2861:3
	b	.LBB17_9
.Ltmp269:
.LBB17_2:
	.loc	7 2862 12                       @ ../Drivers/STM32H7xx_HAL_Driver/Src/stm32h7xx_hal_tim_ex.c:2862:12
	ldr	r0, [sp, #4]
	.loc	7 2862 20 is_stmt 0             @ ../Drivers/STM32H7xx_HAL_Driver/Src/stm32h7xx_hal_tim_ex.c:2862:20
	ldr	r1, [sp]
	ldr	r1, [r1, #40]
.Ltmp270:
	.loc	7 2862 12                       @ ../Drivers/STM32H7xx_HAL_Driver/Src/stm32h7xx_hal_tim_ex.c:2862:12
	cmp	r0, r1
	bne	.LBB17_4
	b	.LBB17_3
.LBB17_3:
.Ltmp271:
	.loc	7 2864 5 is_stmt 1              @ ../Drivers/STM32H7xx_HAL_Driver/Src/stm32h7xx_hal_tim_ex.c:2864:5
	ldr	r1, [sp]
	movs	r0, #2
	.loc	7 2864 19 is_stmt 0             @ ../Drivers/STM32H7xx_HAL_Driver/Src/stm32h7xx_hal_tim_ex.c:2864:19
	strb	r0, [r1, #28]
	.loc	7 2865 5 is_stmt 1              @ ../Drivers/STM32H7xx_HAL_Driver/Src/stm32h7xx_hal_tim_ex.c:2865:5
	ldr	r1, [sp]
	movs	r0, #1
	strb.w	r0, [r1, #69]
	.loc	7 2866 3                        @ ../Drivers/STM32H7xx_HAL_Driver/Src/stm32h7xx_hal_tim_ex.c:2866:3
	b	.LBB17_8
.Ltmp272:
.LBB17_4:
	.loc	7 2867 12                       @ ../Drivers/STM32H7xx_HAL_Driver/Src/stm32h7xx_hal_tim_ex.c:2867:12
	ldr	r0, [sp, #4]
	.loc	7 2867 20 is_stmt 0             @ ../Drivers/STM32H7xx_HAL_Driver/Src/stm32h7xx_hal_tim_ex.c:2867:20
	ldr	r1, [sp]
	ldr	r1, [r1, #44]
.Ltmp273:
	.loc	7 2867 12                       @ ../Drivers/STM32H7xx_HAL_Driver/Src/stm32h7xx_hal_tim_ex.c:2867:12
	cmp	r0, r1
	bne	.LBB17_6
	b	.LBB17_5
.LBB17_5:
.Ltmp274:
	.loc	7 2869 5 is_stmt 1              @ ../Drivers/STM32H7xx_HAL_Driver/Src/stm32h7xx_hal_tim_ex.c:2869:5
	ldr	r1, [sp]
	movs	r0, #4
	.loc	7 2869 19 is_stmt 0             @ ../Drivers/STM32H7xx_HAL_Driver/Src/stm32h7xx_hal_tim_ex.c:2869:19
	strb	r0, [r1, #28]
	.loc	7 2870 5 is_stmt 1              @ ../Drivers/STM32H7xx_HAL_Driver/Src/stm32h7xx_hal_tim_ex.c:2870:5
	ldr	r1, [sp]
	movs	r0, #1
	strb.w	r0, [r1, #70]
	.loc	7 2871 3                        @ ../Drivers/STM32H7xx_HAL_Driver/Src/stm32h7xx_hal_tim_ex.c:2871:3
	b	.LBB17_7
.Ltmp275:
.LBB17_6:
	.loc	7 0 3 is_stmt 0                 @ ../Drivers/STM32H7xx_HAL_Driver/Src/stm32h7xx_hal_tim_ex.c:0:3
	b	.LBB17_7
.LBB17_7:
	b	.LBB17_8
.LBB17_8:
	b	.LBB17_9
.LBB17_9:
	.loc	7 2880 25 is_stmt 1             @ ../Drivers/STM32H7xx_HAL_Driver/Src/stm32h7xx_hal_tim_ex.c:2880:25
	ldr	r0, [sp]
	.loc	7 2880 3 is_stmt 0              @ ../Drivers/STM32H7xx_HAL_Driver/Src/stm32h7xx_hal_tim_ex.c:2880:3
	bl	HAL_TIM_ErrorCallback
	.loc	7 2883 3 is_stmt 1              @ ../Drivers/STM32H7xx_HAL_Driver/Src/stm32h7xx_hal_tim_ex.c:2883:3
	ldr	r1, [sp]
	movs	r0, #0
	.loc	7 2883 17 is_stmt 0             @ ../Drivers/STM32H7xx_HAL_Driver/Src/stm32h7xx_hal_tim_ex.c:2883:17
	strb	r0, [r1, #28]
	.loc	7 2884 1 epilogue_begin is_stmt 1 @ ../Drivers/STM32H7xx_HAL_Driver/Src/stm32h7xx_hal_tim_ex.c:2884:1
	add	sp, #8
	pop	{r7, pc}
.Ltmp276:
.Lfunc_end17:
	.size	TIM_DMAErrorCCxN, .Lfunc_end17-TIM_DMAErrorCCxN
	.cfi_endproc
	.cantunwind
	.fnend
                                        @ -- End function
	.section	.text.HAL_TIMEx_OCN_Stop_DMA,"ax",%progbits
	.hidden	HAL_TIMEx_OCN_Stop_DMA          @ -- Begin function HAL_TIMEx_OCN_Stop_DMA
	.globl	HAL_TIMEx_OCN_Stop_DMA
	.p2align	3
	.type	HAL_TIMEx_OCN_Stop_DMA,%function
	.code	16                              @ @HAL_TIMEx_OCN_Stop_DMA
	.thumb_func
HAL_TIMEx_OCN_Stop_DMA:
.Lfunc_begin18:
	.loc	7 1023 0                        @ ../Drivers/STM32H7xx_HAL_Driver/Src/stm32h7xx_hal_tim_ex.c:1023:0
	.fnstart
	.cfi_startproc
@ %bb.0:
	.save	{r7, lr}
	push	{r7, lr}
	.cfi_def_cfa_offset 8
	.cfi_offset lr, -4
	.cfi_offset r7, -8
	.pad	#24
	sub	sp, #24
	.cfi_def_cfa_offset 32
	str	r0, [sp, #20]
	str	r1, [sp, #16]
	movs	r0, #0
.Ltmp277:
	.loc	7 1024 21 prologue_end          @ ../Drivers/STM32H7xx_HAL_Driver/Src/stm32h7xx_hal_tim_ex.c:1024:21
	strb.w	r0, [sp, #15]
	.loc	7 1029 11                       @ ../Drivers/STM32H7xx_HAL_Driver/Src/stm32h7xx_hal_tim_ex.c:1029:11
	ldr	r0, [sp, #16]
	.loc	7 1029 3 is_stmt 0              @ ../Drivers/STM32H7xx_HAL_Driver/Src/stm32h7xx_hal_tim_ex.c:1029:3
	str	r0, [sp, #8]                    @ 4-byte Spill
	cbz	r0, .LBB18_3
	b	.LBB18_1
.LBB18_1:
	ldr	r0, [sp, #8]                    @ 4-byte Reload
	cmp	r0, #4
	beq	.LBB18_4
	b	.LBB18_2
.LBB18_2:
	ldr	r0, [sp, #8]                    @ 4-byte Reload
	cmp	r0, #8
	beq	.LBB18_5
	b	.LBB18_6
.LBB18_3:
.Ltmp278:
	.loc	7 1034 7 is_stmt 1              @ ../Drivers/STM32H7xx_HAL_Driver/Src/stm32h7xx_hal_tim_ex.c:1034:7
	ldr	r0, [sp, #20]
	ldr	r1, [r0]
	ldr	r0, [r1, #12]
	bic	r0, r0, #512
	str	r0, [r1, #12]
	.loc	7 1035 30                       @ ../Drivers/STM32H7xx_HAL_Driver/Src/stm32h7xx_hal_tim_ex.c:1035:30
	ldr	r0, [sp, #20]
	ldr	r0, [r0, #36]
	.loc	7 1035 13 is_stmt 0             @ ../Drivers/STM32H7xx_HAL_Driver/Src/stm32h7xx_hal_tim_ex.c:1035:13
	bl	HAL_DMA_Abort_IT
	.loc	7 1036 7 is_stmt 1              @ ../Drivers/STM32H7xx_HAL_Driver/Src/stm32h7xx_hal_tim_ex.c:1036:7
	b	.LBB18_7
.Ltmp279:
.LBB18_4:
	.loc	7 1042 7                        @ ../Drivers/STM32H7xx_HAL_Driver/Src/stm32h7xx_hal_tim_ex.c:1042:7
	ldr	r0, [sp, #20]
	ldr	r1, [r0]
	ldr	r0, [r1, #12]
	bic	r0, r0, #1024
	str	r0, [r1, #12]
	.loc	7 1043 30                       @ ../Drivers/STM32H7xx_HAL_Driver/Src/stm32h7xx_hal_tim_ex.c:1043:30
	ldr	r0, [sp, #20]
	ldr	r0, [r0, #40]
	.loc	7 1043 13 is_stmt 0             @ ../Drivers/STM32H7xx_HAL_Driver/Src/stm32h7xx_hal_tim_ex.c:1043:13
	bl	HAL_DMA_Abort_IT
	.loc	7 1044 7 is_stmt 1              @ ../Drivers/STM32H7xx_HAL_Driver/Src/stm32h7xx_hal_tim_ex.c:1044:7
	b	.LBB18_7
.Ltmp280:
.LBB18_5:
	.loc	7 1050 7                        @ ../Drivers/STM32H7xx_HAL_Driver/Src/stm32h7xx_hal_tim_ex.c:1050:7
	ldr	r0, [sp, #20]
	ldr	r1, [r0]
	ldr	r0, [r1, #12]
	bic	r0, r0, #2048
	str	r0, [r1, #12]
	.loc	7 1051 30                       @ ../Drivers/STM32H7xx_HAL_Driver/Src/stm32h7xx_hal_tim_ex.c:1051:30
	ldr	r0, [sp, #20]
	ldr	r0, [r0, #44]
	.loc	7 1051 13 is_stmt 0             @ ../Drivers/STM32H7xx_HAL_Driver/Src/stm32h7xx_hal_tim_ex.c:1051:13
	bl	HAL_DMA_Abort_IT
	.loc	7 1052 7 is_stmt 1              @ ../Drivers/STM32H7xx_HAL_Driver/Src/stm32h7xx_hal_tim_ex.c:1052:7
	b	.LBB18_7
.Ltmp281:
.LBB18_6:
	.loc	7 0 7 is_stmt 0                 @ ../Drivers/STM32H7xx_HAL_Driver/Src/stm32h7xx_hal_tim_ex.c:0:7
	movs	r0, #1
	.loc	7 1056 14 is_stmt 1             @ ../Drivers/STM32H7xx_HAL_Driver/Src/stm32h7xx_hal_tim_ex.c:1056:14
	strb.w	r0, [sp, #15]
	.loc	7 1057 7                        @ ../Drivers/STM32H7xx_HAL_Driver/Src/stm32h7xx_hal_tim_ex.c:1057:7
	b	.LBB18_7
.Ltmp282:
.LBB18_7:
	.loc	7 1060 7                        @ ../Drivers/STM32H7xx_HAL_Driver/Src/stm32h7xx_hal_tim_ex.c:1060:7
	ldrb.w	r0, [sp, #15]
.Ltmp283:
	.loc	7 1060 7 is_stmt 0              @ ../Drivers/STM32H7xx_HAL_Driver/Src/stm32h7xx_hal_tim_ex.c:1060:7
	cmp	r0, #0
	bne	.LBB18_30
	b	.LBB18_8
.LBB18_8:
.Ltmp284:
	.loc	7 1063 24 is_stmt 1             @ ../Drivers/STM32H7xx_HAL_Driver/Src/stm32h7xx_hal_tim_ex.c:1063:24
	ldr	r0, [sp, #20]
	.loc	7 1063 30 is_stmt 0             @ ../Drivers/STM32H7xx_HAL_Driver/Src/stm32h7xx_hal_tim_ex.c:1063:30
	ldr	r0, [r0]
	.loc	7 1063 40                       @ ../Drivers/STM32H7xx_HAL_Driver/Src/stm32h7xx_hal_tim_ex.c:1063:40
	ldr	r1, [sp, #16]
	movs	r2, #0
	.loc	7 1063 5                        @ ../Drivers/STM32H7xx_HAL_Driver/Src/stm32h7xx_hal_tim_ex.c:1063:5
	bl	TIM_CCxNChannelCmd
	.loc	7 1066 5 is_stmt 1              @ ../Drivers/STM32H7xx_HAL_Driver/Src/stm32h7xx_hal_tim_ex.c:1066:5
	b	.LBB18_9
.LBB18_9:
.Ltmp285:
	.loc	7 1066 5 is_stmt 0              @ ../Drivers/STM32H7xx_HAL_Driver/Src/stm32h7xx_hal_tim_ex.c:1066:5
	ldr	r0, [sp, #20]
	ldr	r0, [r0]
	ldr	r0, [r0, #32]
	movw	r1, #4369
.Ltmp286:
	.loc	7 1066 5                        @ ../Drivers/STM32H7xx_HAL_Driver/Src/stm32h7xx_hal_tim_ex.c:1066:5
	tst	r0, r1
	bne	.LBB18_13
	b	.LBB18_10
.LBB18_10:
.Ltmp287:
	.loc	7 1066 5                        @ ../Drivers/STM32H7xx_HAL_Driver/Src/stm32h7xx_hal_tim_ex.c:1066:5
	ldr	r0, [sp, #20]
	ldr	r0, [r0]
	ldr	r0, [r0, #32]
	movw	r1, #1092
.Ltmp288:
	.loc	7 1066 5                        @ ../Drivers/STM32H7xx_HAL_Driver/Src/stm32h7xx_hal_tim_ex.c:1066:5
	tst	r0, r1
	bne	.LBB18_12
	b	.LBB18_11
.LBB18_11:
.Ltmp289:
	.loc	7 1066 5                        @ ../Drivers/STM32H7xx_HAL_Driver/Src/stm32h7xx_hal_tim_ex.c:1066:5
	ldr	r0, [sp, #20]
	ldr	r1, [r0]
	ldr	r0, [r1, #68]
	bic	r0, r0, #32768
	str	r0, [r1, #68]
	b	.LBB18_12
.Ltmp290:
.LBB18_12:
	.loc	7 1066 5                        @ ../Drivers/STM32H7xx_HAL_Driver/Src/stm32h7xx_hal_tim_ex.c:1066:5
	b	.LBB18_13
.Ltmp291:
.LBB18_13:
	.loc	7 1066 5                        @ ../Drivers/STM32H7xx_HAL_Driver/Src/stm32h7xx_hal_tim_ex.c:1066:5
	b	.LBB18_14
.Ltmp292:
.LBB18_14:
	.loc	7 1069 5 is_stmt 1              @ ../Drivers/STM32H7xx_HAL_Driver/Src/stm32h7xx_hal_tim_ex.c:1069:5
	b	.LBB18_15
.LBB18_15:
.Ltmp293:
	.loc	7 1069 5 is_stmt 0              @ ../Drivers/STM32H7xx_HAL_Driver/Src/stm32h7xx_hal_tim_ex.c:1069:5
	ldr	r0, [sp, #20]
	ldr	r0, [r0]
	ldr	r0, [r0, #32]
	movw	r1, #4369
.Ltmp294:
	.loc	7 1069 5                        @ ../Drivers/STM32H7xx_HAL_Driver/Src/stm32h7xx_hal_tim_ex.c:1069:5
	tst	r0, r1
	bne	.LBB18_19
	b	.LBB18_16
.LBB18_16:
.Ltmp295:
	.loc	7 1069 5                        @ ../Drivers/STM32H7xx_HAL_Driver/Src/stm32h7xx_hal_tim_ex.c:1069:5
	ldr	r0, [sp, #20]
	ldr	r0, [r0]
	ldr	r0, [r0, #32]
	movw	r1, #1092
.Ltmp296:
	.loc	7 1069 5                        @ ../Drivers/STM32H7xx_HAL_Driver/Src/stm32h7xx_hal_tim_ex.c:1069:5
	tst	r0, r1
	bne	.LBB18_18
	b	.LBB18_17
.LBB18_17:
.Ltmp297:
	.loc	7 1069 5                        @ ../Drivers/STM32H7xx_HAL_Driver/Src/stm32h7xx_hal_tim_ex.c:1069:5
	ldr	r0, [sp, #20]
	ldr	r1, [r0]
	ldr	r0, [r1]
	bic	r0, r0, #1
	str	r0, [r1]
	b	.LBB18_18
.Ltmp298:
.LBB18_18:
	.loc	7 1069 5                        @ ../Drivers/STM32H7xx_HAL_Driver/Src/stm32h7xx_hal_tim_ex.c:1069:5
	b	.LBB18_19
.Ltmp299:
.LBB18_19:
	.loc	7 1069 5                        @ ../Drivers/STM32H7xx_HAL_Driver/Src/stm32h7xx_hal_tim_ex.c:1069:5
	b	.LBB18_20
.Ltmp300:
.LBB18_20:
	.loc	7 1072 5 is_stmt 1              @ ../Drivers/STM32H7xx_HAL_Driver/Src/stm32h7xx_hal_tim_ex.c:1072:5
	ldr	r0, [sp, #16]
	cbnz	r0, .LBB18_22
	b	.LBB18_21
.LBB18_21:
	ldr	r1, [sp, #20]
	movs	r0, #1
	strb.w	r0, [r1, #68]
	b	.LBB18_29
.LBB18_22:
	ldr	r0, [sp, #16]
	cmp	r0, #4
	bne	.LBB18_24
	b	.LBB18_23
.LBB18_23:
	ldr	r1, [sp, #20]
	movs	r0, #1
	strb.w	r0, [r1, #69]
	str	r0, [sp, #4]                    @ 4-byte Spill
	b	.LBB18_28
.LBB18_24:
	ldr	r0, [sp, #16]
	cmp	r0, #8
	bne	.LBB18_26
	b	.LBB18_25
.LBB18_25:
	ldr	r1, [sp, #20]
	movs	r0, #1
	strb.w	r0, [r1, #70]
	str	r0, [sp]                        @ 4-byte Spill
	b	.LBB18_27
.LBB18_26:
	ldr	r1, [sp, #20]
	movs	r0, #1
	strb.w	r0, [r1, #71]
	str	r0, [sp]                        @ 4-byte Spill
	b	.LBB18_27
.LBB18_27:
	ldr	r0, [sp]                        @ 4-byte Reload
	str	r0, [sp, #4]                    @ 4-byte Spill
	b	.LBB18_28
.LBB18_28:
	ldr	r0, [sp, #4]                    @ 4-byte Reload
	b	.LBB18_29
.LBB18_29:
	.loc	7 1073 3                        @ ../Drivers/STM32H7xx_HAL_Driver/Src/stm32h7xx_hal_tim_ex.c:1073:3
	b	.LBB18_30
.Ltmp301:
.LBB18_30:
	.loc	7 1076 10                       @ ../Drivers/STM32H7xx_HAL_Driver/Src/stm32h7xx_hal_tim_ex.c:1076:10
	ldrb.w	r0, [sp, #15]
	.loc	7 1076 3 epilogue_begin is_stmt 0 @ ../Drivers/STM32H7xx_HAL_Driver/Src/stm32h7xx_hal_tim_ex.c:1076:3
	add	sp, #24
	pop	{r7, pc}
.Ltmp302:
.Lfunc_end18:
	.size	HAL_TIMEx_OCN_Stop_DMA, .Lfunc_end18-HAL_TIMEx_OCN_Stop_DMA
	.cfi_endproc
	.cantunwind
	.fnend
                                        @ -- End function
	.section	.text.HAL_TIMEx_PWMN_Start,"ax",%progbits
	.hidden	HAL_TIMEx_PWMN_Start            @ -- Begin function HAL_TIMEx_PWMN_Start
	.globl	HAL_TIMEx_PWMN_Start
	.p2align	3
	.type	HAL_TIMEx_PWMN_Start,%function
	.code	16                              @ @HAL_TIMEx_PWMN_Start
	.thumb_func
HAL_TIMEx_PWMN_Start:
.Lfunc_begin19:
	.loc	7 1113 0 is_stmt 1              @ ../Drivers/STM32H7xx_HAL_Driver/Src/stm32h7xx_hal_tim_ex.c:1113:0
	.fnstart
	.cfi_startproc
@ %bb.0:
	.save	{r7, lr}
	push	{r7, lr}
	.cfi_def_cfa_offset 8
	.cfi_offset lr, -4
	.cfi_offset r7, -8
	.pad	#40
	sub	sp, #40
	.cfi_def_cfa_offset 48
	str	r0, [sp, #32]
	str	r1, [sp, #28]
.Ltmp303:
	.loc	7 1120 7 prologue_end           @ ../Drivers/STM32H7xx_HAL_Driver/Src/stm32h7xx_hal_tim_ex.c:1120:7
	ldr	r0, [sp, #28]
	cbnz	r0, .LBB19_2
	b	.LBB19_1
.LBB19_1:
	ldr	r0, [sp, #32]
	ldrb.w	r0, [r0, #68]
	str	r0, [sp, #20]                   @ 4-byte Spill
	b	.LBB19_9
.LBB19_2:
	ldr	r0, [sp, #28]
	cmp	r0, #4
	bne	.LBB19_4
	b	.LBB19_3
.LBB19_3:
	ldr	r0, [sp, #32]
	ldrb.w	r0, [r0, #69]
	str	r0, [sp, #16]                   @ 4-byte Spill
	b	.LBB19_8
.LBB19_4:
	ldr	r0, [sp, #28]
	cmp	r0, #8
	bne	.LBB19_6
	b	.LBB19_5
.LBB19_5:
	ldr	r0, [sp, #32]
	ldrb.w	r0, [r0, #70]
	str	r0, [sp, #12]                   @ 4-byte Spill
	b	.LBB19_7
.LBB19_6:
	ldr	r0, [sp, #32]
	ldrb.w	r0, [r0, #71]
	str	r0, [sp, #12]                   @ 4-byte Spill
	b	.LBB19_7
.LBB19_7:
	ldr	r0, [sp, #12]                   @ 4-byte Reload
	str	r0, [sp, #16]                   @ 4-byte Spill
	b	.LBB19_8
.LBB19_8:
	ldr	r0, [sp, #16]                   @ 4-byte Reload
	str	r0, [sp, #20]                   @ 4-byte Spill
	b	.LBB19_9
.LBB19_9:
	ldr	r0, [sp, #20]                   @ 4-byte Reload
.Ltmp304:
	.loc	7 1120 7 is_stmt 0              @ ../Drivers/STM32H7xx_HAL_Driver/Src/stm32h7xx_hal_tim_ex.c:1120:7
	cmp	r0, #1
	beq	.LBB19_11
	b	.LBB19_10
.LBB19_10:
	.loc	7 0 7                           @ ../Drivers/STM32H7xx_HAL_Driver/Src/stm32h7xx_hal_tim_ex.c:0:7
	movs	r0, #1
.Ltmp305:
	.loc	7 1122 5 is_stmt 1              @ ../Drivers/STM32H7xx_HAL_Driver/Src/stm32h7xx_hal_tim_ex.c:1122:5
	strb.w	r0, [sp, #39]
	b	.LBB19_36
.Ltmp306:
.LBB19_11:
	.loc	7 1126 3                        @ ../Drivers/STM32H7xx_HAL_Driver/Src/stm32h7xx_hal_tim_ex.c:1126:3
	ldr	r0, [sp, #28]
	cbnz	r0, .LBB19_13
	b	.LBB19_12
.LBB19_12:
	ldr	r1, [sp, #32]
	movs	r0, #2
	strb.w	r0, [r1, #68]
	b	.LBB19_20
.LBB19_13:
	ldr	r0, [sp, #28]
	cmp	r0, #4
	bne	.LBB19_15
	b	.LBB19_14
.LBB19_14:
	ldr	r1, [sp, #32]
	movs	r0, #2
	strb.w	r0, [r1, #69]
	str	r0, [sp, #8]                    @ 4-byte Spill
	b	.LBB19_19
.LBB19_15:
	ldr	r0, [sp, #28]
	cmp	r0, #8
	bne	.LBB19_17
	b	.LBB19_16
.LBB19_16:
	ldr	r1, [sp, #32]
	movs	r0, #2
	strb.w	r0, [r1, #70]
	str	r0, [sp, #4]                    @ 4-byte Spill
	b	.LBB19_18
.LBB19_17:
	ldr	r1, [sp, #32]
	movs	r0, #2
	strb.w	r0, [r1, #71]
	str	r0, [sp, #4]                    @ 4-byte Spill
	b	.LBB19_18
.LBB19_18:
	ldr	r0, [sp, #4]                    @ 4-byte Reload
	str	r0, [sp, #8]                    @ 4-byte Spill
	b	.LBB19_19
.LBB19_19:
	ldr	r0, [sp, #8]                    @ 4-byte Reload
	b	.LBB19_20
.LBB19_20:
	.loc	7 1129 22                       @ ../Drivers/STM32H7xx_HAL_Driver/Src/stm32h7xx_hal_tim_ex.c:1129:22
	ldr	r0, [sp, #32]
	.loc	7 1129 28 is_stmt 0             @ ../Drivers/STM32H7xx_HAL_Driver/Src/stm32h7xx_hal_tim_ex.c:1129:28
	ldr	r0, [r0]
	.loc	7 1129 38                       @ ../Drivers/STM32H7xx_HAL_Driver/Src/stm32h7xx_hal_tim_ex.c:1129:38
	ldr	r1, [sp, #28]
	movs	r2, #4
	.loc	7 1129 3                        @ ../Drivers/STM32H7xx_HAL_Driver/Src/stm32h7xx_hal_tim_ex.c:1129:3
	bl	TIM_CCxNChannelCmd
	.loc	7 1132 3 is_stmt 1              @ ../Drivers/STM32H7xx_HAL_Driver/Src/stm32h7xx_hal_tim_ex.c:1132:3
	ldr	r0, [sp, #32]
	ldr	r1, [r0]
	ldr	r0, [r1, #68]
	orr	r0, r0, #32768
	str	r0, [r1, #68]
.Ltmp307:
	.loc	7 1135 7                        @ ../Drivers/STM32H7xx_HAL_Driver/Src/stm32h7xx_hal_tim_ex.c:1135:7
	ldr	r0, [sp, #32]
	ldr	r0, [r0]
	movs	r1, #0
	movt	r1, #16385
	cmp	r0, r1
	beq	.LBB19_30
	b	.LBB19_21
.LBB19_21:
	ldr	r0, [sp, #32]
	ldr	r0, [r0]
	cmp.w	r0, #1073741824
	beq	.LBB19_30
	b	.LBB19_22
.LBB19_22:
	ldr	r0, [sp, #32]
	ldr	r0, [r0]
	movw	r1, #1024
	movt	r1, #16384
	cmp	r0, r1
	beq	.LBB19_30
	b	.LBB19_23
.LBB19_23:
	ldr	r0, [sp, #32]
	ldr	r0, [r0]
	movw	r1, #2048
	movt	r1, #16384
	cmp	r0, r1
	beq	.LBB19_30
	b	.LBB19_24
.LBB19_24:
	ldr	r0, [sp, #32]
	ldr	r0, [r0]
	movw	r1, #3072
	movt	r1, #16384
	cmp	r0, r1
	beq	.LBB19_30
	b	.LBB19_25
.LBB19_25:
	ldr	r0, [sp, #32]
	ldr	r0, [r0]
	movw	r1, #1024
	movt	r1, #16385
	cmp	r0, r1
	beq	.LBB19_30
	b	.LBB19_26
.LBB19_26:
	ldr	r0, [sp, #32]
	ldr	r0, [r0]
	movw	r1, #6144
	movt	r1, #16384
	cmp	r0, r1
	beq	.LBB19_30
	b	.LBB19_27
.LBB19_27:
	ldr	r0, [sp, #32]
	ldr	r0, [r0]
	movw	r1, #16384
	movt	r1, #16385
	cmp	r0, r1
	beq	.LBB19_30
	b	.LBB19_28
.LBB19_28:
	ldr	r0, [sp, #32]
	ldr	r0, [r0]
	movw	r1, #57344
	movt	r1, #16384
	cmp	r0, r1
	beq	.LBB19_30
	b	.LBB19_29
.LBB19_29:
	ldr	r0, [sp, #32]
	ldr	r0, [r0]
	movw	r1, #58368
	movt	r1, #16384
.Ltmp308:
	.loc	7 1135 7 is_stmt 0              @ ../Drivers/STM32H7xx_HAL_Driver/Src/stm32h7xx_hal_tim_ex.c:1135:7
	cmp	r0, r1
	bne	.LBB19_34
	b	.LBB19_30
.LBB19_30:
.Ltmp309:
	.loc	7 1137 15 is_stmt 1             @ ../Drivers/STM32H7xx_HAL_Driver/Src/stm32h7xx_hal_tim_ex.c:1137:15
	ldr	r0, [sp, #32]
	.loc	7 1137 21 is_stmt 0             @ ../Drivers/STM32H7xx_HAL_Driver/Src/stm32h7xx_hal_tim_ex.c:1137:21
	ldr	r0, [r0]
	.loc	7 1137 31                       @ ../Drivers/STM32H7xx_HAL_Driver/Src/stm32h7xx_hal_tim_ex.c:1137:31
	ldr	r0, [r0, #8]
	movs	r1, #7
	movt	r1, #1
	.loc	7 1137 36                       @ ../Drivers/STM32H7xx_HAL_Driver/Src/stm32h7xx_hal_tim_ex.c:1137:36
	ands	r0, r1
	.loc	7 1137 13                       @ ../Drivers/STM32H7xx_HAL_Driver/Src/stm32h7xx_hal_tim_ex.c:1137:13
	str	r0, [sp, #24]
.Ltmp310:
	.loc	7 1138 10 is_stmt 1             @ ../Drivers/STM32H7xx_HAL_Driver/Src/stm32h7xx_hal_tim_ex.c:1138:10
	ldr	r0, [sp, #24]
	cmp	r0, #6
	beq	.LBB19_33
	b	.LBB19_31
.LBB19_31:
	ldr	r0, [sp, #24]
.Ltmp311:
	.loc	7 1138 9 is_stmt 0              @ ../Drivers/STM32H7xx_HAL_Driver/Src/stm32h7xx_hal_tim_ex.c:1138:9
	cmp.w	r0, #65536
	beq	.LBB19_33
	b	.LBB19_32
.LBB19_32:
.Ltmp312:
	.loc	7 1140 7 is_stmt 1              @ ../Drivers/STM32H7xx_HAL_Driver/Src/stm32h7xx_hal_tim_ex.c:1140:7
	ldr	r0, [sp, #32]
	ldr	r1, [r0]
	ldr	r0, [r1]
	orr	r0, r0, #1
	str	r0, [r1]
	.loc	7 1141 5                        @ ../Drivers/STM32H7xx_HAL_Driver/Src/stm32h7xx_hal_tim_ex.c:1141:5
	b	.LBB19_33
.Ltmp313:
.LBB19_33:
	.loc	7 1142 3                        @ ../Drivers/STM32H7xx_HAL_Driver/Src/stm32h7xx_hal_tim_ex.c:1142:3
	b	.LBB19_35
.Ltmp314:
.LBB19_34:
	.loc	7 1145 5                        @ ../Drivers/STM32H7xx_HAL_Driver/Src/stm32h7xx_hal_tim_ex.c:1145:5
	ldr	r0, [sp, #32]
	ldr	r1, [r0]
	ldr	r0, [r1]
	orr	r0, r0, #1
	str	r0, [r1]
	b	.LBB19_35
.Ltmp315:
.LBB19_35:
	.loc	7 0 5 is_stmt 0                 @ ../Drivers/STM32H7xx_HAL_Driver/Src/stm32h7xx_hal_tim_ex.c:0:5
	movs	r0, #0
	.loc	7 1149 3 is_stmt 1              @ ../Drivers/STM32H7xx_HAL_Driver/Src/stm32h7xx_hal_tim_ex.c:1149:3
	strb.w	r0, [sp, #39]
	b	.LBB19_36
.LBB19_36:
	.loc	7 1150 1                        @ ../Drivers/STM32H7xx_HAL_Driver/Src/stm32h7xx_hal_tim_ex.c:1150:1
	ldrb.w	r0, [sp, #39]
	.loc	7 1150 1 epilogue_begin is_stmt 0 @ ../Drivers/STM32H7xx_HAL_Driver/Src/stm32h7xx_hal_tim_ex.c:1150:1
	add	sp, #40
	pop	{r7, pc}
.Ltmp316:
.Lfunc_end19:
	.size	HAL_TIMEx_PWMN_Start, .Lfunc_end19-HAL_TIMEx_PWMN_Start
	.cfi_endproc
	.cantunwind
	.fnend
                                        @ -- End function
	.section	.text.HAL_TIMEx_PWMN_Stop,"ax",%progbits
	.hidden	HAL_TIMEx_PWMN_Stop             @ -- Begin function HAL_TIMEx_PWMN_Stop
	.globl	HAL_TIMEx_PWMN_Stop
	.p2align	3
	.type	HAL_TIMEx_PWMN_Stop,%function
	.code	16                              @ @HAL_TIMEx_PWMN_Stop
	.thumb_func
HAL_TIMEx_PWMN_Stop:
.Lfunc_begin20:
	.loc	7 1163 0 is_stmt 1              @ ../Drivers/STM32H7xx_HAL_Driver/Src/stm32h7xx_hal_tim_ex.c:1163:0
	.fnstart
	.cfi_startproc
@ %bb.0:
	.save	{r7, lr}
	push	{r7, lr}
	.cfi_def_cfa_offset 8
	.cfi_offset lr, -4
	.cfi_offset r7, -8
	.pad	#16
	sub	sp, #16
	.cfi_def_cfa_offset 24
	str	r0, [sp, #12]
	str	r1, [sp, #8]
.Ltmp317:
	.loc	7 1168 22 prologue_end          @ ../Drivers/STM32H7xx_HAL_Driver/Src/stm32h7xx_hal_tim_ex.c:1168:22
	ldr	r0, [sp, #12]
	.loc	7 1168 28 is_stmt 0             @ ../Drivers/STM32H7xx_HAL_Driver/Src/stm32h7xx_hal_tim_ex.c:1168:28
	ldr	r0, [r0]
	.loc	7 1168 38                       @ ../Drivers/STM32H7xx_HAL_Driver/Src/stm32h7xx_hal_tim_ex.c:1168:38
	ldr	r1, [sp, #8]
	movs	r2, #0
	.loc	7 1168 3                        @ ../Drivers/STM32H7xx_HAL_Driver/Src/stm32h7xx_hal_tim_ex.c:1168:3
	bl	TIM_CCxNChannelCmd
	.loc	7 1171 3 is_stmt 1              @ ../Drivers/STM32H7xx_HAL_Driver/Src/stm32h7xx_hal_tim_ex.c:1171:3
	b	.LBB20_1
.LBB20_1:
.Ltmp318:
	.loc	7 1171 3 is_stmt 0              @ ../Drivers/STM32H7xx_HAL_Driver/Src/stm32h7xx_hal_tim_ex.c:1171:3
	ldr	r0, [sp, #12]
	ldr	r0, [r0]
	ldr	r0, [r0, #32]
	movw	r1, #4369
.Ltmp319:
	.loc	7 1171 3                        @ ../Drivers/STM32H7xx_HAL_Driver/Src/stm32h7xx_hal_tim_ex.c:1171:3
	tst	r0, r1
	bne	.LBB20_5
	b	.LBB20_2
.LBB20_2:
.Ltmp320:
	.loc	7 1171 3                        @ ../Drivers/STM32H7xx_HAL_Driver/Src/stm32h7xx_hal_tim_ex.c:1171:3
	ldr	r0, [sp, #12]
	ldr	r0, [r0]
	ldr	r0, [r0, #32]
	movw	r1, #1092
.Ltmp321:
	.loc	7 1171 3                        @ ../Drivers/STM32H7xx_HAL_Driver/Src/stm32h7xx_hal_tim_ex.c:1171:3
	tst	r0, r1
	bne	.LBB20_4
	b	.LBB20_3
.LBB20_3:
.Ltmp322:
	.loc	7 1171 3                        @ ../Drivers/STM32H7xx_HAL_Driver/Src/stm32h7xx_hal_tim_ex.c:1171:3
	ldr	r0, [sp, #12]
	ldr	r1, [r0]
	ldr	r0, [r1, #68]
	bic	r0, r0, #32768
	str	r0, [r1, #68]
	b	.LBB20_4
.Ltmp323:
.LBB20_4:
	.loc	7 1171 3                        @ ../Drivers/STM32H7xx_HAL_Driver/Src/stm32h7xx_hal_tim_ex.c:1171:3
	b	.LBB20_5
.Ltmp324:
.LBB20_5:
	.loc	7 1171 3                        @ ../Drivers/STM32H7xx_HAL_Driver/Src/stm32h7xx_hal_tim_ex.c:1171:3
	b	.LBB20_6
.Ltmp325:
.LBB20_6:
	.loc	7 1174 3 is_stmt 1              @ ../Drivers/STM32H7xx_HAL_Driver/Src/stm32h7xx_hal_tim_ex.c:1174:3
	b	.LBB20_7
.LBB20_7:
.Ltmp326:
	.loc	7 1174 3 is_stmt 0              @ ../Drivers/STM32H7xx_HAL_Driver/Src/stm32h7xx_hal_tim_ex.c:1174:3
	ldr	r0, [sp, #12]
	ldr	r0, [r0]
	ldr	r0, [r0, #32]
	movw	r1, #4369
.Ltmp327:
	.loc	7 1174 3                        @ ../Drivers/STM32H7xx_HAL_Driver/Src/stm32h7xx_hal_tim_ex.c:1174:3
	tst	r0, r1
	bne	.LBB20_11
	b	.LBB20_8
.LBB20_8:
.Ltmp328:
	.loc	7 1174 3                        @ ../Drivers/STM32H7xx_HAL_Driver/Src/stm32h7xx_hal_tim_ex.c:1174:3
	ldr	r0, [sp, #12]
	ldr	r0, [r0]
	ldr	r0, [r0, #32]
	movw	r1, #1092
.Ltmp329:
	.loc	7 1174 3                        @ ../Drivers/STM32H7xx_HAL_Driver/Src/stm32h7xx_hal_tim_ex.c:1174:3
	tst	r0, r1
	bne	.LBB20_10
	b	.LBB20_9
.LBB20_9:
.Ltmp330:
	.loc	7 1174 3                        @ ../Drivers/STM32H7xx_HAL_Driver/Src/stm32h7xx_hal_tim_ex.c:1174:3
	ldr	r0, [sp, #12]
	ldr	r1, [r0]
	ldr	r0, [r1]
	bic	r0, r0, #1
	str	r0, [r1]
	b	.LBB20_10
.Ltmp331:
.LBB20_10:
	.loc	7 1174 3                        @ ../Drivers/STM32H7xx_HAL_Driver/Src/stm32h7xx_hal_tim_ex.c:1174:3
	b	.LBB20_11
.Ltmp332:
.LBB20_11:
	.loc	7 1174 3                        @ ../Drivers/STM32H7xx_HAL_Driver/Src/stm32h7xx_hal_tim_ex.c:1174:3
	b	.LBB20_12
.Ltmp333:
.LBB20_12:
	.loc	7 1177 3 is_stmt 1              @ ../Drivers/STM32H7xx_HAL_Driver/Src/stm32h7xx_hal_tim_ex.c:1177:3
	ldr	r0, [sp, #8]
	cbnz	r0, .LBB20_14
	b	.LBB20_13
.LBB20_13:
	ldr	r1, [sp, #12]
	movs	r0, #1
	strb.w	r0, [r1, #68]
	b	.LBB20_21
.LBB20_14:
	ldr	r0, [sp, #8]
	cmp	r0, #4
	bne	.LBB20_16
	b	.LBB20_15
.LBB20_15:
	ldr	r1, [sp, #12]
	movs	r0, #1
	strb.w	r0, [r1, #69]
	str	r0, [sp, #4]                    @ 4-byte Spill
	b	.LBB20_20
.LBB20_16:
	ldr	r0, [sp, #8]
	cmp	r0, #8
	bne	.LBB20_18
	b	.LBB20_17
.LBB20_17:
	ldr	r1, [sp, #12]
	movs	r0, #1
	strb.w	r0, [r1, #70]
	str	r0, [sp]                        @ 4-byte Spill
	b	.LBB20_19
.LBB20_18:
	ldr	r1, [sp, #12]
	movs	r0, #1
	strb.w	r0, [r1, #71]
	str	r0, [sp]                        @ 4-byte Spill
	b	.LBB20_19
.LBB20_19:
	ldr	r0, [sp]                        @ 4-byte Reload
	str	r0, [sp, #4]                    @ 4-byte Spill
	b	.LBB20_20
.LBB20_20:
	ldr	r0, [sp, #4]                    @ 4-byte Reload
	b	.LBB20_21
.LBB20_21:
	.loc	7 0 3 is_stmt 0                 @ ../Drivers/STM32H7xx_HAL_Driver/Src/stm32h7xx_hal_tim_ex.c:0:3
	movs	r0, #0
	.loc	7 1180 3 epilogue_begin is_stmt 1 @ ../Drivers/STM32H7xx_HAL_Driver/Src/stm32h7xx_hal_tim_ex.c:1180:3
	add	sp, #16
	pop	{r7, pc}
.Ltmp334:
.Lfunc_end20:
	.size	HAL_TIMEx_PWMN_Stop, .Lfunc_end20-HAL_TIMEx_PWMN_Stop
	.cfi_endproc
	.cantunwind
	.fnend
                                        @ -- End function
	.section	.text.HAL_TIMEx_PWMN_Start_IT,"ax",%progbits
	.hidden	HAL_TIMEx_PWMN_Start_IT         @ -- Begin function HAL_TIMEx_PWMN_Start_IT
	.globl	HAL_TIMEx_PWMN_Start_IT
	.p2align	3
	.type	HAL_TIMEx_PWMN_Start_IT,%function
	.code	16                              @ @HAL_TIMEx_PWMN_Start_IT
	.thumb_func
HAL_TIMEx_PWMN_Start_IT:
.Lfunc_begin21:
	.loc	7 1195 0                        @ ../Drivers/STM32H7xx_HAL_Driver/Src/stm32h7xx_hal_tim_ex.c:1195:0
	.fnstart
	.cfi_startproc
@ %bb.0:
	.save	{r7, lr}
	push	{r7, lr}
	.cfi_def_cfa_offset 8
	.cfi_offset lr, -4
	.cfi_offset r7, -8
	.pad	#48
	sub	sp, #48
	.cfi_def_cfa_offset 56
	str	r0, [sp, #40]
	str	r1, [sp, #36]
	movs	r0, #0
.Ltmp335:
	.loc	7 1196 21 prologue_end          @ ../Drivers/STM32H7xx_HAL_Driver/Src/stm32h7xx_hal_tim_ex.c:1196:21
	strb.w	r0, [sp, #35]
.Ltmp336:
	.loc	7 1203 7                        @ ../Drivers/STM32H7xx_HAL_Driver/Src/stm32h7xx_hal_tim_ex.c:1203:7
	ldr	r0, [sp, #36]
	cbnz	r0, .LBB21_2
	b	.LBB21_1
.LBB21_1:
	ldr	r0, [sp, #40]
	ldrb.w	r0, [r0, #68]
	str	r0, [sp, #24]                   @ 4-byte Spill
	b	.LBB21_9
.LBB21_2:
	ldr	r0, [sp, #36]
	cmp	r0, #4
	bne	.LBB21_4
	b	.LBB21_3
.LBB21_3:
	ldr	r0, [sp, #40]
	ldrb.w	r0, [r0, #69]
	str	r0, [sp, #20]                   @ 4-byte Spill
	b	.LBB21_8
.LBB21_4:
	ldr	r0, [sp, #36]
	cmp	r0, #8
	bne	.LBB21_6
	b	.LBB21_5
.LBB21_5:
	ldr	r0, [sp, #40]
	ldrb.w	r0, [r0, #70]
	str	r0, [sp, #16]                   @ 4-byte Spill
	b	.LBB21_7
.LBB21_6:
	ldr	r0, [sp, #40]
	ldrb.w	r0, [r0, #71]
	str	r0, [sp, #16]                   @ 4-byte Spill
	b	.LBB21_7
.LBB21_7:
	ldr	r0, [sp, #16]                   @ 4-byte Reload
	str	r0, [sp, #20]                   @ 4-byte Spill
	b	.LBB21_8
.LBB21_8:
	ldr	r0, [sp, #20]                   @ 4-byte Reload
	str	r0, [sp, #24]                   @ 4-byte Spill
	b	.LBB21_9
.LBB21_9:
	ldr	r0, [sp, #24]                   @ 4-byte Reload
.Ltmp337:
	.loc	7 1203 7 is_stmt 0              @ ../Drivers/STM32H7xx_HAL_Driver/Src/stm32h7xx_hal_tim_ex.c:1203:7
	cmp	r0, #1
	beq	.LBB21_11
	b	.LBB21_10
.LBB21_10:
	.loc	7 0 7                           @ ../Drivers/STM32H7xx_HAL_Driver/Src/stm32h7xx_hal_tim_ex.c:0:7
	movs	r0, #1
.Ltmp338:
	.loc	7 1205 5 is_stmt 1              @ ../Drivers/STM32H7xx_HAL_Driver/Src/stm32h7xx_hal_tim_ex.c:1205:5
	strb.w	r0, [sp, #47]
	b	.LBB21_45
.Ltmp339:
.LBB21_11:
	.loc	7 1209 3                        @ ../Drivers/STM32H7xx_HAL_Driver/Src/stm32h7xx_hal_tim_ex.c:1209:3
	ldr	r0, [sp, #36]
	cbnz	r0, .LBB21_13
	b	.LBB21_12
.LBB21_12:
	ldr	r1, [sp, #40]
	movs	r0, #2
	strb.w	r0, [r1, #68]
	b	.LBB21_20
.LBB21_13:
	ldr	r0, [sp, #36]
	cmp	r0, #4
	bne	.LBB21_15
	b	.LBB21_14
.LBB21_14:
	ldr	r1, [sp, #40]
	movs	r0, #2
	strb.w	r0, [r1, #69]
	str	r0, [sp, #12]                   @ 4-byte Spill
	b	.LBB21_19
.LBB21_15:
	ldr	r0, [sp, #36]
	cmp	r0, #8
	bne	.LBB21_17
	b	.LBB21_16
.LBB21_16:
	ldr	r1, [sp, #40]
	movs	r0, #2
	strb.w	r0, [r1, #70]
	str	r0, [sp, #8]                    @ 4-byte Spill
	b	.LBB21_18
.LBB21_17:
	ldr	r1, [sp, #40]
	movs	r0, #2
	strb.w	r0, [r1, #71]
	str	r0, [sp, #8]                    @ 4-byte Spill
	b	.LBB21_18
.LBB21_18:
	ldr	r0, [sp, #8]                    @ 4-byte Reload
	str	r0, [sp, #12]                   @ 4-byte Spill
	b	.LBB21_19
.LBB21_19:
	ldr	r0, [sp, #12]                   @ 4-byte Reload
	b	.LBB21_20
.LBB21_20:
	.loc	7 1211 11                       @ ../Drivers/STM32H7xx_HAL_Driver/Src/stm32h7xx_hal_tim_ex.c:1211:11
	ldr	r0, [sp, #36]
	.loc	7 1211 3 is_stmt 0              @ ../Drivers/STM32H7xx_HAL_Driver/Src/stm32h7xx_hal_tim_ex.c:1211:3
	str	r0, [sp, #4]                    @ 4-byte Spill
	cbz	r0, .LBB21_23
	b	.LBB21_21
.LBB21_21:
	ldr	r0, [sp, #4]                    @ 4-byte Reload
	cmp	r0, #4
	beq	.LBB21_24
	b	.LBB21_22
.LBB21_22:
	ldr	r0, [sp, #4]                    @ 4-byte Reload
	cmp	r0, #8
	beq	.LBB21_25
	b	.LBB21_26
.LBB21_23:
.Ltmp340:
	.loc	7 1216 7 is_stmt 1              @ ../Drivers/STM32H7xx_HAL_Driver/Src/stm32h7xx_hal_tim_ex.c:1216:7
	ldr	r0, [sp, #40]
	ldr	r1, [r0]
	ldr	r0, [r1, #12]
	orr	r0, r0, #2
	str	r0, [r1, #12]
	.loc	7 1217 7                        @ ../Drivers/STM32H7xx_HAL_Driver/Src/stm32h7xx_hal_tim_ex.c:1217:7
	b	.LBB21_27
.Ltmp341:
.LBB21_24:
	.loc	7 1223 7                        @ ../Drivers/STM32H7xx_HAL_Driver/Src/stm32h7xx_hal_tim_ex.c:1223:7
	ldr	r0, [sp, #40]
	ldr	r1, [r0]
	ldr	r0, [r1, #12]
	orr	r0, r0, #4
	str	r0, [r1, #12]
	.loc	7 1224 7                        @ ../Drivers/STM32H7xx_HAL_Driver/Src/stm32h7xx_hal_tim_ex.c:1224:7
	b	.LBB21_27
.Ltmp342:
.LBB21_25:
	.loc	7 1230 7                        @ ../Drivers/STM32H7xx_HAL_Driver/Src/stm32h7xx_hal_tim_ex.c:1230:7
	ldr	r0, [sp, #40]
	ldr	r1, [r0]
	ldr	r0, [r1, #12]
	orr	r0, r0, #8
	str	r0, [r1, #12]
	.loc	7 1231 7                        @ ../Drivers/STM32H7xx_HAL_Driver/Src/stm32h7xx_hal_tim_ex.c:1231:7
	b	.LBB21_27
.Ltmp343:
.LBB21_26:
	.loc	7 0 7 is_stmt 0                 @ ../Drivers/STM32H7xx_HAL_Driver/Src/stm32h7xx_hal_tim_ex.c:0:7
	movs	r0, #1
	.loc	7 1235 14 is_stmt 1             @ ../Drivers/STM32H7xx_HAL_Driver/Src/stm32h7xx_hal_tim_ex.c:1235:14
	strb.w	r0, [sp, #35]
	.loc	7 1236 7                        @ ../Drivers/STM32H7xx_HAL_Driver/Src/stm32h7xx_hal_tim_ex.c:1236:7
	b	.LBB21_27
.Ltmp344:
.LBB21_27:
	.loc	7 1239 7                        @ ../Drivers/STM32H7xx_HAL_Driver/Src/stm32h7xx_hal_tim_ex.c:1239:7
	ldrb.w	r0, [sp, #35]
.Ltmp345:
	.loc	7 1239 7 is_stmt 0              @ ../Drivers/STM32H7xx_HAL_Driver/Src/stm32h7xx_hal_tim_ex.c:1239:7
	cmp	r0, #0
	bne.w	.LBB21_44
	b	.LBB21_28
.LBB21_28:
.Ltmp346:
	.loc	7 1242 5 is_stmt 1              @ ../Drivers/STM32H7xx_HAL_Driver/Src/stm32h7xx_hal_tim_ex.c:1242:5
	ldr	r0, [sp, #40]
	ldr	r1, [r0]
	ldr	r0, [r1, #12]
	orr	r0, r0, #128
	str	r0, [r1, #12]
	.loc	7 1245 24                       @ ../Drivers/STM32H7xx_HAL_Driver/Src/stm32h7xx_hal_tim_ex.c:1245:24
	ldr	r0, [sp, #40]
	.loc	7 1245 30 is_stmt 0             @ ../Drivers/STM32H7xx_HAL_Driver/Src/stm32h7xx_hal_tim_ex.c:1245:30
	ldr	r0, [r0]
	.loc	7 1245 40                       @ ../Drivers/STM32H7xx_HAL_Driver/Src/stm32h7xx_hal_tim_ex.c:1245:40
	ldr	r1, [sp, #36]
	movs	r2, #4
	.loc	7 1245 5                        @ ../Drivers/STM32H7xx_HAL_Driver/Src/stm32h7xx_hal_tim_ex.c:1245:5
	bl	TIM_CCxNChannelCmd
	.loc	7 1248 5 is_stmt 1              @ ../Drivers/STM32H7xx_HAL_Driver/Src/stm32h7xx_hal_tim_ex.c:1248:5
	ldr	r0, [sp, #40]
	ldr	r1, [r0]
	ldr	r0, [r1, #68]
	orr	r0, r0, #32768
	str	r0, [r1, #68]
.Ltmp347:
	.loc	7 1251 9                        @ ../Drivers/STM32H7xx_HAL_Driver/Src/stm32h7xx_hal_tim_ex.c:1251:9
	ldr	r0, [sp, #40]
	ldr	r0, [r0]
	movs	r1, #0
	movt	r1, #16385
	cmp	r0, r1
	beq	.LBB21_38
	b	.LBB21_29
.LBB21_29:
	ldr	r0, [sp, #40]
	ldr	r0, [r0]
	cmp.w	r0, #1073741824
	beq	.LBB21_38
	b	.LBB21_30
.LBB21_30:
	ldr	r0, [sp, #40]
	ldr	r0, [r0]
	movw	r1, #1024
	movt	r1, #16384
	cmp	r0, r1
	beq	.LBB21_38
	b	.LBB21_31
.LBB21_31:
	ldr	r0, [sp, #40]
	ldr	r0, [r0]
	movw	r1, #2048
	movt	r1, #16384
	cmp	r0, r1
	beq	.LBB21_38
	b	.LBB21_32
.LBB21_32:
	ldr	r0, [sp, #40]
	ldr	r0, [r0]
	movw	r1, #3072
	movt	r1, #16384
	cmp	r0, r1
	beq	.LBB21_38
	b	.LBB21_33
.LBB21_33:
	ldr	r0, [sp, #40]
	ldr	r0, [r0]
	movw	r1, #1024
	movt	r1, #16385
	cmp	r0, r1
	beq	.LBB21_38
	b	.LBB21_34
.LBB21_34:
	ldr	r0, [sp, #40]
	ldr	r0, [r0]
	movw	r1, #6144
	movt	r1, #16384
	cmp	r0, r1
	beq	.LBB21_38
	b	.LBB21_35
.LBB21_35:
	ldr	r0, [sp, #40]
	ldr	r0, [r0]
	movw	r1, #16384
	movt	r1, #16385
	cmp	r0, r1
	beq	.LBB21_38
	b	.LBB21_36
.LBB21_36:
	ldr	r0, [sp, #40]
	ldr	r0, [r0]
	movw	r1, #57344
	movt	r1, #16384
	cmp	r0, r1
	beq	.LBB21_38
	b	.LBB21_37
.LBB21_37:
	ldr	r0, [sp, #40]
	ldr	r0, [r0]
	movw	r1, #58368
	movt	r1, #16384
.Ltmp348:
	.loc	7 1251 9 is_stmt 0              @ ../Drivers/STM32H7xx_HAL_Driver/Src/stm32h7xx_hal_tim_ex.c:1251:9
	cmp	r0, r1
	bne	.LBB21_42
	b	.LBB21_38
.LBB21_38:
.Ltmp349:
	.loc	7 1253 17 is_stmt 1             @ ../Drivers/STM32H7xx_HAL_Driver/Src/stm32h7xx_hal_tim_ex.c:1253:17
	ldr	r0, [sp, #40]
	.loc	7 1253 23 is_stmt 0             @ ../Drivers/STM32H7xx_HAL_Driver/Src/stm32h7xx_hal_tim_ex.c:1253:23
	ldr	r0, [r0]
	.loc	7 1253 33                       @ ../Drivers/STM32H7xx_HAL_Driver/Src/stm32h7xx_hal_tim_ex.c:1253:33
	ldr	r0, [r0, #8]
	movs	r1, #7
	movt	r1, #1
	.loc	7 1253 38                       @ ../Drivers/STM32H7xx_HAL_Driver/Src/stm32h7xx_hal_tim_ex.c:1253:38
	ands	r0, r1
	.loc	7 1253 15                       @ ../Drivers/STM32H7xx_HAL_Driver/Src/stm32h7xx_hal_tim_ex.c:1253:15
	str	r0, [sp, #28]
.Ltmp350:
	.loc	7 1254 12 is_stmt 1             @ ../Drivers/STM32H7xx_HAL_Driver/Src/stm32h7xx_hal_tim_ex.c:1254:12
	ldr	r0, [sp, #28]
	cmp	r0, #6
	beq	.LBB21_41
	b	.LBB21_39
.LBB21_39:
	ldr	r0, [sp, #28]
.Ltmp351:
	.loc	7 1254 11 is_stmt 0             @ ../Drivers/STM32H7xx_HAL_Driver/Src/stm32h7xx_hal_tim_ex.c:1254:11
	cmp.w	r0, #65536
	beq	.LBB21_41
	b	.LBB21_40
.LBB21_40:
.Ltmp352:
	.loc	7 1256 9 is_stmt 1              @ ../Drivers/STM32H7xx_HAL_Driver/Src/stm32h7xx_hal_tim_ex.c:1256:9
	ldr	r0, [sp, #40]
	ldr	r1, [r0]
	ldr	r0, [r1]
	orr	r0, r0, #1
	str	r0, [r1]
	.loc	7 1257 7                        @ ../Drivers/STM32H7xx_HAL_Driver/Src/stm32h7xx_hal_tim_ex.c:1257:7
	b	.LBB21_41
.Ltmp353:
.LBB21_41:
	.loc	7 1258 5                        @ ../Drivers/STM32H7xx_HAL_Driver/Src/stm32h7xx_hal_tim_ex.c:1258:5
	b	.LBB21_43
.Ltmp354:
.LBB21_42:
	.loc	7 1261 7                        @ ../Drivers/STM32H7xx_HAL_Driver/Src/stm32h7xx_hal_tim_ex.c:1261:7
	ldr	r0, [sp, #40]
	ldr	r1, [r0]
	ldr	r0, [r1]
	orr	r0, r0, #1
	str	r0, [r1]
	b	.LBB21_43
.Ltmp355:
.LBB21_43:
	.loc	7 1263 3                        @ ../Drivers/STM32H7xx_HAL_Driver/Src/stm32h7xx_hal_tim_ex.c:1263:3
	b	.LBB21_44
.Ltmp356:
.LBB21_44:
	.loc	7 1266 10                       @ ../Drivers/STM32H7xx_HAL_Driver/Src/stm32h7xx_hal_tim_ex.c:1266:10
	ldrb.w	r0, [sp, #35]
	.loc	7 1266 3 is_stmt 0              @ ../Drivers/STM32H7xx_HAL_Driver/Src/stm32h7xx_hal_tim_ex.c:1266:3
	strb.w	r0, [sp, #47]
	b	.LBB21_45
.LBB21_45:
	.loc	7 1267 1 is_stmt 1              @ ../Drivers/STM32H7xx_HAL_Driver/Src/stm32h7xx_hal_tim_ex.c:1267:1
	ldrb.w	r0, [sp, #47]
	.loc	7 1267 1 epilogue_begin is_stmt 0 @ ../Drivers/STM32H7xx_HAL_Driver/Src/stm32h7xx_hal_tim_ex.c:1267:1
	add	sp, #48
	pop	{r7, pc}
.Ltmp357:
.Lfunc_end21:
	.size	HAL_TIMEx_PWMN_Start_IT, .Lfunc_end21-HAL_TIMEx_PWMN_Start_IT
	.cfi_endproc
	.cantunwind
	.fnend
                                        @ -- End function
	.section	.text.HAL_TIMEx_PWMN_Stop_IT,"ax",%progbits
	.hidden	HAL_TIMEx_PWMN_Stop_IT          @ -- Begin function HAL_TIMEx_PWMN_Stop_IT
	.globl	HAL_TIMEx_PWMN_Stop_IT
	.p2align	3
	.type	HAL_TIMEx_PWMN_Stop_IT,%function
	.code	16                              @ @HAL_TIMEx_PWMN_Stop_IT
	.thumb_func
HAL_TIMEx_PWMN_Stop_IT:
.Lfunc_begin22:
	.loc	7 1281 0 is_stmt 1              @ ../Drivers/STM32H7xx_HAL_Driver/Src/stm32h7xx_hal_tim_ex.c:1281:0
	.fnstart
	.cfi_startproc
@ %bb.0:
	.save	{r7, lr}
	push	{r7, lr}
	.cfi_def_cfa_offset 8
	.cfi_offset lr, -4
	.cfi_offset r7, -8
	.pad	#32
	sub	sp, #32
	.cfi_def_cfa_offset 40
	str	r0, [sp, #28]
	str	r1, [sp, #24]
	movs	r0, #0
.Ltmp358:
	.loc	7 1282 21 prologue_end          @ ../Drivers/STM32H7xx_HAL_Driver/Src/stm32h7xx_hal_tim_ex.c:1282:21
	strb.w	r0, [sp, #23]
	.loc	7 1288 11                       @ ../Drivers/STM32H7xx_HAL_Driver/Src/stm32h7xx_hal_tim_ex.c:1288:11
	ldr	r0, [sp, #24]
	.loc	7 1288 3 is_stmt 0              @ ../Drivers/STM32H7xx_HAL_Driver/Src/stm32h7xx_hal_tim_ex.c:1288:3
	str	r0, [sp, #12]                   @ 4-byte Spill
	cbz	r0, .LBB22_3
	b	.LBB22_1
.LBB22_1:
	ldr	r0, [sp, #12]                   @ 4-byte Reload
	cmp	r0, #4
	beq	.LBB22_4
	b	.LBB22_2
.LBB22_2:
	ldr	r0, [sp, #12]                   @ 4-byte Reload
	cmp	r0, #8
	beq	.LBB22_5
	b	.LBB22_6
.LBB22_3:
.Ltmp359:
	.loc	7 1293 7 is_stmt 1              @ ../Drivers/STM32H7xx_HAL_Driver/Src/stm32h7xx_hal_tim_ex.c:1293:7
	ldr	r0, [sp, #28]
	ldr	r1, [r0]
	ldr	r0, [r1, #12]
	bic	r0, r0, #2
	str	r0, [r1, #12]
	.loc	7 1294 7                        @ ../Drivers/STM32H7xx_HAL_Driver/Src/stm32h7xx_hal_tim_ex.c:1294:7
	b	.LBB22_7
.Ltmp360:
.LBB22_4:
	.loc	7 1300 7                        @ ../Drivers/STM32H7xx_HAL_Driver/Src/stm32h7xx_hal_tim_ex.c:1300:7
	ldr	r0, [sp, #28]
	ldr	r1, [r0]
	ldr	r0, [r1, #12]
	bic	r0, r0, #4
	str	r0, [r1, #12]
	.loc	7 1301 7                        @ ../Drivers/STM32H7xx_HAL_Driver/Src/stm32h7xx_hal_tim_ex.c:1301:7
	b	.LBB22_7
.Ltmp361:
.LBB22_5:
	.loc	7 1307 7                        @ ../Drivers/STM32H7xx_HAL_Driver/Src/stm32h7xx_hal_tim_ex.c:1307:7
	ldr	r0, [sp, #28]
	ldr	r1, [r0]
	ldr	r0, [r1, #12]
	bic	r0, r0, #8
	str	r0, [r1, #12]
	.loc	7 1308 7                        @ ../Drivers/STM32H7xx_HAL_Driver/Src/stm32h7xx_hal_tim_ex.c:1308:7
	b	.LBB22_7
.Ltmp362:
.LBB22_6:
	.loc	7 0 7 is_stmt 0                 @ ../Drivers/STM32H7xx_HAL_Driver/Src/stm32h7xx_hal_tim_ex.c:0:7
	movs	r0, #1
	.loc	7 1312 14 is_stmt 1             @ ../Drivers/STM32H7xx_HAL_Driver/Src/stm32h7xx_hal_tim_ex.c:1312:14
	strb.w	r0, [sp, #23]
	.loc	7 1313 7                        @ ../Drivers/STM32H7xx_HAL_Driver/Src/stm32h7xx_hal_tim_ex.c:1313:7
	b	.LBB22_7
.Ltmp363:
.LBB22_7:
	.loc	7 1316 7                        @ ../Drivers/STM32H7xx_HAL_Driver/Src/stm32h7xx_hal_tim_ex.c:1316:7
	ldrb.w	r0, [sp, #23]
.Ltmp364:
	.loc	7 1316 7 is_stmt 0              @ ../Drivers/STM32H7xx_HAL_Driver/Src/stm32h7xx_hal_tim_ex.c:1316:7
	cmp	r0, #0
	bne	.LBB22_32
	b	.LBB22_8
.LBB22_8:
.Ltmp365:
	.loc	7 1319 24 is_stmt 1             @ ../Drivers/STM32H7xx_HAL_Driver/Src/stm32h7xx_hal_tim_ex.c:1319:24
	ldr	r0, [sp, #28]
	.loc	7 1319 30 is_stmt 0             @ ../Drivers/STM32H7xx_HAL_Driver/Src/stm32h7xx_hal_tim_ex.c:1319:30
	ldr	r0, [r0]
	.loc	7 1319 40                       @ ../Drivers/STM32H7xx_HAL_Driver/Src/stm32h7xx_hal_tim_ex.c:1319:40
	ldr	r1, [sp, #24]
	movs	r2, #0
	.loc	7 1319 5                        @ ../Drivers/STM32H7xx_HAL_Driver/Src/stm32h7xx_hal_tim_ex.c:1319:5
	bl	TIM_CCxNChannelCmd
	.loc	7 1322 15 is_stmt 1             @ ../Drivers/STM32H7xx_HAL_Driver/Src/stm32h7xx_hal_tim_ex.c:1322:15
	ldr	r0, [sp, #28]
	.loc	7 1322 21 is_stmt 0             @ ../Drivers/STM32H7xx_HAL_Driver/Src/stm32h7xx_hal_tim_ex.c:1322:21
	ldr	r0, [r0]
	.loc	7 1322 31                       @ ../Drivers/STM32H7xx_HAL_Driver/Src/stm32h7xx_hal_tim_ex.c:1322:31
	ldr	r0, [r0, #32]
	.loc	7 1322 13                       @ ../Drivers/STM32H7xx_HAL_Driver/Src/stm32h7xx_hal_tim_ex.c:1322:13
	str	r0, [sp, #16]
	.loc	7 1323 9 is_stmt 1              @ ../Drivers/STM32H7xx_HAL_Driver/Src/stm32h7xx_hal_tim_ex.c:1323:9
	ldrh.w	r0, [sp, #16]
	movw	r1, #1092
	tst	r0, r1
	bne	.LBB22_10
	b	.LBB22_9
.LBB22_9:
.Ltmp366:
	.loc	7 1325 7                        @ ../Drivers/STM32H7xx_HAL_Driver/Src/stm32h7xx_hal_tim_ex.c:1325:7
	ldr	r0, [sp, #28]
	ldr	r1, [r0]
	ldr	r0, [r1, #12]
	bic	r0, r0, #128
	str	r0, [r1, #12]
	.loc	7 1326 5                        @ ../Drivers/STM32H7xx_HAL_Driver/Src/stm32h7xx_hal_tim_ex.c:1326:5
	b	.LBB22_10
.Ltmp367:
.LBB22_10:
	.loc	7 1329 5                        @ ../Drivers/STM32H7xx_HAL_Driver/Src/stm32h7xx_hal_tim_ex.c:1329:5
	b	.LBB22_11
.LBB22_11:
.Ltmp368:
	.loc	7 1329 5 is_stmt 0              @ ../Drivers/STM32H7xx_HAL_Driver/Src/stm32h7xx_hal_tim_ex.c:1329:5
	ldr	r0, [sp, #28]
	ldr	r0, [r0]
	ldr	r0, [r0, #32]
	movw	r1, #4369
.Ltmp369:
	.loc	7 1329 5                        @ ../Drivers/STM32H7xx_HAL_Driver/Src/stm32h7xx_hal_tim_ex.c:1329:5
	tst	r0, r1
	bne	.LBB22_15
	b	.LBB22_12
.LBB22_12:
.Ltmp370:
	.loc	7 1329 5                        @ ../Drivers/STM32H7xx_HAL_Driver/Src/stm32h7xx_hal_tim_ex.c:1329:5
	ldr	r0, [sp, #28]
	ldr	r0, [r0]
	ldr	r0, [r0, #32]
	movw	r1, #1092
.Ltmp371:
	.loc	7 1329 5                        @ ../Drivers/STM32H7xx_HAL_Driver/Src/stm32h7xx_hal_tim_ex.c:1329:5
	tst	r0, r1
	bne	.LBB22_14
	b	.LBB22_13
.LBB22_13:
.Ltmp372:
	.loc	7 1329 5                        @ ../Drivers/STM32H7xx_HAL_Driver/Src/stm32h7xx_hal_tim_ex.c:1329:5
	ldr	r0, [sp, #28]
	ldr	r1, [r0]
	ldr	r0, [r1, #68]
	bic	r0, r0, #32768
	str	r0, [r1, #68]
	b	.LBB22_14
.Ltmp373:
.LBB22_14:
	.loc	7 1329 5                        @ ../Drivers/STM32H7xx_HAL_Driver/Src/stm32h7xx_hal_tim_ex.c:1329:5
	b	.LBB22_15
.Ltmp374:
.LBB22_15:
	.loc	7 1329 5                        @ ../Drivers/STM32H7xx_HAL_Driver/Src/stm32h7xx_hal_tim_ex.c:1329:5
	b	.LBB22_16
.Ltmp375:
.LBB22_16:
	.loc	7 1332 5 is_stmt 1              @ ../Drivers/STM32H7xx_HAL_Driver/Src/stm32h7xx_hal_tim_ex.c:1332:5
	b	.LBB22_17
.LBB22_17:
.Ltmp376:
	.loc	7 1332 5 is_stmt 0              @ ../Drivers/STM32H7xx_HAL_Driver/Src/stm32h7xx_hal_tim_ex.c:1332:5
	ldr	r0, [sp, #28]
	ldr	r0, [r0]
	ldr	r0, [r0, #32]
	movw	r1, #4369
.Ltmp377:
	.loc	7 1332 5                        @ ../Drivers/STM32H7xx_HAL_Driver/Src/stm32h7xx_hal_tim_ex.c:1332:5
	tst	r0, r1
	bne	.LBB22_21
	b	.LBB22_18
.LBB22_18:
.Ltmp378:
	.loc	7 1332 5                        @ ../Drivers/STM32H7xx_HAL_Driver/Src/stm32h7xx_hal_tim_ex.c:1332:5
	ldr	r0, [sp, #28]
	ldr	r0, [r0]
	ldr	r0, [r0, #32]
	movw	r1, #1092
.Ltmp379:
	.loc	7 1332 5                        @ ../Drivers/STM32H7xx_HAL_Driver/Src/stm32h7xx_hal_tim_ex.c:1332:5
	tst	r0, r1
	bne	.LBB22_20
	b	.LBB22_19
.LBB22_19:
.Ltmp380:
	.loc	7 1332 5                        @ ../Drivers/STM32H7xx_HAL_Driver/Src/stm32h7xx_hal_tim_ex.c:1332:5
	ldr	r0, [sp, #28]
	ldr	r1, [r0]
	ldr	r0, [r1]
	bic	r0, r0, #1
	str	r0, [r1]
	b	.LBB22_20
.Ltmp381:
.LBB22_20:
	.loc	7 1332 5                        @ ../Drivers/STM32H7xx_HAL_Driver/Src/stm32h7xx_hal_tim_ex.c:1332:5
	b	.LBB22_21
.Ltmp382:
.LBB22_21:
	.loc	7 1332 5                        @ ../Drivers/STM32H7xx_HAL_Driver/Src/stm32h7xx_hal_tim_ex.c:1332:5
	b	.LBB22_22
.Ltmp383:
.LBB22_22:
	.loc	7 1335 5 is_stmt 1              @ ../Drivers/STM32H7xx_HAL_Driver/Src/stm32h7xx_hal_tim_ex.c:1335:5
	ldr	r0, [sp, #24]
	cbnz	r0, .LBB22_24
	b	.LBB22_23
.LBB22_23:
	ldr	r1, [sp, #28]
	movs	r0, #1
	strb.w	r0, [r1, #68]
	b	.LBB22_31
.LBB22_24:
	ldr	r0, [sp, #24]
	cmp	r0, #4
	bne	.LBB22_26
	b	.LBB22_25
.LBB22_25:
	ldr	r1, [sp, #28]
	movs	r0, #1
	strb.w	r0, [r1, #69]
	str	r0, [sp, #8]                    @ 4-byte Spill
	b	.LBB22_30
.LBB22_26:
	ldr	r0, [sp, #24]
	cmp	r0, #8
	bne	.LBB22_28
	b	.LBB22_27
.LBB22_27:
	ldr	r1, [sp, #28]
	movs	r0, #1
	strb.w	r0, [r1, #70]
	str	r0, [sp, #4]                    @ 4-byte Spill
	b	.LBB22_29
.LBB22_28:
	ldr	r1, [sp, #28]
	movs	r0, #1
	strb.w	r0, [r1, #71]
	str	r0, [sp, #4]                    @ 4-byte Spill
	b	.LBB22_29
.LBB22_29:
	ldr	r0, [sp, #4]                    @ 4-byte Reload
	str	r0, [sp, #8]                    @ 4-byte Spill
	b	.LBB22_30
.LBB22_30:
	ldr	r0, [sp, #8]                    @ 4-byte Reload
	b	.LBB22_31
.LBB22_31:
	.loc	7 1336 3                        @ ../Drivers/STM32H7xx_HAL_Driver/Src/stm32h7xx_hal_tim_ex.c:1336:3
	b	.LBB22_32
.Ltmp384:
.LBB22_32:
	.loc	7 1339 10                       @ ../Drivers/STM32H7xx_HAL_Driver/Src/stm32h7xx_hal_tim_ex.c:1339:10
	ldrb.w	r0, [sp, #23]
	.loc	7 1339 3 epilogue_begin is_stmt 0 @ ../Drivers/STM32H7xx_HAL_Driver/Src/stm32h7xx_hal_tim_ex.c:1339:3
	add	sp, #32
	pop	{r7, pc}
.Ltmp385:
.Lfunc_end22:
	.size	HAL_TIMEx_PWMN_Stop_IT, .Lfunc_end22-HAL_TIMEx_PWMN_Stop_IT
	.cfi_endproc
	.cantunwind
	.fnend
                                        @ -- End function
	.section	.text.HAL_TIMEx_PWMN_Start_DMA,"ax",%progbits
	.hidden	HAL_TIMEx_PWMN_Start_DMA        @ -- Begin function HAL_TIMEx_PWMN_Start_DMA
	.globl	HAL_TIMEx_PWMN_Start_DMA
	.p2align	3
	.type	HAL_TIMEx_PWMN_Start_DMA,%function
	.code	16                              @ @HAL_TIMEx_PWMN_Start_DMA
	.thumb_func
HAL_TIMEx_PWMN_Start_DMA:
.Lfunc_begin23:
	.loc	7 1357 0 is_stmt 1              @ ../Drivers/STM32H7xx_HAL_Driver/Src/stm32h7xx_hal_tim_ex.c:1357:0
	.fnstart
	.cfi_startproc
@ %bb.0:
	.save	{r7, lr}
	push	{r7, lr}
	.cfi_def_cfa_offset 8
	.cfi_offset lr, -4
	.cfi_offset r7, -8
	.pad	#64
	sub	sp, #64
	.cfi_def_cfa_offset 72
                                        @ kill: def $r12 killed $r3
	str	r0, [sp, #56]
	str	r1, [sp, #52]
	str	r2, [sp, #48]
	strh.w	r3, [sp, #46]
	movs	r0, #0
.Ltmp386:
	.loc	7 1358 21 prologue_end          @ ../Drivers/STM32H7xx_HAL_Driver/Src/stm32h7xx_hal_tim_ex.c:1358:21
	strb.w	r0, [sp, #45]
.Ltmp387:
	.loc	7 1365 7                        @ ../Drivers/STM32H7xx_HAL_Driver/Src/stm32h7xx_hal_tim_ex.c:1365:7
	ldr	r0, [sp, #52]
	cbnz	r0, .LBB23_2
	b	.LBB23_1
.LBB23_1:
	ldr	r0, [sp, #56]
	ldrb.w	r0, [r0, #68]
	str	r0, [sp, #36]                   @ 4-byte Spill
	b	.LBB23_9
.LBB23_2:
	ldr	r0, [sp, #52]
	cmp	r0, #4
	bne	.LBB23_4
	b	.LBB23_3
.LBB23_3:
	ldr	r0, [sp, #56]
	ldrb.w	r0, [r0, #69]
	str	r0, [sp, #32]                   @ 4-byte Spill
	b	.LBB23_8
.LBB23_4:
	ldr	r0, [sp, #52]
	cmp	r0, #8
	bne	.LBB23_6
	b	.LBB23_5
.LBB23_5:
	ldr	r0, [sp, #56]
	ldrb.w	r0, [r0, #70]
	str	r0, [sp, #28]                   @ 4-byte Spill
	b	.LBB23_7
.LBB23_6:
	ldr	r0, [sp, #56]
	ldrb.w	r0, [r0, #71]
	str	r0, [sp, #28]                   @ 4-byte Spill
	b	.LBB23_7
.LBB23_7:
	ldr	r0, [sp, #28]                   @ 4-byte Reload
	str	r0, [sp, #32]                   @ 4-byte Spill
	b	.LBB23_8
.LBB23_8:
	ldr	r0, [sp, #32]                   @ 4-byte Reload
	str	r0, [sp, #36]                   @ 4-byte Spill
	b	.LBB23_9
.LBB23_9:
	ldr	r0, [sp, #36]                   @ 4-byte Reload
.Ltmp388:
	.loc	7 1365 7 is_stmt 0              @ ../Drivers/STM32H7xx_HAL_Driver/Src/stm32h7xx_hal_tim_ex.c:1365:7
	cmp	r0, #2
	bne	.LBB23_11
	b	.LBB23_10
.LBB23_10:
	.loc	7 0 7                           @ ../Drivers/STM32H7xx_HAL_Driver/Src/stm32h7xx_hal_tim_ex.c:0:7
	movs	r0, #2
.Ltmp389:
	.loc	7 1367 5 is_stmt 1              @ ../Drivers/STM32H7xx_HAL_Driver/Src/stm32h7xx_hal_tim_ex.c:1367:5
	strb.w	r0, [sp, #63]
	b	.LBB23_68
.Ltmp390:
.LBB23_11:
	.loc	7 1369 12                       @ ../Drivers/STM32H7xx_HAL_Driver/Src/stm32h7xx_hal_tim_ex.c:1369:12
	ldr	r0, [sp, #52]
	cbnz	r0, .LBB23_13
	b	.LBB23_12
.LBB23_12:
	ldr	r0, [sp, #56]
	ldrb.w	r0, [r0, #68]
	str	r0, [sp, #24]                   @ 4-byte Spill
	b	.LBB23_20
.LBB23_13:
	ldr	r0, [sp, #52]
	cmp	r0, #4
	bne	.LBB23_15
	b	.LBB23_14
.LBB23_14:
	ldr	r0, [sp, #56]
	ldrb.w	r0, [r0, #69]
	str	r0, [sp, #20]                   @ 4-byte Spill
	b	.LBB23_19
.LBB23_15:
	ldr	r0, [sp, #52]
	cmp	r0, #8
	bne	.LBB23_17
	b	.LBB23_16
.LBB23_16:
	ldr	r0, [sp, #56]
	ldrb.w	r0, [r0, #70]
	str	r0, [sp, #16]                   @ 4-byte Spill
	b	.LBB23_18
.LBB23_17:
	ldr	r0, [sp, #56]
	ldrb.w	r0, [r0, #71]
	str	r0, [sp, #16]                   @ 4-byte Spill
	b	.LBB23_18
.LBB23_18:
	ldr	r0, [sp, #16]                   @ 4-byte Reload
	str	r0, [sp, #20]                   @ 4-byte Spill
	b	.LBB23_19
.LBB23_19:
	ldr	r0, [sp, #20]                   @ 4-byte Reload
	str	r0, [sp, #24]                   @ 4-byte Spill
	b	.LBB23_20
.LBB23_20:
	ldr	r0, [sp, #24]                   @ 4-byte Reload
.Ltmp391:
	.loc	7 1369 12 is_stmt 0             @ ../Drivers/STM32H7xx_HAL_Driver/Src/stm32h7xx_hal_tim_ex.c:1369:12
	cmp	r0, #1
	bne	.LBB23_35
	b	.LBB23_21
.LBB23_21:
.Ltmp392:
	.loc	7 1371 10 is_stmt 1             @ ../Drivers/STM32H7xx_HAL_Driver/Src/stm32h7xx_hal_tim_ex.c:1371:10
	ldr	r0, [sp, #48]
	.loc	7 1371 25 is_stmt 0             @ ../Drivers/STM32H7xx_HAL_Driver/Src/stm32h7xx_hal_tim_ex.c:1371:25
	cbz	r0, .LBB23_23
	b	.LBB23_22
.LBB23_22:
	.loc	7 1371 29                       @ ../Drivers/STM32H7xx_HAL_Driver/Src/stm32h7xx_hal_tim_ex.c:1371:29
	ldrh.w	r0, [sp, #46]
.Ltmp393:
	.loc	7 1371 9                        @ ../Drivers/STM32H7xx_HAL_Driver/Src/stm32h7xx_hal_tim_ex.c:1371:9
	cbnz	r0, .LBB23_24
	b	.LBB23_23
.LBB23_23:
	.loc	7 0 9                           @ ../Drivers/STM32H7xx_HAL_Driver/Src/stm32h7xx_hal_tim_ex.c:0:9
	movs	r0, #1
.Ltmp394:
	.loc	7 1373 7 is_stmt 1              @ ../Drivers/STM32H7xx_HAL_Driver/Src/stm32h7xx_hal_tim_ex.c:1373:7
	strb.w	r0, [sp, #63]
	b	.LBB23_68
.Ltmp395:
.LBB23_24:
	.loc	7 1377 7                        @ ../Drivers/STM32H7xx_HAL_Driver/Src/stm32h7xx_hal_tim_ex.c:1377:7
	ldr	r0, [sp, #52]
	cbnz	r0, .LBB23_26
	b	.LBB23_25
.LBB23_25:
	ldr	r1, [sp, #56]
	movs	r0, #2
	strb.w	r0, [r1, #68]
	b	.LBB23_33
.LBB23_26:
	ldr	r0, [sp, #52]
	cmp	r0, #4
	bne	.LBB23_28
	b	.LBB23_27
.LBB23_27:
	ldr	r1, [sp, #56]
	movs	r0, #2
	strb.w	r0, [r1, #69]
	str	r0, [sp, #12]                   @ 4-byte Spill
	b	.LBB23_32
.LBB23_28:
	ldr	r0, [sp, #52]
	cmp	r0, #8
	bne	.LBB23_30
	b	.LBB23_29
.LBB23_29:
	ldr	r1, [sp, #56]
	movs	r0, #2
	strb.w	r0, [r1, #70]
	str	r0, [sp, #8]                    @ 4-byte Spill
	b	.LBB23_31
.LBB23_30:
	ldr	r1, [sp, #56]
	movs	r0, #2
	strb.w	r0, [r1, #71]
	str	r0, [sp, #8]                    @ 4-byte Spill
	b	.LBB23_31
.LBB23_31:
	ldr	r0, [sp, #8]                    @ 4-byte Reload
	str	r0, [sp, #12]                   @ 4-byte Spill
	b	.LBB23_32
.LBB23_32:
	ldr	r0, [sp, #12]                   @ 4-byte Reload
	b	.LBB23_33
.Ltmp396:
.LBB23_33:
	.loc	7 0 7 is_stmt 0                 @ ../Drivers/STM32H7xx_HAL_Driver/Src/stm32h7xx_hal_tim_ex.c:0:7
	b	.LBB23_34
.LBB23_34:
	.loc	7 1379 3 is_stmt 1              @ ../Drivers/STM32H7xx_HAL_Driver/Src/stm32h7xx_hal_tim_ex.c:1379:3
	b	.LBB23_36
.Ltmp397:
.LBB23_35:
	.loc	7 0 3 is_stmt 0                 @ ../Drivers/STM32H7xx_HAL_Driver/Src/stm32h7xx_hal_tim_ex.c:0:3
	movs	r0, #1
.Ltmp398:
	.loc	7 1382 5 is_stmt 1              @ ../Drivers/STM32H7xx_HAL_Driver/Src/stm32h7xx_hal_tim_ex.c:1382:5
	strb.w	r0, [sp, #63]
	b	.LBB23_68
.Ltmp399:
.LBB23_36:
	.loc	7 0 5 is_stmt 0                 @ ../Drivers/STM32H7xx_HAL_Driver/Src/stm32h7xx_hal_tim_ex.c:0:5
	b	.LBB23_37
.LBB23_37:
	.loc	7 1385 11 is_stmt 1             @ ../Drivers/STM32H7xx_HAL_Driver/Src/stm32h7xx_hal_tim_ex.c:1385:11
	ldr	r0, [sp, #52]
	.loc	7 1385 3 is_stmt 0              @ ../Drivers/STM32H7xx_HAL_Driver/Src/stm32h7xx_hal_tim_ex.c:1385:3
	str	r0, [sp, #4]                    @ 4-byte Spill
	cbz	r0, .LBB23_40
	b	.LBB23_38
.LBB23_38:
	ldr	r0, [sp, #4]                    @ 4-byte Reload
	cmp	r0, #4
	beq	.LBB23_43
	b	.LBB23_39
.LBB23_39:
	ldr	r0, [sp, #4]                    @ 4-byte Reload
	cmp	r0, #8
	beq	.LBB23_46
	b	.LBB23_49
.LBB23_40:
.Ltmp400:
	.loc	7 1390 7 is_stmt 1              @ ../Drivers/STM32H7xx_HAL_Driver/Src/stm32h7xx_hal_tim_ex.c:1390:7
	ldr	r0, [sp, #56]
	ldr	r1, [r0, #36]
	.loc	7 1390 52 is_stmt 0             @ ../Drivers/STM32H7xx_HAL_Driver/Src/stm32h7xx_hal_tim_ex.c:1390:52
	movw	r0, :lower16:TIM_DMADelayPulseNCplt
	movt	r0, :upper16:TIM_DMADelayPulseNCplt
	str	r0, [r1, #60]
	.loc	7 1391 7 is_stmt 1              @ ../Drivers/STM32H7xx_HAL_Driver/Src/stm32h7xx_hal_tim_ex.c:1391:7
	ldr	r0, [sp, #56]
	ldr	r1, [r0, #36]
	.loc	7 1391 56 is_stmt 0             @ ../Drivers/STM32H7xx_HAL_Driver/Src/stm32h7xx_hal_tim_ex.c:1391:56
	movw	r0, :lower16:TIM_DMADelayPulseHalfCplt
	movt	r0, :upper16:TIM_DMADelayPulseHalfCplt
	str	r0, [r1, #64]
	.loc	7 1394 7 is_stmt 1              @ ../Drivers/STM32H7xx_HAL_Driver/Src/stm32h7xx_hal_tim_ex.c:1394:7
	ldr	r0, [sp, #56]
	ldr	r1, [r0, #36]
	.loc	7 1394 53 is_stmt 0             @ ../Drivers/STM32H7xx_HAL_Driver/Src/stm32h7xx_hal_tim_ex.c:1394:53
	movw	r0, :lower16:TIM_DMAErrorCCxN
	movt	r0, :upper16:TIM_DMAErrorCCxN
	str	r0, [r1, #76]
.Ltmp401:
	.loc	7 1397 28 is_stmt 1             @ ../Drivers/STM32H7xx_HAL_Driver/Src/stm32h7xx_hal_tim_ex.c:1397:28
	ldr	r0, [sp, #56]
	.loc	7 1397 90 is_stmt 0             @ ../Drivers/STM32H7xx_HAL_Driver/Src/stm32h7xx_hal_tim_ex.c:1397:90
	ldr	r2, [r0]
	.loc	7 1397 28                       @ ../Drivers/STM32H7xx_HAL_Driver/Src/stm32h7xx_hal_tim_ex.c:1397:28
	ldr	r0, [r0, #36]
	.loc	7 1397 66                       @ ../Drivers/STM32H7xx_HAL_Driver/Src/stm32h7xx_hal_tim_ex.c:1397:66
	ldr	r1, [sp, #48]
	.loc	7 1397 100                      @ ../Drivers/STM32H7xx_HAL_Driver/Src/stm32h7xx_hal_tim_ex.c:1397:100
	adds	r2, #52
	.loc	7 1398 28 is_stmt 1             @ ../Drivers/STM32H7xx_HAL_Driver/Src/stm32h7xx_hal_tim_ex.c:1398:28
	ldrh.w	r3, [sp, #46]
	.loc	7 1397 11                       @ ../Drivers/STM32H7xx_HAL_Driver/Src/stm32h7xx_hal_tim_ex.c:1397:11
	bl	HAL_DMA_Start_IT
.Ltmp402:
	.loc	7 1397 11 is_stmt 0             @ ../Drivers/STM32H7xx_HAL_Driver/Src/stm32h7xx_hal_tim_ex.c:1397:11
	cbz	r0, .LBB23_42
	b	.LBB23_41
.LBB23_41:
	.loc	7 0 11                          @ ../Drivers/STM32H7xx_HAL_Driver/Src/stm32h7xx_hal_tim_ex.c:0:11
	movs	r0, #1
.Ltmp403:
	.loc	7 1401 9 is_stmt 1              @ ../Drivers/STM32H7xx_HAL_Driver/Src/stm32h7xx_hal_tim_ex.c:1401:9
	strb.w	r0, [sp, #63]
	b	.LBB23_68
.Ltmp404:
.LBB23_42:
	.loc	7 1404 7                        @ ../Drivers/STM32H7xx_HAL_Driver/Src/stm32h7xx_hal_tim_ex.c:1404:7
	ldr	r0, [sp, #56]
	ldr	r1, [r0]
	ldr	r0, [r1, #12]
	orr	r0, r0, #512
	str	r0, [r1, #12]
	.loc	7 1405 7                        @ ../Drivers/STM32H7xx_HAL_Driver/Src/stm32h7xx_hal_tim_ex.c:1405:7
	b	.LBB23_50
.Ltmp405:
.LBB23_43:
	.loc	7 1411 7                        @ ../Drivers/STM32H7xx_HAL_Driver/Src/stm32h7xx_hal_tim_ex.c:1411:7
	ldr	r0, [sp, #56]
	ldr	r1, [r0, #40]
	.loc	7 1411 52 is_stmt 0             @ ../Drivers/STM32H7xx_HAL_Driver/Src/stm32h7xx_hal_tim_ex.c:1411:52
	movw	r0, :lower16:TIM_DMADelayPulseNCplt
	movt	r0, :upper16:TIM_DMADelayPulseNCplt
	str	r0, [r1, #60]
	.loc	7 1412 7 is_stmt 1              @ ../Drivers/STM32H7xx_HAL_Driver/Src/stm32h7xx_hal_tim_ex.c:1412:7
	ldr	r0, [sp, #56]
	ldr	r1, [r0, #40]
	.loc	7 1412 56 is_stmt 0             @ ../Drivers/STM32H7xx_HAL_Driver/Src/stm32h7xx_hal_tim_ex.c:1412:56
	movw	r0, :lower16:TIM_DMADelayPulseHalfCplt
	movt	r0, :upper16:TIM_DMADelayPulseHalfCplt
	str	r0, [r1, #64]
	.loc	7 1415 7 is_stmt 1              @ ../Drivers/STM32H7xx_HAL_Driver/Src/stm32h7xx_hal_tim_ex.c:1415:7
	ldr	r0, [sp, #56]
	ldr	r1, [r0, #40]
	.loc	7 1415 53 is_stmt 0             @ ../Drivers/STM32H7xx_HAL_Driver/Src/stm32h7xx_hal_tim_ex.c:1415:53
	movw	r0, :lower16:TIM_DMAErrorCCxN
	movt	r0, :upper16:TIM_DMAErrorCCxN
	str	r0, [r1, #76]
.Ltmp406:
	.loc	7 1418 28 is_stmt 1             @ ../Drivers/STM32H7xx_HAL_Driver/Src/stm32h7xx_hal_tim_ex.c:1418:28
	ldr	r0, [sp, #56]
	.loc	7 1418 90 is_stmt 0             @ ../Drivers/STM32H7xx_HAL_Driver/Src/stm32h7xx_hal_tim_ex.c:1418:90
	ldr	r2, [r0]
	.loc	7 1418 28                       @ ../Drivers/STM32H7xx_HAL_Driver/Src/stm32h7xx_hal_tim_ex.c:1418:28
	ldr	r0, [r0, #40]
	.loc	7 1418 66                       @ ../Drivers/STM32H7xx_HAL_Driver/Src/stm32h7xx_hal_tim_ex.c:1418:66
	ldr	r1, [sp, #48]
	.loc	7 1418 100                      @ ../Drivers/STM32H7xx_HAL_Driver/Src/stm32h7xx_hal_tim_ex.c:1418:100
	adds	r2, #56
	.loc	7 1419 28 is_stmt 1             @ ../Drivers/STM32H7xx_HAL_Driver/Src/stm32h7xx_hal_tim_ex.c:1419:28
	ldrh.w	r3, [sp, #46]
	.loc	7 1418 11                       @ ../Drivers/STM32H7xx_HAL_Driver/Src/stm32h7xx_hal_tim_ex.c:1418:11
	bl	HAL_DMA_Start_IT
.Ltmp407:
	.loc	7 1418 11 is_stmt 0             @ ../Drivers/STM32H7xx_HAL_Driver/Src/stm32h7xx_hal_tim_ex.c:1418:11
	cbz	r0, .LBB23_45
	b	.LBB23_44
.LBB23_44:
	.loc	7 0 11                          @ ../Drivers/STM32H7xx_HAL_Driver/Src/stm32h7xx_hal_tim_ex.c:0:11
	movs	r0, #1
.Ltmp408:
	.loc	7 1422 9 is_stmt 1              @ ../Drivers/STM32H7xx_HAL_Driver/Src/stm32h7xx_hal_tim_ex.c:1422:9
	strb.w	r0, [sp, #63]
	b	.LBB23_68
.Ltmp409:
.LBB23_45:
	.loc	7 1425 7                        @ ../Drivers/STM32H7xx_HAL_Driver/Src/stm32h7xx_hal_tim_ex.c:1425:7
	ldr	r0, [sp, #56]
	ldr	r1, [r0]
	ldr	r0, [r1, #12]
	orr	r0, r0, #1024
	str	r0, [r1, #12]
	.loc	7 1426 7                        @ ../Drivers/STM32H7xx_HAL_Driver/Src/stm32h7xx_hal_tim_ex.c:1426:7
	b	.LBB23_50
.Ltmp410:
.LBB23_46:
	.loc	7 1432 7                        @ ../Drivers/STM32H7xx_HAL_Driver/Src/stm32h7xx_hal_tim_ex.c:1432:7
	ldr	r0, [sp, #56]
	ldr	r1, [r0, #44]
	.loc	7 1432 52 is_stmt 0             @ ../Drivers/STM32H7xx_HAL_Driver/Src/stm32h7xx_hal_tim_ex.c:1432:52
	movw	r0, :lower16:TIM_DMADelayPulseNCplt
	movt	r0, :upper16:TIM_DMADelayPulseNCplt
	str	r0, [r1, #60]
	.loc	7 1433 7 is_stmt 1              @ ../Drivers/STM32H7xx_HAL_Driver/Src/stm32h7xx_hal_tim_ex.c:1433:7
	ldr	r0, [sp, #56]
	ldr	r1, [r0, #44]
	.loc	7 1433 56 is_stmt 0             @ ../Drivers/STM32H7xx_HAL_Driver/Src/stm32h7xx_hal_tim_ex.c:1433:56
	movw	r0, :lower16:TIM_DMADelayPulseHalfCplt
	movt	r0, :upper16:TIM_DMADelayPulseHalfCplt
	str	r0, [r1, #64]
	.loc	7 1436 7 is_stmt 1              @ ../Drivers/STM32H7xx_HAL_Driver/Src/stm32h7xx_hal_tim_ex.c:1436:7
	ldr	r0, [sp, #56]
	ldr	r1, [r0, #44]
	.loc	7 1436 53 is_stmt 0             @ ../Drivers/STM32H7xx_HAL_Driver/Src/stm32h7xx_hal_tim_ex.c:1436:53
	movw	r0, :lower16:TIM_DMAErrorCCxN
	movt	r0, :upper16:TIM_DMAErrorCCxN
	str	r0, [r1, #76]
.Ltmp411:
	.loc	7 1439 28 is_stmt 1             @ ../Drivers/STM32H7xx_HAL_Driver/Src/stm32h7xx_hal_tim_ex.c:1439:28
	ldr	r0, [sp, #56]
	.loc	7 1439 90 is_stmt 0             @ ../Drivers/STM32H7xx_HAL_Driver/Src/stm32h7xx_hal_tim_ex.c:1439:90
	ldr	r2, [r0]
	.loc	7 1439 28                       @ ../Drivers/STM32H7xx_HAL_Driver/Src/stm32h7xx_hal_tim_ex.c:1439:28
	ldr	r0, [r0, #44]
	.loc	7 1439 66                       @ ../Drivers/STM32H7xx_HAL_Driver/Src/stm32h7xx_hal_tim_ex.c:1439:66
	ldr	r1, [sp, #48]
	.loc	7 1439 100                      @ ../Drivers/STM32H7xx_HAL_Driver/Src/stm32h7xx_hal_tim_ex.c:1439:100
	adds	r2, #60
	.loc	7 1440 28 is_stmt 1             @ ../Drivers/STM32H7xx_HAL_Driver/Src/stm32h7xx_hal_tim_ex.c:1440:28
	ldrh.w	r3, [sp, #46]
	.loc	7 1439 11                       @ ../Drivers/STM32H7xx_HAL_Driver/Src/stm32h7xx_hal_tim_ex.c:1439:11
	bl	HAL_DMA_Start_IT
.Ltmp412:
	.loc	7 1439 11 is_stmt 0             @ ../Drivers/STM32H7xx_HAL_Driver/Src/stm32h7xx_hal_tim_ex.c:1439:11
	cbz	r0, .LBB23_48
	b	.LBB23_47
.LBB23_47:
	.loc	7 0 11                          @ ../Drivers/STM32H7xx_HAL_Driver/Src/stm32h7xx_hal_tim_ex.c:0:11
	movs	r0, #1
.Ltmp413:
	.loc	7 1443 9 is_stmt 1              @ ../Drivers/STM32H7xx_HAL_Driver/Src/stm32h7xx_hal_tim_ex.c:1443:9
	strb.w	r0, [sp, #63]
	b	.LBB23_68
.Ltmp414:
.LBB23_48:
	.loc	7 1446 7                        @ ../Drivers/STM32H7xx_HAL_Driver/Src/stm32h7xx_hal_tim_ex.c:1446:7
	ldr	r0, [sp, #56]
	ldr	r1, [r0]
	ldr	r0, [r1, #12]
	orr	r0, r0, #2048
	str	r0, [r1, #12]
	.loc	7 1447 7                        @ ../Drivers/STM32H7xx_HAL_Driver/Src/stm32h7xx_hal_tim_ex.c:1447:7
	b	.LBB23_50
.Ltmp415:
.LBB23_49:
	.loc	7 0 7 is_stmt 0                 @ ../Drivers/STM32H7xx_HAL_Driver/Src/stm32h7xx_hal_tim_ex.c:0:7
	movs	r0, #1
	.loc	7 1451 14 is_stmt 1             @ ../Drivers/STM32H7xx_HAL_Driver/Src/stm32h7xx_hal_tim_ex.c:1451:14
	strb.w	r0, [sp, #45]
	.loc	7 1452 7                        @ ../Drivers/STM32H7xx_HAL_Driver/Src/stm32h7xx_hal_tim_ex.c:1452:7
	b	.LBB23_50
.Ltmp416:
.LBB23_50:
	.loc	7 1455 7                        @ ../Drivers/STM32H7xx_HAL_Driver/Src/stm32h7xx_hal_tim_ex.c:1455:7
	ldrb.w	r0, [sp, #45]
.Ltmp417:
	.loc	7 1455 7 is_stmt 0              @ ../Drivers/STM32H7xx_HAL_Driver/Src/stm32h7xx_hal_tim_ex.c:1455:7
	cmp	r0, #0
	bne.w	.LBB23_67
	b	.LBB23_51
.LBB23_51:
.Ltmp418:
	.loc	7 1458 24 is_stmt 1             @ ../Drivers/STM32H7xx_HAL_Driver/Src/stm32h7xx_hal_tim_ex.c:1458:24
	ldr	r0, [sp, #56]
	.loc	7 1458 30 is_stmt 0             @ ../Drivers/STM32H7xx_HAL_Driver/Src/stm32h7xx_hal_tim_ex.c:1458:30
	ldr	r0, [r0]
	.loc	7 1458 40                       @ ../Drivers/STM32H7xx_HAL_Driver/Src/stm32h7xx_hal_tim_ex.c:1458:40
	ldr	r1, [sp, #52]
	movs	r2, #4
	.loc	7 1458 5                        @ ../Drivers/STM32H7xx_HAL_Driver/Src/stm32h7xx_hal_tim_ex.c:1458:5
	bl	TIM_CCxNChannelCmd
	.loc	7 1461 5 is_stmt 1              @ ../Drivers/STM32H7xx_HAL_Driver/Src/stm32h7xx_hal_tim_ex.c:1461:5
	ldr	r0, [sp, #56]
	ldr	r1, [r0]
	ldr	r0, [r1, #68]
	orr	r0, r0, #32768
	str	r0, [r1, #68]
.Ltmp419:
	.loc	7 1464 9                        @ ../Drivers/STM32H7xx_HAL_Driver/Src/stm32h7xx_hal_tim_ex.c:1464:9
	ldr	r0, [sp, #56]
	ldr	r0, [r0]
	movs	r1, #0
	movt	r1, #16385
	cmp	r0, r1
	beq	.LBB23_61
	b	.LBB23_52
.LBB23_52:
	ldr	r0, [sp, #56]
	ldr	r0, [r0]
	cmp.w	r0, #1073741824
	beq	.LBB23_61
	b	.LBB23_53
.LBB23_53:
	ldr	r0, [sp, #56]
	ldr	r0, [r0]
	movw	r1, #1024
	movt	r1, #16384
	cmp	r0, r1
	beq	.LBB23_61
	b	.LBB23_54
.LBB23_54:
	ldr	r0, [sp, #56]
	ldr	r0, [r0]
	movw	r1, #2048
	movt	r1, #16384
	cmp	r0, r1
	beq	.LBB23_61
	b	.LBB23_55
.LBB23_55:
	ldr	r0, [sp, #56]
	ldr	r0, [r0]
	movw	r1, #3072
	movt	r1, #16384
	cmp	r0, r1
	beq	.LBB23_61
	b	.LBB23_56
.LBB23_56:
	ldr	r0, [sp, #56]
	ldr	r0, [r0]
	movw	r1, #1024
	movt	r1, #16385
	cmp	r0, r1
	beq	.LBB23_61
	b	.LBB23_57
.LBB23_57:
	ldr	r0, [sp, #56]
	ldr	r0, [r0]
	movw	r1, #6144
	movt	r1, #16384
	cmp	r0, r1
	beq	.LBB23_61
	b	.LBB23_58
.LBB23_58:
	ldr	r0, [sp, #56]
	ldr	r0, [r0]
	movw	r1, #16384
	movt	r1, #16385
	cmp	r0, r1
	beq	.LBB23_61
	b	.LBB23_59
.LBB23_59:
	ldr	r0, [sp, #56]
	ldr	r0, [r0]
	movw	r1, #57344
	movt	r1, #16384
	cmp	r0, r1
	beq	.LBB23_61
	b	.LBB23_60
.LBB23_60:
	ldr	r0, [sp, #56]
	ldr	r0, [r0]
	movw	r1, #58368
	movt	r1, #16384
.Ltmp420:
	.loc	7 1464 9 is_stmt 0              @ ../Drivers/STM32H7xx_HAL_Driver/Src/stm32h7xx_hal_tim_ex.c:1464:9
	cmp	r0, r1
	bne	.LBB23_65
	b	.LBB23_61
.LBB23_61:
.Ltmp421:
	.loc	7 1466 17 is_stmt 1             @ ../Drivers/STM32H7xx_HAL_Driver/Src/stm32h7xx_hal_tim_ex.c:1466:17
	ldr	r0, [sp, #56]
	.loc	7 1466 23 is_stmt 0             @ ../Drivers/STM32H7xx_HAL_Driver/Src/stm32h7xx_hal_tim_ex.c:1466:23
	ldr	r0, [r0]
	.loc	7 1466 33                       @ ../Drivers/STM32H7xx_HAL_Driver/Src/stm32h7xx_hal_tim_ex.c:1466:33
	ldr	r0, [r0, #8]
	movs	r1, #7
	movt	r1, #1
	.loc	7 1466 38                       @ ../Drivers/STM32H7xx_HAL_Driver/Src/stm32h7xx_hal_tim_ex.c:1466:38
	ands	r0, r1
	.loc	7 1466 15                       @ ../Drivers/STM32H7xx_HAL_Driver/Src/stm32h7xx_hal_tim_ex.c:1466:15
	str	r0, [sp, #40]
.Ltmp422:
	.loc	7 1467 12 is_stmt 1             @ ../Drivers/STM32H7xx_HAL_Driver/Src/stm32h7xx_hal_tim_ex.c:1467:12
	ldr	r0, [sp, #40]
	cmp	r0, #6
	beq	.LBB23_64
	b	.LBB23_62
.LBB23_62:
	ldr	r0, [sp, #40]
.Ltmp423:
	.loc	7 1467 11 is_stmt 0             @ ../Drivers/STM32H7xx_HAL_Driver/Src/stm32h7xx_hal_tim_ex.c:1467:11
	cmp.w	r0, #65536
	beq	.LBB23_64
	b	.LBB23_63
.LBB23_63:
.Ltmp424:
	.loc	7 1469 9 is_stmt 1              @ ../Drivers/STM32H7xx_HAL_Driver/Src/stm32h7xx_hal_tim_ex.c:1469:9
	ldr	r0, [sp, #56]
	ldr	r1, [r0]
	ldr	r0, [r1]
	orr	r0, r0, #1
	str	r0, [r1]
	.loc	7 1470 7                        @ ../Drivers/STM32H7xx_HAL_Driver/Src/stm32h7xx_hal_tim_ex.c:1470:7
	b	.LBB23_64
.Ltmp425:
.LBB23_64:
	.loc	7 1471 5                        @ ../Drivers/STM32H7xx_HAL_Driver/Src/stm32h7xx_hal_tim_ex.c:1471:5
	b	.LBB23_66
.Ltmp426:
.LBB23_65:
	.loc	7 1474 7                        @ ../Drivers/STM32H7xx_HAL_Driver/Src/stm32h7xx_hal_tim_ex.c:1474:7
	ldr	r0, [sp, #56]
	ldr	r1, [r0]
	ldr	r0, [r1]
	orr	r0, r0, #1
	str	r0, [r1]
	b	.LBB23_66
.Ltmp427:
.LBB23_66:
	.loc	7 1476 3                        @ ../Drivers/STM32H7xx_HAL_Driver/Src/stm32h7xx_hal_tim_ex.c:1476:3
	b	.LBB23_67
.Ltmp428:
.LBB23_67:
	.loc	7 1479 10                       @ ../Drivers/STM32H7xx_HAL_Driver/Src/stm32h7xx_hal_tim_ex.c:1479:10
	ldrb.w	r0, [sp, #45]
	.loc	7 1479 3 is_stmt 0              @ ../Drivers/STM32H7xx_HAL_Driver/Src/stm32h7xx_hal_tim_ex.c:1479:3
	strb.w	r0, [sp, #63]
	b	.LBB23_68
.LBB23_68:
	.loc	7 1480 1 is_stmt 1              @ ../Drivers/STM32H7xx_HAL_Driver/Src/stm32h7xx_hal_tim_ex.c:1480:1
	ldrb.w	r0, [sp, #63]
	.loc	7 1480 1 epilogue_begin is_stmt 0 @ ../Drivers/STM32H7xx_HAL_Driver/Src/stm32h7xx_hal_tim_ex.c:1480:1
	add	sp, #64
	pop	{r7, pc}
.Ltmp429:
.Lfunc_end23:
	.size	HAL_TIMEx_PWMN_Start_DMA, .Lfunc_end23-HAL_TIMEx_PWMN_Start_DMA
	.cfi_endproc
	.cantunwind
	.fnend
                                        @ -- End function
	.section	.text.HAL_TIMEx_PWMN_Stop_DMA,"ax",%progbits
	.hidden	HAL_TIMEx_PWMN_Stop_DMA         @ -- Begin function HAL_TIMEx_PWMN_Stop_DMA
	.globl	HAL_TIMEx_PWMN_Stop_DMA
	.p2align	3
	.type	HAL_TIMEx_PWMN_Stop_DMA,%function
	.code	16                              @ @HAL_TIMEx_PWMN_Stop_DMA
	.thumb_func
HAL_TIMEx_PWMN_Stop_DMA:
.Lfunc_begin24:
	.loc	7 1494 0 is_stmt 1              @ ../Drivers/STM32H7xx_HAL_Driver/Src/stm32h7xx_hal_tim_ex.c:1494:0
	.fnstart
	.cfi_startproc
@ %bb.0:
	.save	{r7, lr}
	push	{r7, lr}
	.cfi_def_cfa_offset 8
	.cfi_offset lr, -4
	.cfi_offset r7, -8
	.pad	#24
	sub	sp, #24
	.cfi_def_cfa_offset 32
	str	r0, [sp, #20]
	str	r1, [sp, #16]
	movs	r0, #0
.Ltmp430:
	.loc	7 1495 21 prologue_end          @ ../Drivers/STM32H7xx_HAL_Driver/Src/stm32h7xx_hal_tim_ex.c:1495:21
	strb.w	r0, [sp, #15]
	.loc	7 1500 11                       @ ../Drivers/STM32H7xx_HAL_Driver/Src/stm32h7xx_hal_tim_ex.c:1500:11
	ldr	r0, [sp, #16]
	.loc	7 1500 3 is_stmt 0              @ ../Drivers/STM32H7xx_HAL_Driver/Src/stm32h7xx_hal_tim_ex.c:1500:3
	str	r0, [sp, #8]                    @ 4-byte Spill
	cbz	r0, .LBB24_3
	b	.LBB24_1
.LBB24_1:
	ldr	r0, [sp, #8]                    @ 4-byte Reload
	cmp	r0, #4
	beq	.LBB24_4
	b	.LBB24_2
.LBB24_2:
	ldr	r0, [sp, #8]                    @ 4-byte Reload
	cmp	r0, #8
	beq	.LBB24_5
	b	.LBB24_6
.LBB24_3:
.Ltmp431:
	.loc	7 1505 7 is_stmt 1              @ ../Drivers/STM32H7xx_HAL_Driver/Src/stm32h7xx_hal_tim_ex.c:1505:7
	ldr	r0, [sp, #20]
	ldr	r1, [r0]
	ldr	r0, [r1, #12]
	bic	r0, r0, #512
	str	r0, [r1, #12]
	.loc	7 1506 30                       @ ../Drivers/STM32H7xx_HAL_Driver/Src/stm32h7xx_hal_tim_ex.c:1506:30
	ldr	r0, [sp, #20]
	ldr	r0, [r0, #36]
	.loc	7 1506 13 is_stmt 0             @ ../Drivers/STM32H7xx_HAL_Driver/Src/stm32h7xx_hal_tim_ex.c:1506:13
	bl	HAL_DMA_Abort_IT
	.loc	7 1507 7 is_stmt 1              @ ../Drivers/STM32H7xx_HAL_Driver/Src/stm32h7xx_hal_tim_ex.c:1507:7
	b	.LBB24_7
.Ltmp432:
.LBB24_4:
	.loc	7 1513 7                        @ ../Drivers/STM32H7xx_HAL_Driver/Src/stm32h7xx_hal_tim_ex.c:1513:7
	ldr	r0, [sp, #20]
	ldr	r1, [r0]
	ldr	r0, [r1, #12]
	bic	r0, r0, #1024
	str	r0, [r1, #12]
	.loc	7 1514 30                       @ ../Drivers/STM32H7xx_HAL_Driver/Src/stm32h7xx_hal_tim_ex.c:1514:30
	ldr	r0, [sp, #20]
	ldr	r0, [r0, #40]
	.loc	7 1514 13 is_stmt 0             @ ../Drivers/STM32H7xx_HAL_Driver/Src/stm32h7xx_hal_tim_ex.c:1514:13
	bl	HAL_DMA_Abort_IT
	.loc	7 1515 7 is_stmt 1              @ ../Drivers/STM32H7xx_HAL_Driver/Src/stm32h7xx_hal_tim_ex.c:1515:7
	b	.LBB24_7
.Ltmp433:
.LBB24_5:
	.loc	7 1521 7                        @ ../Drivers/STM32H7xx_HAL_Driver/Src/stm32h7xx_hal_tim_ex.c:1521:7
	ldr	r0, [sp, #20]
	ldr	r1, [r0]
	ldr	r0, [r1, #12]
	bic	r0, r0, #2048
	str	r0, [r1, #12]
	.loc	7 1522 30                       @ ../Drivers/STM32H7xx_HAL_Driver/Src/stm32h7xx_hal_tim_ex.c:1522:30
	ldr	r0, [sp, #20]
	ldr	r0, [r0, #44]
	.loc	7 1522 13 is_stmt 0             @ ../Drivers/STM32H7xx_HAL_Driver/Src/stm32h7xx_hal_tim_ex.c:1522:13
	bl	HAL_DMA_Abort_IT
	.loc	7 1523 7 is_stmt 1              @ ../Drivers/STM32H7xx_HAL_Driver/Src/stm32h7xx_hal_tim_ex.c:1523:7
	b	.LBB24_7
.Ltmp434:
.LBB24_6:
	.loc	7 0 7 is_stmt 0                 @ ../Drivers/STM32H7xx_HAL_Driver/Src/stm32h7xx_hal_tim_ex.c:0:7
	movs	r0, #1
	.loc	7 1527 14 is_stmt 1             @ ../Drivers/STM32H7xx_HAL_Driver/Src/stm32h7xx_hal_tim_ex.c:1527:14
	strb.w	r0, [sp, #15]
	.loc	7 1528 7                        @ ../Drivers/STM32H7xx_HAL_Driver/Src/stm32h7xx_hal_tim_ex.c:1528:7
	b	.LBB24_7
.Ltmp435:
.LBB24_7:
	.loc	7 1531 7                        @ ../Drivers/STM32H7xx_HAL_Driver/Src/stm32h7xx_hal_tim_ex.c:1531:7
	ldrb.w	r0, [sp, #15]
.Ltmp436:
	.loc	7 1531 7 is_stmt 0              @ ../Drivers/STM32H7xx_HAL_Driver/Src/stm32h7xx_hal_tim_ex.c:1531:7
	cmp	r0, #0
	bne	.LBB24_30
	b	.LBB24_8
.LBB24_8:
.Ltmp437:
	.loc	7 1534 24 is_stmt 1             @ ../Drivers/STM32H7xx_HAL_Driver/Src/stm32h7xx_hal_tim_ex.c:1534:24
	ldr	r0, [sp, #20]
	.loc	7 1534 30 is_stmt 0             @ ../Drivers/STM32H7xx_HAL_Driver/Src/stm32h7xx_hal_tim_ex.c:1534:30
	ldr	r0, [r0]
	.loc	7 1534 40                       @ ../Drivers/STM32H7xx_HAL_Driver/Src/stm32h7xx_hal_tim_ex.c:1534:40
	ldr	r1, [sp, #16]
	movs	r2, #0
	.loc	7 1534 5                        @ ../Drivers/STM32H7xx_HAL_Driver/Src/stm32h7xx_hal_tim_ex.c:1534:5
	bl	TIM_CCxNChannelCmd
	.loc	7 1537 5 is_stmt 1              @ ../Drivers/STM32H7xx_HAL_Driver/Src/stm32h7xx_hal_tim_ex.c:1537:5
	b	.LBB24_9
.LBB24_9:
.Ltmp438:
	.loc	7 1537 5 is_stmt 0              @ ../Drivers/STM32H7xx_HAL_Driver/Src/stm32h7xx_hal_tim_ex.c:1537:5
	ldr	r0, [sp, #20]
	ldr	r0, [r0]
	ldr	r0, [r0, #32]
	movw	r1, #4369
.Ltmp439:
	.loc	7 1537 5                        @ ../Drivers/STM32H7xx_HAL_Driver/Src/stm32h7xx_hal_tim_ex.c:1537:5
	tst	r0, r1
	bne	.LBB24_13
	b	.LBB24_10
.LBB24_10:
.Ltmp440:
	.loc	7 1537 5                        @ ../Drivers/STM32H7xx_HAL_Driver/Src/stm32h7xx_hal_tim_ex.c:1537:5
	ldr	r0, [sp, #20]
	ldr	r0, [r0]
	ldr	r0, [r0, #32]
	movw	r1, #1092
.Ltmp441:
	.loc	7 1537 5                        @ ../Drivers/STM32H7xx_HAL_Driver/Src/stm32h7xx_hal_tim_ex.c:1537:5
	tst	r0, r1
	bne	.LBB24_12
	b	.LBB24_11
.LBB24_11:
.Ltmp442:
	.loc	7 1537 5                        @ ../Drivers/STM32H7xx_HAL_Driver/Src/stm32h7xx_hal_tim_ex.c:1537:5
	ldr	r0, [sp, #20]
	ldr	r1, [r0]
	ldr	r0, [r1, #68]
	bic	r0, r0, #32768
	str	r0, [r1, #68]
	b	.LBB24_12
.Ltmp443:
.LBB24_12:
	.loc	7 1537 5                        @ ../Drivers/STM32H7xx_HAL_Driver/Src/stm32h7xx_hal_tim_ex.c:1537:5
	b	.LBB24_13
.Ltmp444:
.LBB24_13:
	.loc	7 1537 5                        @ ../Drivers/STM32H7xx_HAL_Driver/Src/stm32h7xx_hal_tim_ex.c:1537:5
	b	.LBB24_14
.Ltmp445:
.LBB24_14:
	.loc	7 1540 5 is_stmt 1              @ ../Drivers/STM32H7xx_HAL_Driver/Src/stm32h7xx_hal_tim_ex.c:1540:5
	b	.LBB24_15
.LBB24_15:
.Ltmp446:
	.loc	7 1540 5 is_stmt 0              @ ../Drivers/STM32H7xx_HAL_Driver/Src/stm32h7xx_hal_tim_ex.c:1540:5
	ldr	r0, [sp, #20]
	ldr	r0, [r0]
	ldr	r0, [r0, #32]
	movw	r1, #4369
.Ltmp447:
	.loc	7 1540 5                        @ ../Drivers/STM32H7xx_HAL_Driver/Src/stm32h7xx_hal_tim_ex.c:1540:5
	tst	r0, r1
	bne	.LBB24_19
	b	.LBB24_16
.LBB24_16:
.Ltmp448:
	.loc	7 1540 5                        @ ../Drivers/STM32H7xx_HAL_Driver/Src/stm32h7xx_hal_tim_ex.c:1540:5
	ldr	r0, [sp, #20]
	ldr	r0, [r0]
	ldr	r0, [r0, #32]
	movw	r1, #1092
.Ltmp449:
	.loc	7 1540 5                        @ ../Drivers/STM32H7xx_HAL_Driver/Src/stm32h7xx_hal_tim_ex.c:1540:5
	tst	r0, r1
	bne	.LBB24_18
	b	.LBB24_17
.LBB24_17:
.Ltmp450:
	.loc	7 1540 5                        @ ../Drivers/STM32H7xx_HAL_Driver/Src/stm32h7xx_hal_tim_ex.c:1540:5
	ldr	r0, [sp, #20]
	ldr	r1, [r0]
	ldr	r0, [r1]
	bic	r0, r0, #1
	str	r0, [r1]
	b	.LBB24_18
.Ltmp451:
.LBB24_18:
	.loc	7 1540 5                        @ ../Drivers/STM32H7xx_HAL_Driver/Src/stm32h7xx_hal_tim_ex.c:1540:5
	b	.LBB24_19
.Ltmp452:
.LBB24_19:
	.loc	7 1540 5                        @ ../Drivers/STM32H7xx_HAL_Driver/Src/stm32h7xx_hal_tim_ex.c:1540:5
	b	.LBB24_20
.Ltmp453:
.LBB24_20:
	.loc	7 1543 5 is_stmt 1              @ ../Drivers/STM32H7xx_HAL_Driver/Src/stm32h7xx_hal_tim_ex.c:1543:5
	ldr	r0, [sp, #16]
	cbnz	r0, .LBB24_22
	b	.LBB24_21
.LBB24_21:
	ldr	r1, [sp, #20]
	movs	r0, #1
	strb.w	r0, [r1, #68]
	b	.LBB24_29
.LBB24_22:
	ldr	r0, [sp, #16]
	cmp	r0, #4
	bne	.LBB24_24
	b	.LBB24_23
.LBB24_23:
	ldr	r1, [sp, #20]
	movs	r0, #1
	strb.w	r0, [r1, #69]
	str	r0, [sp, #4]                    @ 4-byte Spill
	b	.LBB24_28
.LBB24_24:
	ldr	r0, [sp, #16]
	cmp	r0, #8
	bne	.LBB24_26
	b	.LBB24_25
.LBB24_25:
	ldr	r1, [sp, #20]
	movs	r0, #1
	strb.w	r0, [r1, #70]
	str	r0, [sp]                        @ 4-byte Spill
	b	.LBB24_27
.LBB24_26:
	ldr	r1, [sp, #20]
	movs	r0, #1
	strb.w	r0, [r1, #71]
	str	r0, [sp]                        @ 4-byte Spill
	b	.LBB24_27
.LBB24_27:
	ldr	r0, [sp]                        @ 4-byte Reload
	str	r0, [sp, #4]                    @ 4-byte Spill
	b	.LBB24_28
.LBB24_28:
	ldr	r0, [sp, #4]                    @ 4-byte Reload
	b	.LBB24_29
.LBB24_29:
	.loc	7 1544 3                        @ ../Drivers/STM32H7xx_HAL_Driver/Src/stm32h7xx_hal_tim_ex.c:1544:3
	b	.LBB24_30
.Ltmp454:
.LBB24_30:
	.loc	7 1547 10                       @ ../Drivers/STM32H7xx_HAL_Driver/Src/stm32h7xx_hal_tim_ex.c:1547:10
	ldrb.w	r0, [sp, #15]
	.loc	7 1547 3 epilogue_begin is_stmt 0 @ ../Drivers/STM32H7xx_HAL_Driver/Src/stm32h7xx_hal_tim_ex.c:1547:3
	add	sp, #24
	pop	{r7, pc}
.Ltmp455:
.Lfunc_end24:
	.size	HAL_TIMEx_PWMN_Stop_DMA, .Lfunc_end24-HAL_TIMEx_PWMN_Stop_DMA
	.cfi_endproc
	.cantunwind
	.fnend
                                        @ -- End function
	.section	.text.HAL_TIMEx_OnePulseN_Start,"ax",%progbits
	.hidden	HAL_TIMEx_OnePulseN_Start       @ -- Begin function HAL_TIMEx_OnePulseN_Start
	.globl	HAL_TIMEx_OnePulseN_Start
	.p2align	3
	.type	HAL_TIMEx_OnePulseN_Start,%function
	.code	16                              @ @HAL_TIMEx_OnePulseN_Start
	.thumb_func
HAL_TIMEx_OnePulseN_Start:
.Lfunc_begin25:
	.loc	7 1585 0 is_stmt 1              @ ../Drivers/STM32H7xx_HAL_Driver/Src/stm32h7xx_hal_tim_ex.c:1585:0
	.fnstart
	.cfi_startproc
@ %bb.0:
	.save	{r7, lr}
	push	{r7, lr}
	.cfi_def_cfa_offset 8
	.cfi_offset lr, -4
	.cfi_offset r7, -8
	.pad	#24
	sub	sp, #24
	.cfi_def_cfa_offset 32
	str	r0, [sp, #16]
	str	r1, [sp, #12]
.Ltmp456:
	.loc	7 1586 29 prologue_end          @ ../Drivers/STM32H7xx_HAL_Driver/Src/stm32h7xx_hal_tim_ex.c:1586:29
	ldr	r0, [sp, #12]
	clz	r0, r0
	lsrs	r0, r0, #5
	.loc	7 1586 28 is_stmt 0             @ ../Drivers/STM32H7xx_HAL_Driver/Src/stm32h7xx_hal_tim_ex.c:1586:28
	lsls	r0, r0, #2
	.loc	7 1586 12                       @ ../Drivers/STM32H7xx_HAL_Driver/Src/stm32h7xx_hal_tim_ex.c:1586:12
	str	r0, [sp, #8]
	.loc	7 1587 49 is_stmt 1             @ ../Drivers/STM32H7xx_HAL_Driver/Src/stm32h7xx_hal_tim_ex.c:1587:49
	ldr	r0, [sp, #16]
	ldrb.w	r0, [r0, #62]
	.loc	7 1587 31 is_stmt 0             @ ../Drivers/STM32H7xx_HAL_Driver/Src/stm32h7xx_hal_tim_ex.c:1587:31
	strb.w	r0, [sp, #7]
	.loc	7 1588 49 is_stmt 1             @ ../Drivers/STM32H7xx_HAL_Driver/Src/stm32h7xx_hal_tim_ex.c:1588:49
	ldr	r0, [sp, #16]
	ldrb.w	r0, [r0, #63]
	.loc	7 1588 31 is_stmt 0             @ ../Drivers/STM32H7xx_HAL_Driver/Src/stm32h7xx_hal_tim_ex.c:1588:31
	strb.w	r0, [sp, #6]
	.loc	7 1589 63 is_stmt 1             @ ../Drivers/STM32H7xx_HAL_Driver/Src/stm32h7xx_hal_tim_ex.c:1589:63
	ldr	r0, [sp, #16]
	ldrb.w	r0, [r0, #68]
	.loc	7 1589 31 is_stmt 0             @ ../Drivers/STM32H7xx_HAL_Driver/Src/stm32h7xx_hal_tim_ex.c:1589:31
	strb.w	r0, [sp, #5]
	.loc	7 1590 63 is_stmt 1             @ ../Drivers/STM32H7xx_HAL_Driver/Src/stm32h7xx_hal_tim_ex.c:1590:63
	ldr	r0, [sp, #16]
	ldrb.w	r0, [r0, #69]
	.loc	7 1590 31 is_stmt 0             @ ../Drivers/STM32H7xx_HAL_Driver/Src/stm32h7xx_hal_tim_ex.c:1590:31
	strb.w	r0, [sp, #4]
.Ltmp457:
	.loc	7 1596 8 is_stmt 1              @ ../Drivers/STM32H7xx_HAL_Driver/Src/stm32h7xx_hal_tim_ex.c:1596:8
	ldrb.w	r0, [sp, #7]
	.loc	7 1597 7                        @ ../Drivers/STM32H7xx_HAL_Driver/Src/stm32h7xx_hal_tim_ex.c:1597:7
	cmp	r0, #1
	bne	.LBB25_4
	b	.LBB25_1
.LBB25_1:
	.loc	7 1597 11 is_stmt 0             @ ../Drivers/STM32H7xx_HAL_Driver/Src/stm32h7xx_hal_tim_ex.c:1597:11
	ldrb.w	r0, [sp, #6]
	.loc	7 1598 7 is_stmt 1              @ ../Drivers/STM32H7xx_HAL_Driver/Src/stm32h7xx_hal_tim_ex.c:1598:7
	cmp	r0, #1
	bne	.LBB25_4
	b	.LBB25_2
.LBB25_2:
	.loc	7 1598 11 is_stmt 0             @ ../Drivers/STM32H7xx_HAL_Driver/Src/stm32h7xx_hal_tim_ex.c:1598:11
	ldrb.w	r0, [sp, #5]
	.loc	7 1599 7 is_stmt 1              @ ../Drivers/STM32H7xx_HAL_Driver/Src/stm32h7xx_hal_tim_ex.c:1599:7
	cmp	r0, #1
	bne	.LBB25_4
	b	.LBB25_3
.LBB25_3:
	.loc	7 1599 11 is_stmt 0             @ ../Drivers/STM32H7xx_HAL_Driver/Src/stm32h7xx_hal_tim_ex.c:1599:11
	ldrb.w	r0, [sp, #4]
.Ltmp458:
	.loc	7 1596 7 is_stmt 1              @ ../Drivers/STM32H7xx_HAL_Driver/Src/stm32h7xx_hal_tim_ex.c:1596:7
	cmp	r0, #1
	beq	.LBB25_5
	b	.LBB25_4
.LBB25_4:
	.loc	7 0 7 is_stmt 0                 @ ../Drivers/STM32H7xx_HAL_Driver/Src/stm32h7xx_hal_tim_ex.c:0:7
	movs	r0, #1
.Ltmp459:
	.loc	7 1601 5 is_stmt 1              @ ../Drivers/STM32H7xx_HAL_Driver/Src/stm32h7xx_hal_tim_ex.c:1601:5
	strb.w	r0, [sp, #23]
	b	.LBB25_6
.Ltmp460:
.LBB25_5:
	.loc	7 1605 3                        @ ../Drivers/STM32H7xx_HAL_Driver/Src/stm32h7xx_hal_tim_ex.c:1605:3
	ldr	r1, [sp, #16]
	movs	r0, #2
	strb.w	r0, [r1, #62]
	.loc	7 1606 3                        @ ../Drivers/STM32H7xx_HAL_Driver/Src/stm32h7xx_hal_tim_ex.c:1606:3
	ldr	r1, [sp, #16]
	strb.w	r0, [r1, #63]
	.loc	7 1607 3                        @ ../Drivers/STM32H7xx_HAL_Driver/Src/stm32h7xx_hal_tim_ex.c:1607:3
	ldr	r1, [sp, #16]
	strb.w	r0, [r1, #68]
	.loc	7 1608 3                        @ ../Drivers/STM32H7xx_HAL_Driver/Src/stm32h7xx_hal_tim_ex.c:1608:3
	ldr	r1, [sp, #16]
	strb.w	r0, [r1, #69]
	.loc	7 1611 22                       @ ../Drivers/STM32H7xx_HAL_Driver/Src/stm32h7xx_hal_tim_ex.c:1611:22
	ldr	r0, [sp, #16]
	.loc	7 1611 28 is_stmt 0             @ ../Drivers/STM32H7xx_HAL_Driver/Src/stm32h7xx_hal_tim_ex.c:1611:28
	ldr	r0, [r0]
	.loc	7 1611 38                       @ ../Drivers/STM32H7xx_HAL_Driver/Src/stm32h7xx_hal_tim_ex.c:1611:38
	ldr	r1, [sp, #12]
	movs	r2, #4
	.loc	7 1611 3                        @ ../Drivers/STM32H7xx_HAL_Driver/Src/stm32h7xx_hal_tim_ex.c:1611:3
	bl	TIM_CCxNChannelCmd
	.loc	7 1612 21 is_stmt 1             @ ../Drivers/STM32H7xx_HAL_Driver/Src/stm32h7xx_hal_tim_ex.c:1612:21
	ldr	r0, [sp, #16]
	.loc	7 1612 27 is_stmt 0             @ ../Drivers/STM32H7xx_HAL_Driver/Src/stm32h7xx_hal_tim_ex.c:1612:27
	ldr	r0, [r0]
	.loc	7 1612 37                       @ ../Drivers/STM32H7xx_HAL_Driver/Src/stm32h7xx_hal_tim_ex.c:1612:37
	ldr	r1, [sp, #8]
	movs	r2, #1
	.loc	7 1612 3                        @ ../Drivers/STM32H7xx_HAL_Driver/Src/stm32h7xx_hal_tim_ex.c:1612:3
	bl	TIM_CCxChannelCmd
	.loc	7 1615 3 is_stmt 1              @ ../Drivers/STM32H7xx_HAL_Driver/Src/stm32h7xx_hal_tim_ex.c:1615:3
	ldr	r0, [sp, #16]
	ldr	r1, [r0]
	ldr	r0, [r1, #68]
	orr	r0, r0, #32768
	str	r0, [r1, #68]
	movs	r0, #0
	.loc	7 1618 3                        @ ../Drivers/STM32H7xx_HAL_Driver/Src/stm32h7xx_hal_tim_ex.c:1618:3
	strb.w	r0, [sp, #23]
	b	.LBB25_6
.LBB25_6:
	.loc	7 1619 1                        @ ../Drivers/STM32H7xx_HAL_Driver/Src/stm32h7xx_hal_tim_ex.c:1619:1
	ldrb.w	r0, [sp, #23]
	.loc	7 1619 1 epilogue_begin is_stmt 0 @ ../Drivers/STM32H7xx_HAL_Driver/Src/stm32h7xx_hal_tim_ex.c:1619:1
	add	sp, #24
	pop	{r7, pc}
.Ltmp461:
.Lfunc_end25:
	.size	HAL_TIMEx_OnePulseN_Start, .Lfunc_end25-HAL_TIMEx_OnePulseN_Start
	.cfi_endproc
	.cantunwind
	.fnend
                                        @ -- End function
	.section	.text.HAL_TIMEx_OnePulseN_Stop,"ax",%progbits
	.hidden	HAL_TIMEx_OnePulseN_Stop        @ -- Begin function HAL_TIMEx_OnePulseN_Stop
	.globl	HAL_TIMEx_OnePulseN_Stop
	.p2align	3
	.type	HAL_TIMEx_OnePulseN_Stop,%function
	.code	16                              @ @HAL_TIMEx_OnePulseN_Stop
	.thumb_func
HAL_TIMEx_OnePulseN_Stop:
.Lfunc_begin26:
	.loc	7 1634 0 is_stmt 1              @ ../Drivers/STM32H7xx_HAL_Driver/Src/stm32h7xx_hal_tim_ex.c:1634:0
	.fnstart
	.cfi_startproc
@ %bb.0:
	.save	{r7, lr}
	push	{r7, lr}
	.cfi_def_cfa_offset 8
	.cfi_offset lr, -4
	.cfi_offset r7, -8
	.pad	#16
	sub	sp, #16
	.cfi_def_cfa_offset 24
	str	r0, [sp, #12]
	str	r1, [sp, #8]
.Ltmp462:
	.loc	7 1635 29 prologue_end          @ ../Drivers/STM32H7xx_HAL_Driver/Src/stm32h7xx_hal_tim_ex.c:1635:29
	ldr	r0, [sp, #8]
	clz	r0, r0
	lsrs	r0, r0, #5
	.loc	7 1635 28 is_stmt 0             @ ../Drivers/STM32H7xx_HAL_Driver/Src/stm32h7xx_hal_tim_ex.c:1635:28
	lsls	r0, r0, #2
	.loc	7 1635 12                       @ ../Drivers/STM32H7xx_HAL_Driver/Src/stm32h7xx_hal_tim_ex.c:1635:12
	str	r0, [sp, #4]
	.loc	7 1641 22 is_stmt 1             @ ../Drivers/STM32H7xx_HAL_Driver/Src/stm32h7xx_hal_tim_ex.c:1641:22
	ldr	r0, [sp, #12]
	.loc	7 1641 28 is_stmt 0             @ ../Drivers/STM32H7xx_HAL_Driver/Src/stm32h7xx_hal_tim_ex.c:1641:28
	ldr	r0, [r0]
	.loc	7 1641 38                       @ ../Drivers/STM32H7xx_HAL_Driver/Src/stm32h7xx_hal_tim_ex.c:1641:38
	ldr	r1, [sp, #8]
	movs	r2, #0
	.loc	7 1641 3                        @ ../Drivers/STM32H7xx_HAL_Driver/Src/stm32h7xx_hal_tim_ex.c:1641:3
	str	r2, [sp]                        @ 4-byte Spill
	bl	TIM_CCxNChannelCmd
	ldr	r2, [sp]                        @ 4-byte Reload
	.loc	7 1642 21 is_stmt 1             @ ../Drivers/STM32H7xx_HAL_Driver/Src/stm32h7xx_hal_tim_ex.c:1642:21
	ldr	r0, [sp, #12]
	.loc	7 1642 27 is_stmt 0             @ ../Drivers/STM32H7xx_HAL_Driver/Src/stm32h7xx_hal_tim_ex.c:1642:27
	ldr	r0, [r0]
	.loc	7 1642 37                       @ ../Drivers/STM32H7xx_HAL_Driver/Src/stm32h7xx_hal_tim_ex.c:1642:37
	ldr	r1, [sp, #4]
	.loc	7 1642 3                        @ ../Drivers/STM32H7xx_HAL_Driver/Src/stm32h7xx_hal_tim_ex.c:1642:3
	bl	TIM_CCxChannelCmd
	.loc	7 1645 3 is_stmt 1              @ ../Drivers/STM32H7xx_HAL_Driver/Src/stm32h7xx_hal_tim_ex.c:1645:3
	b	.LBB26_1
.LBB26_1:
.Ltmp463:
	.loc	7 1645 3 is_stmt 0              @ ../Drivers/STM32H7xx_HAL_Driver/Src/stm32h7xx_hal_tim_ex.c:1645:3
	ldr	r0, [sp, #12]
	ldr	r0, [r0]
	ldr	r0, [r0, #32]
	movw	r1, #4369
.Ltmp464:
	.loc	7 1645 3                        @ ../Drivers/STM32H7xx_HAL_Driver/Src/stm32h7xx_hal_tim_ex.c:1645:3
	tst	r0, r1
	bne	.LBB26_5
	b	.LBB26_2
.LBB26_2:
.Ltmp465:
	.loc	7 1645 3                        @ ../Drivers/STM32H7xx_HAL_Driver/Src/stm32h7xx_hal_tim_ex.c:1645:3
	ldr	r0, [sp, #12]
	ldr	r0, [r0]
	ldr	r0, [r0, #32]
	movw	r1, #1092
.Ltmp466:
	.loc	7 1645 3                        @ ../Drivers/STM32H7xx_HAL_Driver/Src/stm32h7xx_hal_tim_ex.c:1645:3
	tst	r0, r1
	bne	.LBB26_4
	b	.LBB26_3
.LBB26_3:
.Ltmp467:
	.loc	7 1645 3                        @ ../Drivers/STM32H7xx_HAL_Driver/Src/stm32h7xx_hal_tim_ex.c:1645:3
	ldr	r0, [sp, #12]
	ldr	r1, [r0]
	ldr	r0, [r1, #68]
	bic	r0, r0, #32768
	str	r0, [r1, #68]
	b	.LBB26_4
.Ltmp468:
.LBB26_4:
	.loc	7 1645 3                        @ ../Drivers/STM32H7xx_HAL_Driver/Src/stm32h7xx_hal_tim_ex.c:1645:3
	b	.LBB26_5
.Ltmp469:
.LBB26_5:
	.loc	7 1645 3                        @ ../Drivers/STM32H7xx_HAL_Driver/Src/stm32h7xx_hal_tim_ex.c:1645:3
	b	.LBB26_6
.Ltmp470:
.LBB26_6:
	.loc	7 1648 3 is_stmt 1              @ ../Drivers/STM32H7xx_HAL_Driver/Src/stm32h7xx_hal_tim_ex.c:1648:3
	b	.LBB26_7
.LBB26_7:
.Ltmp471:
	.loc	7 1648 3 is_stmt 0              @ ../Drivers/STM32H7xx_HAL_Driver/Src/stm32h7xx_hal_tim_ex.c:1648:3
	ldr	r0, [sp, #12]
	ldr	r0, [r0]
	ldr	r0, [r0, #32]
	movw	r1, #4369
.Ltmp472:
	.loc	7 1648 3                        @ ../Drivers/STM32H7xx_HAL_Driver/Src/stm32h7xx_hal_tim_ex.c:1648:3
	tst	r0, r1
	bne	.LBB26_11
	b	.LBB26_8
.LBB26_8:
.Ltmp473:
	.loc	7 1648 3                        @ ../Drivers/STM32H7xx_HAL_Driver/Src/stm32h7xx_hal_tim_ex.c:1648:3
	ldr	r0, [sp, #12]
	ldr	r0, [r0]
	ldr	r0, [r0, #32]
	movw	r1, #1092
.Ltmp474:
	.loc	7 1648 3                        @ ../Drivers/STM32H7xx_HAL_Driver/Src/stm32h7xx_hal_tim_ex.c:1648:3
	tst	r0, r1
	bne	.LBB26_10
	b	.LBB26_9
.LBB26_9:
.Ltmp475:
	.loc	7 1648 3                        @ ../Drivers/STM32H7xx_HAL_Driver/Src/stm32h7xx_hal_tim_ex.c:1648:3
	ldr	r0, [sp, #12]
	ldr	r1, [r0]
	ldr	r0, [r1]
	bic	r0, r0, #1
	str	r0, [r1]
	b	.LBB26_10
.Ltmp476:
.LBB26_10:
	.loc	7 1648 3                        @ ../Drivers/STM32H7xx_HAL_Driver/Src/stm32h7xx_hal_tim_ex.c:1648:3
	b	.LBB26_11
.Ltmp477:
.LBB26_11:
	.loc	7 1648 3                        @ ../Drivers/STM32H7xx_HAL_Driver/Src/stm32h7xx_hal_tim_ex.c:1648:3
	b	.LBB26_12
.Ltmp478:
.LBB26_12:
	.loc	7 1651 3 is_stmt 1              @ ../Drivers/STM32H7xx_HAL_Driver/Src/stm32h7xx_hal_tim_ex.c:1651:3
	ldr	r1, [sp, #12]
	movs	r0, #1
	strb.w	r0, [r1, #62]
	.loc	7 1652 3                        @ ../Drivers/STM32H7xx_HAL_Driver/Src/stm32h7xx_hal_tim_ex.c:1652:3
	ldr	r1, [sp, #12]
	strb.w	r0, [r1, #63]
	.loc	7 1653 3                        @ ../Drivers/STM32H7xx_HAL_Driver/Src/stm32h7xx_hal_tim_ex.c:1653:3
	ldr	r1, [sp, #12]
	strb.w	r0, [r1, #68]
	.loc	7 1654 3                        @ ../Drivers/STM32H7xx_HAL_Driver/Src/stm32h7xx_hal_tim_ex.c:1654:3
	ldr	r1, [sp, #12]
	strb.w	r0, [r1, #69]
	movs	r0, #0
	.loc	7 1657 3 epilogue_begin         @ ../Drivers/STM32H7xx_HAL_Driver/Src/stm32h7xx_hal_tim_ex.c:1657:3
	add	sp, #16
	pop	{r7, pc}
.Ltmp479:
.Lfunc_end26:
	.size	HAL_TIMEx_OnePulseN_Stop, .Lfunc_end26-HAL_TIMEx_OnePulseN_Stop
	.cfi_endproc
	.cantunwind
	.fnend
                                        @ -- End function
	.section	.text.HAL_TIMEx_OnePulseN_Start_IT,"ax",%progbits
	.hidden	HAL_TIMEx_OnePulseN_Start_IT    @ -- Begin function HAL_TIMEx_OnePulseN_Start_IT
	.globl	HAL_TIMEx_OnePulseN_Start_IT
	.p2align	3
	.type	HAL_TIMEx_OnePulseN_Start_IT,%function
	.code	16                              @ @HAL_TIMEx_OnePulseN_Start_IT
	.thumb_func
HAL_TIMEx_OnePulseN_Start_IT:
.Lfunc_begin27:
	.loc	7 1673 0                        @ ../Drivers/STM32H7xx_HAL_Driver/Src/stm32h7xx_hal_tim_ex.c:1673:0
	.fnstart
	.cfi_startproc
@ %bb.0:
	.save	{r7, lr}
	push	{r7, lr}
	.cfi_def_cfa_offset 8
	.cfi_offset lr, -4
	.cfi_offset r7, -8
	.pad	#24
	sub	sp, #24
	.cfi_def_cfa_offset 32
	str	r0, [sp, #16]
	str	r1, [sp, #12]
.Ltmp480:
	.loc	7 1674 29 prologue_end          @ ../Drivers/STM32H7xx_HAL_Driver/Src/stm32h7xx_hal_tim_ex.c:1674:29
	ldr	r0, [sp, #12]
	clz	r0, r0
	lsrs	r0, r0, #5
	.loc	7 1674 28 is_stmt 0             @ ../Drivers/STM32H7xx_HAL_Driver/Src/stm32h7xx_hal_tim_ex.c:1674:28
	lsls	r0, r0, #2
	.loc	7 1674 12                       @ ../Drivers/STM32H7xx_HAL_Driver/Src/stm32h7xx_hal_tim_ex.c:1674:12
	str	r0, [sp, #8]
	.loc	7 1675 49 is_stmt 1             @ ../Drivers/STM32H7xx_HAL_Driver/Src/stm32h7xx_hal_tim_ex.c:1675:49
	ldr	r0, [sp, #16]
	ldrb.w	r0, [r0, #62]
	.loc	7 1675 31 is_stmt 0             @ ../Drivers/STM32H7xx_HAL_Driver/Src/stm32h7xx_hal_tim_ex.c:1675:31
	strb.w	r0, [sp, #7]
	.loc	7 1676 49 is_stmt 1             @ ../Drivers/STM32H7xx_HAL_Driver/Src/stm32h7xx_hal_tim_ex.c:1676:49
	ldr	r0, [sp, #16]
	ldrb.w	r0, [r0, #63]
	.loc	7 1676 31 is_stmt 0             @ ../Drivers/STM32H7xx_HAL_Driver/Src/stm32h7xx_hal_tim_ex.c:1676:31
	strb.w	r0, [sp, #6]
	.loc	7 1677 63 is_stmt 1             @ ../Drivers/STM32H7xx_HAL_Driver/Src/stm32h7xx_hal_tim_ex.c:1677:63
	ldr	r0, [sp, #16]
	ldrb.w	r0, [r0, #68]
	.loc	7 1677 31 is_stmt 0             @ ../Drivers/STM32H7xx_HAL_Driver/Src/stm32h7xx_hal_tim_ex.c:1677:31
	strb.w	r0, [sp, #5]
	.loc	7 1678 63 is_stmt 1             @ ../Drivers/STM32H7xx_HAL_Driver/Src/stm32h7xx_hal_tim_ex.c:1678:63
	ldr	r0, [sp, #16]
	ldrb.w	r0, [r0, #69]
	.loc	7 1678 31 is_stmt 0             @ ../Drivers/STM32H7xx_HAL_Driver/Src/stm32h7xx_hal_tim_ex.c:1678:31
	strb.w	r0, [sp, #4]
.Ltmp481:
	.loc	7 1684 8 is_stmt 1              @ ../Drivers/STM32H7xx_HAL_Driver/Src/stm32h7xx_hal_tim_ex.c:1684:8
	ldrb.w	r0, [sp, #7]
	.loc	7 1685 7                        @ ../Drivers/STM32H7xx_HAL_Driver/Src/stm32h7xx_hal_tim_ex.c:1685:7
	cmp	r0, #1
	bne	.LBB27_4
	b	.LBB27_1
.LBB27_1:
	.loc	7 1685 11 is_stmt 0             @ ../Drivers/STM32H7xx_HAL_Driver/Src/stm32h7xx_hal_tim_ex.c:1685:11
	ldrb.w	r0, [sp, #6]
	.loc	7 1686 7 is_stmt 1              @ ../Drivers/STM32H7xx_HAL_Driver/Src/stm32h7xx_hal_tim_ex.c:1686:7
	cmp	r0, #1
	bne	.LBB27_4
	b	.LBB27_2
.LBB27_2:
	.loc	7 1686 11 is_stmt 0             @ ../Drivers/STM32H7xx_HAL_Driver/Src/stm32h7xx_hal_tim_ex.c:1686:11
	ldrb.w	r0, [sp, #5]
	.loc	7 1687 7 is_stmt 1              @ ../Drivers/STM32H7xx_HAL_Driver/Src/stm32h7xx_hal_tim_ex.c:1687:7
	cmp	r0, #1
	bne	.LBB27_4
	b	.LBB27_3
.LBB27_3:
	.loc	7 1687 11 is_stmt 0             @ ../Drivers/STM32H7xx_HAL_Driver/Src/stm32h7xx_hal_tim_ex.c:1687:11
	ldrb.w	r0, [sp, #4]
.Ltmp482:
	.loc	7 1684 7 is_stmt 1              @ ../Drivers/STM32H7xx_HAL_Driver/Src/stm32h7xx_hal_tim_ex.c:1684:7
	cmp	r0, #1
	beq	.LBB27_5
	b	.LBB27_4
.LBB27_4:
	.loc	7 0 7 is_stmt 0                 @ ../Drivers/STM32H7xx_HAL_Driver/Src/stm32h7xx_hal_tim_ex.c:0:7
	movs	r0, #1
.Ltmp483:
	.loc	7 1689 5 is_stmt 1              @ ../Drivers/STM32H7xx_HAL_Driver/Src/stm32h7xx_hal_tim_ex.c:1689:5
	strb.w	r0, [sp, #23]
	b	.LBB27_6
.Ltmp484:
.LBB27_5:
	.loc	7 1693 3                        @ ../Drivers/STM32H7xx_HAL_Driver/Src/stm32h7xx_hal_tim_ex.c:1693:3
	ldr	r1, [sp, #16]
	movs	r0, #2
	strb.w	r0, [r1, #62]
	.loc	7 1694 3                        @ ../Drivers/STM32H7xx_HAL_Driver/Src/stm32h7xx_hal_tim_ex.c:1694:3
	ldr	r1, [sp, #16]
	strb.w	r0, [r1, #63]
	.loc	7 1695 3                        @ ../Drivers/STM32H7xx_HAL_Driver/Src/stm32h7xx_hal_tim_ex.c:1695:3
	ldr	r1, [sp, #16]
	strb.w	r0, [r1, #68]
	.loc	7 1696 3                        @ ../Drivers/STM32H7xx_HAL_Driver/Src/stm32h7xx_hal_tim_ex.c:1696:3
	ldr	r1, [sp, #16]
	strb.w	r0, [r1, #69]
	.loc	7 1699 3                        @ ../Drivers/STM32H7xx_HAL_Driver/Src/stm32h7xx_hal_tim_ex.c:1699:3
	ldr	r0, [sp, #16]
	ldr	r1, [r0]
	ldr	r0, [r1, #12]
	orr	r0, r0, #2
	str	r0, [r1, #12]
	.loc	7 1702 3                        @ ../Drivers/STM32H7xx_HAL_Driver/Src/stm32h7xx_hal_tim_ex.c:1702:3
	ldr	r0, [sp, #16]
	ldr	r1, [r0]
	ldr	r0, [r1, #12]
	orr	r0, r0, #4
	str	r0, [r1, #12]
	.loc	7 1705 22                       @ ../Drivers/STM32H7xx_HAL_Driver/Src/stm32h7xx_hal_tim_ex.c:1705:22
	ldr	r0, [sp, #16]
	.loc	7 1705 28 is_stmt 0             @ ../Drivers/STM32H7xx_HAL_Driver/Src/stm32h7xx_hal_tim_ex.c:1705:28
	ldr	r0, [r0]
	.loc	7 1705 38                       @ ../Drivers/STM32H7xx_HAL_Driver/Src/stm32h7xx_hal_tim_ex.c:1705:38
	ldr	r1, [sp, #12]
	movs	r2, #4
	.loc	7 1705 3                        @ ../Drivers/STM32H7xx_HAL_Driver/Src/stm32h7xx_hal_tim_ex.c:1705:3
	bl	TIM_CCxNChannelCmd
	.loc	7 1706 21 is_stmt 1             @ ../Drivers/STM32H7xx_HAL_Driver/Src/stm32h7xx_hal_tim_ex.c:1706:21
	ldr	r0, [sp, #16]
	.loc	7 1706 27 is_stmt 0             @ ../Drivers/STM32H7xx_HAL_Driver/Src/stm32h7xx_hal_tim_ex.c:1706:27
	ldr	r0, [r0]
	.loc	7 1706 37                       @ ../Drivers/STM32H7xx_HAL_Driver/Src/stm32h7xx_hal_tim_ex.c:1706:37
	ldr	r1, [sp, #8]
	movs	r2, #1
	.loc	7 1706 3                        @ ../Drivers/STM32H7xx_HAL_Driver/Src/stm32h7xx_hal_tim_ex.c:1706:3
	bl	TIM_CCxChannelCmd
	.loc	7 1709 3 is_stmt 1              @ ../Drivers/STM32H7xx_HAL_Driver/Src/stm32h7xx_hal_tim_ex.c:1709:3
	ldr	r0, [sp, #16]
	ldr	r1, [r0]
	ldr	r0, [r1, #68]
	orr	r0, r0, #32768
	str	r0, [r1, #68]
	movs	r0, #0
	.loc	7 1712 3                        @ ../Drivers/STM32H7xx_HAL_Driver/Src/stm32h7xx_hal_tim_ex.c:1712:3
	strb.w	r0, [sp, #23]
	b	.LBB27_6
.LBB27_6:
	.loc	7 1713 1                        @ ../Drivers/STM32H7xx_HAL_Driver/Src/stm32h7xx_hal_tim_ex.c:1713:1
	ldrb.w	r0, [sp, #23]
	.loc	7 1713 1 epilogue_begin is_stmt 0 @ ../Drivers/STM32H7xx_HAL_Driver/Src/stm32h7xx_hal_tim_ex.c:1713:1
	add	sp, #24
	pop	{r7, pc}
.Ltmp485:
.Lfunc_end27:
	.size	HAL_TIMEx_OnePulseN_Start_IT, .Lfunc_end27-HAL_TIMEx_OnePulseN_Start_IT
	.cfi_endproc
	.cantunwind
	.fnend
                                        @ -- End function
	.section	.text.HAL_TIMEx_OnePulseN_Stop_IT,"ax",%progbits
	.hidden	HAL_TIMEx_OnePulseN_Stop_IT     @ -- Begin function HAL_TIMEx_OnePulseN_Stop_IT
	.globl	HAL_TIMEx_OnePulseN_Stop_IT
	.p2align	3
	.type	HAL_TIMEx_OnePulseN_Stop_IT,%function
	.code	16                              @ @HAL_TIMEx_OnePulseN_Stop_IT
	.thumb_func
HAL_TIMEx_OnePulseN_Stop_IT:
.Lfunc_begin28:
	.loc	7 1728 0 is_stmt 1              @ ../Drivers/STM32H7xx_HAL_Driver/Src/stm32h7xx_hal_tim_ex.c:1728:0
	.fnstart
	.cfi_startproc
@ %bb.0:
	.save	{r7, lr}
	push	{r7, lr}
	.cfi_def_cfa_offset 8
	.cfi_offset lr, -4
	.cfi_offset r7, -8
	.pad	#16
	sub	sp, #16
	.cfi_def_cfa_offset 24
	str	r0, [sp, #12]
	str	r1, [sp, #8]
.Ltmp486:
	.loc	7 1729 29 prologue_end          @ ../Drivers/STM32H7xx_HAL_Driver/Src/stm32h7xx_hal_tim_ex.c:1729:29
	ldr	r0, [sp, #8]
	clz	r0, r0
	lsrs	r0, r0, #5
	.loc	7 1729 28 is_stmt 0             @ ../Drivers/STM32H7xx_HAL_Driver/Src/stm32h7xx_hal_tim_ex.c:1729:28
	lsls	r0, r0, #2
	.loc	7 1729 12                       @ ../Drivers/STM32H7xx_HAL_Driver/Src/stm32h7xx_hal_tim_ex.c:1729:12
	str	r0, [sp, #4]
	.loc	7 1735 3 is_stmt 1              @ ../Drivers/STM32H7xx_HAL_Driver/Src/stm32h7xx_hal_tim_ex.c:1735:3
	ldr	r0, [sp, #12]
	ldr	r1, [r0]
	ldr	r0, [r1, #12]
	bic	r0, r0, #2
	str	r0, [r1, #12]
	.loc	7 1738 3                        @ ../Drivers/STM32H7xx_HAL_Driver/Src/stm32h7xx_hal_tim_ex.c:1738:3
	ldr	r0, [sp, #12]
	ldr	r1, [r0]
	ldr	r0, [r1, #12]
	bic	r0, r0, #4
	str	r0, [r1, #12]
	.loc	7 1741 22                       @ ../Drivers/STM32H7xx_HAL_Driver/Src/stm32h7xx_hal_tim_ex.c:1741:22
	ldr	r0, [sp, #12]
	.loc	7 1741 28 is_stmt 0             @ ../Drivers/STM32H7xx_HAL_Driver/Src/stm32h7xx_hal_tim_ex.c:1741:28
	ldr	r0, [r0]
	.loc	7 1741 38                       @ ../Drivers/STM32H7xx_HAL_Driver/Src/stm32h7xx_hal_tim_ex.c:1741:38
	ldr	r1, [sp, #8]
	movs	r2, #0
	.loc	7 1741 3                        @ ../Drivers/STM32H7xx_HAL_Driver/Src/stm32h7xx_hal_tim_ex.c:1741:3
	str	r2, [sp]                        @ 4-byte Spill
	bl	TIM_CCxNChannelCmd
	ldr	r2, [sp]                        @ 4-byte Reload
	.loc	7 1742 21 is_stmt 1             @ ../Drivers/STM32H7xx_HAL_Driver/Src/stm32h7xx_hal_tim_ex.c:1742:21
	ldr	r0, [sp, #12]
	.loc	7 1742 27 is_stmt 0             @ ../Drivers/STM32H7xx_HAL_Driver/Src/stm32h7xx_hal_tim_ex.c:1742:27
	ldr	r0, [r0]
	.loc	7 1742 37                       @ ../Drivers/STM32H7xx_HAL_Driver/Src/stm32h7xx_hal_tim_ex.c:1742:37
	ldr	r1, [sp, #4]
	.loc	7 1742 3                        @ ../Drivers/STM32H7xx_HAL_Driver/Src/stm32h7xx_hal_tim_ex.c:1742:3
	bl	TIM_CCxChannelCmd
	.loc	7 1745 3 is_stmt 1              @ ../Drivers/STM32H7xx_HAL_Driver/Src/stm32h7xx_hal_tim_ex.c:1745:3
	b	.LBB28_1
.LBB28_1:
.Ltmp487:
	.loc	7 1745 3 is_stmt 0              @ ../Drivers/STM32H7xx_HAL_Driver/Src/stm32h7xx_hal_tim_ex.c:1745:3
	ldr	r0, [sp, #12]
	ldr	r0, [r0]
	ldr	r0, [r0, #32]
	movw	r1, #4369
.Ltmp488:
	.loc	7 1745 3                        @ ../Drivers/STM32H7xx_HAL_Driver/Src/stm32h7xx_hal_tim_ex.c:1745:3
	tst	r0, r1
	bne	.LBB28_5
	b	.LBB28_2
.LBB28_2:
.Ltmp489:
	.loc	7 1745 3                        @ ../Drivers/STM32H7xx_HAL_Driver/Src/stm32h7xx_hal_tim_ex.c:1745:3
	ldr	r0, [sp, #12]
	ldr	r0, [r0]
	ldr	r0, [r0, #32]
	movw	r1, #1092
.Ltmp490:
	.loc	7 1745 3                        @ ../Drivers/STM32H7xx_HAL_Driver/Src/stm32h7xx_hal_tim_ex.c:1745:3
	tst	r0, r1
	bne	.LBB28_4
	b	.LBB28_3
.LBB28_3:
.Ltmp491:
	.loc	7 1745 3                        @ ../Drivers/STM32H7xx_HAL_Driver/Src/stm32h7xx_hal_tim_ex.c:1745:3
	ldr	r0, [sp, #12]
	ldr	r1, [r0]
	ldr	r0, [r1, #68]
	bic	r0, r0, #32768
	str	r0, [r1, #68]
	b	.LBB28_4
.Ltmp492:
.LBB28_4:
	.loc	7 1745 3                        @ ../Drivers/STM32H7xx_HAL_Driver/Src/stm32h7xx_hal_tim_ex.c:1745:3
	b	.LBB28_5
.Ltmp493:
.LBB28_5:
	.loc	7 1745 3                        @ ../Drivers/STM32H7xx_HAL_Driver/Src/stm32h7xx_hal_tim_ex.c:1745:3
	b	.LBB28_6
.Ltmp494:
.LBB28_6:
	.loc	7 1748 3 is_stmt 1              @ ../Drivers/STM32H7xx_HAL_Driver/Src/stm32h7xx_hal_tim_ex.c:1748:3
	b	.LBB28_7
.LBB28_7:
.Ltmp495:
	.loc	7 1748 3 is_stmt 0              @ ../Drivers/STM32H7xx_HAL_Driver/Src/stm32h7xx_hal_tim_ex.c:1748:3
	ldr	r0, [sp, #12]
	ldr	r0, [r0]
	ldr	r0, [r0, #32]
	movw	r1, #4369
.Ltmp496:
	.loc	7 1748 3                        @ ../Drivers/STM32H7xx_HAL_Driver/Src/stm32h7xx_hal_tim_ex.c:1748:3
	tst	r0, r1
	bne	.LBB28_11
	b	.LBB28_8
.LBB28_8:
.Ltmp497:
	.loc	7 1748 3                        @ ../Drivers/STM32H7xx_HAL_Driver/Src/stm32h7xx_hal_tim_ex.c:1748:3
	ldr	r0, [sp, #12]
	ldr	r0, [r0]
	ldr	r0, [r0, #32]
	movw	r1, #1092
.Ltmp498:
	.loc	7 1748 3                        @ ../Drivers/STM32H7xx_HAL_Driver/Src/stm32h7xx_hal_tim_ex.c:1748:3
	tst	r0, r1
	bne	.LBB28_10
	b	.LBB28_9
.LBB28_9:
.Ltmp499:
	.loc	7 1748 3                        @ ../Drivers/STM32H7xx_HAL_Driver/Src/stm32h7xx_hal_tim_ex.c:1748:3
	ldr	r0, [sp, #12]
	ldr	r1, [r0]
	ldr	r0, [r1]
	bic	r0, r0, #1
	str	r0, [r1]
	b	.LBB28_10
.Ltmp500:
.LBB28_10:
	.loc	7 1748 3                        @ ../Drivers/STM32H7xx_HAL_Driver/Src/stm32h7xx_hal_tim_ex.c:1748:3
	b	.LBB28_11
.Ltmp501:
.LBB28_11:
	.loc	7 1748 3                        @ ../Drivers/STM32H7xx_HAL_Driver/Src/stm32h7xx_hal_tim_ex.c:1748:3
	b	.LBB28_12
.Ltmp502:
.LBB28_12:
	.loc	7 1751 3 is_stmt 1              @ ../Drivers/STM32H7xx_HAL_Driver/Src/stm32h7xx_hal_tim_ex.c:1751:3
	ldr	r1, [sp, #12]
	movs	r0, #1
	strb.w	r0, [r1, #62]
	.loc	7 1752 3                        @ ../Drivers/STM32H7xx_HAL_Driver/Src/stm32h7xx_hal_tim_ex.c:1752:3
	ldr	r1, [sp, #12]
	strb.w	r0, [r1, #63]
	.loc	7 1753 3                        @ ../Drivers/STM32H7xx_HAL_Driver/Src/stm32h7xx_hal_tim_ex.c:1753:3
	ldr	r1, [sp, #12]
	strb.w	r0, [r1, #68]
	.loc	7 1754 3                        @ ../Drivers/STM32H7xx_HAL_Driver/Src/stm32h7xx_hal_tim_ex.c:1754:3
	ldr	r1, [sp, #12]
	strb.w	r0, [r1, #69]
	movs	r0, #0
	.loc	7 1757 3 epilogue_begin         @ ../Drivers/STM32H7xx_HAL_Driver/Src/stm32h7xx_hal_tim_ex.c:1757:3
	add	sp, #16
	pop	{r7, pc}
.Ltmp503:
.Lfunc_end28:
	.size	HAL_TIMEx_OnePulseN_Stop_IT, .Lfunc_end28-HAL_TIMEx_OnePulseN_Stop_IT
	.cfi_endproc
	.cantunwind
	.fnend
                                        @ -- End function
	.section	.text.HAL_TIMEx_ConfigCommutEvent,"ax",%progbits
	.hidden	HAL_TIMEx_ConfigCommutEvent     @ -- Begin function HAL_TIMEx_ConfigCommutEvent
	.globl	HAL_TIMEx_ConfigCommutEvent
	.p2align	3
	.type	HAL_TIMEx_ConfigCommutEvent,%function
	.code	16                              @ @HAL_TIMEx_ConfigCommutEvent
	.thumb_func
HAL_TIMEx_ConfigCommutEvent:
.Lfunc_begin29:
	.loc	7 1815 0                        @ ../Drivers/STM32H7xx_HAL_Driver/Src/stm32h7xx_hal_tim_ex.c:1815:0
	.fnstart
	.cfi_startproc
@ %bb.0:
	.pad	#16
	sub	sp, #16
	.cfi_def_cfa_offset 16
	str	r0, [sp, #8]
	str	r1, [sp, #4]
	str	r2, [sp]
.Ltmp504:
	.loc	7 1820 3 prologue_end           @ ../Drivers/STM32H7xx_HAL_Driver/Src/stm32h7xx_hal_tim_ex.c:1820:3
	b	.LBB29_1
.LBB29_1:
.Ltmp505:
	.loc	7 1820 3 is_stmt 0              @ ../Drivers/STM32H7xx_HAL_Driver/Src/stm32h7xx_hal_tim_ex.c:1820:3
	ldr	r0, [sp, #8]
	ldrb.w	r0, [r0, #60]
.Ltmp506:
	.loc	7 1820 3                        @ ../Drivers/STM32H7xx_HAL_Driver/Src/stm32h7xx_hal_tim_ex.c:1820:3
	cmp	r0, #1
	bne	.LBB29_3
	b	.LBB29_2
.LBB29_2:
	.loc	7 0 3                           @ ../Drivers/STM32H7xx_HAL_Driver/Src/stm32h7xx_hal_tim_ex.c:0:3
	movs	r0, #2
.Ltmp507:
	.loc	7 1820 3                        @ ../Drivers/STM32H7xx_HAL_Driver/Src/stm32h7xx_hal_tim_ex.c:1820:3
	strb.w	r0, [sp, #15]
	b	.LBB29_15
.Ltmp508:
.LBB29_3:
	.loc	7 1820 3                        @ ../Drivers/STM32H7xx_HAL_Driver/Src/stm32h7xx_hal_tim_ex.c:1820:3
	ldr	r1, [sp, #8]
	movs	r0, #1
	strb.w	r0, [r1, #60]
	b	.LBB29_4
.Ltmp509:
.LBB29_4:
	.loc	7 1820 3                        @ ../Drivers/STM32H7xx_HAL_Driver/Src/stm32h7xx_hal_tim_ex.c:1820:3
	b	.LBB29_5
.Ltmp510:
.LBB29_5:
	.loc	7 1822 8 is_stmt 1              @ ../Drivers/STM32H7xx_HAL_Driver/Src/stm32h7xx_hal_tim_ex.c:1822:8
	ldr	r0, [sp, #4]
	.loc	7 1822 38 is_stmt 0             @ ../Drivers/STM32H7xx_HAL_Driver/Src/stm32h7xx_hal_tim_ex.c:1822:38
	cbz	r0, .LBB29_11
	b	.LBB29_6
.LBB29_6:
	.loc	7 1822 42                       @ ../Drivers/STM32H7xx_HAL_Driver/Src/stm32h7xx_hal_tim_ex.c:1822:42
	ldr	r0, [sp, #4]
	.loc	7 1822 71                       @ ../Drivers/STM32H7xx_HAL_Driver/Src/stm32h7xx_hal_tim_ex.c:1822:71
	cmp	r0, #16
	beq	.LBB29_11
	b	.LBB29_7
.LBB29_7:
	.loc	7 1823 8 is_stmt 1              @ ../Drivers/STM32H7xx_HAL_Driver/Src/stm32h7xx_hal_tim_ex.c:1823:8
	ldr	r0, [sp, #4]
	.loc	7 1823 38 is_stmt 0             @ ../Drivers/STM32H7xx_HAL_Driver/Src/stm32h7xx_hal_tim_ex.c:1823:38
	cmp	r0, #32
	beq	.LBB29_11
	b	.LBB29_8
.LBB29_8:
	.loc	7 1823 42                       @ ../Drivers/STM32H7xx_HAL_Driver/Src/stm32h7xx_hal_tim_ex.c:1823:42
	ldr	r0, [sp, #4]
	.loc	7 1823 71                       @ ../Drivers/STM32H7xx_HAL_Driver/Src/stm32h7xx_hal_tim_ex.c:1823:71
	cmp	r0, #48
	beq	.LBB29_11
	b	.LBB29_9
.LBB29_9:
	.loc	7 1824 8 is_stmt 1              @ ../Drivers/STM32H7xx_HAL_Driver/Src/stm32h7xx_hal_tim_ex.c:1824:8
	ldr	r0, [sp, #4]
	.loc	7 1824 39 is_stmt 0             @ ../Drivers/STM32H7xx_HAL_Driver/Src/stm32h7xx_hal_tim_ex.c:1824:39
	cmp.w	r0, #2097152
	beq	.LBB29_11
	b	.LBB29_10
.LBB29_10:
	.loc	7 1824 43                       @ ../Drivers/STM32H7xx_HAL_Driver/Src/stm32h7xx_hal_tim_ex.c:1824:43
	ldr	r0, [sp, #4]
	movs	r1, #16
	movt	r1, #32
.Ltmp511:
	.loc	7 1822 7 is_stmt 1              @ ../Drivers/STM32H7xx_HAL_Driver/Src/stm32h7xx_hal_tim_ex.c:1822:7
	cmp	r0, r1
	bne	.LBB29_12
	b	.LBB29_11
.LBB29_11:
.Ltmp512:
	.loc	7 1827 5                        @ ../Drivers/STM32H7xx_HAL_Driver/Src/stm32h7xx_hal_tim_ex.c:1827:5
	ldr	r0, [sp, #8]
	.loc	7 1827 11 is_stmt 0             @ ../Drivers/STM32H7xx_HAL_Driver/Src/stm32h7xx_hal_tim_ex.c:1827:11
	ldr	r1, [r0]
	.loc	7 1827 26                       @ ../Drivers/STM32H7xx_HAL_Driver/Src/stm32h7xx_hal_tim_ex.c:1827:26
	ldr	r0, [r1, #8]
	movw	r2, #65423
	movt	r2, #65487
	ands	r0, r2
	str	r0, [r1, #8]
	.loc	7 1828 29 is_stmt 1             @ ../Drivers/STM32H7xx_HAL_Driver/Src/stm32h7xx_hal_tim_ex.c:1828:29
	ldr	r2, [sp, #4]
	.loc	7 1828 5 is_stmt 0              @ ../Drivers/STM32H7xx_HAL_Driver/Src/stm32h7xx_hal_tim_ex.c:1828:5
	ldr	r0, [sp, #8]
	.loc	7 1828 11                       @ ../Drivers/STM32H7xx_HAL_Driver/Src/stm32h7xx_hal_tim_ex.c:1828:11
	ldr	r1, [r0]
	.loc	7 1828 26                       @ ../Drivers/STM32H7xx_HAL_Driver/Src/stm32h7xx_hal_tim_ex.c:1828:26
	ldr	r0, [r1, #8]
	orrs	r0, r2
	str	r0, [r1, #8]
	.loc	7 1829 3 is_stmt 1              @ ../Drivers/STM32H7xx_HAL_Driver/Src/stm32h7xx_hal_tim_ex.c:1829:3
	b	.LBB29_12
.Ltmp513:
.LBB29_12:
	.loc	7 1832 3                        @ ../Drivers/STM32H7xx_HAL_Driver/Src/stm32h7xx_hal_tim_ex.c:1832:3
	ldr	r0, [sp, #8]
	.loc	7 1832 9 is_stmt 0              @ ../Drivers/STM32H7xx_HAL_Driver/Src/stm32h7xx_hal_tim_ex.c:1832:9
	ldr	r1, [r0]
	.loc	7 1832 23                       @ ../Drivers/STM32H7xx_HAL_Driver/Src/stm32h7xx_hal_tim_ex.c:1832:23
	ldr	r0, [r1, #4]
	orr	r0, r0, #1
	str	r0, [r1, #4]
	.loc	7 1834 3 is_stmt 1              @ ../Drivers/STM32H7xx_HAL_Driver/Src/stm32h7xx_hal_tim_ex.c:1834:3
	ldr	r0, [sp, #8]
	.loc	7 1834 9 is_stmt 0              @ ../Drivers/STM32H7xx_HAL_Driver/Src/stm32h7xx_hal_tim_ex.c:1834:9
	ldr	r1, [r0]
	.loc	7 1834 23                       @ ../Drivers/STM32H7xx_HAL_Driver/Src/stm32h7xx_hal_tim_ex.c:1834:23
	ldr	r0, [r1, #4]
	bic	r0, r0, #4
	str	r0, [r1, #4]
	.loc	7 1835 26 is_stmt 1             @ ../Drivers/STM32H7xx_HAL_Driver/Src/stm32h7xx_hal_tim_ex.c:1835:26
	ldr	r2, [sp]
	.loc	7 1835 3 is_stmt 0              @ ../Drivers/STM32H7xx_HAL_Driver/Src/stm32h7xx_hal_tim_ex.c:1835:3
	ldr	r0, [sp, #8]
	.loc	7 1835 9                        @ ../Drivers/STM32H7xx_HAL_Driver/Src/stm32h7xx_hal_tim_ex.c:1835:9
	ldr	r1, [r0]
	.loc	7 1835 23                       @ ../Drivers/STM32H7xx_HAL_Driver/Src/stm32h7xx_hal_tim_ex.c:1835:23
	ldr	r0, [r1, #4]
	orrs	r0, r2
	str	r0, [r1, #4]
	.loc	7 1838 3 is_stmt 1              @ ../Drivers/STM32H7xx_HAL_Driver/Src/stm32h7xx_hal_tim_ex.c:1838:3
	ldr	r0, [sp, #8]
	ldr	r1, [r0]
	ldr	r0, [r1, #12]
	bic	r0, r0, #32
	str	r0, [r1, #12]
	.loc	7 1841 3                        @ ../Drivers/STM32H7xx_HAL_Driver/Src/stm32h7xx_hal_tim_ex.c:1841:3
	ldr	r0, [sp, #8]
	ldr	r1, [r0]
	ldr	r0, [r1, #12]
	bic	r0, r0, #8192
	str	r0, [r1, #12]
	.loc	7 1843 3                        @ ../Drivers/STM32H7xx_HAL_Driver/Src/stm32h7xx_hal_tim_ex.c:1843:3
	b	.LBB29_13
.LBB29_13:
.Ltmp514:
	.loc	7 1843 3 is_stmt 0              @ ../Drivers/STM32H7xx_HAL_Driver/Src/stm32h7xx_hal_tim_ex.c:1843:3
	ldr	r1, [sp, #8]
	movs	r0, #0
	strb.w	r0, [r1, #60]
	b	.LBB29_14
.Ltmp515:
.LBB29_14:
	.loc	7 0 3                           @ ../Drivers/STM32H7xx_HAL_Driver/Src/stm32h7xx_hal_tim_ex.c:0:3
	movs	r0, #0
	.loc	7 1845 3 is_stmt 1              @ ../Drivers/STM32H7xx_HAL_Driver/Src/stm32h7xx_hal_tim_ex.c:1845:3
	strb.w	r0, [sp, #15]
	b	.LBB29_15
.LBB29_15:
	.loc	7 1846 1                        @ ../Drivers/STM32H7xx_HAL_Driver/Src/stm32h7xx_hal_tim_ex.c:1846:1
	ldrb.w	r0, [sp, #15]
	.loc	7 1846 1 epilogue_begin is_stmt 0 @ ../Drivers/STM32H7xx_HAL_Driver/Src/stm32h7xx_hal_tim_ex.c:1846:1
	add	sp, #16
	bx	lr
.Ltmp516:
.Lfunc_end29:
	.size	HAL_TIMEx_ConfigCommutEvent, .Lfunc_end29-HAL_TIMEx_ConfigCommutEvent
	.cfi_endproc
	.cantunwind
	.fnend
                                        @ -- End function
	.section	.text.HAL_TIMEx_ConfigCommutEvent_IT,"ax",%progbits
	.hidden	HAL_TIMEx_ConfigCommutEvent_IT  @ -- Begin function HAL_TIMEx_ConfigCommutEvent_IT
	.globl	HAL_TIMEx_ConfigCommutEvent_IT
	.p2align	3
	.type	HAL_TIMEx_ConfigCommutEvent_IT,%function
	.code	16                              @ @HAL_TIMEx_ConfigCommutEvent_IT
	.thumb_func
HAL_TIMEx_ConfigCommutEvent_IT:
.Lfunc_begin30:
	.loc	7 1877 0 is_stmt 1              @ ../Drivers/STM32H7xx_HAL_Driver/Src/stm32h7xx_hal_tim_ex.c:1877:0
	.fnstart
	.cfi_startproc
@ %bb.0:
	.pad	#16
	sub	sp, #16
	.cfi_def_cfa_offset 16
	str	r0, [sp, #8]
	str	r1, [sp, #4]
	str	r2, [sp]
.Ltmp517:
	.loc	7 1882 3 prologue_end           @ ../Drivers/STM32H7xx_HAL_Driver/Src/stm32h7xx_hal_tim_ex.c:1882:3
	b	.LBB30_1
.LBB30_1:
.Ltmp518:
	.loc	7 1882 3 is_stmt 0              @ ../Drivers/STM32H7xx_HAL_Driver/Src/stm32h7xx_hal_tim_ex.c:1882:3
	ldr	r0, [sp, #8]
	ldrb.w	r0, [r0, #60]
.Ltmp519:
	.loc	7 1882 3                        @ ../Drivers/STM32H7xx_HAL_Driver/Src/stm32h7xx_hal_tim_ex.c:1882:3
	cmp	r0, #1
	bne	.LBB30_3
	b	.LBB30_2
.LBB30_2:
	.loc	7 0 3                           @ ../Drivers/STM32H7xx_HAL_Driver/Src/stm32h7xx_hal_tim_ex.c:0:3
	movs	r0, #2
.Ltmp520:
	.loc	7 1882 3                        @ ../Drivers/STM32H7xx_HAL_Driver/Src/stm32h7xx_hal_tim_ex.c:1882:3
	strb.w	r0, [sp, #15]
	b	.LBB30_15
.Ltmp521:
.LBB30_3:
	.loc	7 1882 3                        @ ../Drivers/STM32H7xx_HAL_Driver/Src/stm32h7xx_hal_tim_ex.c:1882:3
	ldr	r1, [sp, #8]
	movs	r0, #1
	strb.w	r0, [r1, #60]
	b	.LBB30_4
.Ltmp522:
.LBB30_4:
	.loc	7 1882 3                        @ ../Drivers/STM32H7xx_HAL_Driver/Src/stm32h7xx_hal_tim_ex.c:1882:3
	b	.LBB30_5
.Ltmp523:
.LBB30_5:
	.loc	7 1884 8 is_stmt 1              @ ../Drivers/STM32H7xx_HAL_Driver/Src/stm32h7xx_hal_tim_ex.c:1884:8
	ldr	r0, [sp, #4]
	.loc	7 1884 38 is_stmt 0             @ ../Drivers/STM32H7xx_HAL_Driver/Src/stm32h7xx_hal_tim_ex.c:1884:38
	cbz	r0, .LBB30_11
	b	.LBB30_6
.LBB30_6:
	.loc	7 1884 42                       @ ../Drivers/STM32H7xx_HAL_Driver/Src/stm32h7xx_hal_tim_ex.c:1884:42
	ldr	r0, [sp, #4]
	.loc	7 1884 71                       @ ../Drivers/STM32H7xx_HAL_Driver/Src/stm32h7xx_hal_tim_ex.c:1884:71
	cmp	r0, #16
	beq	.LBB30_11
	b	.LBB30_7
.LBB30_7:
	.loc	7 1885 8 is_stmt 1              @ ../Drivers/STM32H7xx_HAL_Driver/Src/stm32h7xx_hal_tim_ex.c:1885:8
	ldr	r0, [sp, #4]
	.loc	7 1885 38 is_stmt 0             @ ../Drivers/STM32H7xx_HAL_Driver/Src/stm32h7xx_hal_tim_ex.c:1885:38
	cmp	r0, #32
	beq	.LBB30_11
	b	.LBB30_8
.LBB30_8:
	.loc	7 1885 42                       @ ../Drivers/STM32H7xx_HAL_Driver/Src/stm32h7xx_hal_tim_ex.c:1885:42
	ldr	r0, [sp, #4]
	.loc	7 1885 71                       @ ../Drivers/STM32H7xx_HAL_Driver/Src/stm32h7xx_hal_tim_ex.c:1885:71
	cmp	r0, #48
	beq	.LBB30_11
	b	.LBB30_9
.LBB30_9:
	.loc	7 1886 8 is_stmt 1              @ ../Drivers/STM32H7xx_HAL_Driver/Src/stm32h7xx_hal_tim_ex.c:1886:8
	ldr	r0, [sp, #4]
	.loc	7 1886 39 is_stmt 0             @ ../Drivers/STM32H7xx_HAL_Driver/Src/stm32h7xx_hal_tim_ex.c:1886:39
	cmp.w	r0, #2097152
	beq	.LBB30_11
	b	.LBB30_10
.LBB30_10:
	.loc	7 1886 43                       @ ../Drivers/STM32H7xx_HAL_Driver/Src/stm32h7xx_hal_tim_ex.c:1886:43
	ldr	r0, [sp, #4]
	movs	r1, #16
	movt	r1, #32
.Ltmp524:
	.loc	7 1884 7 is_stmt 1              @ ../Drivers/STM32H7xx_HAL_Driver/Src/stm32h7xx_hal_tim_ex.c:1884:7
	cmp	r0, r1
	bne	.LBB30_12
	b	.LBB30_11
.LBB30_11:
.Ltmp525:
	.loc	7 1889 5                        @ ../Drivers/STM32H7xx_HAL_Driver/Src/stm32h7xx_hal_tim_ex.c:1889:5
	ldr	r0, [sp, #8]
	.loc	7 1889 11 is_stmt 0             @ ../Drivers/STM32H7xx_HAL_Driver/Src/stm32h7xx_hal_tim_ex.c:1889:11
	ldr	r1, [r0]
	.loc	7 1889 26                       @ ../Drivers/STM32H7xx_HAL_Driver/Src/stm32h7xx_hal_tim_ex.c:1889:26
	ldr	r0, [r1, #8]
	movw	r2, #65423
	movt	r2, #65487
	ands	r0, r2
	str	r0, [r1, #8]
	.loc	7 1890 29 is_stmt 1             @ ../Drivers/STM32H7xx_HAL_Driver/Src/stm32h7xx_hal_tim_ex.c:1890:29
	ldr	r2, [sp, #4]
	.loc	7 1890 5 is_stmt 0              @ ../Drivers/STM32H7xx_HAL_Driver/Src/stm32h7xx_hal_tim_ex.c:1890:5
	ldr	r0, [sp, #8]
	.loc	7 1890 11                       @ ../Drivers/STM32H7xx_HAL_Driver/Src/stm32h7xx_hal_tim_ex.c:1890:11
	ldr	r1, [r0]
	.loc	7 1890 26                       @ ../Drivers/STM32H7xx_HAL_Driver/Src/stm32h7xx_hal_tim_ex.c:1890:26
	ldr	r0, [r1, #8]
	orrs	r0, r2
	str	r0, [r1, #8]
	.loc	7 1891 3 is_stmt 1              @ ../Drivers/STM32H7xx_HAL_Driver/Src/stm32h7xx_hal_tim_ex.c:1891:3
	b	.LBB30_12
.Ltmp526:
.LBB30_12:
	.loc	7 1894 3                        @ ../Drivers/STM32H7xx_HAL_Driver/Src/stm32h7xx_hal_tim_ex.c:1894:3
	ldr	r0, [sp, #8]
	.loc	7 1894 9 is_stmt 0              @ ../Drivers/STM32H7xx_HAL_Driver/Src/stm32h7xx_hal_tim_ex.c:1894:9
	ldr	r1, [r0]
	.loc	7 1894 23                       @ ../Drivers/STM32H7xx_HAL_Driver/Src/stm32h7xx_hal_tim_ex.c:1894:23
	ldr	r0, [r1, #4]
	orr	r0, r0, #1
	str	r0, [r1, #4]
	.loc	7 1896 3 is_stmt 1              @ ../Drivers/STM32H7xx_HAL_Driver/Src/stm32h7xx_hal_tim_ex.c:1896:3
	ldr	r0, [sp, #8]
	.loc	7 1896 9 is_stmt 0              @ ../Drivers/STM32H7xx_HAL_Driver/Src/stm32h7xx_hal_tim_ex.c:1896:9
	ldr	r1, [r0]
	.loc	7 1896 23                       @ ../Drivers/STM32H7xx_HAL_Driver/Src/stm32h7xx_hal_tim_ex.c:1896:23
	ldr	r0, [r1, #4]
	bic	r0, r0, #4
	str	r0, [r1, #4]
	.loc	7 1897 26 is_stmt 1             @ ../Drivers/STM32H7xx_HAL_Driver/Src/stm32h7xx_hal_tim_ex.c:1897:26
	ldr	r2, [sp]
	.loc	7 1897 3 is_stmt 0              @ ../Drivers/STM32H7xx_HAL_Driver/Src/stm32h7xx_hal_tim_ex.c:1897:3
	ldr	r0, [sp, #8]
	.loc	7 1897 9                        @ ../Drivers/STM32H7xx_HAL_Driver/Src/stm32h7xx_hal_tim_ex.c:1897:9
	ldr	r1, [r0]
	.loc	7 1897 23                       @ ../Drivers/STM32H7xx_HAL_Driver/Src/stm32h7xx_hal_tim_ex.c:1897:23
	ldr	r0, [r1, #4]
	orrs	r0, r2
	str	r0, [r1, #4]
	.loc	7 1900 3 is_stmt 1              @ ../Drivers/STM32H7xx_HAL_Driver/Src/stm32h7xx_hal_tim_ex.c:1900:3
	ldr	r0, [sp, #8]
	ldr	r1, [r0]
	ldr	r0, [r1, #12]
	bic	r0, r0, #8192
	str	r0, [r1, #12]
	.loc	7 1903 3                        @ ../Drivers/STM32H7xx_HAL_Driver/Src/stm32h7xx_hal_tim_ex.c:1903:3
	ldr	r0, [sp, #8]
	ldr	r1, [r0]
	ldr	r0, [r1, #12]
	orr	r0, r0, #32
	str	r0, [r1, #12]
	.loc	7 1905 3                        @ ../Drivers/STM32H7xx_HAL_Driver/Src/stm32h7xx_hal_tim_ex.c:1905:3
	b	.LBB30_13
.LBB30_13:
.Ltmp527:
	.loc	7 1905 3 is_stmt 0              @ ../Drivers/STM32H7xx_HAL_Driver/Src/stm32h7xx_hal_tim_ex.c:1905:3
	ldr	r1, [sp, #8]
	movs	r0, #0
	strb.w	r0, [r1, #60]
	b	.LBB30_14
.Ltmp528:
.LBB30_14:
	.loc	7 0 3                           @ ../Drivers/STM32H7xx_HAL_Driver/Src/stm32h7xx_hal_tim_ex.c:0:3
	movs	r0, #0
	.loc	7 1907 3 is_stmt 1              @ ../Drivers/STM32H7xx_HAL_Driver/Src/stm32h7xx_hal_tim_ex.c:1907:3
	strb.w	r0, [sp, #15]
	b	.LBB30_15
.LBB30_15:
	.loc	7 1908 1                        @ ../Drivers/STM32H7xx_HAL_Driver/Src/stm32h7xx_hal_tim_ex.c:1908:1
	ldrb.w	r0, [sp, #15]
	.loc	7 1908 1 epilogue_begin is_stmt 0 @ ../Drivers/STM32H7xx_HAL_Driver/Src/stm32h7xx_hal_tim_ex.c:1908:1
	add	sp, #16
	bx	lr
.Ltmp529:
.Lfunc_end30:
	.size	HAL_TIMEx_ConfigCommutEvent_IT, .Lfunc_end30-HAL_TIMEx_ConfigCommutEvent_IT
	.cfi_endproc
	.cantunwind
	.fnend
                                        @ -- End function
	.section	.text.HAL_TIMEx_ConfigCommutEvent_DMA,"ax",%progbits
	.hidden	HAL_TIMEx_ConfigCommutEvent_DMA @ -- Begin function HAL_TIMEx_ConfigCommutEvent_DMA
	.globl	HAL_TIMEx_ConfigCommutEvent_DMA
	.p2align	3
	.type	HAL_TIMEx_ConfigCommutEvent_DMA,%function
	.code	16                              @ @HAL_TIMEx_ConfigCommutEvent_DMA
	.thumb_func
HAL_TIMEx_ConfigCommutEvent_DMA:
.Lfunc_begin31:
	.loc	7 1940 0 is_stmt 1              @ ../Drivers/STM32H7xx_HAL_Driver/Src/stm32h7xx_hal_tim_ex.c:1940:0
	.fnstart
	.cfi_startproc
@ %bb.0:
	.pad	#16
	sub	sp, #16
	.cfi_def_cfa_offset 16
	str	r0, [sp, #8]
	str	r1, [sp, #4]
	str	r2, [sp]
.Ltmp530:
	.loc	7 1945 3 prologue_end           @ ../Drivers/STM32H7xx_HAL_Driver/Src/stm32h7xx_hal_tim_ex.c:1945:3
	b	.LBB31_1
.LBB31_1:
.Ltmp531:
	.loc	7 1945 3 is_stmt 0              @ ../Drivers/STM32H7xx_HAL_Driver/Src/stm32h7xx_hal_tim_ex.c:1945:3
	ldr	r0, [sp, #8]
	ldrb.w	r0, [r0, #60]
.Ltmp532:
	.loc	7 1945 3                        @ ../Drivers/STM32H7xx_HAL_Driver/Src/stm32h7xx_hal_tim_ex.c:1945:3
	cmp	r0, #1
	bne	.LBB31_3
	b	.LBB31_2
.LBB31_2:
	.loc	7 0 3                           @ ../Drivers/STM32H7xx_HAL_Driver/Src/stm32h7xx_hal_tim_ex.c:0:3
	movs	r0, #2
.Ltmp533:
	.loc	7 1945 3                        @ ../Drivers/STM32H7xx_HAL_Driver/Src/stm32h7xx_hal_tim_ex.c:1945:3
	strb.w	r0, [sp, #15]
	b	.LBB31_15
.Ltmp534:
.LBB31_3:
	.loc	7 1945 3                        @ ../Drivers/STM32H7xx_HAL_Driver/Src/stm32h7xx_hal_tim_ex.c:1945:3
	ldr	r1, [sp, #8]
	movs	r0, #1
	strb.w	r0, [r1, #60]
	b	.LBB31_4
.Ltmp535:
.LBB31_4:
	.loc	7 1945 3                        @ ../Drivers/STM32H7xx_HAL_Driver/Src/stm32h7xx_hal_tim_ex.c:1945:3
	b	.LBB31_5
.Ltmp536:
.LBB31_5:
	.loc	7 1947 8 is_stmt 1              @ ../Drivers/STM32H7xx_HAL_Driver/Src/stm32h7xx_hal_tim_ex.c:1947:8
	ldr	r0, [sp, #4]
	.loc	7 1947 38 is_stmt 0             @ ../Drivers/STM32H7xx_HAL_Driver/Src/stm32h7xx_hal_tim_ex.c:1947:38
	cbz	r0, .LBB31_11
	b	.LBB31_6
.LBB31_6:
	.loc	7 1947 42                       @ ../Drivers/STM32H7xx_HAL_Driver/Src/stm32h7xx_hal_tim_ex.c:1947:42
	ldr	r0, [sp, #4]
	.loc	7 1947 71                       @ ../Drivers/STM32H7xx_HAL_Driver/Src/stm32h7xx_hal_tim_ex.c:1947:71
	cmp	r0, #16
	beq	.LBB31_11
	b	.LBB31_7
.LBB31_7:
	.loc	7 1948 8 is_stmt 1              @ ../Drivers/STM32H7xx_HAL_Driver/Src/stm32h7xx_hal_tim_ex.c:1948:8
	ldr	r0, [sp, #4]
	.loc	7 1948 38 is_stmt 0             @ ../Drivers/STM32H7xx_HAL_Driver/Src/stm32h7xx_hal_tim_ex.c:1948:38
	cmp	r0, #32
	beq	.LBB31_11
	b	.LBB31_8
.LBB31_8:
	.loc	7 1948 42                       @ ../Drivers/STM32H7xx_HAL_Driver/Src/stm32h7xx_hal_tim_ex.c:1948:42
	ldr	r0, [sp, #4]
	.loc	7 1948 71                       @ ../Drivers/STM32H7xx_HAL_Driver/Src/stm32h7xx_hal_tim_ex.c:1948:71
	cmp	r0, #48
	beq	.LBB31_11
	b	.LBB31_9
.LBB31_9:
	.loc	7 1949 8 is_stmt 1              @ ../Drivers/STM32H7xx_HAL_Driver/Src/stm32h7xx_hal_tim_ex.c:1949:8
	ldr	r0, [sp, #4]
	.loc	7 1949 39 is_stmt 0             @ ../Drivers/STM32H7xx_HAL_Driver/Src/stm32h7xx_hal_tim_ex.c:1949:39
	cmp.w	r0, #2097152
	beq	.LBB31_11
	b	.LBB31_10
.LBB31_10:
	.loc	7 1949 43                       @ ../Drivers/STM32H7xx_HAL_Driver/Src/stm32h7xx_hal_tim_ex.c:1949:43
	ldr	r0, [sp, #4]
	movs	r1, #16
	movt	r1, #32
.Ltmp537:
	.loc	7 1947 7 is_stmt 1              @ ../Drivers/STM32H7xx_HAL_Driver/Src/stm32h7xx_hal_tim_ex.c:1947:7
	cmp	r0, r1
	bne	.LBB31_12
	b	.LBB31_11
.LBB31_11:
.Ltmp538:
	.loc	7 1952 5                        @ ../Drivers/STM32H7xx_HAL_Driver/Src/stm32h7xx_hal_tim_ex.c:1952:5
	ldr	r0, [sp, #8]
	.loc	7 1952 11 is_stmt 0             @ ../Drivers/STM32H7xx_HAL_Driver/Src/stm32h7xx_hal_tim_ex.c:1952:11
	ldr	r1, [r0]
	.loc	7 1952 26                       @ ../Drivers/STM32H7xx_HAL_Driver/Src/stm32h7xx_hal_tim_ex.c:1952:26
	ldr	r0, [r1, #8]
	movw	r2, #65423
	movt	r2, #65487
	ands	r0, r2
	str	r0, [r1, #8]
	.loc	7 1953 29 is_stmt 1             @ ../Drivers/STM32H7xx_HAL_Driver/Src/stm32h7xx_hal_tim_ex.c:1953:29
	ldr	r2, [sp, #4]
	.loc	7 1953 5 is_stmt 0              @ ../Drivers/STM32H7xx_HAL_Driver/Src/stm32h7xx_hal_tim_ex.c:1953:5
	ldr	r0, [sp, #8]
	.loc	7 1953 11                       @ ../Drivers/STM32H7xx_HAL_Driver/Src/stm32h7xx_hal_tim_ex.c:1953:11
	ldr	r1, [r0]
	.loc	7 1953 26                       @ ../Drivers/STM32H7xx_HAL_Driver/Src/stm32h7xx_hal_tim_ex.c:1953:26
	ldr	r0, [r1, #8]
	orrs	r0, r2
	str	r0, [r1, #8]
	.loc	7 1954 3 is_stmt 1              @ ../Drivers/STM32H7xx_HAL_Driver/Src/stm32h7xx_hal_tim_ex.c:1954:3
	b	.LBB31_12
.Ltmp539:
.LBB31_12:
	.loc	7 1957 3                        @ ../Drivers/STM32H7xx_HAL_Driver/Src/stm32h7xx_hal_tim_ex.c:1957:3
	ldr	r0, [sp, #8]
	.loc	7 1957 9 is_stmt 0              @ ../Drivers/STM32H7xx_HAL_Driver/Src/stm32h7xx_hal_tim_ex.c:1957:9
	ldr	r1, [r0]
	.loc	7 1957 23                       @ ../Drivers/STM32H7xx_HAL_Driver/Src/stm32h7xx_hal_tim_ex.c:1957:23
	ldr	r0, [r1, #4]
	orr	r0, r0, #1
	str	r0, [r1, #4]
	.loc	7 1959 3 is_stmt 1              @ ../Drivers/STM32H7xx_HAL_Driver/Src/stm32h7xx_hal_tim_ex.c:1959:3
	ldr	r0, [sp, #8]
	.loc	7 1959 9 is_stmt 0              @ ../Drivers/STM32H7xx_HAL_Driver/Src/stm32h7xx_hal_tim_ex.c:1959:9
	ldr	r1, [r0]
	.loc	7 1959 23                       @ ../Drivers/STM32H7xx_HAL_Driver/Src/stm32h7xx_hal_tim_ex.c:1959:23
	ldr	r0, [r1, #4]
	bic	r0, r0, #4
	str	r0, [r1, #4]
	.loc	7 1960 26 is_stmt 1             @ ../Drivers/STM32H7xx_HAL_Driver/Src/stm32h7xx_hal_tim_ex.c:1960:26
	ldr	r2, [sp]
	.loc	7 1960 3 is_stmt 0              @ ../Drivers/STM32H7xx_HAL_Driver/Src/stm32h7xx_hal_tim_ex.c:1960:3
	ldr	r0, [sp, #8]
	.loc	7 1960 9                        @ ../Drivers/STM32H7xx_HAL_Driver/Src/stm32h7xx_hal_tim_ex.c:1960:9
	ldr	r1, [r0]
	.loc	7 1960 23                       @ ../Drivers/STM32H7xx_HAL_Driver/Src/stm32h7xx_hal_tim_ex.c:1960:23
	ldr	r0, [r1, #4]
	orrs	r0, r2
	str	r0, [r1, #4]
	.loc	7 1964 3 is_stmt 1              @ ../Drivers/STM32H7xx_HAL_Driver/Src/stm32h7xx_hal_tim_ex.c:1964:3
	ldr	r0, [sp, #8]
	ldr	r1, [r0, #52]
	.loc	7 1964 56 is_stmt 0             @ ../Drivers/STM32H7xx_HAL_Driver/Src/stm32h7xx_hal_tim_ex.c:1964:56
	movw	r0, :lower16:TIMEx_DMACommutationCplt
	movt	r0, :upper16:TIMEx_DMACommutationCplt
	str	r0, [r1, #60]
	.loc	7 1965 3 is_stmt 1              @ ../Drivers/STM32H7xx_HAL_Driver/Src/stm32h7xx_hal_tim_ex.c:1965:3
	ldr	r0, [sp, #8]
	ldr	r1, [r0, #52]
	.loc	7 1965 60 is_stmt 0             @ ../Drivers/STM32H7xx_HAL_Driver/Src/stm32h7xx_hal_tim_ex.c:1965:60
	movw	r0, :lower16:TIMEx_DMACommutationHalfCplt
	movt	r0, :upper16:TIMEx_DMACommutationHalfCplt
	str	r0, [r1, #64]
	.loc	7 1967 3 is_stmt 1              @ ../Drivers/STM32H7xx_HAL_Driver/Src/stm32h7xx_hal_tim_ex.c:1967:3
	ldr	r0, [sp, #8]
	ldr	r1, [r0, #52]
	.loc	7 1967 57 is_stmt 0             @ ../Drivers/STM32H7xx_HAL_Driver/Src/stm32h7xx_hal_tim_ex.c:1967:57
	movw	r0, :lower16:TIM_DMAError
	movt	r0, :upper16:TIM_DMAError
	str	r0, [r1, #76]
	.loc	7 1970 3 is_stmt 1              @ ../Drivers/STM32H7xx_HAL_Driver/Src/stm32h7xx_hal_tim_ex.c:1970:3
	ldr	r0, [sp, #8]
	ldr	r1, [r0]
	ldr	r0, [r1, #12]
	bic	r0, r0, #32
	str	r0, [r1, #12]
	.loc	7 1973 3                        @ ../Drivers/STM32H7xx_HAL_Driver/Src/stm32h7xx_hal_tim_ex.c:1973:3
	ldr	r0, [sp, #8]
	ldr	r1, [r0]
	ldr	r0, [r1, #12]
	orr	r0, r0, #8192
	str	r0, [r1, #12]
	.loc	7 1975 3                        @ ../Drivers/STM32H7xx_HAL_Driver/Src/stm32h7xx_hal_tim_ex.c:1975:3
	b	.LBB31_13
.LBB31_13:
.Ltmp540:
	.loc	7 1975 3 is_stmt 0              @ ../Drivers/STM32H7xx_HAL_Driver/Src/stm32h7xx_hal_tim_ex.c:1975:3
	ldr	r1, [sp, #8]
	movs	r0, #0
	strb.w	r0, [r1, #60]
	b	.LBB31_14
.Ltmp541:
.LBB31_14:
	.loc	7 0 3                           @ ../Drivers/STM32H7xx_HAL_Driver/Src/stm32h7xx_hal_tim_ex.c:0:3
	movs	r0, #0
	.loc	7 1977 3 is_stmt 1              @ ../Drivers/STM32H7xx_HAL_Driver/Src/stm32h7xx_hal_tim_ex.c:1977:3
	strb.w	r0, [sp, #15]
	b	.LBB31_15
.LBB31_15:
	.loc	7 1978 1                        @ ../Drivers/STM32H7xx_HAL_Driver/Src/stm32h7xx_hal_tim_ex.c:1978:1
	ldrb.w	r0, [sp, #15]
	.loc	7 1978 1 epilogue_begin is_stmt 0 @ ../Drivers/STM32H7xx_HAL_Driver/Src/stm32h7xx_hal_tim_ex.c:1978:1
	add	sp, #16
	bx	lr
.Ltmp542:
.Lfunc_end31:
	.size	HAL_TIMEx_ConfigCommutEvent_DMA, .Lfunc_end31-HAL_TIMEx_ConfigCommutEvent_DMA
	.cfi_endproc
	.cantunwind
	.fnend
                                        @ -- End function
	.section	.text.TIMEx_DMACommutationCplt,"ax",%progbits
	.hidden	TIMEx_DMACommutationCplt        @ -- Begin function TIMEx_DMACommutationCplt
	.globl	TIMEx_DMACommutationCplt
	.p2align	3
	.type	TIMEx_DMACommutationCplt,%function
	.code	16                              @ @TIMEx_DMACommutationCplt
	.thumb_func
TIMEx_DMACommutationCplt:
.Lfunc_begin32:
	.loc	7 2765 0 is_stmt 1              @ ../Drivers/STM32H7xx_HAL_Driver/Src/stm32h7xx_hal_tim_ex.c:2765:0
	.fnstart
	.cfi_startproc
@ %bb.0:
	.save	{r7, lr}
	push	{r7, lr}
	.cfi_def_cfa_offset 8
	.cfi_offset lr, -4
	.cfi_offset r7, -8
	.pad	#8
	sub	sp, #8
	.cfi_def_cfa_offset 16
	str	r0, [sp, #4]
.Ltmp543:
	.loc	7 2766 72 prologue_end          @ ../Drivers/STM32H7xx_HAL_Driver/Src/stm32h7xx_hal_tim_ex.c:2766:72
	ldr	r0, [sp, #4]
	.loc	7 2766 79 is_stmt 0             @ ../Drivers/STM32H7xx_HAL_Driver/Src/stm32h7xx_hal_tim_ex.c:2766:79
	ldr	r0, [r0, #56]
	.loc	7 2766 22                       @ ../Drivers/STM32H7xx_HAL_Driver/Src/stm32h7xx_hal_tim_ex.c:2766:22
	str	r0, [sp]
	.loc	7 2769 3 is_stmt 1              @ ../Drivers/STM32H7xx_HAL_Driver/Src/stm32h7xx_hal_tim_ex.c:2769:3
	ldr	r1, [sp]
	movs	r0, #1
	.loc	7 2769 15 is_stmt 0             @ ../Drivers/STM32H7xx_HAL_Driver/Src/stm32h7xx_hal_tim_ex.c:2769:15
	strb.w	r0, [r1, #61]
	.loc	7 2774 28 is_stmt 1             @ ../Drivers/STM32H7xx_HAL_Driver/Src/stm32h7xx_hal_tim_ex.c:2774:28
	ldr	r0, [sp]
	.loc	7 2774 3 is_stmt 0              @ ../Drivers/STM32H7xx_HAL_Driver/Src/stm32h7xx_hal_tim_ex.c:2774:3
	bl	HAL_TIMEx_CommutCallback
	.loc	7 2776 1 epilogue_begin is_stmt 1 @ ../Drivers/STM32H7xx_HAL_Driver/Src/stm32h7xx_hal_tim_ex.c:2776:1
	add	sp, #8
	pop	{r7, pc}
.Ltmp544:
.Lfunc_end32:
	.size	TIMEx_DMACommutationCplt, .Lfunc_end32-TIMEx_DMACommutationCplt
	.cfi_endproc
	.cantunwind
	.fnend
                                        @ -- End function
	.section	.text.TIMEx_DMACommutationHalfCplt,"ax",%progbits
	.hidden	TIMEx_DMACommutationHalfCplt    @ -- Begin function TIMEx_DMACommutationHalfCplt
	.globl	TIMEx_DMACommutationHalfCplt
	.p2align	3
	.type	TIMEx_DMACommutationHalfCplt,%function
	.code	16                              @ @TIMEx_DMACommutationHalfCplt
	.thumb_func
TIMEx_DMACommutationHalfCplt:
.Lfunc_begin33:
	.loc	7 2784 0                        @ ../Drivers/STM32H7xx_HAL_Driver/Src/stm32h7xx_hal_tim_ex.c:2784:0
	.fnstart
	.cfi_startproc
@ %bb.0:
	.save	{r7, lr}
	push	{r7, lr}
	.cfi_def_cfa_offset 8
	.cfi_offset lr, -4
	.cfi_offset r7, -8
	.pad	#8
	sub	sp, #8
	.cfi_def_cfa_offset 16
	str	r0, [sp, #4]
.Ltmp545:
	.loc	7 2785 72 prologue_end          @ ../Drivers/STM32H7xx_HAL_Driver/Src/stm32h7xx_hal_tim_ex.c:2785:72
	ldr	r0, [sp, #4]
	.loc	7 2785 79 is_stmt 0             @ ../Drivers/STM32H7xx_HAL_Driver/Src/stm32h7xx_hal_tim_ex.c:2785:79
	ldr	r0, [r0, #56]
	.loc	7 2785 22                       @ ../Drivers/STM32H7xx_HAL_Driver/Src/stm32h7xx_hal_tim_ex.c:2785:22
	str	r0, [sp]
	.loc	7 2788 3 is_stmt 1              @ ../Drivers/STM32H7xx_HAL_Driver/Src/stm32h7xx_hal_tim_ex.c:2788:3
	ldr	r1, [sp]
	movs	r0, #1
	.loc	7 2788 15 is_stmt 0             @ ../Drivers/STM32H7xx_HAL_Driver/Src/stm32h7xx_hal_tim_ex.c:2788:15
	strb.w	r0, [r1, #61]
	.loc	7 2793 36 is_stmt 1             @ ../Drivers/STM32H7xx_HAL_Driver/Src/stm32h7xx_hal_tim_ex.c:2793:36
	ldr	r0, [sp]
	.loc	7 2793 3 is_stmt 0              @ ../Drivers/STM32H7xx_HAL_Driver/Src/stm32h7xx_hal_tim_ex.c:2793:3
	bl	HAL_TIMEx_CommutHalfCpltCallback
	.loc	7 2795 1 epilogue_begin is_stmt 1 @ ../Drivers/STM32H7xx_HAL_Driver/Src/stm32h7xx_hal_tim_ex.c:2795:1
	add	sp, #8
	pop	{r7, pc}
.Ltmp546:
.Lfunc_end33:
	.size	TIMEx_DMACommutationHalfCplt, .Lfunc_end33-TIMEx_DMACommutationHalfCplt
	.cfi_endproc
	.cantunwind
	.fnend
                                        @ -- End function
	.section	.text.HAL_TIMEx_MasterConfigSynchronization,"ax",%progbits
	.hidden	HAL_TIMEx_MasterConfigSynchronization @ -- Begin function HAL_TIMEx_MasterConfigSynchronization
	.globl	HAL_TIMEx_MasterConfigSynchronization
	.p2align	3
	.type	HAL_TIMEx_MasterConfigSynchronization,%function
	.code	16                              @ @HAL_TIMEx_MasterConfigSynchronization
	.thumb_func
HAL_TIMEx_MasterConfigSynchronization:
.Lfunc_begin34:
	.loc	7 1990 0                        @ ../Drivers/STM32H7xx_HAL_Driver/Src/stm32h7xx_hal_tim_ex.c:1990:0
	.fnstart
	.cfi_startproc
@ %bb.0:
	.pad	#20
	sub	sp, #20
	.cfi_def_cfa_offset 20
	str	r0, [sp, #12]
	str	r1, [sp, #8]
.Ltmp547:
	.loc	7 2000 3 prologue_end           @ ../Drivers/STM32H7xx_HAL_Driver/Src/stm32h7xx_hal_tim_ex.c:2000:3
	b	.LBB34_1
.LBB34_1:
.Ltmp548:
	.loc	7 2000 3 is_stmt 0              @ ../Drivers/STM32H7xx_HAL_Driver/Src/stm32h7xx_hal_tim_ex.c:2000:3
	ldr	r0, [sp, #12]
	ldrb.w	r0, [r0, #60]
.Ltmp549:
	.loc	7 2000 3                        @ ../Drivers/STM32H7xx_HAL_Driver/Src/stm32h7xx_hal_tim_ex.c:2000:3
	cmp	r0, #1
	bne	.LBB34_3
	b	.LBB34_2
.LBB34_2:
	.loc	7 0 3                           @ ../Drivers/STM32H7xx_HAL_Driver/Src/stm32h7xx_hal_tim_ex.c:0:3
	movs	r0, #2
.Ltmp550:
	.loc	7 2000 3                        @ ../Drivers/STM32H7xx_HAL_Driver/Src/stm32h7xx_hal_tim_ex.c:2000:3
	strb.w	r0, [sp, #19]
	b	.LBB34_22
.Ltmp551:
.LBB34_3:
	.loc	7 2000 3                        @ ../Drivers/STM32H7xx_HAL_Driver/Src/stm32h7xx_hal_tim_ex.c:2000:3
	ldr	r1, [sp, #12]
	movs	r0, #1
	strb.w	r0, [r1, #60]
	b	.LBB34_4
.Ltmp552:
.LBB34_4:
	.loc	7 2000 3                        @ ../Drivers/STM32H7xx_HAL_Driver/Src/stm32h7xx_hal_tim_ex.c:2000:3
	b	.LBB34_5
.Ltmp553:
.LBB34_5:
	.loc	7 2003 3 is_stmt 1              @ ../Drivers/STM32H7xx_HAL_Driver/Src/stm32h7xx_hal_tim_ex.c:2003:3
	ldr	r1, [sp, #12]
	movs	r0, #2
	.loc	7 2003 15 is_stmt 0             @ ../Drivers/STM32H7xx_HAL_Driver/Src/stm32h7xx_hal_tim_ex.c:2003:15
	strb.w	r0, [r1, #61]
	.loc	7 2006 12 is_stmt 1             @ ../Drivers/STM32H7xx_HAL_Driver/Src/stm32h7xx_hal_tim_ex.c:2006:12
	ldr	r0, [sp, #12]
	.loc	7 2006 18 is_stmt 0             @ ../Drivers/STM32H7xx_HAL_Driver/Src/stm32h7xx_hal_tim_ex.c:2006:18
	ldr	r0, [r0]
	.loc	7 2006 28                       @ ../Drivers/STM32H7xx_HAL_Driver/Src/stm32h7xx_hal_tim_ex.c:2006:28
	ldr	r0, [r0, #4]
	.loc	7 2006 10                       @ ../Drivers/STM32H7xx_HAL_Driver/Src/stm32h7xx_hal_tim_ex.c:2006:10
	str	r0, [sp, #4]
	.loc	7 2009 13 is_stmt 1             @ ../Drivers/STM32H7xx_HAL_Driver/Src/stm32h7xx_hal_tim_ex.c:2009:13
	ldr	r0, [sp, #12]
	.loc	7 2009 19 is_stmt 0             @ ../Drivers/STM32H7xx_HAL_Driver/Src/stm32h7xx_hal_tim_ex.c:2009:19
	ldr	r0, [r0]
	.loc	7 2009 29                       @ ../Drivers/STM32H7xx_HAL_Driver/Src/stm32h7xx_hal_tim_ex.c:2009:29
	ldr	r0, [r0, #8]
	.loc	7 2009 11                       @ ../Drivers/STM32H7xx_HAL_Driver/Src/stm32h7xx_hal_tim_ex.c:2009:11
	str	r0, [sp]
.Ltmp554:
	.loc	7 2012 7 is_stmt 1              @ ../Drivers/STM32H7xx_HAL_Driver/Src/stm32h7xx_hal_tim_ex.c:2012:7
	ldr	r0, [sp, #12]
	ldr	r0, [r0]
	movs	r1, #0
	movt	r1, #16385
	cmp	r0, r1
	beq	.LBB34_7
	b	.LBB34_6
.LBB34_6:
	ldr	r0, [sp, #12]
	ldr	r0, [r0]
	movw	r1, #1024
	movt	r1, #16385
.Ltmp555:
	.loc	7 2012 7 is_stmt 0              @ ../Drivers/STM32H7xx_HAL_Driver/Src/stm32h7xx_hal_tim_ex.c:2012:7
	cmp	r0, r1
	bne	.LBB34_8
	b	.LBB34_7
.LBB34_7:
.Ltmp556:
	.loc	7 2018 12 is_stmt 1             @ ../Drivers/STM32H7xx_HAL_Driver/Src/stm32h7xx_hal_tim_ex.c:2018:12
	ldr	r0, [sp, #4]
	bic	r0, r0, #15728640
	str	r0, [sp, #4]
	.loc	7 2020 15                       @ ../Drivers/STM32H7xx_HAL_Driver/Src/stm32h7xx_hal_tim_ex.c:2020:15
	ldr	r0, [sp, #8]
	.loc	7 2020 30 is_stmt 0             @ ../Drivers/STM32H7xx_HAL_Driver/Src/stm32h7xx_hal_tim_ex.c:2020:30
	ldr	r1, [r0, #4]
	.loc	7 2020 12                       @ ../Drivers/STM32H7xx_HAL_Driver/Src/stm32h7xx_hal_tim_ex.c:2020:12
	ldr	r0, [sp, #4]
	orrs	r0, r1
	str	r0, [sp, #4]
	.loc	7 2021 3 is_stmt 1              @ ../Drivers/STM32H7xx_HAL_Driver/Src/stm32h7xx_hal_tim_ex.c:2021:3
	b	.LBB34_8
.Ltmp557:
.LBB34_8:
	.loc	7 2024 10                       @ ../Drivers/STM32H7xx_HAL_Driver/Src/stm32h7xx_hal_tim_ex.c:2024:10
	ldr	r0, [sp, #4]
	bic	r0, r0, #112
	str	r0, [sp, #4]
	.loc	7 2026 14                       @ ../Drivers/STM32H7xx_HAL_Driver/Src/stm32h7xx_hal_tim_ex.c:2026:14
	ldr	r0, [sp, #8]
	.loc	7 2026 29 is_stmt 0             @ ../Drivers/STM32H7xx_HAL_Driver/Src/stm32h7xx_hal_tim_ex.c:2026:29
	ldr	r1, [r0]
	.loc	7 2026 10                       @ ../Drivers/STM32H7xx_HAL_Driver/Src/stm32h7xx_hal_tim_ex.c:2026:10
	ldr	r0, [sp, #4]
	orrs	r0, r1
	str	r0, [sp, #4]
	.loc	7 2029 25 is_stmt 1             @ ../Drivers/STM32H7xx_HAL_Driver/Src/stm32h7xx_hal_tim_ex.c:2029:25
	ldr	r0, [sp, #4]
	.loc	7 2029 3 is_stmt 0              @ ../Drivers/STM32H7xx_HAL_Driver/Src/stm32h7xx_hal_tim_ex.c:2029:3
	ldr	r1, [sp, #12]
	.loc	7 2029 9                        @ ../Drivers/STM32H7xx_HAL_Driver/Src/stm32h7xx_hal_tim_ex.c:2029:9
	ldr	r1, [r1]
	.loc	7 2029 23                       @ ../Drivers/STM32H7xx_HAL_Driver/Src/stm32h7xx_hal_tim_ex.c:2029:23
	str	r0, [r1, #4]
.Ltmp558:
	.loc	7 2031 7 is_stmt 1              @ ../Drivers/STM32H7xx_HAL_Driver/Src/stm32h7xx_hal_tim_ex.c:2031:7
	ldr	r0, [sp, #12]
	ldr	r0, [r0]
	movs	r1, #0
	movt	r1, #16385
	cmp	r0, r1
	beq	.LBB34_18
	b	.LBB34_9
.LBB34_9:
	ldr	r0, [sp, #12]
	ldr	r0, [r0]
	cmp.w	r0, #1073741824
	beq	.LBB34_18
	b	.LBB34_10
.LBB34_10:
	ldr	r0, [sp, #12]
	ldr	r0, [r0]
	movw	r1, #1024
	movt	r1, #16384
	cmp	r0, r1
	beq	.LBB34_18
	b	.LBB34_11
.LBB34_11:
	ldr	r0, [sp, #12]
	ldr	r0, [r0]
	movw	r1, #2048
	movt	r1, #16384
	cmp	r0, r1
	beq	.LBB34_18
	b	.LBB34_12
.LBB34_12:
	ldr	r0, [sp, #12]
	ldr	r0, [r0]
	movw	r1, #3072
	movt	r1, #16384
	cmp	r0, r1
	beq	.LBB34_18
	b	.LBB34_13
.LBB34_13:
	ldr	r0, [sp, #12]
	ldr	r0, [r0]
	movw	r1, #1024
	movt	r1, #16385
	cmp	r0, r1
	beq	.LBB34_18
	b	.LBB34_14
.LBB34_14:
	ldr	r0, [sp, #12]
	ldr	r0, [r0]
	movw	r1, #6144
	movt	r1, #16384
	cmp	r0, r1
	beq	.LBB34_18
	b	.LBB34_15
.LBB34_15:
	ldr	r0, [sp, #12]
	ldr	r0, [r0]
	movw	r1, #16384
	movt	r1, #16385
	cmp	r0, r1
	beq	.LBB34_18
	b	.LBB34_16
.LBB34_16:
	ldr	r0, [sp, #12]
	ldr	r0, [r0]
	movw	r1, #57344
	movt	r1, #16384
	cmp	r0, r1
	beq	.LBB34_18
	b	.LBB34_17
.LBB34_17:
	ldr	r0, [sp, #12]
	ldr	r0, [r0]
	movw	r1, #58368
	movt	r1, #16384
.Ltmp559:
	.loc	7 2031 7 is_stmt 0              @ ../Drivers/STM32H7xx_HAL_Driver/Src/stm32h7xx_hal_tim_ex.c:2031:7
	cmp	r0, r1
	bne	.LBB34_19
	b	.LBB34_18
.LBB34_18:
.Ltmp560:
	.loc	7 2034 13 is_stmt 1             @ ../Drivers/STM32H7xx_HAL_Driver/Src/stm32h7xx_hal_tim_ex.c:2034:13
	ldr	r0, [sp]
	bic	r0, r0, #128
	str	r0, [sp]
	.loc	7 2036 16                       @ ../Drivers/STM32H7xx_HAL_Driver/Src/stm32h7xx_hal_tim_ex.c:2036:16
	ldr	r0, [sp, #8]
	.loc	7 2036 31 is_stmt 0             @ ../Drivers/STM32H7xx_HAL_Driver/Src/stm32h7xx_hal_tim_ex.c:2036:31
	ldr	r1, [r0, #8]
	.loc	7 2036 13                       @ ../Drivers/STM32H7xx_HAL_Driver/Src/stm32h7xx_hal_tim_ex.c:2036:13
	ldr	r0, [sp]
	orrs	r0, r1
	str	r0, [sp]
	.loc	7 2039 28 is_stmt 1             @ ../Drivers/STM32H7xx_HAL_Driver/Src/stm32h7xx_hal_tim_ex.c:2039:28
	ldr	r0, [sp]
	.loc	7 2039 5 is_stmt 0              @ ../Drivers/STM32H7xx_HAL_Driver/Src/stm32h7xx_hal_tim_ex.c:2039:5
	ldr	r1, [sp, #12]
	.loc	7 2039 11                       @ ../Drivers/STM32H7xx_HAL_Driver/Src/stm32h7xx_hal_tim_ex.c:2039:11
	ldr	r1, [r1]
	.loc	7 2039 26                       @ ../Drivers/STM32H7xx_HAL_Driver/Src/stm32h7xx_hal_tim_ex.c:2039:26
	str	r0, [r1, #8]
	.loc	7 2040 3 is_stmt 1              @ ../Drivers/STM32H7xx_HAL_Driver/Src/stm32h7xx_hal_tim_ex.c:2040:3
	b	.LBB34_19
.Ltmp561:
.LBB34_19:
	.loc	7 2043 3                        @ ../Drivers/STM32H7xx_HAL_Driver/Src/stm32h7xx_hal_tim_ex.c:2043:3
	ldr	r1, [sp, #12]
	movs	r0, #1
	.loc	7 2043 15 is_stmt 0             @ ../Drivers/STM32H7xx_HAL_Driver/Src/stm32h7xx_hal_tim_ex.c:2043:15
	strb.w	r0, [r1, #61]
	.loc	7 2045 3 is_stmt 1              @ ../Drivers/STM32H7xx_HAL_Driver/Src/stm32h7xx_hal_tim_ex.c:2045:3
	b	.LBB34_20
.LBB34_20:
.Ltmp562:
	.loc	7 2045 3 is_stmt 0              @ ../Drivers/STM32H7xx_HAL_Driver/Src/stm32h7xx_hal_tim_ex.c:2045:3
	ldr	r1, [sp, #12]
	movs	r0, #0
	strb.w	r0, [r1, #60]
	b	.LBB34_21
.Ltmp563:
.LBB34_21:
	.loc	7 0 3                           @ ../Drivers/STM32H7xx_HAL_Driver/Src/stm32h7xx_hal_tim_ex.c:0:3
	movs	r0, #0
	.loc	7 2047 3 is_stmt 1              @ ../Drivers/STM32H7xx_HAL_Driver/Src/stm32h7xx_hal_tim_ex.c:2047:3
	strb.w	r0, [sp, #19]
	b	.LBB34_22
.LBB34_22:
	.loc	7 2048 1                        @ ../Drivers/STM32H7xx_HAL_Driver/Src/stm32h7xx_hal_tim_ex.c:2048:1
	ldrb.w	r0, [sp, #19]
	.loc	7 2048 1 epilogue_begin is_stmt 0 @ ../Drivers/STM32H7xx_HAL_Driver/Src/stm32h7xx_hal_tim_ex.c:2048:1
	add	sp, #20
	bx	lr
.Ltmp564:
.Lfunc_end34:
	.size	HAL_TIMEx_MasterConfigSynchronization, .Lfunc_end34-HAL_TIMEx_MasterConfigSynchronization
	.cfi_endproc
	.cantunwind
	.fnend
                                        @ -- End function
	.section	.text.HAL_TIMEx_ConfigBreakDeadTime,"ax",%progbits
	.hidden	HAL_TIMEx_ConfigBreakDeadTime   @ -- Begin function HAL_TIMEx_ConfigBreakDeadTime
	.globl	HAL_TIMEx_ConfigBreakDeadTime
	.p2align	3
	.type	HAL_TIMEx_ConfigBreakDeadTime,%function
	.code	16                              @ @HAL_TIMEx_ConfigBreakDeadTime
	.thumb_func
HAL_TIMEx_ConfigBreakDeadTime:
.Lfunc_begin35:
	.loc	7 2063 0 is_stmt 1              @ ../Drivers/STM32H7xx_HAL_Driver/Src/stm32h7xx_hal_tim_ex.c:2063:0
	.fnstart
	.cfi_startproc
@ %bb.0:
	.pad	#16
	sub	sp, #16
	.cfi_def_cfa_offset 16
	str	r0, [sp, #8]
	str	r1, [sp, #4]
	movs	r0, #0
.Ltmp565:
	.loc	7 2065 12 prologue_end          @ ../Drivers/STM32H7xx_HAL_Driver/Src/stm32h7xx_hal_tim_ex.c:2065:12
	str	r0, [sp]
	.loc	7 2082 3                        @ ../Drivers/STM32H7xx_HAL_Driver/Src/stm32h7xx_hal_tim_ex.c:2082:3
	b	.LBB35_1
.LBB35_1:
.Ltmp566:
	.loc	7 2082 3 is_stmt 0              @ ../Drivers/STM32H7xx_HAL_Driver/Src/stm32h7xx_hal_tim_ex.c:2082:3
	ldr	r0, [sp, #8]
	ldrb.w	r0, [r0, #60]
.Ltmp567:
	.loc	7 2082 3                        @ ../Drivers/STM32H7xx_HAL_Driver/Src/stm32h7xx_hal_tim_ex.c:2082:3
	cmp	r0, #1
	bne	.LBB35_3
	b	.LBB35_2
.LBB35_2:
	.loc	7 0 3                           @ ../Drivers/STM32H7xx_HAL_Driver/Src/stm32h7xx_hal_tim_ex.c:0:3
	movs	r0, #2
.Ltmp568:
	.loc	7 2082 3                        @ ../Drivers/STM32H7xx_HAL_Driver/Src/stm32h7xx_hal_tim_ex.c:2082:3
	strb.w	r0, [sp, #15]
	b	.LBB35_11
.Ltmp569:
.LBB35_3:
	.loc	7 2082 3                        @ ../Drivers/STM32H7xx_HAL_Driver/Src/stm32h7xx_hal_tim_ex.c:2082:3
	ldr	r1, [sp, #8]
	movs	r0, #1
	strb.w	r0, [r1, #60]
	b	.LBB35_4
.Ltmp570:
.LBB35_4:
	.loc	7 2082 3                        @ ../Drivers/STM32H7xx_HAL_Driver/Src/stm32h7xx_hal_tim_ex.c:2082:3
	b	.LBB35_5
.Ltmp571:
.LBB35_5:
	.loc	7 2088 3 is_stmt 1              @ ../Drivers/STM32H7xx_HAL_Driver/Src/stm32h7xx_hal_tim_ex.c:2088:3
	ldr	r0, [sp]
	bic	r0, r0, #255
	ldr	r1, [sp, #4]
	ldr	r1, [r1, #12]
	orrs	r0, r1
	str	r0, [sp]
	.loc	7 2089 3                        @ ../Drivers/STM32H7xx_HAL_Driver/Src/stm32h7xx_hal_tim_ex.c:2089:3
	ldr	r0, [sp]
	bic	r0, r0, #768
	ldr	r1, [sp, #4]
	ldr	r1, [r1, #8]
	orrs	r0, r1
	str	r0, [sp]
	.loc	7 2090 3                        @ ../Drivers/STM32H7xx_HAL_Driver/Src/stm32h7xx_hal_tim_ex.c:2090:3
	ldr	r0, [sp]
	bic	r0, r0, #1024
	ldr	r1, [sp, #4]
	ldr	r1, [r1, #4]
	orrs	r0, r1
	str	r0, [sp]
	.loc	7 2091 3                        @ ../Drivers/STM32H7xx_HAL_Driver/Src/stm32h7xx_hal_tim_ex.c:2091:3
	ldr	r0, [sp]
	bic	r0, r0, #2048
	ldr	r1, [sp, #4]
	ldr	r1, [r1]
	orrs	r0, r1
	str	r0, [sp]
	.loc	7 2092 3                        @ ../Drivers/STM32H7xx_HAL_Driver/Src/stm32h7xx_hal_tim_ex.c:2092:3
	ldr	r0, [sp]
	bic	r0, r0, #4096
	ldr	r1, [sp, #4]
	ldr	r1, [r1, #16]
	orrs	r0, r1
	str	r0, [sp]
	.loc	7 2093 3                        @ ../Drivers/STM32H7xx_HAL_Driver/Src/stm32h7xx_hal_tim_ex.c:2093:3
	ldr	r0, [sp]
	bic	r0, r0, #8192
	ldr	r1, [sp, #4]
	ldr	r1, [r1, #20]
	orrs	r0, r1
	str	r0, [sp]
	.loc	7 2094 3                        @ ../Drivers/STM32H7xx_HAL_Driver/Src/stm32h7xx_hal_tim_ex.c:2094:3
	ldr	r0, [sp]
	bic	r0, r0, #16384
	ldr	r1, [sp, #4]
	ldr	r1, [r1, #48]
	orrs	r0, r1
	str	r0, [sp]
	.loc	7 2095 3                        @ ../Drivers/STM32H7xx_HAL_Driver/Src/stm32h7xx_hal_tim_ex.c:2095:3
	ldr	r0, [sp]
	bic	r0, r0, #983040
	ldr	r1, [sp, #4]
	ldr	r1, [r1, #24]
	orr.w	r0, r0, r1, lsl #16
	str	r0, [sp]
	.loc	7 2097 3                        @ ../Drivers/STM32H7xx_HAL_Driver/Src/stm32h7xx_hal_tim_ex.c:2097:3
	ldr	r0, [sp]
	bic	r0, r0, #268435456
	ldr	r1, [sp, #4]
	ldr	r1, [r1, #28]
	orrs	r0, r1
	str	r0, [sp]
.Ltmp572:
	.loc	7 2100 7                        @ ../Drivers/STM32H7xx_HAL_Driver/Src/stm32h7xx_hal_tim_ex.c:2100:7
	ldr	r0, [sp, #8]
	ldr	r0, [r0]
	movs	r1, #0
	movt	r1, #16385
	cmp	r0, r1
	beq	.LBB35_7
	b	.LBB35_6
.LBB35_6:
	ldr	r0, [sp, #8]
	ldr	r0, [r0]
	movw	r1, #1024
	movt	r1, #16385
.Ltmp573:
	.loc	7 2100 7 is_stmt 0              @ ../Drivers/STM32H7xx_HAL_Driver/Src/stm32h7xx_hal_tim_ex.c:2100:7
	cmp	r0, r1
	bne	.LBB35_8
	b	.LBB35_7
.LBB35_7:
.Ltmp574:
	.loc	7 2111 5 is_stmt 1              @ ../Drivers/STM32H7xx_HAL_Driver/Src/stm32h7xx_hal_tim_ex.c:2111:5
	ldr	r0, [sp]
	bic	r0, r0, #15728640
	ldr	r1, [sp, #4]
	ldr	r1, [r1, #40]
	orr.w	r0, r0, r1, lsl #20
	str	r0, [sp]
	.loc	7 2112 5                        @ ../Drivers/STM32H7xx_HAL_Driver/Src/stm32h7xx_hal_tim_ex.c:2112:5
	ldr	r0, [sp]
	bic	r0, r0, #16777216
	ldr	r1, [sp, #4]
	ldr	r1, [r1, #32]
	orrs	r0, r1
	str	r0, [sp]
	.loc	7 2113 5                        @ ../Drivers/STM32H7xx_HAL_Driver/Src/stm32h7xx_hal_tim_ex.c:2113:5
	ldr	r0, [sp]
	bic	r0, r0, #33554432
	ldr	r1, [sp, #4]
	ldr	r1, [r1, #36]
	orrs	r0, r1
	str	r0, [sp]
	.loc	7 2115 5                        @ ../Drivers/STM32H7xx_HAL_Driver/Src/stm32h7xx_hal_tim_ex.c:2115:5
	ldr	r0, [sp]
	bic	r0, r0, #536870912
	ldr	r1, [sp, #4]
	ldr	r1, [r1, #44]
	orrs	r0, r1
	str	r0, [sp]
	.loc	7 2117 3                        @ ../Drivers/STM32H7xx_HAL_Driver/Src/stm32h7xx_hal_tim_ex.c:2117:3
	b	.LBB35_8
.Ltmp575:
.LBB35_8:
	.loc	7 2120 26                       @ ../Drivers/STM32H7xx_HAL_Driver/Src/stm32h7xx_hal_tim_ex.c:2120:26
	ldr	r0, [sp]
	.loc	7 2120 3 is_stmt 0              @ ../Drivers/STM32H7xx_HAL_Driver/Src/stm32h7xx_hal_tim_ex.c:2120:3
	ldr	r1, [sp, #8]
	.loc	7 2120 9                        @ ../Drivers/STM32H7xx_HAL_Driver/Src/stm32h7xx_hal_tim_ex.c:2120:9
	ldr	r1, [r1]
	.loc	7 2120 24                       @ ../Drivers/STM32H7xx_HAL_Driver/Src/stm32h7xx_hal_tim_ex.c:2120:24
	str	r0, [r1, #68]
	.loc	7 2122 3 is_stmt 1              @ ../Drivers/STM32H7xx_HAL_Driver/Src/stm32h7xx_hal_tim_ex.c:2122:3
	b	.LBB35_9
.LBB35_9:
.Ltmp576:
	.loc	7 2122 3 is_stmt 0              @ ../Drivers/STM32H7xx_HAL_Driver/Src/stm32h7xx_hal_tim_ex.c:2122:3
	ldr	r1, [sp, #8]
	movs	r0, #0
	strb.w	r0, [r1, #60]
	b	.LBB35_10
.Ltmp577:
.LBB35_10:
	.loc	7 0 3                           @ ../Drivers/STM32H7xx_HAL_Driver/Src/stm32h7xx_hal_tim_ex.c:0:3
	movs	r0, #0
	.loc	7 2124 3 is_stmt 1              @ ../Drivers/STM32H7xx_HAL_Driver/Src/stm32h7xx_hal_tim_ex.c:2124:3
	strb.w	r0, [sp, #15]
	b	.LBB35_11
.LBB35_11:
	.loc	7 2125 1                        @ ../Drivers/STM32H7xx_HAL_Driver/Src/stm32h7xx_hal_tim_ex.c:2125:1
	ldrb.w	r0, [sp, #15]
	.loc	7 2125 1 epilogue_begin is_stmt 0 @ ../Drivers/STM32H7xx_HAL_Driver/Src/stm32h7xx_hal_tim_ex.c:2125:1
	add	sp, #16
	bx	lr
.Ltmp578:
.Lfunc_end35:
	.size	HAL_TIMEx_ConfigBreakDeadTime, .Lfunc_end35-HAL_TIMEx_ConfigBreakDeadTime
	.cfi_endproc
	.cantunwind
	.fnend
                                        @ -- End function
	.section	.text.HAL_TIMEx_ConfigBreakInput,"ax",%progbits
	.hidden	HAL_TIMEx_ConfigBreakInput      @ -- Begin function HAL_TIMEx_ConfigBreakInput
	.globl	HAL_TIMEx_ConfigBreakInput
	.p2align	3
	.type	HAL_TIMEx_ConfigBreakInput,%function
	.code	16                              @ @HAL_TIMEx_ConfigBreakInput
	.thumb_func
HAL_TIMEx_ConfigBreakInput:
.Lfunc_begin36:
	.loc	7 2141 0 is_stmt 1              @ ../Drivers/STM32H7xx_HAL_Driver/Src/stm32h7xx_hal_tim_ex.c:2141:0
	.fnstart
	.cfi_startproc
@ %bb.0:
	.pad	#48
	sub	sp, #48
	.cfi_def_cfa_offset 48
	str	r0, [sp, #40]
	str	r1, [sp, #36]
	str	r2, [sp, #32]
	movs	r0, #0
.Ltmp579:
	.loc	7 2142 21 prologue_end          @ ../Drivers/STM32H7xx_HAL_Driver/Src/stm32h7xx_hal_tim_ex.c:2142:21
	strb.w	r0, [sp, #31]
.Ltmp580:
	.loc	7 2154 7                        @ ../Drivers/STM32H7xx_HAL_Driver/Src/stm32h7xx_hal_tim_ex.c:2154:7
	ldr	r0, [sp, #32]
	.loc	7 2154 26 is_stmt 0             @ ../Drivers/STM32H7xx_HAL_Driver/Src/stm32h7xx_hal_tim_ex.c:2154:26
	ldr	r0, [r0]
.Ltmp581:
	.loc	7 2154 7                        @ ../Drivers/STM32H7xx_HAL_Driver/Src/stm32h7xx_hal_tim_ex.c:2154:7
	cmp	r0, #8
	beq	.LBB36_2
	b	.LBB36_1
.LBB36_1:
.Ltmp582:
	.loc	7 2157 3 is_stmt 1              @ ../Drivers/STM32H7xx_HAL_Driver/Src/stm32h7xx_hal_tim_ex.c:2157:3
	b	.LBB36_2
.Ltmp583:
.LBB36_2:
	.loc	7 2160 3                        @ ../Drivers/STM32H7xx_HAL_Driver/Src/stm32h7xx_hal_tim_ex.c:2160:3
	b	.LBB36_3
.LBB36_3:
.Ltmp584:
	.loc	7 2160 3 is_stmt 0              @ ../Drivers/STM32H7xx_HAL_Driver/Src/stm32h7xx_hal_tim_ex.c:2160:3
	ldr	r0, [sp, #40]
	ldrb.w	r0, [r0, #60]
.Ltmp585:
	.loc	7 2160 3                        @ ../Drivers/STM32H7xx_HAL_Driver/Src/stm32h7xx_hal_tim_ex.c:2160:3
	cmp	r0, #1
	bne	.LBB36_5
	b	.LBB36_4
.LBB36_4:
	.loc	7 0 3                           @ ../Drivers/STM32H7xx_HAL_Driver/Src/stm32h7xx_hal_tim_ex.c:0:3
	movs	r0, #2
.Ltmp586:
	.loc	7 2160 3                        @ ../Drivers/STM32H7xx_HAL_Driver/Src/stm32h7xx_hal_tim_ex.c:2160:3
	strb.w	r0, [sp, #47]
	b	.LBB36_27
.Ltmp587:
.LBB36_5:
	.loc	7 2160 3                        @ ../Drivers/STM32H7xx_HAL_Driver/Src/stm32h7xx_hal_tim_ex.c:2160:3
	ldr	r1, [sp, #40]
	movs	r0, #1
	strb.w	r0, [r1, #60]
	b	.LBB36_6
.Ltmp588:
.LBB36_6:
	.loc	7 2160 3                        @ ../Drivers/STM32H7xx_HAL_Driver/Src/stm32h7xx_hal_tim_ex.c:2160:3
	b	.LBB36_7
.Ltmp589:
.LBB36_7:
	.loc	7 2162 11 is_stmt 1             @ ../Drivers/STM32H7xx_HAL_Driver/Src/stm32h7xx_hal_tim_ex.c:2162:11
	ldr	r0, [sp, #32]
	.loc	7 2162 30 is_stmt 0             @ ../Drivers/STM32H7xx_HAL_Driver/Src/stm32h7xx_hal_tim_ex.c:2162:30
	ldr	r0, [r0]
	.loc	7 2162 3                        @ ../Drivers/STM32H7xx_HAL_Driver/Src/stm32h7xx_hal_tim_ex.c:2162:3
	subs	r0, #1
	mov	r1, r0
	str	r1, [sp, #4]                    @ 4-byte Spill
	cmp	r0, #7
	bhi	.LBB36_14
@ %bb.8:
	ldr	r1, [sp, #4]                    @ 4-byte Reload
.LCPI36_0:
	tbb	[pc, r1]
@ %bb.9:
	.loc	7 0 3                           @ ../Drivers/STM32H7xx_HAL_Driver/Src/stm32h7xx_hal_tim_ex.c:0:3
.LJTI36_0:
	.byte	(.LBB36_10-(.LCPI36_0+4))/2
	.byte	(.LBB36_11-(.LCPI36_0+4))/2
	.byte	(.LBB36_14-(.LCPI36_0+4))/2
	.byte	(.LBB36_12-(.LCPI36_0+4))/2
	.byte	(.LBB36_14-(.LCPI36_0+4))/2
	.byte	(.LBB36_14-(.LCPI36_0+4))/2
	.byte	(.LBB36_14-(.LCPI36_0+4))/2
	.byte	(.LBB36_13-(.LCPI36_0+4))/2
	.p2align	1
.LBB36_10:
	movs	r0, #1
.Ltmp590:
	.loc	7 2166 24 is_stmt 1             @ ../Drivers/STM32H7xx_HAL_Driver/Src/stm32h7xx_hal_tim_ex.c:2166:24
	str	r0, [sp, #20]
	movs	r0, #0
	.loc	7 2167 26                       @ ../Drivers/STM32H7xx_HAL_Driver/Src/stm32h7xx_hal_tim_ex.c:2167:26
	str	r0, [sp, #12]
	mov.w	r0, #512
	.loc	7 2168 26                       @ ../Drivers/STM32H7xx_HAL_Driver/Src/stm32h7xx_hal_tim_ex.c:2168:26
	str	r0, [sp, #16]
	movs	r0, #9
	.loc	7 2169 28                       @ ../Drivers/STM32H7xx_HAL_Driver/Src/stm32h7xx_hal_tim_ex.c:2169:28
	str	r0, [sp, #8]
	.loc	7 2170 7                        @ ../Drivers/STM32H7xx_HAL_Driver/Src/stm32h7xx_hal_tim_ex.c:2170:7
	b	.LBB36_15
.Ltmp591:
.LBB36_11:
	.loc	7 0 7 is_stmt 0                 @ ../Drivers/STM32H7xx_HAL_Driver/Src/stm32h7xx_hal_tim_ex.c:0:7
	movs	r0, #2
.Ltmp592:
	.loc	7 2174 24 is_stmt 1             @ ../Drivers/STM32H7xx_HAL_Driver/Src/stm32h7xx_hal_tim_ex.c:2174:24
	str	r0, [sp, #20]
	movs	r0, #1
	.loc	7 2175 26                       @ ../Drivers/STM32H7xx_HAL_Driver/Src/stm32h7xx_hal_tim_ex.c:2175:26
	str	r0, [sp, #12]
	mov.w	r0, #1024
	.loc	7 2176 26                       @ ../Drivers/STM32H7xx_HAL_Driver/Src/stm32h7xx_hal_tim_ex.c:2176:26
	str	r0, [sp, #16]
	movs	r0, #10
	.loc	7 2177 28                       @ ../Drivers/STM32H7xx_HAL_Driver/Src/stm32h7xx_hal_tim_ex.c:2177:28
	str	r0, [sp, #8]
	.loc	7 2178 7                        @ ../Drivers/STM32H7xx_HAL_Driver/Src/stm32h7xx_hal_tim_ex.c:2178:7
	b	.LBB36_15
.Ltmp593:
.LBB36_12:
	.loc	7 0 7 is_stmt 0                 @ ../Drivers/STM32H7xx_HAL_Driver/Src/stm32h7xx_hal_tim_ex.c:0:7
	movs	r0, #4
.Ltmp594:
	.loc	7 2182 24 is_stmt 1             @ ../Drivers/STM32H7xx_HAL_Driver/Src/stm32h7xx_hal_tim_ex.c:2182:24
	str	r0, [sp, #20]
	movs	r0, #2
	.loc	7 2183 26                       @ ../Drivers/STM32H7xx_HAL_Driver/Src/stm32h7xx_hal_tim_ex.c:2183:26
	str	r0, [sp, #12]
	mov.w	r0, #2048
	.loc	7 2184 26                       @ ../Drivers/STM32H7xx_HAL_Driver/Src/stm32h7xx_hal_tim_ex.c:2184:26
	str	r0, [sp, #16]
	movs	r0, #11
	.loc	7 2185 28                       @ ../Drivers/STM32H7xx_HAL_Driver/Src/stm32h7xx_hal_tim_ex.c:2185:28
	str	r0, [sp, #8]
	.loc	7 2186 7                        @ ../Drivers/STM32H7xx_HAL_Driver/Src/stm32h7xx_hal_tim_ex.c:2186:7
	b	.LBB36_15
.Ltmp595:
.LBB36_13:
	.loc	7 0 7 is_stmt 0                 @ ../Drivers/STM32H7xx_HAL_Driver/Src/stm32h7xx_hal_tim_ex.c:0:7
	mov.w	r0, #256
.Ltmp596:
	.loc	7 2190 24 is_stmt 1             @ ../Drivers/STM32H7xx_HAL_Driver/Src/stm32h7xx_hal_tim_ex.c:2190:24
	str	r0, [sp, #20]
	movs	r0, #8
	.loc	7 2191 26                       @ ../Drivers/STM32H7xx_HAL_Driver/Src/stm32h7xx_hal_tim_ex.c:2191:26
	str	r0, [sp, #12]
	movs	r0, #0
	.loc	7 2192 26                       @ ../Drivers/STM32H7xx_HAL_Driver/Src/stm32h7xx_hal_tim_ex.c:2192:26
	str	r0, [sp, #16]
	.loc	7 2193 28                       @ ../Drivers/STM32H7xx_HAL_Driver/Src/stm32h7xx_hal_tim_ex.c:2193:28
	str	r0, [sp, #8]
	.loc	7 2194 7                        @ ../Drivers/STM32H7xx_HAL_Driver/Src/stm32h7xx_hal_tim_ex.c:2194:7
	b	.LBB36_15
.Ltmp597:
.LBB36_14:
	.loc	7 0 7 is_stmt 0                 @ ../Drivers/STM32H7xx_HAL_Driver/Src/stm32h7xx_hal_tim_ex.c:0:7
	movs	r0, #0
.Ltmp598:
	.loc	7 2199 24 is_stmt 1             @ ../Drivers/STM32H7xx_HAL_Driver/Src/stm32h7xx_hal_tim_ex.c:2199:24
	str	r0, [sp, #20]
	.loc	7 2200 26                       @ ../Drivers/STM32H7xx_HAL_Driver/Src/stm32h7xx_hal_tim_ex.c:2200:26
	str	r0, [sp, #16]
	.loc	7 2201 26                       @ ../Drivers/STM32H7xx_HAL_Driver/Src/stm32h7xx_hal_tim_ex.c:2201:26
	str	r0, [sp, #12]
	.loc	7 2202 28                       @ ../Drivers/STM32H7xx_HAL_Driver/Src/stm32h7xx_hal_tim_ex.c:2202:28
	str	r0, [sp, #8]
	.loc	7 2203 7                        @ ../Drivers/STM32H7xx_HAL_Driver/Src/stm32h7xx_hal_tim_ex.c:2203:7
	b	.LBB36_15
.Ltmp599:
.LBB36_15:
	.loc	7 2207 11                       @ ../Drivers/STM32H7xx_HAL_Driver/Src/stm32h7xx_hal_tim_ex.c:2207:11
	ldr	r0, [sp, #36]
	.loc	7 2207 3 is_stmt 0              @ ../Drivers/STM32H7xx_HAL_Driver/Src/stm32h7xx_hal_tim_ex.c:2207:3
	str	r0, [sp]                        @ 4-byte Spill
	cmp	r0, #1
	beq	.LBB36_17
	b	.LBB36_16
.LBB36_16:
	ldr	r0, [sp]                        @ 4-byte Reload
	cmp	r0, #2
	beq	.LBB36_20
	b	.LBB36_23
.LBB36_17:
.Ltmp600:
	.loc	7 2212 16 is_stmt 1             @ ../Drivers/STM32H7xx_HAL_Driver/Src/stm32h7xx_hal_tim_ex.c:2212:16
	ldr	r0, [sp, #40]
	.loc	7 2212 22 is_stmt 0             @ ../Drivers/STM32H7xx_HAL_Driver/Src/stm32h7xx_hal_tim_ex.c:2212:22
	ldr	r0, [r0]
	.loc	7 2212 32                       @ ../Drivers/STM32H7xx_HAL_Driver/Src/stm32h7xx_hal_tim_ex.c:2212:32
	ldr	r0, [r0, #96]
	.loc	7 2212 14                       @ ../Drivers/STM32H7xx_HAL_Driver/Src/stm32h7xx_hal_tim_ex.c:2212:14
	str	r0, [sp, #24]
	.loc	7 2215 18 is_stmt 1             @ ../Drivers/STM32H7xx_HAL_Driver/Src/stm32h7xx_hal_tim_ex.c:2215:18
	ldr	r1, [sp, #20]
	.loc	7 2215 14 is_stmt 0             @ ../Drivers/STM32H7xx_HAL_Driver/Src/stm32h7xx_hal_tim_ex.c:2215:14
	ldr	r0, [sp, #24]
	bics	r0, r1
	str	r0, [sp, #24]
	.loc	7 2216 18 is_stmt 1             @ ../Drivers/STM32H7xx_HAL_Driver/Src/stm32h7xx_hal_tim_ex.c:2216:18
	ldr	r0, [sp, #32]
	.loc	7 2216 37 is_stmt 0             @ ../Drivers/STM32H7xx_HAL_Driver/Src/stm32h7xx_hal_tim_ex.c:2216:37
	ldr	r0, [r0, #4]
	.loc	7 2216 47                       @ ../Drivers/STM32H7xx_HAL_Driver/Src/stm32h7xx_hal_tim_ex.c:2216:47
	ldr	r1, [sp, #12]
	.loc	7 2216 44                       @ ../Drivers/STM32H7xx_HAL_Driver/Src/stm32h7xx_hal_tim_ex.c:2216:44
	lsls	r0, r1
	.loc	7 2216 69                       @ ../Drivers/STM32H7xx_HAL_Driver/Src/stm32h7xx_hal_tim_ex.c:2216:69
	ldr	r1, [sp, #20]
	.loc	7 2216 67                       @ ../Drivers/STM32H7xx_HAL_Driver/Src/stm32h7xx_hal_tim_ex.c:2216:67
	ands	r1, r0
	.loc	7 2216 14                       @ ../Drivers/STM32H7xx_HAL_Driver/Src/stm32h7xx_hal_tim_ex.c:2216:14
	ldr	r0, [sp, #24]
	orrs	r0, r1
	str	r0, [sp, #24]
.Ltmp601:
	.loc	7 2219 11 is_stmt 1             @ ../Drivers/STM32H7xx_HAL_Driver/Src/stm32h7xx_hal_tim_ex.c:2219:11
	ldr	r0, [sp, #32]
	.loc	7 2219 30 is_stmt 0             @ ../Drivers/STM32H7xx_HAL_Driver/Src/stm32h7xx_hal_tim_ex.c:2219:30
	ldr	r0, [r0]
.Ltmp602:
	.loc	7 2219 11                       @ ../Drivers/STM32H7xx_HAL_Driver/Src/stm32h7xx_hal_tim_ex.c:2219:11
	cmp	r0, #8
	beq	.LBB36_19
	b	.LBB36_18
.LBB36_18:
.Ltmp603:
	.loc	7 2221 20 is_stmt 1             @ ../Drivers/STM32H7xx_HAL_Driver/Src/stm32h7xx_hal_tim_ex.c:2221:20
	ldr	r1, [sp, #16]
	.loc	7 2221 16 is_stmt 0             @ ../Drivers/STM32H7xx_HAL_Driver/Src/stm32h7xx_hal_tim_ex.c:2221:16
	ldr	r0, [sp, #24]
	bics	r0, r1
	str	r0, [sp, #24]
	.loc	7 2222 20 is_stmt 1             @ ../Drivers/STM32H7xx_HAL_Driver/Src/stm32h7xx_hal_tim_ex.c:2222:20
	ldr	r0, [sp, #32]
	.loc	7 2222 39 is_stmt 0             @ ../Drivers/STM32H7xx_HAL_Driver/Src/stm32h7xx_hal_tim_ex.c:2222:39
	ldr	r0, [r0, #8]
	.loc	7 2222 51                       @ ../Drivers/STM32H7xx_HAL_Driver/Src/stm32h7xx_hal_tim_ex.c:2222:51
	ldr	r1, [sp, #8]
	.loc	7 2222 48                       @ ../Drivers/STM32H7xx_HAL_Driver/Src/stm32h7xx_hal_tim_ex.c:2222:48
	lsls	r0, r1
	.loc	7 2222 75                       @ ../Drivers/STM32H7xx_HAL_Driver/Src/stm32h7xx_hal_tim_ex.c:2222:75
	ldr	r1, [sp, #16]
	.loc	7 2222 73                       @ ../Drivers/STM32H7xx_HAL_Driver/Src/stm32h7xx_hal_tim_ex.c:2222:73
	ands	r1, r0
	.loc	7 2222 16                       @ ../Drivers/STM32H7xx_HAL_Driver/Src/stm32h7xx_hal_tim_ex.c:2222:16
	ldr	r0, [sp, #24]
	orrs	r0, r1
	str	r0, [sp, #24]
	.loc	7 2223 7 is_stmt 1              @ ../Drivers/STM32H7xx_HAL_Driver/Src/stm32h7xx_hal_tim_ex.c:2223:7
	b	.LBB36_19
.Ltmp604:
.LBB36_19:
	.loc	7 2226 29                       @ ../Drivers/STM32H7xx_HAL_Driver/Src/stm32h7xx_hal_tim_ex.c:2226:29
	ldr	r0, [sp, #24]
	.loc	7 2226 7 is_stmt 0              @ ../Drivers/STM32H7xx_HAL_Driver/Src/stm32h7xx_hal_tim_ex.c:2226:7
	ldr	r1, [sp, #40]
	.loc	7 2226 13                       @ ../Drivers/STM32H7xx_HAL_Driver/Src/stm32h7xx_hal_tim_ex.c:2226:13
	ldr	r1, [r1]
	.loc	7 2226 27                       @ ../Drivers/STM32H7xx_HAL_Driver/Src/stm32h7xx_hal_tim_ex.c:2226:27
	str	r0, [r1, #96]
	.loc	7 2227 7 is_stmt 1              @ ../Drivers/STM32H7xx_HAL_Driver/Src/stm32h7xx_hal_tim_ex.c:2227:7
	b	.LBB36_24
.Ltmp605:
.LBB36_20:
	.loc	7 2232 16                       @ ../Drivers/STM32H7xx_HAL_Driver/Src/stm32h7xx_hal_tim_ex.c:2232:16
	ldr	r0, [sp, #40]
	.loc	7 2232 22 is_stmt 0             @ ../Drivers/STM32H7xx_HAL_Driver/Src/stm32h7xx_hal_tim_ex.c:2232:22
	ldr	r0, [r0]
	.loc	7 2232 32                       @ ../Drivers/STM32H7xx_HAL_Driver/Src/stm32h7xx_hal_tim_ex.c:2232:32
	ldr	r0, [r0, #100]
	.loc	7 2232 14                       @ ../Drivers/STM32H7xx_HAL_Driver/Src/stm32h7xx_hal_tim_ex.c:2232:14
	str	r0, [sp, #24]
	.loc	7 2235 18 is_stmt 1             @ ../Drivers/STM32H7xx_HAL_Driver/Src/stm32h7xx_hal_tim_ex.c:2235:18
	ldr	r1, [sp, #20]
	.loc	7 2235 14 is_stmt 0             @ ../Drivers/STM32H7xx_HAL_Driver/Src/stm32h7xx_hal_tim_ex.c:2235:14
	ldr	r0, [sp, #24]
	bics	r0, r1
	str	r0, [sp, #24]
	.loc	7 2236 18 is_stmt 1             @ ../Drivers/STM32H7xx_HAL_Driver/Src/stm32h7xx_hal_tim_ex.c:2236:18
	ldr	r0, [sp, #32]
	.loc	7 2236 37 is_stmt 0             @ ../Drivers/STM32H7xx_HAL_Driver/Src/stm32h7xx_hal_tim_ex.c:2236:37
	ldr	r0, [r0, #4]
	.loc	7 2236 47                       @ ../Drivers/STM32H7xx_HAL_Driver/Src/stm32h7xx_hal_tim_ex.c:2236:47
	ldr	r1, [sp, #12]
	.loc	7 2236 44                       @ ../Drivers/STM32H7xx_HAL_Driver/Src/stm32h7xx_hal_tim_ex.c:2236:44
	lsls	r0, r1
	.loc	7 2236 69                       @ ../Drivers/STM32H7xx_HAL_Driver/Src/stm32h7xx_hal_tim_ex.c:2236:69
	ldr	r1, [sp, #20]
	.loc	7 2236 67                       @ ../Drivers/STM32H7xx_HAL_Driver/Src/stm32h7xx_hal_tim_ex.c:2236:67
	ands	r1, r0
	.loc	7 2236 14                       @ ../Drivers/STM32H7xx_HAL_Driver/Src/stm32h7xx_hal_tim_ex.c:2236:14
	ldr	r0, [sp, #24]
	orrs	r0, r1
	str	r0, [sp, #24]
.Ltmp606:
	.loc	7 2239 11 is_stmt 1             @ ../Drivers/STM32H7xx_HAL_Driver/Src/stm32h7xx_hal_tim_ex.c:2239:11
	ldr	r0, [sp, #32]
	.loc	7 2239 30 is_stmt 0             @ ../Drivers/STM32H7xx_HAL_Driver/Src/stm32h7xx_hal_tim_ex.c:2239:30
	ldr	r0, [r0]
.Ltmp607:
	.loc	7 2239 11                       @ ../Drivers/STM32H7xx_HAL_Driver/Src/stm32h7xx_hal_tim_ex.c:2239:11
	cmp	r0, #8
	beq	.LBB36_22
	b	.LBB36_21
.LBB36_21:
.Ltmp608:
	.loc	7 2241 20 is_stmt 1             @ ../Drivers/STM32H7xx_HAL_Driver/Src/stm32h7xx_hal_tim_ex.c:2241:20
	ldr	r1, [sp, #16]
	.loc	7 2241 16 is_stmt 0             @ ../Drivers/STM32H7xx_HAL_Driver/Src/stm32h7xx_hal_tim_ex.c:2241:16
	ldr	r0, [sp, #24]
	bics	r0, r1
	str	r0, [sp, #24]
	.loc	7 2242 20 is_stmt 1             @ ../Drivers/STM32H7xx_HAL_Driver/Src/stm32h7xx_hal_tim_ex.c:2242:20
	ldr	r0, [sp, #32]
	.loc	7 2242 39 is_stmt 0             @ ../Drivers/STM32H7xx_HAL_Driver/Src/stm32h7xx_hal_tim_ex.c:2242:39
	ldr	r0, [r0, #8]
	.loc	7 2242 51                       @ ../Drivers/STM32H7xx_HAL_Driver/Src/stm32h7xx_hal_tim_ex.c:2242:51
	ldr	r1, [sp, #8]
	.loc	7 2242 48                       @ ../Drivers/STM32H7xx_HAL_Driver/Src/stm32h7xx_hal_tim_ex.c:2242:48
	lsls	r0, r1
	.loc	7 2242 75                       @ ../Drivers/STM32H7xx_HAL_Driver/Src/stm32h7xx_hal_tim_ex.c:2242:75
	ldr	r1, [sp, #16]
	.loc	7 2242 73                       @ ../Drivers/STM32H7xx_HAL_Driver/Src/stm32h7xx_hal_tim_ex.c:2242:73
	ands	r1, r0
	.loc	7 2242 16                       @ ../Drivers/STM32H7xx_HAL_Driver/Src/stm32h7xx_hal_tim_ex.c:2242:16
	ldr	r0, [sp, #24]
	orrs	r0, r1
	str	r0, [sp, #24]
	.loc	7 2243 7 is_stmt 1              @ ../Drivers/STM32H7xx_HAL_Driver/Src/stm32h7xx_hal_tim_ex.c:2243:7
	b	.LBB36_22
.Ltmp609:
.LBB36_22:
	.loc	7 2246 29                       @ ../Drivers/STM32H7xx_HAL_Driver/Src/stm32h7xx_hal_tim_ex.c:2246:29
	ldr	r0, [sp, #24]
	.loc	7 2246 7 is_stmt 0              @ ../Drivers/STM32H7xx_HAL_Driver/Src/stm32h7xx_hal_tim_ex.c:2246:7
	ldr	r1, [sp, #40]
	.loc	7 2246 13                       @ ../Drivers/STM32H7xx_HAL_Driver/Src/stm32h7xx_hal_tim_ex.c:2246:13
	ldr	r1, [r1]
	.loc	7 2246 27                       @ ../Drivers/STM32H7xx_HAL_Driver/Src/stm32h7xx_hal_tim_ex.c:2246:27
	str	r0, [r1, #100]
	.loc	7 2247 7 is_stmt 1              @ ../Drivers/STM32H7xx_HAL_Driver/Src/stm32h7xx_hal_tim_ex.c:2247:7
	b	.LBB36_24
.Ltmp610:
.LBB36_23:
	.loc	7 0 7 is_stmt 0                 @ ../Drivers/STM32H7xx_HAL_Driver/Src/stm32h7xx_hal_tim_ex.c:0:7
	movs	r0, #1
	.loc	7 2250 14 is_stmt 1             @ ../Drivers/STM32H7xx_HAL_Driver/Src/stm32h7xx_hal_tim_ex.c:2250:14
	strb.w	r0, [sp, #31]
	.loc	7 2251 7                        @ ../Drivers/STM32H7xx_HAL_Driver/Src/stm32h7xx_hal_tim_ex.c:2251:7
	b	.LBB36_24
.Ltmp611:
.LBB36_24:
	.loc	7 2254 3                        @ ../Drivers/STM32H7xx_HAL_Driver/Src/stm32h7xx_hal_tim_ex.c:2254:3
	b	.LBB36_25
.LBB36_25:
.Ltmp612:
	.loc	7 2254 3 is_stmt 0              @ ../Drivers/STM32H7xx_HAL_Driver/Src/stm32h7xx_hal_tim_ex.c:2254:3
	ldr	r1, [sp, #40]
	movs	r0, #0
	strb.w	r0, [r1, #60]
	b	.LBB36_26
.Ltmp613:
.LBB36_26:
	.loc	7 2256 10 is_stmt 1             @ ../Drivers/STM32H7xx_HAL_Driver/Src/stm32h7xx_hal_tim_ex.c:2256:10
	ldrb.w	r0, [sp, #31]
	.loc	7 2256 3 is_stmt 0              @ ../Drivers/STM32H7xx_HAL_Driver/Src/stm32h7xx_hal_tim_ex.c:2256:3
	strb.w	r0, [sp, #47]
	b	.LBB36_27
.LBB36_27:
	.loc	7 2257 1 is_stmt 1              @ ../Drivers/STM32H7xx_HAL_Driver/Src/stm32h7xx_hal_tim_ex.c:2257:1
	ldrb.w	r0, [sp, #47]
	.loc	7 2257 1 epilogue_begin is_stmt 0 @ ../Drivers/STM32H7xx_HAL_Driver/Src/stm32h7xx_hal_tim_ex.c:2257:1
	add	sp, #48
	bx	lr
.Ltmp614:
.Lfunc_end36:
	.size	HAL_TIMEx_ConfigBreakInput, .Lfunc_end36-HAL_TIMEx_ConfigBreakInput
	.cfi_endproc
	.cantunwind
	.fnend
                                        @ -- End function
	.section	.text.HAL_TIMEx_RemapConfig,"ax",%progbits
	.hidden	HAL_TIMEx_RemapConfig           @ -- Begin function HAL_TIMEx_RemapConfig
	.globl	HAL_TIMEx_RemapConfig
	.p2align	3
	.type	HAL_TIMEx_RemapConfig,%function
	.code	16                              @ @HAL_TIMEx_RemapConfig
	.thumb_func
HAL_TIMEx_RemapConfig:
.Lfunc_begin37:
	.loc	7 2322 0 is_stmt 1              @ ../Drivers/STM32H7xx_HAL_Driver/Src/stm32h7xx_hal_tim_ex.c:2322:0
	.fnstart
	.cfi_startproc
@ %bb.0:
	.pad	#12
	sub	sp, #12
	.cfi_def_cfa_offset 12
	str	r0, [sp, #4]
	str	r1, [sp]
.Ltmp615:
	.loc	7 2327 3 prologue_end           @ ../Drivers/STM32H7xx_HAL_Driver/Src/stm32h7xx_hal_tim_ex.c:2327:3
	b	.LBB37_1
.LBB37_1:
.Ltmp616:
	.loc	7 2327 3 is_stmt 0              @ ../Drivers/STM32H7xx_HAL_Driver/Src/stm32h7xx_hal_tim_ex.c:2327:3
	ldr	r0, [sp, #4]
	ldrb.w	r0, [r0, #60]
.Ltmp617:
	.loc	7 2327 3                        @ ../Drivers/STM32H7xx_HAL_Driver/Src/stm32h7xx_hal_tim_ex.c:2327:3
	cmp	r0, #1
	bne	.LBB37_3
	b	.LBB37_2
.LBB37_2:
	.loc	7 0 3                           @ ../Drivers/STM32H7xx_HAL_Driver/Src/stm32h7xx_hal_tim_ex.c:0:3
	movs	r0, #2
.Ltmp618:
	.loc	7 2327 3                        @ ../Drivers/STM32H7xx_HAL_Driver/Src/stm32h7xx_hal_tim_ex.c:2327:3
	strb.w	r0, [sp, #11]
	b	.LBB37_8
.Ltmp619:
.LBB37_3:
	.loc	7 2327 3                        @ ../Drivers/STM32H7xx_HAL_Driver/Src/stm32h7xx_hal_tim_ex.c:2327:3
	ldr	r1, [sp, #4]
	movs	r0, #1
	strb.w	r0, [r1, #60]
	b	.LBB37_4
.Ltmp620:
.LBB37_4:
	.loc	7 2327 3                        @ ../Drivers/STM32H7xx_HAL_Driver/Src/stm32h7xx_hal_tim_ex.c:2327:3
	b	.LBB37_5
.Ltmp621:
.LBB37_5:
	.loc	7 2329 3 is_stmt 1              @ ../Drivers/STM32H7xx_HAL_Driver/Src/stm32h7xx_hal_tim_ex.c:2329:3
	ldr	r0, [sp, #4]
	ldr	r0, [r0]
	ldr	r0, [r0, #96]
	bic	r0, r0, #245760
	ldr	r1, [sp]
	orrs	r0, r1
	ldr	r1, [sp, #4]
	ldr	r1, [r1]
	str	r0, [r1, #96]
	.loc	7 2331 3                        @ ../Drivers/STM32H7xx_HAL_Driver/Src/stm32h7xx_hal_tim_ex.c:2331:3
	b	.LBB37_6
.LBB37_6:
.Ltmp622:
	.loc	7 2331 3 is_stmt 0              @ ../Drivers/STM32H7xx_HAL_Driver/Src/stm32h7xx_hal_tim_ex.c:2331:3
	ldr	r1, [sp, #4]
	movs	r0, #0
	strb.w	r0, [r1, #60]
	b	.LBB37_7
.Ltmp623:
.LBB37_7:
	.loc	7 0 3                           @ ../Drivers/STM32H7xx_HAL_Driver/Src/stm32h7xx_hal_tim_ex.c:0:3
	movs	r0, #0
	.loc	7 2333 3 is_stmt 1              @ ../Drivers/STM32H7xx_HAL_Driver/Src/stm32h7xx_hal_tim_ex.c:2333:3
	strb.w	r0, [sp, #11]
	b	.LBB37_8
.LBB37_8:
	.loc	7 2334 1                        @ ../Drivers/STM32H7xx_HAL_Driver/Src/stm32h7xx_hal_tim_ex.c:2334:1
	ldrb.w	r0, [sp, #11]
	.loc	7 2334 1 epilogue_begin is_stmt 0 @ ../Drivers/STM32H7xx_HAL_Driver/Src/stm32h7xx_hal_tim_ex.c:2334:1
	add	sp, #12
	bx	lr
.Ltmp624:
.Lfunc_end37:
	.size	HAL_TIMEx_RemapConfig, .Lfunc_end37-HAL_TIMEx_RemapConfig
	.cfi_endproc
	.cantunwind
	.fnend
                                        @ -- End function
	.section	.text.HAL_TIMEx_TISelection,"ax",%progbits
	.hidden	HAL_TIMEx_TISelection           @ -- Begin function HAL_TIMEx_TISelection
	.globl	HAL_TIMEx_TISelection
	.p2align	3
	.type	HAL_TIMEx_TISelection,%function
	.code	16                              @ @HAL_TIMEx_TISelection
	.thumb_func
HAL_TIMEx_TISelection:
.Lfunc_begin38:
	.loc	7 2416 0 is_stmt 1              @ ../Drivers/STM32H7xx_HAL_Driver/Src/stm32h7xx_hal_tim_ex.c:2416:0
	.fnstart
	.cfi_startproc
@ %bb.0:
	.pad	#24
	sub	sp, #24
	.cfi_def_cfa_offset 24
	str	r0, [sp, #16]
	str	r1, [sp, #12]
	str	r2, [sp, #8]
	movs	r0, #0
.Ltmp625:
	.loc	7 2417 21 prologue_end          @ ../Drivers/STM32H7xx_HAL_Driver/Src/stm32h7xx_hal_tim_ex.c:2417:21
	strb.w	r0, [sp, #7]
	.loc	7 2423 3                        @ ../Drivers/STM32H7xx_HAL_Driver/Src/stm32h7xx_hal_tim_ex.c:2423:3
	b	.LBB38_1
.LBB38_1:
.Ltmp626:
	.loc	7 2423 3 is_stmt 0              @ ../Drivers/STM32H7xx_HAL_Driver/Src/stm32h7xx_hal_tim_ex.c:2423:3
	ldr	r0, [sp, #16]
	ldrb.w	r0, [r0, #60]
.Ltmp627:
	.loc	7 2423 3                        @ ../Drivers/STM32H7xx_HAL_Driver/Src/stm32h7xx_hal_tim_ex.c:2423:3
	cmp	r0, #1
	bne	.LBB38_3
	b	.LBB38_2
.LBB38_2:
	.loc	7 0 3                           @ ../Drivers/STM32H7xx_HAL_Driver/Src/stm32h7xx_hal_tim_ex.c:0:3
	movs	r0, #2
.Ltmp628:
	.loc	7 2423 3                        @ ../Drivers/STM32H7xx_HAL_Driver/Src/stm32h7xx_hal_tim_ex.c:2423:3
	strb.w	r0, [sp, #23]
	b	.LBB38_16
.Ltmp629:
.LBB38_3:
	.loc	7 2423 3                        @ ../Drivers/STM32H7xx_HAL_Driver/Src/stm32h7xx_hal_tim_ex.c:2423:3
	ldr	r1, [sp, #16]
	movs	r0, #1
	strb.w	r0, [r1, #60]
	b	.LBB38_4
.Ltmp630:
.LBB38_4:
	.loc	7 2423 3                        @ ../Drivers/STM32H7xx_HAL_Driver/Src/stm32h7xx_hal_tim_ex.c:2423:3
	b	.LBB38_5
.Ltmp631:
.LBB38_5:
	.loc	7 2425 11 is_stmt 1             @ ../Drivers/STM32H7xx_HAL_Driver/Src/stm32h7xx_hal_tim_ex.c:2425:11
	ldr	r0, [sp, #8]
	.loc	7 2425 3 is_stmt 0              @ ../Drivers/STM32H7xx_HAL_Driver/Src/stm32h7xx_hal_tim_ex.c:2425:3
	str	r0, [sp]                        @ 4-byte Spill
	cmp	r0, #12
	bhi	.LBB38_12
@ %bb.6:
	ldr	r1, [sp]                        @ 4-byte Reload
.LCPI38_0:
	tbb	[pc, r1]
@ %bb.7:
	.loc	7 0 3                           @ ../Drivers/STM32H7xx_HAL_Driver/Src/stm32h7xx_hal_tim_ex.c:0:3
.LJTI38_0:
	.byte	(.LBB38_8-(.LCPI38_0+4))/2
	.byte	(.LBB38_12-(.LCPI38_0+4))/2
	.byte	(.LBB38_12-(.LCPI38_0+4))/2
	.byte	(.LBB38_12-(.LCPI38_0+4))/2
	.byte	(.LBB38_9-(.LCPI38_0+4))/2
	.byte	(.LBB38_12-(.LCPI38_0+4))/2
	.byte	(.LBB38_12-(.LCPI38_0+4))/2
	.byte	(.LBB38_12-(.LCPI38_0+4))/2
	.byte	(.LBB38_10-(.LCPI38_0+4))/2
	.byte	(.LBB38_12-(.LCPI38_0+4))/2
	.byte	(.LBB38_12-(.LCPI38_0+4))/2
	.byte	(.LBB38_12-(.LCPI38_0+4))/2
	.byte	(.LBB38_11-(.LCPI38_0+4))/2
	.p2align	1
.LBB38_8:
.Ltmp632:
	.loc	7 2428 7 is_stmt 1              @ ../Drivers/STM32H7xx_HAL_Driver/Src/stm32h7xx_hal_tim_ex.c:2428:7
	ldr	r0, [sp, #16]
	ldr	r0, [r0]
	ldr	r0, [r0, #104]
	bic	r0, r0, #15
	ldr	r1, [sp, #12]
	orrs	r0, r1
	ldr	r1, [sp, #16]
	ldr	r1, [r1]
	str	r0, [r1, #104]
	.loc	7 2429 7                        @ ../Drivers/STM32H7xx_HAL_Driver/Src/stm32h7xx_hal_tim_ex.c:2429:7
	b	.LBB38_13
.LBB38_9:
	.loc	7 2431 7                        @ ../Drivers/STM32H7xx_HAL_Driver/Src/stm32h7xx_hal_tim_ex.c:2431:7
	ldr	r0, [sp, #16]
	ldr	r0, [r0]
	ldr	r0, [r0, #104]
	bic	r0, r0, #3840
	ldr	r1, [sp, #12]
	orrs	r0, r1
	ldr	r1, [sp, #16]
	ldr	r1, [r1]
	str	r0, [r1, #104]
	.loc	7 2432 7                        @ ../Drivers/STM32H7xx_HAL_Driver/Src/stm32h7xx_hal_tim_ex.c:2432:7
	b	.LBB38_13
.LBB38_10:
	.loc	7 2434 7                        @ ../Drivers/STM32H7xx_HAL_Driver/Src/stm32h7xx_hal_tim_ex.c:2434:7
	ldr	r0, [sp, #16]
	ldr	r0, [r0]
	ldr	r0, [r0, #104]
	bic	r0, r0, #983040
	ldr	r1, [sp, #12]
	orrs	r0, r1
	ldr	r1, [sp, #16]
	ldr	r1, [r1]
	str	r0, [r1, #104]
	.loc	7 2435 7                        @ ../Drivers/STM32H7xx_HAL_Driver/Src/stm32h7xx_hal_tim_ex.c:2435:7
	b	.LBB38_13
.LBB38_11:
	.loc	7 2437 7                        @ ../Drivers/STM32H7xx_HAL_Driver/Src/stm32h7xx_hal_tim_ex.c:2437:7
	ldr	r0, [sp, #16]
	ldr	r0, [r0]
	ldr	r0, [r0, #104]
	bic	r0, r0, #251658240
	ldr	r1, [sp, #12]
	orrs	r0, r1
	ldr	r1, [sp, #16]
	ldr	r1, [r1]
	str	r0, [r1, #104]
	.loc	7 2438 7                        @ ../Drivers/STM32H7xx_HAL_Driver/Src/stm32h7xx_hal_tim_ex.c:2438:7
	b	.LBB38_13
.LBB38_12:
	.loc	7 0 7 is_stmt 0                 @ ../Drivers/STM32H7xx_HAL_Driver/Src/stm32h7xx_hal_tim_ex.c:0:7
	movs	r0, #1
	.loc	7 2440 14 is_stmt 1             @ ../Drivers/STM32H7xx_HAL_Driver/Src/stm32h7xx_hal_tim_ex.c:2440:14
	strb.w	r0, [sp, #7]
	.loc	7 2441 7                        @ ../Drivers/STM32H7xx_HAL_Driver/Src/stm32h7xx_hal_tim_ex.c:2441:7
	b	.LBB38_13
.Ltmp633:
.LBB38_13:
	.loc	7 2444 3                        @ ../Drivers/STM32H7xx_HAL_Driver/Src/stm32h7xx_hal_tim_ex.c:2444:3
	b	.LBB38_14
.LBB38_14:
.Ltmp634:
	.loc	7 2444 3 is_stmt 0              @ ../Drivers/STM32H7xx_HAL_Driver/Src/stm32h7xx_hal_tim_ex.c:2444:3
	ldr	r1, [sp, #16]
	movs	r0, #0
	strb.w	r0, [r1, #60]
	b	.LBB38_15
.Ltmp635:
.LBB38_15:
	.loc	7 2446 10 is_stmt 1             @ ../Drivers/STM32H7xx_HAL_Driver/Src/stm32h7xx_hal_tim_ex.c:2446:10
	ldrb.w	r0, [sp, #7]
	.loc	7 2446 3 is_stmt 0              @ ../Drivers/STM32H7xx_HAL_Driver/Src/stm32h7xx_hal_tim_ex.c:2446:3
	strb.w	r0, [sp, #23]
	b	.LBB38_16
.LBB38_16:
	.loc	7 2447 1 is_stmt 1              @ ../Drivers/STM32H7xx_HAL_Driver/Src/stm32h7xx_hal_tim_ex.c:2447:1
	ldrb.w	r0, [sp, #23]
	.loc	7 2447 1 epilogue_begin is_stmt 0 @ ../Drivers/STM32H7xx_HAL_Driver/Src/stm32h7xx_hal_tim_ex.c:2447:1
	add	sp, #24
	bx	lr
.Ltmp636:
.Lfunc_end38:
	.size	HAL_TIMEx_TISelection, .Lfunc_end38-HAL_TIMEx_TISelection
	.cfi_endproc
	.cantunwind
	.fnend
                                        @ -- End function
	.section	.text.HAL_TIMEx_GroupChannel5,"ax",%progbits
	.hidden	HAL_TIMEx_GroupChannel5         @ -- Begin function HAL_TIMEx_GroupChannel5
	.globl	HAL_TIMEx_GroupChannel5
	.p2align	3
	.type	HAL_TIMEx_GroupChannel5,%function
	.code	16                              @ @HAL_TIMEx_GroupChannel5
	.thumb_func
HAL_TIMEx_GroupChannel5:
.Lfunc_begin39:
	.loc	7 2461 0 is_stmt 1              @ ../Drivers/STM32H7xx_HAL_Driver/Src/stm32h7xx_hal_tim_ex.c:2461:0
	.fnstart
	.cfi_startproc
@ %bb.0:
	.pad	#12
	sub	sp, #12
	.cfi_def_cfa_offset 12
	str	r0, [sp, #4]
	str	r1, [sp]
.Ltmp637:
	.loc	7 2467 3 prologue_end           @ ../Drivers/STM32H7xx_HAL_Driver/Src/stm32h7xx_hal_tim_ex.c:2467:3
	b	.LBB39_1
.LBB39_1:
.Ltmp638:
	.loc	7 2467 3 is_stmt 0              @ ../Drivers/STM32H7xx_HAL_Driver/Src/stm32h7xx_hal_tim_ex.c:2467:3
	ldr	r0, [sp, #4]
	ldrb.w	r0, [r0, #60]
.Ltmp639:
	.loc	7 2467 3                        @ ../Drivers/STM32H7xx_HAL_Driver/Src/stm32h7xx_hal_tim_ex.c:2467:3
	cmp	r0, #1
	bne	.LBB39_3
	b	.LBB39_2
.LBB39_2:
	.loc	7 0 3                           @ ../Drivers/STM32H7xx_HAL_Driver/Src/stm32h7xx_hal_tim_ex.c:0:3
	movs	r0, #2
.Ltmp640:
	.loc	7 2467 3                        @ ../Drivers/STM32H7xx_HAL_Driver/Src/stm32h7xx_hal_tim_ex.c:2467:3
	strb.w	r0, [sp, #11]
	b	.LBB39_8
.Ltmp641:
.LBB39_3:
	.loc	7 2467 3                        @ ../Drivers/STM32H7xx_HAL_Driver/Src/stm32h7xx_hal_tim_ex.c:2467:3
	ldr	r1, [sp, #4]
	movs	r0, #1
	strb.w	r0, [r1, #60]
	b	.LBB39_4
.Ltmp642:
.LBB39_4:
	.loc	7 2467 3                        @ ../Drivers/STM32H7xx_HAL_Driver/Src/stm32h7xx_hal_tim_ex.c:2467:3
	b	.LBB39_5
.Ltmp643:
.LBB39_5:
	.loc	7 2469 3 is_stmt 1              @ ../Drivers/STM32H7xx_HAL_Driver/Src/stm32h7xx_hal_tim_ex.c:2469:3
	ldr	r1, [sp, #4]
	movs	r0, #2
	.loc	7 2469 15 is_stmt 0             @ ../Drivers/STM32H7xx_HAL_Driver/Src/stm32h7xx_hal_tim_ex.c:2469:15
	strb.w	r0, [r1, #61]
	.loc	7 2472 3 is_stmt 1              @ ../Drivers/STM32H7xx_HAL_Driver/Src/stm32h7xx_hal_tim_ex.c:2472:3
	ldr	r0, [sp, #4]
	.loc	7 2472 9 is_stmt 0              @ ../Drivers/STM32H7xx_HAL_Driver/Src/stm32h7xx_hal_tim_ex.c:2472:9
	ldr	r1, [r0]
	.loc	7 2472 24                       @ ../Drivers/STM32H7xx_HAL_Driver/Src/stm32h7xx_hal_tim_ex.c:2472:24
	ldr	r0, [r1, #88]
	bic	r0, r0, #-536870912
	str	r0, [r1, #88]
	.loc	7 2475 27 is_stmt 1             @ ../Drivers/STM32H7xx_HAL_Driver/Src/stm32h7xx_hal_tim_ex.c:2475:27
	ldr	r2, [sp]
	.loc	7 2475 3 is_stmt 0              @ ../Drivers/STM32H7xx_HAL_Driver/Src/stm32h7xx_hal_tim_ex.c:2475:3
	ldr	r0, [sp, #4]
	.loc	7 2475 9                        @ ../Drivers/STM32H7xx_HAL_Driver/Src/stm32h7xx_hal_tim_ex.c:2475:9
	ldr	r1, [r0]
	.loc	7 2475 24                       @ ../Drivers/STM32H7xx_HAL_Driver/Src/stm32h7xx_hal_tim_ex.c:2475:24
	ldr	r0, [r1, #88]
	orrs	r0, r2
	str	r0, [r1, #88]
	.loc	7 2478 3 is_stmt 1              @ ../Drivers/STM32H7xx_HAL_Driver/Src/stm32h7xx_hal_tim_ex.c:2478:3
	ldr	r1, [sp, #4]
	movs	r0, #1
	.loc	7 2478 15 is_stmt 0             @ ../Drivers/STM32H7xx_HAL_Driver/Src/stm32h7xx_hal_tim_ex.c:2478:15
	strb.w	r0, [r1, #61]
	.loc	7 2480 3 is_stmt 1              @ ../Drivers/STM32H7xx_HAL_Driver/Src/stm32h7xx_hal_tim_ex.c:2480:3
	b	.LBB39_6
.LBB39_6:
.Ltmp644:
	.loc	7 2480 3 is_stmt 0              @ ../Drivers/STM32H7xx_HAL_Driver/Src/stm32h7xx_hal_tim_ex.c:2480:3
	ldr	r1, [sp, #4]
	movs	r0, #0
	strb.w	r0, [r1, #60]
	b	.LBB39_7
.Ltmp645:
.LBB39_7:
	.loc	7 0 3                           @ ../Drivers/STM32H7xx_HAL_Driver/Src/stm32h7xx_hal_tim_ex.c:0:3
	movs	r0, #0
	.loc	7 2482 3 is_stmt 1              @ ../Drivers/STM32H7xx_HAL_Driver/Src/stm32h7xx_hal_tim_ex.c:2482:3
	strb.w	r0, [sp, #11]
	b	.LBB39_8
.LBB39_8:
	.loc	7 2483 1                        @ ../Drivers/STM32H7xx_HAL_Driver/Src/stm32h7xx_hal_tim_ex.c:2483:1
	ldrb.w	r0, [sp, #11]
	.loc	7 2483 1 epilogue_begin is_stmt 0 @ ../Drivers/STM32H7xx_HAL_Driver/Src/stm32h7xx_hal_tim_ex.c:2483:1
	add	sp, #12
	bx	lr
.Ltmp646:
.Lfunc_end39:
	.size	HAL_TIMEx_GroupChannel5, .Lfunc_end39-HAL_TIMEx_GroupChannel5
	.cfi_endproc
	.cantunwind
	.fnend
                                        @ -- End function
	.section	.text.HAL_TIMEx_DisarmBreakInput,"ax",%progbits
	.hidden	HAL_TIMEx_DisarmBreakInput      @ -- Begin function HAL_TIMEx_DisarmBreakInput
	.globl	HAL_TIMEx_DisarmBreakInput
	.p2align	3
	.type	HAL_TIMEx_DisarmBreakInput,%function
	.code	16                              @ @HAL_TIMEx_DisarmBreakInput
	.thumb_func
HAL_TIMEx_DisarmBreakInput:
.Lfunc_begin40:
	.loc	7 2500 0 is_stmt 1              @ ../Drivers/STM32H7xx_HAL_Driver/Src/stm32h7xx_hal_tim_ex.c:2500:0
	.fnstart
	.cfi_startproc
@ %bb.0:
	.pad	#20
	sub	sp, #20
	.cfi_def_cfa_offset 20
	str	r0, [sp, #16]
	str	r1, [sp, #12]
	movs	r0, #0
.Ltmp647:
	.loc	7 2501 21 prologue_end          @ ../Drivers/STM32H7xx_HAL_Driver/Src/stm32h7xx_hal_tim_ex.c:2501:21
	strb.w	r0, [sp, #11]
	.loc	7 2508 11                       @ ../Drivers/STM32H7xx_HAL_Driver/Src/stm32h7xx_hal_tim_ex.c:2508:11
	ldr	r0, [sp, #12]
	.loc	7 2508 3 is_stmt 0              @ ../Drivers/STM32H7xx_HAL_Driver/Src/stm32h7xx_hal_tim_ex.c:2508:3
	str	r0, [sp]                        @ 4-byte Spill
	cmp	r0, #1
	beq	.LBB40_2
	b	.LBB40_1
.LBB40_1:
	ldr	r0, [sp]                        @ 4-byte Reload
	cmp	r0, #2
	beq	.LBB40_6
	b	.LBB40_10
.LBB40_2:
.Ltmp648:
	.loc	7 2513 17 is_stmt 1             @ ../Drivers/STM32H7xx_HAL_Driver/Src/stm32h7xx_hal_tim_ex.c:2513:17
	ldr	r0, [sp, #16]
	ldr	r0, [r0]
	ldr	r0, [r0, #68]
	.loc	7 2513 15 is_stmt 0             @ ../Drivers/STM32H7xx_HAL_Driver/Src/stm32h7xx_hal_tim_ex.c:2513:15
	str	r0, [sp, #4]
.Ltmp649:
	.loc	7 2514 65 is_stmt 1             @ ../Drivers/STM32H7xx_HAL_Driver/Src/stm32h7xx_hal_tim_ex.c:2514:65
	ldrb.w	r0, [sp, #7]
	lsls	r0, r0, #27
	cmp	r0, #0
	bpl	.LBB40_5
	b	.LBB40_3
.Ltmp650:
.LBB40_3:
	.loc	7 2514 11 is_stmt 0             @ ../Drivers/STM32H7xx_HAL_Driver/Src/stm32h7xx_hal_tim_ex.c:2514:11
	ldrb.w	r0, [sp, #5]
	lsls	r0, r0, #24
	cmp	r0, #0
	bmi	.LBB40_5
	b	.LBB40_4
.LBB40_4:
.Ltmp651:
	.loc	7 2518 9 is_stmt 1              @ ../Drivers/STM32H7xx_HAL_Driver/Src/stm32h7xx_hal_tim_ex.c:2518:9
	ldr	r0, [sp, #16]
	ldr	r1, [r0]
	ldr	r0, [r1, #68]
	orr	r0, r0, #67108864
	str	r0, [r1, #68]
	.loc	7 2519 7                        @ ../Drivers/STM32H7xx_HAL_Driver/Src/stm32h7xx_hal_tim_ex.c:2519:7
	b	.LBB40_5
.Ltmp652:
.LBB40_5:
	.loc	7 2520 7                        @ ../Drivers/STM32H7xx_HAL_Driver/Src/stm32h7xx_hal_tim_ex.c:2520:7
	b	.LBB40_11
.Ltmp653:
.LBB40_6:
	.loc	7 2525 17                       @ ../Drivers/STM32H7xx_HAL_Driver/Src/stm32h7xx_hal_tim_ex.c:2525:17
	ldr	r0, [sp, #16]
	ldr	r0, [r0]
	ldr	r0, [r0, #68]
	.loc	7 2525 15 is_stmt 0             @ ../Drivers/STM32H7xx_HAL_Driver/Src/stm32h7xx_hal_tim_ex.c:2525:15
	str	r0, [sp, #4]
.Ltmp654:
	.loc	7 2526 67 is_stmt 1             @ ../Drivers/STM32H7xx_HAL_Driver/Src/stm32h7xx_hal_tim_ex.c:2526:67
	ldrb.w	r0, [sp, #7]
	lsls	r0, r0, #26
	cmp	r0, #0
	bpl	.LBB40_9
	b	.LBB40_7
.Ltmp655:
.LBB40_7:
	.loc	7 2526 11 is_stmt 0             @ ../Drivers/STM32H7xx_HAL_Driver/Src/stm32h7xx_hal_tim_ex.c:2526:11
	ldrb.w	r0, [sp, #5]
	lsls	r0, r0, #24
	cmp	r0, #0
	bmi	.LBB40_9
	b	.LBB40_8
.LBB40_8:
.Ltmp656:
	.loc	7 2530 9 is_stmt 1              @ ../Drivers/STM32H7xx_HAL_Driver/Src/stm32h7xx_hal_tim_ex.c:2530:9
	ldr	r0, [sp, #16]
	ldr	r1, [r0]
	ldr	r0, [r1, #68]
	orr	r0, r0, #134217728
	str	r0, [r1, #68]
	.loc	7 2531 7                        @ ../Drivers/STM32H7xx_HAL_Driver/Src/stm32h7xx_hal_tim_ex.c:2531:7
	b	.LBB40_9
.Ltmp657:
.LBB40_9:
	.loc	7 2532 7                        @ ../Drivers/STM32H7xx_HAL_Driver/Src/stm32h7xx_hal_tim_ex.c:2532:7
	b	.LBB40_11
.Ltmp658:
.LBB40_10:
	.loc	7 0 7 is_stmt 0                 @ ../Drivers/STM32H7xx_HAL_Driver/Src/stm32h7xx_hal_tim_ex.c:0:7
	movs	r0, #1
	.loc	7 2535 14 is_stmt 1             @ ../Drivers/STM32H7xx_HAL_Driver/Src/stm32h7xx_hal_tim_ex.c:2535:14
	strb.w	r0, [sp, #11]
	.loc	7 2536 7                        @ ../Drivers/STM32H7xx_HAL_Driver/Src/stm32h7xx_hal_tim_ex.c:2536:7
	b	.LBB40_11
.Ltmp659:
.LBB40_11:
	.loc	7 2539 10                       @ ../Drivers/STM32H7xx_HAL_Driver/Src/stm32h7xx_hal_tim_ex.c:2539:10
	ldrb.w	r0, [sp, #11]
	.loc	7 2539 3 epilogue_begin is_stmt 0 @ ../Drivers/STM32H7xx_HAL_Driver/Src/stm32h7xx_hal_tim_ex.c:2539:3
	add	sp, #20
	bx	lr
.Ltmp660:
.Lfunc_end40:
	.size	HAL_TIMEx_DisarmBreakInput, .Lfunc_end40-HAL_TIMEx_DisarmBreakInput
	.cfi_endproc
	.cantunwind
	.fnend
                                        @ -- End function
	.section	.text.HAL_TIMEx_ReArmBreakInput,"ax",%progbits
	.hidden	HAL_TIMEx_ReArmBreakInput       @ -- Begin function HAL_TIMEx_ReArmBreakInput
	.globl	HAL_TIMEx_ReArmBreakInput
	.p2align	3
	.type	HAL_TIMEx_ReArmBreakInput,%function
	.code	16                              @ @HAL_TIMEx_ReArmBreakInput
	.thumb_func
HAL_TIMEx_ReArmBreakInput:
.Lfunc_begin41:
	.loc	7 2554 0 is_stmt 1              @ ../Drivers/STM32H7xx_HAL_Driver/Src/stm32h7xx_hal_tim_ex.c:2554:0
	.fnstart
	.cfi_startproc
@ %bb.0:
	.save	{r7, lr}
	push	{r7, lr}
	.cfi_def_cfa_offset 8
	.cfi_offset lr, -4
	.cfi_offset r7, -8
	.pad	#24
	sub	sp, #24
	.cfi_def_cfa_offset 32
	str	r0, [sp, #16]
	str	r1, [sp, #12]
	movs	r0, #0
.Ltmp661:
	.loc	7 2555 21 prologue_end          @ ../Drivers/STM32H7xx_HAL_Driver/Src/stm32h7xx_hal_tim_ex.c:2555:21
	strb.w	r0, [sp, #11]
	.loc	7 2562 11                       @ ../Drivers/STM32H7xx_HAL_Driver/Src/stm32h7xx_hal_tim_ex.c:2562:11
	ldr	r0, [sp, #12]
	.loc	7 2562 3 is_stmt 0              @ ../Drivers/STM32H7xx_HAL_Driver/Src/stm32h7xx_hal_tim_ex.c:2562:3
	str	r0, [sp]                        @ 4-byte Spill
	cmp	r0, #1
	beq	.LBB41_2
	b	.LBB41_1
.LBB41_1:
	ldr	r0, [sp]                        @ 4-byte Reload
	cmp	r0, #2
	beq	.LBB41_12
	b	.LBB41_22
.LBB41_2:
.Ltmp662:
	.loc	7 2567 11 is_stmt 1             @ ../Drivers/STM32H7xx_HAL_Driver/Src/stm32h7xx_hal_tim_ex.c:2567:11
	ldr	r0, [sp, #16]
	ldr	r0, [r0]
	ldr	r0, [r0, #68]
.Ltmp663:
	.loc	7 2567 11 is_stmt 0             @ ../Drivers/STM32H7xx_HAL_Driver/Src/stm32h7xx_hal_tim_ex.c:2567:11
	lsls	r0, r0, #3
	cmp	r0, #0
	bpl	.LBB41_11
	b	.LBB41_3
.LBB41_3:
.Ltmp664:
	.loc	7 2571 21 is_stmt 1             @ ../Drivers/STM32H7xx_HAL_Driver/Src/stm32h7xx_hal_tim_ex.c:2571:21
	bl	HAL_GetTick
	.loc	7 2571 19 is_stmt 0             @ ../Drivers/STM32H7xx_HAL_Driver/Src/stm32h7xx_hal_tim_ex.c:2571:19
	str	r0, [sp, #4]
	.loc	7 2572 9 is_stmt 1              @ ../Drivers/STM32H7xx_HAL_Driver/Src/stm32h7xx_hal_tim_ex.c:2572:9
	b	.LBB41_4
.LBB41_4:                               @ =>This Inner Loop Header: Depth=1
	.loc	7 2572 16 is_stmt 0             @ ../Drivers/STM32H7xx_HAL_Driver/Src/stm32h7xx_hal_tim_ex.c:2572:16
	ldr	r0, [sp, #16]
	ldr	r0, [r0]
	ldr	r0, [r0, #68]
	.loc	7 2572 9                        @ ../Drivers/STM32H7xx_HAL_Driver/Src/stm32h7xx_hal_tim_ex.c:2572:9
	lsls	r0, r0, #5
	cmp	r0, #0
	bpl	.LBB41_10
	b	.LBB41_5
.LBB41_5:                               @   in Loop: Header=BB41_4 Depth=1
.Ltmp665:
	.loc	7 2574 16 is_stmt 1             @ ../Drivers/STM32H7xx_HAL_Driver/Src/stm32h7xx_hal_tim_ex.c:2574:16
	bl	HAL_GetTick
	.loc	7 2574 32 is_stmt 0             @ ../Drivers/STM32H7xx_HAL_Driver/Src/stm32h7xx_hal_tim_ex.c:2574:32
	ldr	r1, [sp, #4]
	.loc	7 2574 30                       @ ../Drivers/STM32H7xx_HAL_Driver/Src/stm32h7xx_hal_tim_ex.c:2574:30
	subs	r0, r0, r1
.Ltmp666:
	.loc	7 2574 15                       @ ../Drivers/STM32H7xx_HAL_Driver/Src/stm32h7xx_hal_tim_ex.c:2574:15
	cmp	r0, #6
	blo	.LBB41_9
	b	.LBB41_6
.LBB41_6:                               @   in Loop: Header=BB41_4 Depth=1
.Ltmp667:
	.loc	7 2577 17 is_stmt 1             @ ../Drivers/STM32H7xx_HAL_Driver/Src/stm32h7xx_hal_tim_ex.c:2577:17
	ldr	r0, [sp, #16]
	ldr	r0, [r0]
	ldr	r0, [r0, #68]
.Ltmp668:
	.loc	7 2577 17 is_stmt 0             @ ../Drivers/STM32H7xx_HAL_Driver/Src/stm32h7xx_hal_tim_ex.c:2577:17
	lsls	r0, r0, #5
	cmp	r0, #0
	bpl	.LBB41_8
	b	.LBB41_7
.LBB41_7:
	.loc	7 0 17                          @ ../Drivers/STM32H7xx_HAL_Driver/Src/stm32h7xx_hal_tim_ex.c:0:17
	movs	r0, #3
.Ltmp669:
	.loc	7 2579 15 is_stmt 1             @ ../Drivers/STM32H7xx_HAL_Driver/Src/stm32h7xx_hal_tim_ex.c:2579:15
	strb.w	r0, [sp, #23]
	b	.LBB41_24
.Ltmp670:
.LBB41_8:                               @   in Loop: Header=BB41_4 Depth=1
	.loc	7 2581 11                       @ ../Drivers/STM32H7xx_HAL_Driver/Src/stm32h7xx_hal_tim_ex.c:2581:11
	b	.LBB41_9
.Ltmp671:
.LBB41_9:                               @   in Loop: Header=BB41_4 Depth=1
	.loc	7 2572 9                        @ ../Drivers/STM32H7xx_HAL_Driver/Src/stm32h7xx_hal_tim_ex.c:2572:9
	b	.LBB41_4
.LBB41_10:
	.loc	7 2583 7                        @ ../Drivers/STM32H7xx_HAL_Driver/Src/stm32h7xx_hal_tim_ex.c:2583:7
	b	.LBB41_11
.Ltmp672:
.LBB41_11:
	.loc	7 2584 7                        @ ../Drivers/STM32H7xx_HAL_Driver/Src/stm32h7xx_hal_tim_ex.c:2584:7
	b	.LBB41_23
.Ltmp673:
.LBB41_12:
	.loc	7 2590 11                       @ ../Drivers/STM32H7xx_HAL_Driver/Src/stm32h7xx_hal_tim_ex.c:2590:11
	ldr	r0, [sp, #16]
	ldr	r0, [r0]
	ldr	r0, [r0, #68]
.Ltmp674:
	.loc	7 2590 11 is_stmt 0             @ ../Drivers/STM32H7xx_HAL_Driver/Src/stm32h7xx_hal_tim_ex.c:2590:11
	lsls	r0, r0, #2
	cmp	r0, #0
	bpl	.LBB41_21
	b	.LBB41_13
.LBB41_13:
.Ltmp675:
	.loc	7 2594 21 is_stmt 1             @ ../Drivers/STM32H7xx_HAL_Driver/Src/stm32h7xx_hal_tim_ex.c:2594:21
	bl	HAL_GetTick
	.loc	7 2594 19 is_stmt 0             @ ../Drivers/STM32H7xx_HAL_Driver/Src/stm32h7xx_hal_tim_ex.c:2594:19
	str	r0, [sp, #4]
	.loc	7 2595 9 is_stmt 1              @ ../Drivers/STM32H7xx_HAL_Driver/Src/stm32h7xx_hal_tim_ex.c:2595:9
	b	.LBB41_14
.LBB41_14:                              @ =>This Inner Loop Header: Depth=1
	.loc	7 2595 16 is_stmt 0             @ ../Drivers/STM32H7xx_HAL_Driver/Src/stm32h7xx_hal_tim_ex.c:2595:16
	ldr	r0, [sp, #16]
	ldr	r0, [r0]
	ldr	r0, [r0, #68]
	.loc	7 2595 9                        @ ../Drivers/STM32H7xx_HAL_Driver/Src/stm32h7xx_hal_tim_ex.c:2595:9
	lsls	r0, r0, #4
	cmp	r0, #0
	bpl	.LBB41_20
	b	.LBB41_15
.LBB41_15:                              @   in Loop: Header=BB41_14 Depth=1
.Ltmp676:
	.loc	7 2597 16 is_stmt 1             @ ../Drivers/STM32H7xx_HAL_Driver/Src/stm32h7xx_hal_tim_ex.c:2597:16
	bl	HAL_GetTick
	.loc	7 2597 32 is_stmt 0             @ ../Drivers/STM32H7xx_HAL_Driver/Src/stm32h7xx_hal_tim_ex.c:2597:32
	ldr	r1, [sp, #4]
	.loc	7 2597 30                       @ ../Drivers/STM32H7xx_HAL_Driver/Src/stm32h7xx_hal_tim_ex.c:2597:30
	subs	r0, r0, r1
.Ltmp677:
	.loc	7 2597 15                       @ ../Drivers/STM32H7xx_HAL_Driver/Src/stm32h7xx_hal_tim_ex.c:2597:15
	cmp	r0, #6
	blo	.LBB41_19
	b	.LBB41_16
.LBB41_16:                              @   in Loop: Header=BB41_14 Depth=1
.Ltmp678:
	.loc	7 2600 17 is_stmt 1             @ ../Drivers/STM32H7xx_HAL_Driver/Src/stm32h7xx_hal_tim_ex.c:2600:17
	ldr	r0, [sp, #16]
	ldr	r0, [r0]
	ldr	r0, [r0, #68]
.Ltmp679:
	.loc	7 2600 17 is_stmt 0             @ ../Drivers/STM32H7xx_HAL_Driver/Src/stm32h7xx_hal_tim_ex.c:2600:17
	lsls	r0, r0, #4
	cmp	r0, #0
	bpl	.LBB41_18
	b	.LBB41_17
.LBB41_17:
	.loc	7 0 17                          @ ../Drivers/STM32H7xx_HAL_Driver/Src/stm32h7xx_hal_tim_ex.c:0:17
	movs	r0, #3
.Ltmp680:
	.loc	7 2602 15 is_stmt 1             @ ../Drivers/STM32H7xx_HAL_Driver/Src/stm32h7xx_hal_tim_ex.c:2602:15
	strb.w	r0, [sp, #23]
	b	.LBB41_24
.Ltmp681:
.LBB41_18:                              @   in Loop: Header=BB41_14 Depth=1
	.loc	7 2604 11                       @ ../Drivers/STM32H7xx_HAL_Driver/Src/stm32h7xx_hal_tim_ex.c:2604:11
	b	.LBB41_19
.Ltmp682:
.LBB41_19:                              @   in Loop: Header=BB41_14 Depth=1
	.loc	7 2595 9                        @ ../Drivers/STM32H7xx_HAL_Driver/Src/stm32h7xx_hal_tim_ex.c:2595:9
	b	.LBB41_14
.LBB41_20:
	.loc	7 2606 7                        @ ../Drivers/STM32H7xx_HAL_Driver/Src/stm32h7xx_hal_tim_ex.c:2606:7
	b	.LBB41_21
.Ltmp683:
.LBB41_21:
	.loc	7 2607 7                        @ ../Drivers/STM32H7xx_HAL_Driver/Src/stm32h7xx_hal_tim_ex.c:2607:7
	b	.LBB41_23
.Ltmp684:
.LBB41_22:
	.loc	7 0 7 is_stmt 0                 @ ../Drivers/STM32H7xx_HAL_Driver/Src/stm32h7xx_hal_tim_ex.c:0:7
	movs	r0, #1
	.loc	7 2610 14 is_stmt 1             @ ../Drivers/STM32H7xx_HAL_Driver/Src/stm32h7xx_hal_tim_ex.c:2610:14
	strb.w	r0, [sp, #11]
	.loc	7 2611 7                        @ ../Drivers/STM32H7xx_HAL_Driver/Src/stm32h7xx_hal_tim_ex.c:2611:7
	b	.LBB41_23
.Ltmp685:
.LBB41_23:
	.loc	7 2614 10                       @ ../Drivers/STM32H7xx_HAL_Driver/Src/stm32h7xx_hal_tim_ex.c:2614:10
	ldrb.w	r0, [sp, #11]
	.loc	7 2614 3 is_stmt 0              @ ../Drivers/STM32H7xx_HAL_Driver/Src/stm32h7xx_hal_tim_ex.c:2614:3
	strb.w	r0, [sp, #23]
	b	.LBB41_24
.LBB41_24:
	.loc	7 2615 1 is_stmt 1              @ ../Drivers/STM32H7xx_HAL_Driver/Src/stm32h7xx_hal_tim_ex.c:2615:1
	ldrb.w	r0, [sp, #23]
	.loc	7 2615 1 epilogue_begin is_stmt 0 @ ../Drivers/STM32H7xx_HAL_Driver/Src/stm32h7xx_hal_tim_ex.c:2615:1
	add	sp, #24
	pop	{r7, pc}
.Ltmp686:
.Lfunc_end41:
	.size	HAL_TIMEx_ReArmBreakInput, .Lfunc_end41-HAL_TIMEx_ReArmBreakInput
	.cfi_endproc
	.cantunwind
	.fnend
                                        @ -- End function
	.section	.text.HAL_TIMEx_CommutCallback,"ax",%progbits
	.hidden	HAL_TIMEx_CommutCallback        @ -- Begin function HAL_TIMEx_CommutCallback
	.weak	HAL_TIMEx_CommutCallback
	.p2align	3
	.type	HAL_TIMEx_CommutCallback,%function
	.code	16                              @ @HAL_TIMEx_CommutCallback
	.thumb_func
HAL_TIMEx_CommutCallback:
.Lfunc_begin42:
	.loc	7 2644 0 is_stmt 1              @ ../Drivers/STM32H7xx_HAL_Driver/Src/stm32h7xx_hal_tim_ex.c:2644:0
	.fnstart
	.cfi_startproc
@ %bb.0:
	.pad	#4
	sub	sp, #4
	.cfi_def_cfa_offset 4
	str	r0, [sp]
.Ltmp687:
	.loc	7 2651 1 prologue_end epilogue_begin @ ../Drivers/STM32H7xx_HAL_Driver/Src/stm32h7xx_hal_tim_ex.c:2651:1
	add	sp, #4
	bx	lr
.Ltmp688:
.Lfunc_end42:
	.size	HAL_TIMEx_CommutCallback, .Lfunc_end42-HAL_TIMEx_CommutCallback
	.cfi_endproc
	.cantunwind
	.fnend
                                        @ -- End function
	.section	.text.HAL_TIMEx_CommutHalfCpltCallback,"ax",%progbits
	.hidden	HAL_TIMEx_CommutHalfCpltCallback @ -- Begin function HAL_TIMEx_CommutHalfCpltCallback
	.weak	HAL_TIMEx_CommutHalfCpltCallback
	.p2align	3
	.type	HAL_TIMEx_CommutHalfCpltCallback,%function
	.code	16                              @ @HAL_TIMEx_CommutHalfCpltCallback
	.thumb_func
HAL_TIMEx_CommutHalfCpltCallback:
.Lfunc_begin43:
	.loc	7 2658 0                        @ ../Drivers/STM32H7xx_HAL_Driver/Src/stm32h7xx_hal_tim_ex.c:2658:0
	.fnstart
	.cfi_startproc
@ %bb.0:
	.pad	#4
	sub	sp, #4
	.cfi_def_cfa_offset 4
	str	r0, [sp]
.Ltmp689:
	.loc	7 2665 1 prologue_end epilogue_begin @ ../Drivers/STM32H7xx_HAL_Driver/Src/stm32h7xx_hal_tim_ex.c:2665:1
	add	sp, #4
	bx	lr
.Ltmp690:
.Lfunc_end43:
	.size	HAL_TIMEx_CommutHalfCpltCallback, .Lfunc_end43-HAL_TIMEx_CommutHalfCpltCallback
	.cfi_endproc
	.cantunwind
	.fnend
                                        @ -- End function
	.section	.text.HAL_TIMEx_BreakCallback,"ax",%progbits
	.hidden	HAL_TIMEx_BreakCallback         @ -- Begin function HAL_TIMEx_BreakCallback
	.weak	HAL_TIMEx_BreakCallback
	.p2align	3
	.type	HAL_TIMEx_BreakCallback,%function
	.code	16                              @ @HAL_TIMEx_BreakCallback
	.thumb_func
HAL_TIMEx_BreakCallback:
.Lfunc_begin44:
	.loc	7 2673 0                        @ ../Drivers/STM32H7xx_HAL_Driver/Src/stm32h7xx_hal_tim_ex.c:2673:0
	.fnstart
	.cfi_startproc
@ %bb.0:
	.pad	#4
	sub	sp, #4
	.cfi_def_cfa_offset 4
	str	r0, [sp]
.Ltmp691:
	.loc	7 2680 1 prologue_end epilogue_begin @ ../Drivers/STM32H7xx_HAL_Driver/Src/stm32h7xx_hal_tim_ex.c:2680:1
	add	sp, #4
	bx	lr
.Ltmp692:
.Lfunc_end44:
	.size	HAL_TIMEx_BreakCallback, .Lfunc_end44-HAL_TIMEx_BreakCallback
	.cfi_endproc
	.cantunwind
	.fnend
                                        @ -- End function
	.section	.text.HAL_TIMEx_Break2Callback,"ax",%progbits
	.hidden	HAL_TIMEx_Break2Callback        @ -- Begin function HAL_TIMEx_Break2Callback
	.weak	HAL_TIMEx_Break2Callback
	.p2align	3
	.type	HAL_TIMEx_Break2Callback,%function
	.code	16                              @ @HAL_TIMEx_Break2Callback
	.thumb_func
HAL_TIMEx_Break2Callback:
.Lfunc_begin45:
	.loc	7 2688 0                        @ ../Drivers/STM32H7xx_HAL_Driver/Src/stm32h7xx_hal_tim_ex.c:2688:0
	.fnstart
	.cfi_startproc
@ %bb.0:
	.pad	#4
	sub	sp, #4
	.cfi_def_cfa_offset 4
	str	r0, [sp]
.Ltmp693:
	.loc	7 2695 1 prologue_end epilogue_begin @ ../Drivers/STM32H7xx_HAL_Driver/Src/stm32h7xx_hal_tim_ex.c:2695:1
	add	sp, #4
	bx	lr
.Ltmp694:
.Lfunc_end45:
	.size	HAL_TIMEx_Break2Callback, .Lfunc_end45-HAL_TIMEx_Break2Callback
	.cfi_endproc
	.cantunwind
	.fnend
                                        @ -- End function
	.section	.text.HAL_TIMEx_HallSensor_GetState,"ax",%progbits
	.hidden	HAL_TIMEx_HallSensor_GetState   @ -- Begin function HAL_TIMEx_HallSensor_GetState
	.globl	HAL_TIMEx_HallSensor_GetState
	.p2align	3
	.type	HAL_TIMEx_HallSensor_GetState,%function
	.code	16                              @ @HAL_TIMEx_HallSensor_GetState
	.thumb_func
HAL_TIMEx_HallSensor_GetState:
.Lfunc_begin46:
	.loc	7 2721 0                        @ ../Drivers/STM32H7xx_HAL_Driver/Src/stm32h7xx_hal_tim_ex.c:2721:0
	.fnstart
	.cfi_startproc
@ %bb.0:
	.pad	#4
	sub	sp, #4
	.cfi_def_cfa_offset 4
	str	r0, [sp]
.Ltmp695:
	.loc	7 2722 10 prologue_end          @ ../Drivers/STM32H7xx_HAL_Driver/Src/stm32h7xx_hal_tim_ex.c:2722:10
	ldr	r0, [sp]
	.loc	7 2722 16 is_stmt 0             @ ../Drivers/STM32H7xx_HAL_Driver/Src/stm32h7xx_hal_tim_ex.c:2722:16
	ldrb.w	r0, [r0, #61]
	.loc	7 2722 3 epilogue_begin         @ ../Drivers/STM32H7xx_HAL_Driver/Src/stm32h7xx_hal_tim_ex.c:2722:3
	add	sp, #4
	bx	lr
.Ltmp696:
.Lfunc_end46:
	.size	HAL_TIMEx_HallSensor_GetState, .Lfunc_end46-HAL_TIMEx_HallSensor_GetState
	.cfi_endproc
	.cantunwind
	.fnend
                                        @ -- End function
	.section	.text.HAL_TIMEx_GetChannelNState,"ax",%progbits
	.hidden	HAL_TIMEx_GetChannelNState      @ -- Begin function HAL_TIMEx_GetChannelNState
	.globl	HAL_TIMEx_GetChannelNState
	.p2align	3
	.type	HAL_TIMEx_GetChannelNState,%function
	.code	16                              @ @HAL_TIMEx_GetChannelNState
	.thumb_func
HAL_TIMEx_GetChannelNState:
.Lfunc_begin47:
	.loc	7 2736 0 is_stmt 1              @ ../Drivers/STM32H7xx_HAL_Driver/Src/stm32h7xx_hal_tim_ex.c:2736:0
	.fnstart
	.cfi_startproc
@ %bb.0:
	.pad	#24
	sub	sp, #24
	.cfi_def_cfa_offset 24
	str	r0, [sp, #20]
	str	r1, [sp, #16]
.Ltmp697:
	.loc	7 2742 19 prologue_end          @ ../Drivers/STM32H7xx_HAL_Driver/Src/stm32h7xx_hal_tim_ex.c:2742:19
	ldr	r0, [sp, #16]
	cbnz	r0, .LBB47_2
	b	.LBB47_1
.LBB47_1:
	ldr	r0, [sp, #20]
	ldrb.w	r0, [r0, #68]
	str	r0, [sp, #8]                    @ 4-byte Spill
	b	.LBB47_9
.LBB47_2:
	ldr	r0, [sp, #16]
	cmp	r0, #4
	bne	.LBB47_4
	b	.LBB47_3
.LBB47_3:
	ldr	r0, [sp, #20]
	ldrb.w	r0, [r0, #69]
	str	r0, [sp, #4]                    @ 4-byte Spill
	b	.LBB47_8
.LBB47_4:
	ldr	r0, [sp, #16]
	cmp	r0, #8
	bne	.LBB47_6
	b	.LBB47_5
.LBB47_5:
	ldr	r0, [sp, #20]
	ldrb.w	r0, [r0, #70]
	str	r0, [sp]                        @ 4-byte Spill
	b	.LBB47_7
.LBB47_6:
	ldr	r0, [sp, #20]
	ldrb.w	r0, [r0, #71]
	str	r0, [sp]                        @ 4-byte Spill
	b	.LBB47_7
.LBB47_7:
	ldr	r0, [sp]                        @ 4-byte Reload
	str	r0, [sp, #4]                    @ 4-byte Spill
	b	.LBB47_8
.LBB47_8:
	ldr	r0, [sp, #4]                    @ 4-byte Reload
	str	r0, [sp, #8]                    @ 4-byte Spill
	b	.LBB47_9
.LBB47_9:
	ldr	r0, [sp, #8]                    @ 4-byte Reload
	.loc	7 2742 17 is_stmt 0             @ ../Drivers/STM32H7xx_HAL_Driver/Src/stm32h7xx_hal_tim_ex.c:2742:17
	strb.w	r0, [sp, #15]
	.loc	7 2744 10 is_stmt 1             @ ../Drivers/STM32H7xx_HAL_Driver/Src/stm32h7xx_hal_tim_ex.c:2744:10
	ldrb.w	r0, [sp, #15]
	.loc	7 2744 3 epilogue_begin is_stmt 0 @ ../Drivers/STM32H7xx_HAL_Driver/Src/stm32h7xx_hal_tim_ex.c:2744:3
	add	sp, #24
	bx	lr
.Ltmp698:
.Lfunc_end47:
	.size	HAL_TIMEx_GetChannelNState, .Lfunc_end47-HAL_TIMEx_GetChannelNState
	.cfi_endproc
	.cantunwind
	.fnend
                                        @ -- End function
	.file	8 "D:\\stm32_project\\daily_work\\new_bubing\\cod_update_2.0\\COD_H7_Template\\MDK-ARM" "../Drivers/STM32H7xx_HAL_Driver/Inc\\stm32h7xx_hal_tim_ex.h"
	.section	.debug_abbrev,"",%progbits
	.byte	1                               @ Abbreviation Code
	.byte	17                              @ DW_TAG_compile_unit
	.byte	1                               @ DW_CHILDREN_yes
	.byte	37                              @ DW_AT_producer
	.byte	14                              @ DW_FORM_strp
	.byte	19                              @ DW_AT_language
	.byte	5                               @ DW_FORM_data2
	.byte	3                               @ DW_AT_name
	.byte	14                              @ DW_FORM_strp
	.byte	16                              @ DW_AT_stmt_list
	.byte	23                              @ DW_FORM_sec_offset
	.byte	27                              @ DW_AT_comp_dir
	.byte	14                              @ DW_FORM_strp
	.byte	17                              @ DW_AT_low_pc
	.byte	1                               @ DW_FORM_addr
	.byte	85                              @ DW_AT_ranges
	.byte	23                              @ DW_FORM_sec_offset
	.byte	0                               @ EOM(1)
	.byte	0                               @ EOM(2)
	.byte	2                               @ Abbreviation Code
	.byte	4                               @ DW_TAG_enumeration_type
	.byte	1                               @ DW_CHILDREN_yes
	.byte	73                              @ DW_AT_type
	.byte	19                              @ DW_FORM_ref4
	.byte	11                              @ DW_AT_byte_size
	.byte	11                              @ DW_FORM_data1
	.byte	58                              @ DW_AT_decl_file
	.byte	11                              @ DW_FORM_data1
	.byte	59                              @ DW_AT_decl_line
	.byte	11                              @ DW_FORM_data1
	.byte	0                               @ EOM(1)
	.byte	0                               @ EOM(2)
	.byte	3                               @ Abbreviation Code
	.byte	40                              @ DW_TAG_enumerator
	.byte	0                               @ DW_CHILDREN_no
	.byte	3                               @ DW_AT_name
	.byte	14                              @ DW_FORM_strp
	.byte	28                              @ DW_AT_const_value
	.byte	15                              @ DW_FORM_udata
	.byte	0                               @ EOM(1)
	.byte	0                               @ EOM(2)
	.byte	4                               @ Abbreviation Code
	.byte	36                              @ DW_TAG_base_type
	.byte	0                               @ DW_CHILDREN_no
	.byte	3                               @ DW_AT_name
	.byte	14                              @ DW_FORM_strp
	.byte	62                              @ DW_AT_encoding
	.byte	11                              @ DW_FORM_data1
	.byte	11                              @ DW_AT_byte_size
	.byte	11                              @ DW_FORM_data1
	.byte	0                               @ EOM(1)
	.byte	0                               @ EOM(2)
	.byte	5                               @ Abbreviation Code
	.byte	4                               @ DW_TAG_enumeration_type
	.byte	1                               @ DW_CHILDREN_yes
	.byte	73                              @ DW_AT_type
	.byte	19                              @ DW_FORM_ref4
	.byte	11                              @ DW_AT_byte_size
	.byte	11                              @ DW_FORM_data1
	.byte	58                              @ DW_AT_decl_file
	.byte	11                              @ DW_FORM_data1
	.byte	59                              @ DW_AT_decl_line
	.byte	5                               @ DW_FORM_data2
	.byte	0                               @ EOM(1)
	.byte	0                               @ EOM(2)
	.byte	6                               @ Abbreviation Code
	.byte	22                              @ DW_TAG_typedef
	.byte	0                               @ DW_CHILDREN_no
	.byte	73                              @ DW_AT_type
	.byte	19                              @ DW_FORM_ref4
	.byte	3                               @ DW_AT_name
	.byte	14                              @ DW_FORM_strp
	.byte	58                              @ DW_AT_decl_file
	.byte	11                              @ DW_FORM_data1
	.byte	59                              @ DW_AT_decl_line
	.byte	11                              @ DW_FORM_data1
	.byte	0                               @ EOM(1)
	.byte	0                               @ EOM(2)
	.byte	7                               @ Abbreviation Code
	.byte	15                              @ DW_TAG_pointer_type
	.byte	0                               @ DW_CHILDREN_no
	.byte	73                              @ DW_AT_type
	.byte	19                              @ DW_FORM_ref4
	.byte	0                               @ EOM(1)
	.byte	0                               @ EOM(2)
	.byte	8                               @ Abbreviation Code
	.byte	22                              @ DW_TAG_typedef
	.byte	0                               @ DW_CHILDREN_no
	.byte	73                              @ DW_AT_type
	.byte	19                              @ DW_FORM_ref4
	.byte	3                               @ DW_AT_name
	.byte	14                              @ DW_FORM_strp
	.byte	58                              @ DW_AT_decl_file
	.byte	11                              @ DW_FORM_data1
	.byte	59                              @ DW_AT_decl_line
	.byte	5                               @ DW_FORM_data2
	.byte	0                               @ EOM(1)
	.byte	0                               @ EOM(2)
	.byte	9                               @ Abbreviation Code
	.byte	19                              @ DW_TAG_structure_type
	.byte	1                               @ DW_CHILDREN_yes
	.byte	11                              @ DW_AT_byte_size
	.byte	11                              @ DW_FORM_data1
	.byte	58                              @ DW_AT_decl_file
	.byte	11                              @ DW_FORM_data1
	.byte	59                              @ DW_AT_decl_line
	.byte	5                               @ DW_FORM_data2
	.byte	0                               @ EOM(1)
	.byte	0                               @ EOM(2)
	.byte	10                              @ Abbreviation Code
	.byte	13                              @ DW_TAG_member
	.byte	0                               @ DW_CHILDREN_no
	.byte	3                               @ DW_AT_name
	.byte	14                              @ DW_FORM_strp
	.byte	73                              @ DW_AT_type
	.byte	19                              @ DW_FORM_ref4
	.byte	58                              @ DW_AT_decl_file
	.byte	11                              @ DW_FORM_data1
	.byte	59                              @ DW_AT_decl_line
	.byte	5                               @ DW_FORM_data2
	.byte	56                              @ DW_AT_data_member_location
	.byte	11                              @ DW_FORM_data1
	.byte	0                               @ EOM(1)
	.byte	0                               @ EOM(2)
	.byte	11                              @ Abbreviation Code
	.byte	53                              @ DW_TAG_volatile_type
	.byte	0                               @ DW_CHILDREN_no
	.byte	73                              @ DW_AT_type
	.byte	19                              @ DW_FORM_ref4
	.byte	0                               @ EOM(1)
	.byte	0                               @ EOM(2)
	.byte	12                              @ Abbreviation Code
	.byte	19                              @ DW_TAG_structure_type
	.byte	1                               @ DW_CHILDREN_yes
	.byte	11                              @ DW_AT_byte_size
	.byte	11                              @ DW_FORM_data1
	.byte	58                              @ DW_AT_decl_file
	.byte	11                              @ DW_FORM_data1
	.byte	59                              @ DW_AT_decl_line
	.byte	11                              @ DW_FORM_data1
	.byte	0                               @ EOM(1)
	.byte	0                               @ EOM(2)
	.byte	13                              @ Abbreviation Code
	.byte	13                              @ DW_TAG_member
	.byte	0                               @ DW_CHILDREN_no
	.byte	3                               @ DW_AT_name
	.byte	14                              @ DW_FORM_strp
	.byte	73                              @ DW_AT_type
	.byte	19                              @ DW_FORM_ref4
	.byte	58                              @ DW_AT_decl_file
	.byte	11                              @ DW_FORM_data1
	.byte	59                              @ DW_AT_decl_line
	.byte	11                              @ DW_FORM_data1
	.byte	56                              @ DW_AT_data_member_location
	.byte	11                              @ DW_FORM_data1
	.byte	0                               @ EOM(1)
	.byte	0                               @ EOM(2)
	.byte	14                              @ Abbreviation Code
	.byte	1                               @ DW_TAG_array_type
	.byte	1                               @ DW_CHILDREN_yes
	.byte	73                              @ DW_AT_type
	.byte	19                              @ DW_FORM_ref4
	.byte	0                               @ EOM(1)
	.byte	0                               @ EOM(2)
	.byte	15                              @ Abbreviation Code
	.byte	33                              @ DW_TAG_subrange_type
	.byte	0                               @ DW_CHILDREN_no
	.byte	73                              @ DW_AT_type
	.byte	19                              @ DW_FORM_ref4
	.byte	55                              @ DW_AT_count
	.byte	11                              @ DW_FORM_data1
	.byte	0                               @ EOM(1)
	.byte	0                               @ EOM(2)
	.byte	16                              @ Abbreviation Code
	.byte	19                              @ DW_TAG_structure_type
	.byte	1                               @ DW_CHILDREN_yes
	.byte	3                               @ DW_AT_name
	.byte	14                              @ DW_FORM_strp
	.byte	11                              @ DW_AT_byte_size
	.byte	11                              @ DW_FORM_data1
	.byte	58                              @ DW_AT_decl_file
	.byte	11                              @ DW_FORM_data1
	.byte	59                              @ DW_AT_decl_line
	.byte	11                              @ DW_FORM_data1
	.byte	0                               @ EOM(1)
	.byte	0                               @ EOM(2)
	.byte	17                              @ Abbreviation Code
	.byte	15                              @ DW_TAG_pointer_type
	.byte	0                               @ DW_CHILDREN_no
	.byte	0                               @ EOM(1)
	.byte	0                               @ EOM(2)
	.byte	18                              @ Abbreviation Code
	.byte	21                              @ DW_TAG_subroutine_type
	.byte	1                               @ DW_CHILDREN_yes
	.byte	39                              @ DW_AT_prototyped
	.byte	25                              @ DW_FORM_flag_present
	.byte	0                               @ EOM(1)
	.byte	0                               @ EOM(2)
	.byte	19                              @ Abbreviation Code
	.byte	5                               @ DW_TAG_formal_parameter
	.byte	0                               @ DW_CHILDREN_no
	.byte	73                              @ DW_AT_type
	.byte	19                              @ DW_FORM_ref4
	.byte	0                               @ EOM(1)
	.byte	0                               @ EOM(2)
	.byte	20                              @ Abbreviation Code
	.byte	36                              @ DW_TAG_base_type
	.byte	0                               @ DW_CHILDREN_no
	.byte	3                               @ DW_AT_name
	.byte	14                              @ DW_FORM_strp
	.byte	11                              @ DW_AT_byte_size
	.byte	11                              @ DW_FORM_data1
	.byte	62                              @ DW_AT_encoding
	.byte	11                              @ DW_FORM_data1
	.byte	0                               @ EOM(1)
	.byte	0                               @ EOM(2)
	.byte	21                              @ Abbreviation Code
	.byte	46                              @ DW_TAG_subprogram
	.byte	1                               @ DW_CHILDREN_yes
	.byte	17                              @ DW_AT_low_pc
	.byte	1                               @ DW_FORM_addr
	.byte	18                              @ DW_AT_high_pc
	.byte	6                               @ DW_FORM_data4
	.byte	64                              @ DW_AT_frame_base
	.byte	24                              @ DW_FORM_exprloc
	.byte	3                               @ DW_AT_name
	.byte	14                              @ DW_FORM_strp
	.byte	58                              @ DW_AT_decl_file
	.byte	11                              @ DW_FORM_data1
	.byte	59                              @ DW_AT_decl_line
	.byte	11                              @ DW_FORM_data1
	.byte	39                              @ DW_AT_prototyped
	.byte	25                              @ DW_FORM_flag_present
	.byte	73                              @ DW_AT_type
	.byte	19                              @ DW_FORM_ref4
	.byte	63                              @ DW_AT_external
	.byte	25                              @ DW_FORM_flag_present
	.byte	0                               @ EOM(1)
	.byte	0                               @ EOM(2)
	.byte	22                              @ Abbreviation Code
	.byte	5                               @ DW_TAG_formal_parameter
	.byte	0                               @ DW_CHILDREN_no
	.byte	2                               @ DW_AT_location
	.byte	24                              @ DW_FORM_exprloc
	.byte	3                               @ DW_AT_name
	.byte	14                              @ DW_FORM_strp
	.byte	58                              @ DW_AT_decl_file
	.byte	11                              @ DW_FORM_data1
	.byte	59                              @ DW_AT_decl_line
	.byte	11                              @ DW_FORM_data1
	.byte	73                              @ DW_AT_type
	.byte	19                              @ DW_FORM_ref4
	.byte	0                               @ EOM(1)
	.byte	0                               @ EOM(2)
	.byte	23                              @ Abbreviation Code
	.byte	52                              @ DW_TAG_variable
	.byte	0                               @ DW_CHILDREN_no
	.byte	2                               @ DW_AT_location
	.byte	24                              @ DW_FORM_exprloc
	.byte	3                               @ DW_AT_name
	.byte	14                              @ DW_FORM_strp
	.byte	58                              @ DW_AT_decl_file
	.byte	11                              @ DW_FORM_data1
	.byte	59                              @ DW_AT_decl_line
	.byte	11                              @ DW_FORM_data1
	.byte	73                              @ DW_AT_type
	.byte	19                              @ DW_FORM_ref4
	.byte	0                               @ EOM(1)
	.byte	0                               @ EOM(2)
	.byte	24                              @ Abbreviation Code
	.byte	46                              @ DW_TAG_subprogram
	.byte	1                               @ DW_CHILDREN_yes
	.byte	17                              @ DW_AT_low_pc
	.byte	1                               @ DW_FORM_addr
	.byte	18                              @ DW_AT_high_pc
	.byte	6                               @ DW_FORM_data4
	.byte	64                              @ DW_AT_frame_base
	.byte	24                              @ DW_FORM_exprloc
	.byte	3                               @ DW_AT_name
	.byte	14                              @ DW_FORM_strp
	.byte	58                              @ DW_AT_decl_file
	.byte	11                              @ DW_FORM_data1
	.byte	59                              @ DW_AT_decl_line
	.byte	5                               @ DW_FORM_data2
	.byte	39                              @ DW_AT_prototyped
	.byte	25                              @ DW_FORM_flag_present
	.byte	63                              @ DW_AT_external
	.byte	25                              @ DW_FORM_flag_present
	.byte	0                               @ EOM(1)
	.byte	0                               @ EOM(2)
	.byte	25                              @ Abbreviation Code
	.byte	5                               @ DW_TAG_formal_parameter
	.byte	0                               @ DW_CHILDREN_no
	.byte	2                               @ DW_AT_location
	.byte	24                              @ DW_FORM_exprloc
	.byte	3                               @ DW_AT_name
	.byte	14                              @ DW_FORM_strp
	.byte	58                              @ DW_AT_decl_file
	.byte	11                              @ DW_FORM_data1
	.byte	59                              @ DW_AT_decl_line
	.byte	5                               @ DW_FORM_data2
	.byte	73                              @ DW_AT_type
	.byte	19                              @ DW_FORM_ref4
	.byte	0                               @ EOM(1)
	.byte	0                               @ EOM(2)
	.byte	26                              @ Abbreviation Code
	.byte	46                              @ DW_TAG_subprogram
	.byte	1                               @ DW_CHILDREN_yes
	.byte	17                              @ DW_AT_low_pc
	.byte	1                               @ DW_FORM_addr
	.byte	18                              @ DW_AT_high_pc
	.byte	6                               @ DW_FORM_data4
	.byte	64                              @ DW_AT_frame_base
	.byte	24                              @ DW_FORM_exprloc
	.byte	3                               @ DW_AT_name
	.byte	14                              @ DW_FORM_strp
	.byte	58                              @ DW_AT_decl_file
	.byte	11                              @ DW_FORM_data1
	.byte	59                              @ DW_AT_decl_line
	.byte	5                               @ DW_FORM_data2
	.byte	39                              @ DW_AT_prototyped
	.byte	25                              @ DW_FORM_flag_present
	.byte	73                              @ DW_AT_type
	.byte	19                              @ DW_FORM_ref4
	.byte	63                              @ DW_AT_external
	.byte	25                              @ DW_FORM_flag_present
	.byte	0                               @ EOM(1)
	.byte	0                               @ EOM(2)
	.byte	27                              @ Abbreviation Code
	.byte	52                              @ DW_TAG_variable
	.byte	0                               @ DW_CHILDREN_no
	.byte	2                               @ DW_AT_location
	.byte	24                              @ DW_FORM_exprloc
	.byte	3                               @ DW_AT_name
	.byte	14                              @ DW_FORM_strp
	.byte	58                              @ DW_AT_decl_file
	.byte	11                              @ DW_FORM_data1
	.byte	59                              @ DW_AT_decl_line
	.byte	5                               @ DW_FORM_data2
	.byte	73                              @ DW_AT_type
	.byte	19                              @ DW_FORM_ref4
	.byte	0                               @ EOM(1)
	.byte	0                               @ EOM(2)
	.byte	28                              @ Abbreviation Code
	.byte	46                              @ DW_TAG_subprogram
	.byte	1                               @ DW_CHILDREN_yes
	.byte	17                              @ DW_AT_low_pc
	.byte	1                               @ DW_FORM_addr
	.byte	18                              @ DW_AT_high_pc
	.byte	6                               @ DW_FORM_data4
	.byte	64                              @ DW_AT_frame_base
	.byte	24                              @ DW_FORM_exprloc
	.byte	3                               @ DW_AT_name
	.byte	14                              @ DW_FORM_strp
	.byte	58                              @ DW_AT_decl_file
	.byte	11                              @ DW_FORM_data1
	.byte	59                              @ DW_AT_decl_line
	.byte	5                               @ DW_FORM_data2
	.byte	39                              @ DW_AT_prototyped
	.byte	25                              @ DW_FORM_flag_present
	.byte	0                               @ EOM(1)
	.byte	0                               @ EOM(2)
	.byte	29                              @ Abbreviation Code
	.byte	38                              @ DW_TAG_const_type
	.byte	0                               @ DW_CHILDREN_no
	.byte	73                              @ DW_AT_type
	.byte	19                              @ DW_FORM_ref4
	.byte	0                               @ EOM(1)
	.byte	0                               @ EOM(2)
	.byte	0                               @ EOM(3)
	.section	.debug_info,"",%progbits
.Lcu_begin0:
	.long	.Ldebug_info_end0-.Ldebug_info_start0 @ Length of Unit
.Ldebug_info_start0:
	.short	4                               @ DWARF version number
	.long	.debug_abbrev                   @ Offset Into Abbrev. Section
	.byte	4                               @ Address Size (in bytes)
	.byte	1                               @ Abbrev [1] 0xb:0x15af DW_TAG_compile_unit
	.long	.Linfo_string0                  @ DW_AT_producer
	.short	12                              @ DW_AT_language
	.long	.Linfo_string1                  @ DW_AT_name
	.long	.Lline_table_start0             @ DW_AT_stmt_list
	.long	.Linfo_string2                  @ DW_AT_comp_dir
	.long	0                               @ DW_AT_low_pc
	.long	.Ldebug_ranges0                 @ DW_AT_ranges
	.byte	2                               @ Abbrev [2] 0x26:0x21 DW_TAG_enumeration_type
	.long	71                              @ DW_AT_type
	.byte	1                               @ DW_AT_byte_size
	.byte	1                               @ DW_AT_decl_file
	.byte	39                              @ DW_AT_decl_line
	.byte	3                               @ Abbrev [3] 0x2e:0x6 DW_TAG_enumerator
	.long	.Linfo_string4                  @ DW_AT_name
	.byte	0                               @ DW_AT_const_value
	.byte	3                               @ Abbrev [3] 0x34:0x6 DW_TAG_enumerator
	.long	.Linfo_string5                  @ DW_AT_name
	.byte	1                               @ DW_AT_const_value
	.byte	3                               @ Abbrev [3] 0x3a:0x6 DW_TAG_enumerator
	.long	.Linfo_string6                  @ DW_AT_name
	.byte	2                               @ DW_AT_const_value
	.byte	3                               @ Abbrev [3] 0x40:0x6 DW_TAG_enumerator
	.long	.Linfo_string7                  @ DW_AT_name
	.byte	3                               @ DW_AT_const_value
	.byte	0                               @ End Of Children Mark
	.byte	4                               @ Abbrev [4] 0x47:0x7 DW_TAG_base_type
	.long	.Linfo_string3                  @ DW_AT_name
	.byte	8                               @ DW_AT_encoding
	.byte	1                               @ DW_AT_byte_size
	.byte	5                               @ Abbrev [5] 0x4e:0x34 DW_TAG_enumeration_type
	.long	71                              @ DW_AT_type
	.byte	1                               @ DW_AT_byte_size
	.byte	2                               @ DW_AT_decl_file
	.short	340                             @ DW_AT_decl_line
	.byte	3                               @ Abbrev [3] 0x57:0x6 DW_TAG_enumerator
	.long	.Linfo_string8                  @ DW_AT_name
	.byte	1                               @ DW_AT_const_value
	.byte	3                               @ Abbrev [3] 0x5d:0x6 DW_TAG_enumerator
	.long	.Linfo_string9                  @ DW_AT_name
	.byte	2                               @ DW_AT_const_value
	.byte	3                               @ Abbrev [3] 0x63:0x6 DW_TAG_enumerator
	.long	.Linfo_string10                 @ DW_AT_name
	.byte	4                               @ DW_AT_const_value
	.byte	3                               @ Abbrev [3] 0x69:0x6 DW_TAG_enumerator
	.long	.Linfo_string11                 @ DW_AT_name
	.byte	8                               @ DW_AT_const_value
	.byte	3                               @ Abbrev [3] 0x6f:0x6 DW_TAG_enumerator
	.long	.Linfo_string12                 @ DW_AT_name
	.byte	16                              @ DW_AT_const_value
	.byte	3                               @ Abbrev [3] 0x75:0x6 DW_TAG_enumerator
	.long	.Linfo_string13                 @ DW_AT_name
	.byte	32                              @ DW_AT_const_value
	.byte	3                               @ Abbrev [3] 0x7b:0x6 DW_TAG_enumerator
	.long	.Linfo_string14                 @ DW_AT_name
	.byte	0                               @ DW_AT_const_value
	.byte	0                               @ End Of Children Mark
	.byte	2                               @ Abbrev [2] 0x82:0x15 DW_TAG_enumeration_type
	.long	71                              @ DW_AT_type
	.byte	1                               @ DW_AT_byte_size
	.byte	1                               @ DW_AT_decl_file
	.byte	50                              @ DW_AT_decl_line
	.byte	3                               @ Abbrev [3] 0x8a:0x6 DW_TAG_enumerator
	.long	.Linfo_string15                 @ DW_AT_name
	.byte	0                               @ DW_AT_const_value
	.byte	3                               @ Abbrev [3] 0x90:0x6 DW_TAG_enumerator
	.long	.Linfo_string16                 @ DW_AT_name
	.byte	1                               @ DW_AT_const_value
	.byte	0                               @ End Of Children Mark
	.byte	2                               @ Abbrev [2] 0x97:0x27 DW_TAG_enumeration_type
	.long	71                              @ DW_AT_type
	.byte	1                               @ DW_AT_byte_size
	.byte	3                               @ DW_AT_decl_file
	.byte	101                             @ DW_AT_decl_line
	.byte	3                               @ Abbrev [3] 0x9f:0x6 DW_TAG_enumerator
	.long	.Linfo_string17                 @ DW_AT_name
	.byte	0                               @ DW_AT_const_value
	.byte	3                               @ Abbrev [3] 0xa5:0x6 DW_TAG_enumerator
	.long	.Linfo_string18                 @ DW_AT_name
	.byte	1                               @ DW_AT_const_value
	.byte	3                               @ Abbrev [3] 0xab:0x6 DW_TAG_enumerator
	.long	.Linfo_string19                 @ DW_AT_name
	.byte	2                               @ DW_AT_const_value
	.byte	3                               @ Abbrev [3] 0xb1:0x6 DW_TAG_enumerator
	.long	.Linfo_string20                 @ DW_AT_name
	.byte	3                               @ DW_AT_const_value
	.byte	3                               @ Abbrev [3] 0xb7:0x6 DW_TAG_enumerator
	.long	.Linfo_string21                 @ DW_AT_name
	.byte	4                               @ DW_AT_const_value
	.byte	0                               @ End Of Children Mark
	.byte	5                               @ Abbrev [5] 0xbe:0x28 DW_TAG_enumeration_type
	.long	71                              @ DW_AT_type
	.byte	1                               @ DW_AT_byte_size
	.byte	2                               @ DW_AT_decl_file
	.short	308                             @ DW_AT_decl_line
	.byte	3                               @ Abbrev [3] 0xc7:0x6 DW_TAG_enumerator
	.long	.Linfo_string22                 @ DW_AT_name
	.byte	0                               @ DW_AT_const_value
	.byte	3                               @ Abbrev [3] 0xcd:0x6 DW_TAG_enumerator
	.long	.Linfo_string23                 @ DW_AT_name
	.byte	1                               @ DW_AT_const_value
	.byte	3                               @ Abbrev [3] 0xd3:0x6 DW_TAG_enumerator
	.long	.Linfo_string24                 @ DW_AT_name
	.byte	2                               @ DW_AT_const_value
	.byte	3                               @ Abbrev [3] 0xd9:0x6 DW_TAG_enumerator
	.long	.Linfo_string25                 @ DW_AT_name
	.byte	3                               @ DW_AT_const_value
	.byte	3                               @ Abbrev [3] 0xdf:0x6 DW_TAG_enumerator
	.long	.Linfo_string26                 @ DW_AT_name
	.byte	4                               @ DW_AT_const_value
	.byte	0                               @ End Of Children Mark
	.byte	5                               @ Abbrev [5] 0xe6:0x1c DW_TAG_enumeration_type
	.long	71                              @ DW_AT_type
	.byte	1                               @ DW_AT_byte_size
	.byte	2                               @ DW_AT_decl_file
	.short	320                             @ DW_AT_decl_line
	.byte	3                               @ Abbrev [3] 0xef:0x6 DW_TAG_enumerator
	.long	.Linfo_string27                 @ DW_AT_name
	.byte	0                               @ DW_AT_const_value
	.byte	3                               @ Abbrev [3] 0xf5:0x6 DW_TAG_enumerator
	.long	.Linfo_string28                 @ DW_AT_name
	.byte	1                               @ DW_AT_const_value
	.byte	3                               @ Abbrev [3] 0xfb:0x6 DW_TAG_enumerator
	.long	.Linfo_string29                 @ DW_AT_name
	.byte	2                               @ DW_AT_const_value
	.byte	0                               @ End Of Children Mark
	.byte	5                               @ Abbrev [5] 0x102:0x1c DW_TAG_enumeration_type
	.long	71                              @ DW_AT_type
	.byte	1                               @ DW_AT_byte_size
	.byte	2                               @ DW_AT_decl_file
	.short	330                             @ DW_AT_decl_line
	.byte	3                               @ Abbrev [3] 0x10b:0x6 DW_TAG_enumerator
	.long	.Linfo_string30                 @ DW_AT_name
	.byte	0                               @ DW_AT_const_value
	.byte	3                               @ Abbrev [3] 0x111:0x6 DW_TAG_enumerator
	.long	.Linfo_string31                 @ DW_AT_name
	.byte	1                               @ DW_AT_const_value
	.byte	3                               @ Abbrev [3] 0x117:0x6 DW_TAG_enumerator
	.long	.Linfo_string32                 @ DW_AT_name
	.byte	2                               @ DW_AT_const_value
	.byte	0                               @ End Of Children Mark
	.byte	2                               @ Abbrev [2] 0x11e:0x15 DW_TAG_enumeration_type
	.long	71                              @ DW_AT_type
	.byte	1                               @ DW_AT_byte_size
	.byte	4                               @ DW_AT_decl_file
	.byte	180                             @ DW_AT_decl_line
	.byte	3                               @ Abbrev [3] 0x126:0x6 DW_TAG_enumerator
	.long	.Linfo_string33                 @ DW_AT_name
	.byte	0                               @ DW_AT_const_value
	.byte	3                               @ Abbrev [3] 0x12c:0x6 DW_TAG_enumerator
	.long	.Linfo_string34                 @ DW_AT_name
	.byte	1                               @ DW_AT_const_value
	.byte	0                               @ End Of Children Mark
	.byte	6                               @ Abbrev [6] 0x133:0xb DW_TAG_typedef
	.long	318                             @ DW_AT_type
	.long	.Linfo_string36                 @ DW_AT_name
	.byte	5                               @ DW_AT_decl_file
	.byte	64                              @ DW_AT_decl_line
	.byte	4                               @ Abbrev [4] 0x13e:0x7 DW_TAG_base_type
	.long	.Linfo_string35                 @ DW_AT_name
	.byte	7                               @ DW_AT_encoding
	.byte	4                               @ DW_AT_byte_size
	.byte	7                               @ Abbrev [7] 0x145:0x5 DW_TAG_pointer_type
	.long	330                             @ DW_AT_type
	.byte	8                               @ Abbrev [8] 0x14a:0xc DW_TAG_typedef
	.long	342                             @ DW_AT_type
	.long	.Linfo_string64                 @ DW_AT_name
	.byte	6                               @ DW_AT_decl_file
	.short	1553                            @ DW_AT_decl_line
	.byte	9                               @ Abbrev [9] 0x156:0x165 DW_TAG_structure_type
	.byte	108                             @ DW_AT_byte_size
	.byte	6                               @ DW_AT_decl_file
	.short	1524                            @ DW_AT_decl_line
	.byte	10                              @ Abbrev [10] 0x15b:0xd DW_TAG_member
	.long	.Linfo_string37                 @ DW_AT_name
	.long	699                             @ DW_AT_type
	.byte	6                               @ DW_AT_decl_file
	.short	1526                            @ DW_AT_decl_line
	.byte	0                               @ DW_AT_data_member_location
	.byte	10                              @ Abbrev [10] 0x168:0xd DW_TAG_member
	.long	.Linfo_string38                 @ DW_AT_name
	.long	699                             @ DW_AT_type
	.byte	6                               @ DW_AT_decl_file
	.short	1527                            @ DW_AT_decl_line
	.byte	4                               @ DW_AT_data_member_location
	.byte	10                              @ Abbrev [10] 0x175:0xd DW_TAG_member
	.long	.Linfo_string39                 @ DW_AT_name
	.long	699                             @ DW_AT_type
	.byte	6                               @ DW_AT_decl_file
	.short	1528                            @ DW_AT_decl_line
	.byte	8                               @ DW_AT_data_member_location
	.byte	10                              @ Abbrev [10] 0x182:0xd DW_TAG_member
	.long	.Linfo_string40                 @ DW_AT_name
	.long	699                             @ DW_AT_type
	.byte	6                               @ DW_AT_decl_file
	.short	1529                            @ DW_AT_decl_line
	.byte	12                              @ DW_AT_data_member_location
	.byte	10                              @ Abbrev [10] 0x18f:0xd DW_TAG_member
	.long	.Linfo_string41                 @ DW_AT_name
	.long	699                             @ DW_AT_type
	.byte	6                               @ DW_AT_decl_file
	.short	1530                            @ DW_AT_decl_line
	.byte	16                              @ DW_AT_data_member_location
	.byte	10                              @ Abbrev [10] 0x19c:0xd DW_TAG_member
	.long	.Linfo_string42                 @ DW_AT_name
	.long	699                             @ DW_AT_type
	.byte	6                               @ DW_AT_decl_file
	.short	1531                            @ DW_AT_decl_line
	.byte	20                              @ DW_AT_data_member_location
	.byte	10                              @ Abbrev [10] 0x1a9:0xd DW_TAG_member
	.long	.Linfo_string43                 @ DW_AT_name
	.long	699                             @ DW_AT_type
	.byte	6                               @ DW_AT_decl_file
	.short	1532                            @ DW_AT_decl_line
	.byte	24                              @ DW_AT_data_member_location
	.byte	10                              @ Abbrev [10] 0x1b6:0xd DW_TAG_member
	.long	.Linfo_string44                 @ DW_AT_name
	.long	699                             @ DW_AT_type
	.byte	6                               @ DW_AT_decl_file
	.short	1533                            @ DW_AT_decl_line
	.byte	28                              @ DW_AT_data_member_location
	.byte	10                              @ Abbrev [10] 0x1c3:0xd DW_TAG_member
	.long	.Linfo_string45                 @ DW_AT_name
	.long	699                             @ DW_AT_type
	.byte	6                               @ DW_AT_decl_file
	.short	1534                            @ DW_AT_decl_line
	.byte	32                              @ DW_AT_data_member_location
	.byte	10                              @ Abbrev [10] 0x1d0:0xd DW_TAG_member
	.long	.Linfo_string46                 @ DW_AT_name
	.long	699                             @ DW_AT_type
	.byte	6                               @ DW_AT_decl_file
	.short	1535                            @ DW_AT_decl_line
	.byte	36                              @ DW_AT_data_member_location
	.byte	10                              @ Abbrev [10] 0x1dd:0xd DW_TAG_member
	.long	.Linfo_string47                 @ DW_AT_name
	.long	699                             @ DW_AT_type
	.byte	6                               @ DW_AT_decl_file
	.short	1536                            @ DW_AT_decl_line
	.byte	40                              @ DW_AT_data_member_location
	.byte	10                              @ Abbrev [10] 0x1ea:0xd DW_TAG_member
	.long	.Linfo_string48                 @ DW_AT_name
	.long	699                             @ DW_AT_type
	.byte	6                               @ DW_AT_decl_file
	.short	1537                            @ DW_AT_decl_line
	.byte	44                              @ DW_AT_data_member_location
	.byte	10                              @ Abbrev [10] 0x1f7:0xd DW_TAG_member
	.long	.Linfo_string49                 @ DW_AT_name
	.long	699                             @ DW_AT_type
	.byte	6                               @ DW_AT_decl_file
	.short	1538                            @ DW_AT_decl_line
	.byte	48                              @ DW_AT_data_member_location
	.byte	10                              @ Abbrev [10] 0x204:0xd DW_TAG_member
	.long	.Linfo_string50                 @ DW_AT_name
	.long	699                             @ DW_AT_type
	.byte	6                               @ DW_AT_decl_file
	.short	1539                            @ DW_AT_decl_line
	.byte	52                              @ DW_AT_data_member_location
	.byte	10                              @ Abbrev [10] 0x211:0xd DW_TAG_member
	.long	.Linfo_string51                 @ DW_AT_name
	.long	699                             @ DW_AT_type
	.byte	6                               @ DW_AT_decl_file
	.short	1540                            @ DW_AT_decl_line
	.byte	56                              @ DW_AT_data_member_location
	.byte	10                              @ Abbrev [10] 0x21e:0xd DW_TAG_member
	.long	.Linfo_string52                 @ DW_AT_name
	.long	699                             @ DW_AT_type
	.byte	6                               @ DW_AT_decl_file
	.short	1541                            @ DW_AT_decl_line
	.byte	60                              @ DW_AT_data_member_location
	.byte	10                              @ Abbrev [10] 0x22b:0xd DW_TAG_member
	.long	.Linfo_string53                 @ DW_AT_name
	.long	699                             @ DW_AT_type
	.byte	6                               @ DW_AT_decl_file
	.short	1542                            @ DW_AT_decl_line
	.byte	64                              @ DW_AT_data_member_location
	.byte	10                              @ Abbrev [10] 0x238:0xd DW_TAG_member
	.long	.Linfo_string54                 @ DW_AT_name
	.long	699                             @ DW_AT_type
	.byte	6                               @ DW_AT_decl_file
	.short	1543                            @ DW_AT_decl_line
	.byte	68                              @ DW_AT_data_member_location
	.byte	10                              @ Abbrev [10] 0x245:0xd DW_TAG_member
	.long	.Linfo_string55                 @ DW_AT_name
	.long	699                             @ DW_AT_type
	.byte	6                               @ DW_AT_decl_file
	.short	1544                            @ DW_AT_decl_line
	.byte	72                              @ DW_AT_data_member_location
	.byte	10                              @ Abbrev [10] 0x252:0xd DW_TAG_member
	.long	.Linfo_string56                 @ DW_AT_name
	.long	699                             @ DW_AT_type
	.byte	6                               @ DW_AT_decl_file
	.short	1545                            @ DW_AT_decl_line
	.byte	76                              @ DW_AT_data_member_location
	.byte	10                              @ Abbrev [10] 0x25f:0xd DW_TAG_member
	.long	.Linfo_string57                 @ DW_AT_name
	.long	307                             @ DW_AT_type
	.byte	6                               @ DW_AT_decl_file
	.short	1546                            @ DW_AT_decl_line
	.byte	80                              @ DW_AT_data_member_location
	.byte	10                              @ Abbrev [10] 0x26c:0xd DW_TAG_member
	.long	.Linfo_string58                 @ DW_AT_name
	.long	699                             @ DW_AT_type
	.byte	6                               @ DW_AT_decl_file
	.short	1547                            @ DW_AT_decl_line
	.byte	84                              @ DW_AT_data_member_location
	.byte	10                              @ Abbrev [10] 0x279:0xd DW_TAG_member
	.long	.Linfo_string59                 @ DW_AT_name
	.long	699                             @ DW_AT_type
	.byte	6                               @ DW_AT_decl_file
	.short	1548                            @ DW_AT_decl_line
	.byte	88                              @ DW_AT_data_member_location
	.byte	10                              @ Abbrev [10] 0x286:0xd DW_TAG_member
	.long	.Linfo_string60                 @ DW_AT_name
	.long	699                             @ DW_AT_type
	.byte	6                               @ DW_AT_decl_file
	.short	1549                            @ DW_AT_decl_line
	.byte	92                              @ DW_AT_data_member_location
	.byte	10                              @ Abbrev [10] 0x293:0xd DW_TAG_member
	.long	.Linfo_string61                 @ DW_AT_name
	.long	699                             @ DW_AT_type
	.byte	6                               @ DW_AT_decl_file
	.short	1550                            @ DW_AT_decl_line
	.byte	96                              @ DW_AT_data_member_location
	.byte	10                              @ Abbrev [10] 0x2a0:0xd DW_TAG_member
	.long	.Linfo_string62                 @ DW_AT_name
	.long	699                             @ DW_AT_type
	.byte	6                               @ DW_AT_decl_file
	.short	1551                            @ DW_AT_decl_line
	.byte	100                             @ DW_AT_data_member_location
	.byte	10                              @ Abbrev [10] 0x2ad:0xd DW_TAG_member
	.long	.Linfo_string63                 @ DW_AT_name
	.long	699                             @ DW_AT_type
	.byte	6                               @ DW_AT_decl_file
	.short	1552                            @ DW_AT_decl_line
	.byte	104                             @ DW_AT_data_member_location
	.byte	0                               @ End Of Children Mark
	.byte	11                              @ Abbrev [11] 0x2bb:0x5 DW_TAG_volatile_type
	.long	307                             @ DW_AT_type
	.byte	6                               @ Abbrev [6] 0x2c0:0xb DW_TAG_typedef
	.long	715                             @ DW_AT_type
	.long	.Linfo_string66                 @ DW_AT_name
	.byte	5                               @ DW_AT_decl_file
	.byte	63                              @ DW_AT_decl_line
	.byte	4                               @ Abbrev [4] 0x2cb:0x7 DW_TAG_base_type
	.long	.Linfo_string65                 @ DW_AT_name
	.byte	7                               @ DW_AT_encoding
	.byte	2                               @ DW_AT_byte_size
	.byte	7                               @ Abbrev [7] 0x2d2:0x5 DW_TAG_pointer_type
	.long	727                             @ DW_AT_type
	.byte	8                               @ Abbrev [8] 0x2d7:0xc DW_TAG_typedef
	.long	739                             @ DW_AT_type
	.long	.Linfo_string131                @ DW_AT_name
	.byte	2                               @ DW_AT_decl_file
	.short	401                             @ DW_AT_decl_line
	.byte	9                               @ Abbrev [9] 0x2e3:0x7b DW_TAG_structure_type
	.byte	76                              @ DW_AT_byte_size
	.byte	2                               @ DW_AT_decl_file
	.short	357                             @ DW_AT_decl_line
	.byte	10                              @ Abbrev [10] 0x2e8:0xd DW_TAG_member
	.long	.Linfo_string67                 @ DW_AT_name
	.long	325                             @ DW_AT_type
	.byte	2                               @ DW_AT_decl_file
	.short	360                             @ DW_AT_decl_line
	.byte	0                               @ DW_AT_data_member_location
	.byte	10                              @ Abbrev [10] 0x2f5:0xd DW_TAG_member
	.long	.Linfo_string68                 @ DW_AT_name
	.long	862                             @ DW_AT_type
	.byte	2                               @ DW_AT_decl_file
	.short	361                             @ DW_AT_decl_line
	.byte	4                               @ DW_AT_data_member_location
	.byte	10                              @ Abbrev [10] 0x302:0xd DW_TAG_member
	.long	.Linfo_string76                 @ DW_AT_name
	.long	950                             @ DW_AT_type
	.byte	2                               @ DW_AT_decl_file
	.short	362                             @ DW_AT_decl_line
	.byte	28                              @ DW_AT_data_member_location
	.byte	10                              @ Abbrev [10] 0x30f:0xd DW_TAG_member
	.long	.Linfo_string78                 @ DW_AT_name
	.long	962                             @ DW_AT_type
	.byte	2                               @ DW_AT_decl_file
	.short	363                             @ DW_AT_decl_line
	.byte	32                              @ DW_AT_data_member_location
	.byte	10                              @ Abbrev [10] 0x31c:0xd DW_TAG_member
	.long	.Linfo_string92                 @ DW_AT_name
	.long	1400                            @ DW_AT_type
	.byte	2                               @ DW_AT_decl_file
	.short	365                             @ DW_AT_decl_line
	.byte	60                              @ DW_AT_data_member_location
	.byte	10                              @ Abbrev [10] 0x329:0xd DW_TAG_member
	.long	.Linfo_string94                 @ DW_AT_name
	.long	1621                            @ DW_AT_type
	.byte	2                               @ DW_AT_decl_file
	.short	366                             @ DW_AT_decl_line
	.byte	61                              @ DW_AT_data_member_location
	.byte	10                              @ Abbrev [10] 0x336:0xd DW_TAG_member
	.long	.Linfo_string126                @ DW_AT_name
	.long	1638                            @ DW_AT_type
	.byte	2                               @ DW_AT_decl_file
	.short	367                             @ DW_AT_decl_line
	.byte	62                              @ DW_AT_data_member_location
	.byte	10                              @ Abbrev [10] 0x343:0xd DW_TAG_member
	.long	.Linfo_string128                @ DW_AT_name
	.long	1667                            @ DW_AT_type
	.byte	2                               @ DW_AT_decl_file
	.short	368                             @ DW_AT_decl_line
	.byte	68                              @ DW_AT_data_member_location
	.byte	10                              @ Abbrev [10] 0x350:0xd DW_TAG_member
	.long	.Linfo_string129                @ DW_AT_name
	.long	1679                            @ DW_AT_type
	.byte	2                               @ DW_AT_decl_file
	.short	369                             @ DW_AT_decl_line
	.byte	72                              @ DW_AT_data_member_location
	.byte	0                               @ End Of Children Mark
	.byte	6                               @ Abbrev [6] 0x35e:0xb DW_TAG_typedef
	.long	873                             @ DW_AT_type
	.long	.Linfo_string75                 @ DW_AT_name
	.byte	2                               @ DW_AT_decl_file
	.byte	74                              @ DW_AT_decl_line
	.byte	12                              @ Abbrev [12] 0x369:0x4d DW_TAG_structure_type
	.byte	24                              @ DW_AT_byte_size
	.byte	2                               @ DW_AT_decl_file
	.byte	46                              @ DW_AT_decl_line
	.byte	13                              @ Abbrev [13] 0x36d:0xc DW_TAG_member
	.long	.Linfo_string69                 @ DW_AT_name
	.long	307                             @ DW_AT_type
	.byte	2                               @ DW_AT_decl_file
	.byte	48                              @ DW_AT_decl_line
	.byte	0                               @ DW_AT_data_member_location
	.byte	13                              @ Abbrev [13] 0x379:0xc DW_TAG_member
	.long	.Linfo_string70                 @ DW_AT_name
	.long	307                             @ DW_AT_type
	.byte	2                               @ DW_AT_decl_file
	.byte	51                              @ DW_AT_decl_line
	.byte	4                               @ DW_AT_data_member_location
	.byte	13                              @ Abbrev [13] 0x385:0xc DW_TAG_member
	.long	.Linfo_string71                 @ DW_AT_name
	.long	307                             @ DW_AT_type
	.byte	2                               @ DW_AT_decl_file
	.byte	54                              @ DW_AT_decl_line
	.byte	8                               @ DW_AT_data_member_location
	.byte	13                              @ Abbrev [13] 0x391:0xc DW_TAG_member
	.long	.Linfo_string72                 @ DW_AT_name
	.long	307                             @ DW_AT_type
	.byte	2                               @ DW_AT_decl_file
	.byte	58                              @ DW_AT_decl_line
	.byte	12                              @ DW_AT_data_member_location
	.byte	13                              @ Abbrev [13] 0x39d:0xc DW_TAG_member
	.long	.Linfo_string73                 @ DW_AT_name
	.long	307                             @ DW_AT_type
	.byte	2                               @ DW_AT_decl_file
	.byte	61                              @ DW_AT_decl_line
	.byte	16                              @ DW_AT_data_member_location
	.byte	13                              @ Abbrev [13] 0x3a9:0xc DW_TAG_member
	.long	.Linfo_string74                 @ DW_AT_name
	.long	307                             @ DW_AT_type
	.byte	2                               @ DW_AT_decl_file
	.byte	72                              @ DW_AT_decl_line
	.byte	20                              @ DW_AT_data_member_location
	.byte	0                               @ End Of Children Mark
	.byte	8                               @ Abbrev [8] 0x3b6:0xc DW_TAG_typedef
	.long	78                              @ DW_AT_type
	.long	.Linfo_string77                 @ DW_AT_name
	.byte	2                               @ DW_AT_decl_file
	.short	349                             @ DW_AT_decl_line
	.byte	14                              @ Abbrev [14] 0x3c2:0xc DW_TAG_array_type
	.long	974                             @ DW_AT_type
	.byte	15                              @ Abbrev [15] 0x3c7:0x6 DW_TAG_subrange_type
	.long	1614                            @ DW_AT_type
	.byte	7                               @ DW_AT_count
	.byte	0                               @ End Of Children Mark
	.byte	7                               @ Abbrev [7] 0x3ce:0x5 DW_TAG_pointer_type
	.long	979                             @ DW_AT_type
	.byte	6                               @ Abbrev [6] 0x3d3:0xb DW_TAG_typedef
	.long	990                             @ DW_AT_type
	.long	.Linfo_string123                @ DW_AT_name
	.byte	3                               @ DW_AT_decl_file
	.byte	179                             @ DW_AT_decl_line
	.byte	16                              @ Abbrev [16] 0x3de:0xf9 DW_TAG_structure_type
	.long	.Linfo_string122                @ DW_AT_name
	.byte	120                             @ DW_AT_byte_size
	.byte	3                               @ DW_AT_decl_file
	.byte	136                             @ DW_AT_decl_line
	.byte	13                              @ Abbrev [13] 0x3e6:0xc DW_TAG_member
	.long	.Linfo_string67                 @ DW_AT_name
	.long	1239                            @ DW_AT_type
	.byte	3                               @ DW_AT_decl_file
	.byte	138                             @ DW_AT_decl_line
	.byte	0                               @ DW_AT_data_member_location
	.byte	13                              @ Abbrev [13] 0x3f2:0xc DW_TAG_member
	.long	.Linfo_string68                 @ DW_AT_name
	.long	1240                            @ DW_AT_type
	.byte	3                               @ DW_AT_decl_file
	.byte	140                             @ DW_AT_decl_line
	.byte	4                               @ DW_AT_data_member_location
	.byte	13                              @ Abbrev [13] 0x3fe:0xc DW_TAG_member
	.long	.Linfo_string92                 @ DW_AT_name
	.long	1400                            @ DW_AT_type
	.byte	3                               @ DW_AT_decl_file
	.byte	142                             @ DW_AT_decl_line
	.byte	52                              @ DW_AT_data_member_location
	.byte	13                              @ Abbrev [13] 0x40a:0xc DW_TAG_member
	.long	.Linfo_string94                 @ DW_AT_name
	.long	1411                            @ DW_AT_type
	.byte	3                               @ DW_AT_decl_file
	.byte	144                             @ DW_AT_decl_line
	.byte	53                              @ DW_AT_data_member_location
	.byte	13                              @ Abbrev [13] 0x416:0xc DW_TAG_member
	.long	.Linfo_string96                 @ DW_AT_name
	.long	1239                            @ DW_AT_type
	.byte	3                               @ DW_AT_decl_file
	.byte	146                             @ DW_AT_decl_line
	.byte	56                              @ DW_AT_data_member_location
	.byte	13                              @ Abbrev [13] 0x422:0xc DW_TAG_member
	.long	.Linfo_string97                 @ DW_AT_name
	.long	1427                            @ DW_AT_type
	.byte	3                               @ DW_AT_decl_file
	.byte	148                             @ DW_AT_decl_line
	.byte	60                              @ DW_AT_data_member_location
	.byte	13                              @ Abbrev [13] 0x42e:0xc DW_TAG_member
	.long	.Linfo_string98                 @ DW_AT_name
	.long	1427                            @ DW_AT_type
	.byte	3                               @ DW_AT_decl_file
	.byte	150                             @ DW_AT_decl_line
	.byte	64                              @ DW_AT_data_member_location
	.byte	13                              @ Abbrev [13] 0x43a:0xc DW_TAG_member
	.long	.Linfo_string99                 @ DW_AT_name
	.long	1427                            @ DW_AT_type
	.byte	3                               @ DW_AT_decl_file
	.byte	152                             @ DW_AT_decl_line
	.byte	68                              @ DW_AT_data_member_location
	.byte	13                              @ Abbrev [13] 0x446:0xc DW_TAG_member
	.long	.Linfo_string100                @ DW_AT_name
	.long	1427                            @ DW_AT_type
	.byte	3                               @ DW_AT_decl_file
	.byte	154                             @ DW_AT_decl_line
	.byte	72                              @ DW_AT_data_member_location
	.byte	13                              @ Abbrev [13] 0x452:0xc DW_TAG_member
	.long	.Linfo_string101                @ DW_AT_name
	.long	1427                            @ DW_AT_type
	.byte	3                               @ DW_AT_decl_file
	.byte	156                             @ DW_AT_decl_line
	.byte	76                              @ DW_AT_data_member_location
	.byte	13                              @ Abbrev [13] 0x45e:0xc DW_TAG_member
	.long	.Linfo_string102                @ DW_AT_name
	.long	1427                            @ DW_AT_type
	.byte	3                               @ DW_AT_decl_file
	.byte	158                             @ DW_AT_decl_line
	.byte	80                              @ DW_AT_data_member_location
	.byte	13                              @ Abbrev [13] 0x46a:0xc DW_TAG_member
	.long	.Linfo_string103                @ DW_AT_name
	.long	699                             @ DW_AT_type
	.byte	3                               @ DW_AT_decl_file
	.byte	160                             @ DW_AT_decl_line
	.byte	84                              @ DW_AT_data_member_location
	.byte	13                              @ Abbrev [13] 0x476:0xc DW_TAG_member
	.long	.Linfo_string104                @ DW_AT_name
	.long	307                             @ DW_AT_type
	.byte	3                               @ DW_AT_decl_file
	.byte	162                             @ DW_AT_decl_line
	.byte	88                              @ DW_AT_data_member_location
	.byte	13                              @ Abbrev [13] 0x482:0xc DW_TAG_member
	.long	.Linfo_string105                @ DW_AT_name
	.long	307                             @ DW_AT_type
	.byte	3                               @ DW_AT_decl_file
	.byte	164                             @ DW_AT_decl_line
	.byte	92                              @ DW_AT_data_member_location
	.byte	13                              @ Abbrev [13] 0x48e:0xc DW_TAG_member
	.long	.Linfo_string106                @ DW_AT_name
	.long	1444                            @ DW_AT_type
	.byte	3                               @ DW_AT_decl_file
	.byte	166                             @ DW_AT_decl_line
	.byte	96                              @ DW_AT_data_member_location
	.byte	13                              @ Abbrev [13] 0x49a:0xc DW_TAG_member
	.long	.Linfo_string109                @ DW_AT_name
	.long	1480                            @ DW_AT_type
	.byte	3                               @ DW_AT_decl_file
	.byte	168                             @ DW_AT_decl_line
	.byte	100                             @ DW_AT_data_member_location
	.byte	13                              @ Abbrev [13] 0x4a6:0xc DW_TAG_member
	.long	.Linfo_string113                @ DW_AT_name
	.long	307                             @ DW_AT_type
	.byte	3                               @ DW_AT_decl_file
	.byte	170                             @ DW_AT_decl_line
	.byte	104                             @ DW_AT_data_member_location
	.byte	13                              @ Abbrev [13] 0x4b2:0xc DW_TAG_member
	.long	.Linfo_string114                @ DW_AT_name
	.long	1529                            @ DW_AT_type
	.byte	3                               @ DW_AT_decl_file
	.byte	173                             @ DW_AT_decl_line
	.byte	108                             @ DW_AT_data_member_location
	.byte	13                              @ Abbrev [13] 0x4be:0xc DW_TAG_member
	.long	.Linfo_string117                @ DW_AT_name
	.long	1565                            @ DW_AT_type
	.byte	3                               @ DW_AT_decl_file
	.byte	175                             @ DW_AT_decl_line
	.byte	112                             @ DW_AT_data_member_location
	.byte	13                              @ Abbrev [13] 0x4ca:0xc DW_TAG_member
	.long	.Linfo_string121                @ DW_AT_name
	.long	307                             @ DW_AT_type
	.byte	3                               @ DW_AT_decl_file
	.byte	177                             @ DW_AT_decl_line
	.byte	116                             @ DW_AT_data_member_location
	.byte	0                               @ End Of Children Mark
	.byte	17                              @ Abbrev [17] 0x4d7:0x1 DW_TAG_pointer_type
	.byte	6                               @ Abbrev [6] 0x4d8:0xb DW_TAG_typedef
	.long	1251                            @ DW_AT_type
	.long	.Linfo_string91                 @ DW_AT_name
	.byte	3                               @ DW_AT_decl_file
	.byte	96                              @ DW_AT_decl_line
	.byte	12                              @ Abbrev [12] 0x4e3:0x95 DW_TAG_structure_type
	.byte	48                              @ DW_AT_byte_size
	.byte	3                               @ DW_AT_decl_file
	.byte	48                              @ DW_AT_decl_line
	.byte	13                              @ Abbrev [13] 0x4e7:0xc DW_TAG_member
	.long	.Linfo_string79                 @ DW_AT_name
	.long	307                             @ DW_AT_type
	.byte	3                               @ DW_AT_decl_file
	.byte	50                              @ DW_AT_decl_line
	.byte	0                               @ DW_AT_data_member_location
	.byte	13                              @ Abbrev [13] 0x4f3:0xc DW_TAG_member
	.long	.Linfo_string80                 @ DW_AT_name
	.long	307                             @ DW_AT_type
	.byte	3                               @ DW_AT_decl_file
	.byte	53                              @ DW_AT_decl_line
	.byte	4                               @ DW_AT_data_member_location
	.byte	13                              @ Abbrev [13] 0x4ff:0xc DW_TAG_member
	.long	.Linfo_string81                 @ DW_AT_name
	.long	307                             @ DW_AT_type
	.byte	3                               @ DW_AT_decl_file
	.byte	57                              @ DW_AT_decl_line
	.byte	8                               @ DW_AT_data_member_location
	.byte	13                              @ Abbrev [13] 0x50b:0xc DW_TAG_member
	.long	.Linfo_string82                 @ DW_AT_name
	.long	307                             @ DW_AT_type
	.byte	3                               @ DW_AT_decl_file
	.byte	60                              @ DW_AT_decl_line
	.byte	12                              @ DW_AT_data_member_location
	.byte	13                              @ Abbrev [13] 0x517:0xc DW_TAG_member
	.long	.Linfo_string83                 @ DW_AT_name
	.long	307                             @ DW_AT_type
	.byte	3                               @ DW_AT_decl_file
	.byte	63                              @ DW_AT_decl_line
	.byte	16                              @ DW_AT_data_member_location
	.byte	13                              @ Abbrev [13] 0x523:0xc DW_TAG_member
	.long	.Linfo_string84                 @ DW_AT_name
	.long	307                             @ DW_AT_type
	.byte	3                               @ DW_AT_decl_file
	.byte	66                              @ DW_AT_decl_line
	.byte	20                              @ DW_AT_data_member_location
	.byte	13                              @ Abbrev [13] 0x52f:0xc DW_TAG_member
	.long	.Linfo_string85                 @ DW_AT_name
	.long	307                             @ DW_AT_type
	.byte	3                               @ DW_AT_decl_file
	.byte	69                              @ DW_AT_decl_line
	.byte	24                              @ DW_AT_data_member_location
	.byte	13                              @ Abbrev [13] 0x53b:0xc DW_TAG_member
	.long	.Linfo_string86                 @ DW_AT_name
	.long	307                             @ DW_AT_type
	.byte	3                               @ DW_AT_decl_file
	.byte	74                              @ DW_AT_decl_line
	.byte	28                              @ DW_AT_data_member_location
	.byte	13                              @ Abbrev [13] 0x547:0xc DW_TAG_member
	.long	.Linfo_string87                 @ DW_AT_name
	.long	307                             @ DW_AT_type
	.byte	3                               @ DW_AT_decl_file
	.byte	77                              @ DW_AT_decl_line
	.byte	32                              @ DW_AT_data_member_location
	.byte	13                              @ Abbrev [13] 0x553:0xc DW_TAG_member
	.long	.Linfo_string88                 @ DW_AT_name
	.long	307                             @ DW_AT_type
	.byte	3                               @ DW_AT_decl_file
	.byte	82                              @ DW_AT_decl_line
	.byte	36                              @ DW_AT_data_member_location
	.byte	13                              @ Abbrev [13] 0x55f:0xc DW_TAG_member
	.long	.Linfo_string89                 @ DW_AT_name
	.long	307                             @ DW_AT_type
	.byte	3                               @ DW_AT_decl_file
	.byte	85                              @ DW_AT_decl_line
	.byte	40                              @ DW_AT_data_member_location
	.byte	13                              @ Abbrev [13] 0x56b:0xc DW_TAG_member
	.long	.Linfo_string90                 @ DW_AT_name
	.long	307                             @ DW_AT_type
	.byte	3                               @ DW_AT_decl_file
	.byte	91                              @ DW_AT_decl_line
	.byte	44                              @ DW_AT_data_member_location
	.byte	0                               @ End Of Children Mark
	.byte	6                               @ Abbrev [6] 0x578:0xb DW_TAG_typedef
	.long	130                             @ DW_AT_type
	.long	.Linfo_string93                 @ DW_AT_name
	.byte	1                               @ DW_AT_decl_file
	.byte	54                              @ DW_AT_decl_line
	.byte	11                              @ Abbrev [11] 0x583:0x5 DW_TAG_volatile_type
	.long	1416                            @ DW_AT_type
	.byte	6                               @ Abbrev [6] 0x588:0xb DW_TAG_typedef
	.long	151                             @ DW_AT_type
	.long	.Linfo_string95                 @ DW_AT_name
	.byte	3                               @ DW_AT_decl_file
	.byte	108                             @ DW_AT_decl_line
	.byte	7                               @ Abbrev [7] 0x593:0x5 DW_TAG_pointer_type
	.long	1432                            @ DW_AT_type
	.byte	18                              @ Abbrev [18] 0x598:0x7 DW_TAG_subroutine_type
                                        @ DW_AT_prototyped
	.byte	19                              @ Abbrev [19] 0x599:0x5 DW_TAG_formal_parameter
	.long	1439                            @ DW_AT_type
	.byte	0                               @ End Of Children Mark
	.byte	7                               @ Abbrev [7] 0x59f:0x5 DW_TAG_pointer_type
	.long	990                             @ DW_AT_type
	.byte	7                               @ Abbrev [7] 0x5a4:0x5 DW_TAG_pointer_type
	.long	1449                            @ DW_AT_type
	.byte	8                               @ Abbrev [8] 0x5a9:0xc DW_TAG_typedef
	.long	1461                            @ DW_AT_type
	.long	.Linfo_string108                @ DW_AT_name
	.byte	6                               @ DW_AT_decl_file
	.short	636                             @ DW_AT_decl_line
	.byte	9                               @ Abbrev [9] 0x5b5:0x13 DW_TAG_structure_type
	.byte	4                               @ DW_AT_byte_size
	.byte	6                               @ DW_AT_decl_file
	.short	633                             @ DW_AT_decl_line
	.byte	10                              @ Abbrev [10] 0x5ba:0xd DW_TAG_member
	.long	.Linfo_string107                @ DW_AT_name
	.long	699                             @ DW_AT_type
	.byte	6                               @ DW_AT_decl_file
	.short	635                             @ DW_AT_decl_line
	.byte	0                               @ DW_AT_data_member_location
	.byte	0                               @ End Of Children Mark
	.byte	7                               @ Abbrev [7] 0x5c8:0x5 DW_TAG_pointer_type
	.long	1485                            @ DW_AT_type
	.byte	8                               @ Abbrev [8] 0x5cd:0xc DW_TAG_typedef
	.long	1497                            @ DW_AT_type
	.long	.Linfo_string112                @ DW_AT_name
	.byte	6                               @ DW_AT_decl_file
	.short	642                             @ DW_AT_decl_line
	.byte	9                               @ Abbrev [9] 0x5d9:0x20 DW_TAG_structure_type
	.byte	8                               @ DW_AT_byte_size
	.byte	6                               @ DW_AT_decl_file
	.short	638                             @ DW_AT_decl_line
	.byte	10                              @ Abbrev [10] 0x5de:0xd DW_TAG_member
	.long	.Linfo_string110                @ DW_AT_name
	.long	699                             @ DW_AT_type
	.byte	6                               @ DW_AT_decl_file
	.short	640                             @ DW_AT_decl_line
	.byte	0                               @ DW_AT_data_member_location
	.byte	10                              @ Abbrev [10] 0x5eb:0xd DW_TAG_member
	.long	.Linfo_string111                @ DW_AT_name
	.long	699                             @ DW_AT_type
	.byte	6                               @ DW_AT_decl_file
	.short	641                             @ DW_AT_decl_line
	.byte	4                               @ DW_AT_data_member_location
	.byte	0                               @ End Of Children Mark
	.byte	7                               @ Abbrev [7] 0x5f9:0x5 DW_TAG_pointer_type
	.long	1534                            @ DW_AT_type
	.byte	8                               @ Abbrev [8] 0x5fe:0xc DW_TAG_typedef
	.long	1546                            @ DW_AT_type
	.long	.Linfo_string116                @ DW_AT_name
	.byte	6                               @ DW_AT_decl_file
	.short	647                             @ DW_AT_decl_line
	.byte	9                               @ Abbrev [9] 0x60a:0x13 DW_TAG_structure_type
	.byte	4                               @ DW_AT_byte_size
	.byte	6                               @ DW_AT_decl_file
	.short	644                             @ DW_AT_decl_line
	.byte	10                              @ Abbrev [10] 0x60f:0xd DW_TAG_member
	.long	.Linfo_string115                @ DW_AT_name
	.long	699                             @ DW_AT_type
	.byte	6                               @ DW_AT_decl_file
	.short	646                             @ DW_AT_decl_line
	.byte	0                               @ DW_AT_data_member_location
	.byte	0                               @ End Of Children Mark
	.byte	7                               @ Abbrev [7] 0x61d:0x5 DW_TAG_pointer_type
	.long	1570                            @ DW_AT_type
	.byte	8                               @ Abbrev [8] 0x622:0xc DW_TAG_typedef
	.long	1582                            @ DW_AT_type
	.long	.Linfo_string120                @ DW_AT_name
	.byte	6                               @ DW_AT_decl_file
	.short	653                             @ DW_AT_decl_line
	.byte	9                               @ Abbrev [9] 0x62e:0x20 DW_TAG_structure_type
	.byte	8                               @ DW_AT_byte_size
	.byte	6                               @ DW_AT_decl_file
	.short	649                             @ DW_AT_decl_line
	.byte	10                              @ Abbrev [10] 0x633:0xd DW_TAG_member
	.long	.Linfo_string118                @ DW_AT_name
	.long	699                             @ DW_AT_type
	.byte	6                               @ DW_AT_decl_file
	.short	651                             @ DW_AT_decl_line
	.byte	0                               @ DW_AT_data_member_location
	.byte	10                              @ Abbrev [10] 0x640:0xd DW_TAG_member
	.long	.Linfo_string119                @ DW_AT_name
	.long	699                             @ DW_AT_type
	.byte	6                               @ DW_AT_decl_file
	.short	652                             @ DW_AT_decl_line
	.byte	4                               @ DW_AT_data_member_location
	.byte	0                               @ End Of Children Mark
	.byte	20                              @ Abbrev [20] 0x64e:0x7 DW_TAG_base_type
	.long	.Linfo_string124                @ DW_AT_name
	.byte	8                               @ DW_AT_byte_size
	.byte	7                               @ DW_AT_encoding
	.byte	11                              @ Abbrev [11] 0x655:0x5 DW_TAG_volatile_type
	.long	1626                            @ DW_AT_type
	.byte	8                               @ Abbrev [8] 0x65a:0xc DW_TAG_typedef
	.long	190                             @ DW_AT_type
	.long	.Linfo_string125                @ DW_AT_name
	.byte	2                               @ DW_AT_decl_file
	.short	315                             @ DW_AT_decl_line
	.byte	14                              @ Abbrev [14] 0x666:0xc DW_TAG_array_type
	.long	1650                            @ DW_AT_type
	.byte	15                              @ Abbrev [15] 0x66b:0x6 DW_TAG_subrange_type
	.long	1614                            @ DW_AT_type
	.byte	6                               @ DW_AT_count
	.byte	0                               @ End Of Children Mark
	.byte	11                              @ Abbrev [11] 0x672:0x5 DW_TAG_volatile_type
	.long	1655                            @ DW_AT_type
	.byte	8                               @ Abbrev [8] 0x677:0xc DW_TAG_typedef
	.long	230                             @ DW_AT_type
	.long	.Linfo_string127                @ DW_AT_name
	.byte	2                               @ DW_AT_decl_file
	.short	325                             @ DW_AT_decl_line
	.byte	14                              @ Abbrev [14] 0x683:0xc DW_TAG_array_type
	.long	1650                            @ DW_AT_type
	.byte	15                              @ Abbrev [15] 0x688:0x6 DW_TAG_subrange_type
	.long	1614                            @ DW_AT_type
	.byte	4                               @ DW_AT_count
	.byte	0                               @ End Of Children Mark
	.byte	11                              @ Abbrev [11] 0x68f:0x5 DW_TAG_volatile_type
	.long	1684                            @ DW_AT_type
	.byte	8                               @ Abbrev [8] 0x694:0xc DW_TAG_typedef
	.long	258                             @ DW_AT_type
	.long	.Linfo_string130                @ DW_AT_name
	.byte	2                               @ DW_AT_decl_file
	.short	335                             @ DW_AT_decl_line
	.byte	21                              @ Abbrev [21] 0x6a0:0x40 DW_TAG_subprogram
	.long	.Lfunc_begin0                   @ DW_AT_low_pc
	.long	.Lfunc_end0-.Lfunc_begin0       @ DW_AT_high_pc
	.byte	1                               @ DW_AT_frame_base
	.byte	93
	.long	.Linfo_string132                @ DW_AT_name
	.byte	7                               @ DW_AT_decl_file
	.byte	152                             @ DW_AT_decl_line
                                        @ DW_AT_prototyped
	.long	5030                            @ DW_AT_type
                                        @ DW_AT_external
	.byte	22                              @ Abbrev [22] 0x6b5:0xe DW_TAG_formal_parameter
	.byte	2                               @ DW_AT_location
	.byte	145
	.byte	40
	.long	.Linfo_string181                @ DW_AT_name
	.byte	7                               @ DW_AT_decl_file
	.byte	152                             @ DW_AT_decl_line
	.long	722                             @ DW_AT_type
	.byte	22                              @ Abbrev [22] 0x6c3:0xe DW_TAG_formal_parameter
	.byte	2                               @ DW_AT_location
	.byte	145
	.byte	36
	.long	.Linfo_string182                @ DW_AT_name
	.byte	7                               @ DW_AT_decl_file
	.byte	152                             @ DW_AT_decl_line
	.long	5041                            @ DW_AT_type
	.byte	23                              @ Abbrev [23] 0x6d1:0xe DW_TAG_variable
	.byte	2                               @ DW_AT_location
	.byte	145
	.byte	8
	.long	.Linfo_string188                @ DW_AT_name
	.byte	7                               @ DW_AT_decl_file
	.byte	154                             @ DW_AT_decl_line
	.long	5115                            @ DW_AT_type
	.byte	0                               @ End Of Children Mark
	.byte	24                              @ Abbrev [24] 0x6e0:0x22 DW_TAG_subprogram
	.long	.Lfunc_begin1                   @ DW_AT_low_pc
	.long	.Lfunc_end1-.Lfunc_begin1       @ DW_AT_high_pc
	.byte	1                               @ DW_AT_frame_base
	.byte	93
	.long	.Linfo_string134                @ DW_AT_name
	.byte	7                               @ DW_AT_decl_file
	.short	299                             @ DW_AT_decl_line
                                        @ DW_AT_prototyped
                                        @ DW_AT_external
	.byte	25                              @ Abbrev [25] 0x6f2:0xf DW_TAG_formal_parameter
	.byte	2                               @ DW_AT_location
	.byte	145
	.byte	0
	.long	.Linfo_string181                @ DW_AT_name
	.byte	7                               @ DW_AT_decl_file
	.short	299                             @ DW_AT_decl_line
	.long	722                             @ DW_AT_type
	.byte	0                               @ End Of Children Mark
	.byte	21                              @ Abbrev [21] 0x702:0x24 DW_TAG_subprogram
	.long	.Lfunc_begin2                   @ DW_AT_low_pc
	.long	.Lfunc_end2-.Lfunc_begin2       @ DW_AT_high_pc
	.byte	1                               @ DW_AT_frame_base
	.byte	93
	.long	.Linfo_string135                @ DW_AT_name
	.byte	7                               @ DW_AT_decl_file
	.byte	254                             @ DW_AT_decl_line
                                        @ DW_AT_prototyped
	.long	5030                            @ DW_AT_type
                                        @ DW_AT_external
	.byte	22                              @ Abbrev [22] 0x717:0xe DW_TAG_formal_parameter
	.byte	2                               @ DW_AT_location
	.byte	145
	.byte	4
	.long	.Linfo_string181                @ DW_AT_name
	.byte	7                               @ DW_AT_decl_file
	.byte	254                             @ DW_AT_decl_line
	.long	722                             @ DW_AT_type
	.byte	0                               @ End Of Children Mark
	.byte	24                              @ Abbrev [24] 0x726:0x22 DW_TAG_subprogram
	.long	.Lfunc_begin3                   @ DW_AT_low_pc
	.long	.Lfunc_end3-.Lfunc_begin3       @ DW_AT_high_pc
	.byte	1                               @ DW_AT_frame_base
	.byte	93
	.long	.Linfo_string136                @ DW_AT_name
	.byte	7                               @ DW_AT_decl_file
	.short	314                             @ DW_AT_decl_line
                                        @ DW_AT_prototyped
                                        @ DW_AT_external
	.byte	25                              @ Abbrev [25] 0x738:0xf DW_TAG_formal_parameter
	.byte	2                               @ DW_AT_location
	.byte	145
	.byte	0
	.long	.Linfo_string181                @ DW_AT_name
	.byte	7                               @ DW_AT_decl_file
	.short	314                             @ DW_AT_decl_line
	.long	722                             @ DW_AT_type
	.byte	0                               @ End Of Children Mark
	.byte	26                              @ Abbrev [26] 0x748:0x71 DW_TAG_subprogram
	.long	.Lfunc_begin4                   @ DW_AT_low_pc
	.long	.Lfunc_end4-.Lfunc_begin4       @ DW_AT_high_pc
	.byte	1                               @ DW_AT_frame_base
	.byte	93
	.long	.Linfo_string137                @ DW_AT_name
	.byte	7                               @ DW_AT_decl_file
	.short	329                             @ DW_AT_decl_line
                                        @ DW_AT_prototyped
	.long	5030                            @ DW_AT_type
                                        @ DW_AT_external
	.byte	25                              @ Abbrev [25] 0x75e:0xf DW_TAG_formal_parameter
	.byte	2                               @ DW_AT_location
	.byte	145
	.byte	8
	.long	.Linfo_string181                @ DW_AT_name
	.byte	7                               @ DW_AT_decl_file
	.short	329                             @ DW_AT_decl_line
	.long	722                             @ DW_AT_type
	.byte	27                              @ Abbrev [27] 0x76d:0xf DW_TAG_variable
	.byte	2                               @ DW_AT_location
	.byte	145
	.byte	4
	.long	.Linfo_string197                @ DW_AT_name
	.byte	7                               @ DW_AT_decl_file
	.short	331                             @ DW_AT_decl_line
	.long	307                             @ DW_AT_type
	.byte	27                              @ Abbrev [27] 0x77c:0xf DW_TAG_variable
	.byte	2                               @ DW_AT_location
	.byte	145
	.byte	3
	.long	.Linfo_string198                @ DW_AT_name
	.byte	7                               @ DW_AT_decl_file
	.short	332                             @ DW_AT_decl_line
	.long	1655                            @ DW_AT_type
	.byte	27                              @ Abbrev [27] 0x78b:0xf DW_TAG_variable
	.byte	2                               @ DW_AT_location
	.byte	145
	.byte	2
	.long	.Linfo_string199                @ DW_AT_name
	.byte	7                               @ DW_AT_decl_file
	.short	333                             @ DW_AT_decl_line
	.long	1655                            @ DW_AT_type
	.byte	27                              @ Abbrev [27] 0x79a:0xf DW_TAG_variable
	.byte	2                               @ DW_AT_location
	.byte	145
	.byte	1
	.long	.Linfo_string200                @ DW_AT_name
	.byte	7                               @ DW_AT_decl_file
	.short	334                             @ DW_AT_decl_line
	.long	1655                            @ DW_AT_type
	.byte	27                              @ Abbrev [27] 0x7a9:0xf DW_TAG_variable
	.byte	2                               @ DW_AT_location
	.byte	145
	.byte	0
	.long	.Linfo_string201                @ DW_AT_name
	.byte	7                               @ DW_AT_decl_file
	.short	335                             @ DW_AT_decl_line
	.long	1655                            @ DW_AT_type
	.byte	0                               @ End Of Children Mark
	.byte	26                              @ Abbrev [26] 0x7b9:0x26 DW_TAG_subprogram
	.long	.Lfunc_begin5                   @ DW_AT_low_pc
	.long	.Lfunc_end5-.Lfunc_begin5       @ DW_AT_high_pc
	.byte	1                               @ DW_AT_frame_base
	.byte	93
	.long	.Linfo_string138                @ DW_AT_name
	.byte	7                               @ DW_AT_decl_file
	.short	383                             @ DW_AT_decl_line
                                        @ DW_AT_prototyped
	.long	5030                            @ DW_AT_type
                                        @ DW_AT_external
	.byte	25                              @ Abbrev [25] 0x7cf:0xf DW_TAG_formal_parameter
	.byte	2                               @ DW_AT_location
	.byte	145
	.byte	4
	.long	.Linfo_string181                @ DW_AT_name
	.byte	7                               @ DW_AT_decl_file
	.short	383                             @ DW_AT_decl_line
	.long	722                             @ DW_AT_type
	.byte	0                               @ End Of Children Mark
	.byte	26                              @ Abbrev [26] 0x7df:0x71 DW_TAG_subprogram
	.long	.Lfunc_begin6                   @ DW_AT_low_pc
	.long	.Lfunc_end6-.Lfunc_begin6       @ DW_AT_high_pc
	.byte	1                               @ DW_AT_frame_base
	.byte	93
	.long	.Linfo_string139                @ DW_AT_name
	.byte	7                               @ DW_AT_decl_file
	.short	411                             @ DW_AT_decl_line
                                        @ DW_AT_prototyped
	.long	5030                            @ DW_AT_type
                                        @ DW_AT_external
	.byte	25                              @ Abbrev [25] 0x7f5:0xf DW_TAG_formal_parameter
	.byte	2                               @ DW_AT_location
	.byte	145
	.byte	8
	.long	.Linfo_string181                @ DW_AT_name
	.byte	7                               @ DW_AT_decl_file
	.short	411                             @ DW_AT_decl_line
	.long	722                             @ DW_AT_type
	.byte	27                              @ Abbrev [27] 0x804:0xf DW_TAG_variable
	.byte	2                               @ DW_AT_location
	.byte	145
	.byte	4
	.long	.Linfo_string197                @ DW_AT_name
	.byte	7                               @ DW_AT_decl_file
	.short	413                             @ DW_AT_decl_line
	.long	307                             @ DW_AT_type
	.byte	27                              @ Abbrev [27] 0x813:0xf DW_TAG_variable
	.byte	2                               @ DW_AT_location
	.byte	145
	.byte	3
	.long	.Linfo_string198                @ DW_AT_name
	.byte	7                               @ DW_AT_decl_file
	.short	414                             @ DW_AT_decl_line
	.long	1655                            @ DW_AT_type
	.byte	27                              @ Abbrev [27] 0x822:0xf DW_TAG_variable
	.byte	2                               @ DW_AT_location
	.byte	145
	.byte	2
	.long	.Linfo_string199                @ DW_AT_name
	.byte	7                               @ DW_AT_decl_file
	.short	415                             @ DW_AT_decl_line
	.long	1655                            @ DW_AT_type
	.byte	27                              @ Abbrev [27] 0x831:0xf DW_TAG_variable
	.byte	2                               @ DW_AT_location
	.byte	145
	.byte	1
	.long	.Linfo_string200                @ DW_AT_name
	.byte	7                               @ DW_AT_decl_file
	.short	416                             @ DW_AT_decl_line
	.long	1655                            @ DW_AT_type
	.byte	27                              @ Abbrev [27] 0x840:0xf DW_TAG_variable
	.byte	2                               @ DW_AT_location
	.byte	145
	.byte	0
	.long	.Linfo_string201                @ DW_AT_name
	.byte	7                               @ DW_AT_decl_file
	.short	417                             @ DW_AT_decl_line
	.long	1655                            @ DW_AT_type
	.byte	0                               @ End Of Children Mark
	.byte	26                              @ Abbrev [26] 0x850:0x26 DW_TAG_subprogram
	.long	.Lfunc_begin7                   @ DW_AT_low_pc
	.long	.Lfunc_end7-.Lfunc_begin7       @ DW_AT_high_pc
	.byte	1                               @ DW_AT_frame_base
	.byte	93
	.long	.Linfo_string140                @ DW_AT_name
	.byte	7                               @ DW_AT_decl_file
	.short	468                             @ DW_AT_decl_line
                                        @ DW_AT_prototyped
	.long	5030                            @ DW_AT_type
                                        @ DW_AT_external
	.byte	25                              @ Abbrev [25] 0x866:0xf DW_TAG_formal_parameter
	.byte	2                               @ DW_AT_location
	.byte	145
	.byte	4
	.long	.Linfo_string181                @ DW_AT_name
	.byte	7                               @ DW_AT_decl_file
	.short	468                             @ DW_AT_decl_line
	.long	722                             @ DW_AT_type
	.byte	0                               @ End Of Children Mark
	.byte	26                              @ Abbrev [26] 0x876:0x71 DW_TAG_subprogram
	.long	.Lfunc_begin8                   @ DW_AT_low_pc
	.long	.Lfunc_end8-.Lfunc_begin8       @ DW_AT_high_pc
	.byte	1                               @ DW_AT_frame_base
	.byte	93
	.long	.Linfo_string141                @ DW_AT_name
	.byte	7                               @ DW_AT_decl_file
	.short	501                             @ DW_AT_decl_line
                                        @ DW_AT_prototyped
	.long	5030                            @ DW_AT_type
                                        @ DW_AT_external
	.byte	25                              @ Abbrev [25] 0x88c:0xf DW_TAG_formal_parameter
	.byte	2                               @ DW_AT_location
	.byte	145
	.byte	16
	.long	.Linfo_string181                @ DW_AT_name
	.byte	7                               @ DW_AT_decl_file
	.short	501                             @ DW_AT_decl_line
	.long	722                             @ DW_AT_type
	.byte	25                              @ Abbrev [25] 0x89b:0xf DW_TAG_formal_parameter
	.byte	2                               @ DW_AT_location
	.byte	145
	.byte	12
	.long	.Linfo_string202                @ DW_AT_name
	.byte	7                               @ DW_AT_decl_file
	.short	501                             @ DW_AT_decl_line
	.long	5215                            @ DW_AT_type
	.byte	25                              @ Abbrev [25] 0x8aa:0xf DW_TAG_formal_parameter
	.byte	2                               @ DW_AT_location
	.byte	145
	.byte	10
	.long	.Linfo_string203                @ DW_AT_name
	.byte	7                               @ DW_AT_decl_file
	.short	501                             @ DW_AT_decl_line
	.long	704                             @ DW_AT_type
	.byte	27                              @ Abbrev [27] 0x8b9:0xf DW_TAG_variable
	.byte	2                               @ DW_AT_location
	.byte	145
	.byte	4
	.long	.Linfo_string197                @ DW_AT_name
	.byte	7                               @ DW_AT_decl_file
	.short	503                             @ DW_AT_decl_line
	.long	307                             @ DW_AT_type
	.byte	27                              @ Abbrev [27] 0x8c8:0xf DW_TAG_variable
	.byte	2                               @ DW_AT_location
	.byte	145
	.byte	3
	.long	.Linfo_string198                @ DW_AT_name
	.byte	7                               @ DW_AT_decl_file
	.short	504                             @ DW_AT_decl_line
	.long	1655                            @ DW_AT_type
	.byte	27                              @ Abbrev [27] 0x8d7:0xf DW_TAG_variable
	.byte	2                               @ DW_AT_location
	.byte	145
	.byte	2
	.long	.Linfo_string200                @ DW_AT_name
	.byte	7                               @ DW_AT_decl_file
	.short	505                             @ DW_AT_decl_line
	.long	1655                            @ DW_AT_type
	.byte	0                               @ End Of Children Mark
	.byte	26                              @ Abbrev [26] 0x8e7:0x26 DW_TAG_subprogram
	.long	.Lfunc_begin9                   @ DW_AT_low_pc
	.long	.Lfunc_end9-.Lfunc_begin9       @ DW_AT_high_pc
	.byte	1                               @ DW_AT_frame_base
	.byte	93
	.long	.Linfo_string142                @ DW_AT_name
	.byte	7                               @ DW_AT_decl_file
	.short	577                             @ DW_AT_decl_line
                                        @ DW_AT_prototyped
	.long	5030                            @ DW_AT_type
                                        @ DW_AT_external
	.byte	25                              @ Abbrev [25] 0x8fd:0xf DW_TAG_formal_parameter
	.byte	2                               @ DW_AT_location
	.byte	145
	.byte	4
	.long	.Linfo_string181                @ DW_AT_name
	.byte	7                               @ DW_AT_decl_file
	.short	577                             @ DW_AT_decl_line
	.long	722                             @ DW_AT_type
	.byte	0                               @ End Of Children Mark
	.byte	26                              @ Abbrev [26] 0x90d:0x44 DW_TAG_subprogram
	.long	.Lfunc_begin10                  @ DW_AT_low_pc
	.long	.Lfunc_end10-.Lfunc_begin10     @ DW_AT_high_pc
	.byte	1                               @ DW_AT_frame_base
	.byte	93
	.long	.Linfo_string143                @ DW_AT_name
	.byte	7                               @ DW_AT_decl_file
	.short	639                             @ DW_AT_decl_line
                                        @ DW_AT_prototyped
	.long	5030                            @ DW_AT_type
                                        @ DW_AT_external
	.byte	25                              @ Abbrev [25] 0x923:0xf DW_TAG_formal_parameter
	.byte	2                               @ DW_AT_location
	.byte	145
	.byte	32
	.long	.Linfo_string181                @ DW_AT_name
	.byte	7                               @ DW_AT_decl_file
	.short	639                             @ DW_AT_decl_line
	.long	722                             @ DW_AT_type
	.byte	25                              @ Abbrev [25] 0x932:0xf DW_TAG_formal_parameter
	.byte	2                               @ DW_AT_location
	.byte	145
	.byte	28
	.long	.Linfo_string76                 @ DW_AT_name
	.byte	7                               @ DW_AT_decl_file
	.short	639                             @ DW_AT_decl_line
	.long	307                             @ DW_AT_type
	.byte	27                              @ Abbrev [27] 0x941:0xf DW_TAG_variable
	.byte	2                               @ DW_AT_location
	.byte	145
	.byte	24
	.long	.Linfo_string197                @ DW_AT_name
	.byte	7                               @ DW_AT_decl_file
	.short	641                             @ DW_AT_decl_line
	.long	307                             @ DW_AT_type
	.byte	0                               @ End Of Children Mark
	.byte	28                              @ Abbrev [28] 0x951:0x4f DW_TAG_subprogram
	.long	.Lfunc_begin11                  @ DW_AT_low_pc
	.long	.Lfunc_end11-.Lfunc_begin11     @ DW_AT_high_pc
	.byte	1                               @ DW_AT_frame_base
	.byte	93
	.long	.Linfo_string144                @ DW_AT_name
	.byte	7                               @ DW_AT_decl_file
	.short	2898                            @ DW_AT_decl_line
                                        @ DW_AT_prototyped
	.byte	25                              @ Abbrev [25] 0x963:0xf DW_TAG_formal_parameter
	.byte	2                               @ DW_AT_location
	.byte	145
	.byte	12
	.long	.Linfo_string204                @ DW_AT_name
	.byte	7                               @ DW_AT_decl_file
	.short	2898                            @ DW_AT_decl_line
	.long	325                             @ DW_AT_type
	.byte	25                              @ Abbrev [25] 0x972:0xf DW_TAG_formal_parameter
	.byte	2                               @ DW_AT_location
	.byte	145
	.byte	8
	.long	.Linfo_string76                 @ DW_AT_name
	.byte	7                               @ DW_AT_decl_file
	.short	2898                            @ DW_AT_decl_line
	.long	307                             @ DW_AT_type
	.byte	25                              @ Abbrev [25] 0x981:0xf DW_TAG_formal_parameter
	.byte	2                               @ DW_AT_location
	.byte	145
	.byte	4
	.long	.Linfo_string128                @ DW_AT_name
	.byte	7                               @ DW_AT_decl_file
	.short	2898                            @ DW_AT_decl_line
	.long	307                             @ DW_AT_type
	.byte	27                              @ Abbrev [27] 0x990:0xf DW_TAG_variable
	.byte	2                               @ DW_AT_location
	.byte	145
	.byte	0
	.long	.Linfo_string205                @ DW_AT_name
	.byte	7                               @ DW_AT_decl_file
	.short	2900                            @ DW_AT_decl_line
	.long	307                             @ DW_AT_type
	.byte	0                               @ End Of Children Mark
	.byte	26                              @ Abbrev [26] 0x9a0:0x35 DW_TAG_subprogram
	.long	.Lfunc_begin12                  @ DW_AT_low_pc
	.long	.Lfunc_end12-.Lfunc_begin12     @ DW_AT_high_pc
	.byte	1                               @ DW_AT_frame_base
	.byte	93
	.long	.Linfo_string145                @ DW_AT_name
	.byte	7                               @ DW_AT_decl_file
	.short	690                             @ DW_AT_decl_line
                                        @ DW_AT_prototyped
	.long	5030                            @ DW_AT_type
                                        @ DW_AT_external
	.byte	25                              @ Abbrev [25] 0x9b6:0xf DW_TAG_formal_parameter
	.byte	2                               @ DW_AT_location
	.byte	145
	.byte	12
	.long	.Linfo_string181                @ DW_AT_name
	.byte	7                               @ DW_AT_decl_file
	.short	690                             @ DW_AT_decl_line
	.long	722                             @ DW_AT_type
	.byte	25                              @ Abbrev [25] 0x9c5:0xf DW_TAG_formal_parameter
	.byte	2                               @ DW_AT_location
	.byte	145
	.byte	8
	.long	.Linfo_string76                 @ DW_AT_name
	.byte	7                               @ DW_AT_decl_file
	.short	690                             @ DW_AT_decl_line
	.long	307                             @ DW_AT_type
	.byte	0                               @ End Of Children Mark
	.byte	26                              @ Abbrev [26] 0x9d5:0x53 DW_TAG_subprogram
	.long	.Lfunc_begin13                  @ DW_AT_low_pc
	.long	.Lfunc_end13-.Lfunc_begin13     @ DW_AT_high_pc
	.byte	1                               @ DW_AT_frame_base
	.byte	93
	.long	.Linfo_string146                @ DW_AT_name
	.byte	7                               @ DW_AT_decl_file
	.short	722                             @ DW_AT_decl_line
                                        @ DW_AT_prototyped
	.long	5030                            @ DW_AT_type
                                        @ DW_AT_external
	.byte	25                              @ Abbrev [25] 0x9eb:0xf DW_TAG_formal_parameter
	.byte	2                               @ DW_AT_location
	.byte	145
	.byte	40
	.long	.Linfo_string181                @ DW_AT_name
	.byte	7                               @ DW_AT_decl_file
	.short	722                             @ DW_AT_decl_line
	.long	722                             @ DW_AT_type
	.byte	25                              @ Abbrev [25] 0x9fa:0xf DW_TAG_formal_parameter
	.byte	2                               @ DW_AT_location
	.byte	145
	.byte	36
	.long	.Linfo_string76                 @ DW_AT_name
	.byte	7                               @ DW_AT_decl_file
	.short	722                             @ DW_AT_decl_line
	.long	307                             @ DW_AT_type
	.byte	27                              @ Abbrev [27] 0xa09:0xf DW_TAG_variable
	.byte	2                               @ DW_AT_location
	.byte	145
	.byte	35
	.long	.Linfo_string206                @ DW_AT_name
	.byte	7                               @ DW_AT_decl_file
	.short	724                             @ DW_AT_decl_line
	.long	5030                            @ DW_AT_type
	.byte	27                              @ Abbrev [27] 0xa18:0xf DW_TAG_variable
	.byte	2                               @ DW_AT_location
	.byte	145
	.byte	28
	.long	.Linfo_string197                @ DW_AT_name
	.byte	7                               @ DW_AT_decl_file
	.short	725                             @ DW_AT_decl_line
	.long	307                             @ DW_AT_type
	.byte	0                               @ End Of Children Mark
	.byte	26                              @ Abbrev [26] 0xa28:0x53 DW_TAG_subprogram
	.long	.Lfunc_begin14                  @ DW_AT_low_pc
	.long	.Lfunc_end14-.Lfunc_begin14     @ DW_AT_high_pc
	.byte	1                               @ DW_AT_frame_base
	.byte	93
	.long	.Linfo_string147                @ DW_AT_name
	.byte	7                               @ DW_AT_decl_file
	.short	809                             @ DW_AT_decl_line
                                        @ DW_AT_prototyped
	.long	5030                            @ DW_AT_type
                                        @ DW_AT_external
	.byte	25                              @ Abbrev [25] 0xa3e:0xf DW_TAG_formal_parameter
	.byte	2                               @ DW_AT_location
	.byte	145
	.byte	28
	.long	.Linfo_string181                @ DW_AT_name
	.byte	7                               @ DW_AT_decl_file
	.short	809                             @ DW_AT_decl_line
	.long	722                             @ DW_AT_type
	.byte	25                              @ Abbrev [25] 0xa4d:0xf DW_TAG_formal_parameter
	.byte	2                               @ DW_AT_location
	.byte	145
	.byte	24
	.long	.Linfo_string76                 @ DW_AT_name
	.byte	7                               @ DW_AT_decl_file
	.short	809                             @ DW_AT_decl_line
	.long	307                             @ DW_AT_type
	.byte	27                              @ Abbrev [27] 0xa5c:0xf DW_TAG_variable
	.byte	2                               @ DW_AT_location
	.byte	145
	.byte	23
	.long	.Linfo_string206                @ DW_AT_name
	.byte	7                               @ DW_AT_decl_file
	.short	811                             @ DW_AT_decl_line
	.long	5030                            @ DW_AT_type
	.byte	27                              @ Abbrev [27] 0xa6b:0xf DW_TAG_variable
	.byte	2                               @ DW_AT_location
	.byte	145
	.byte	16
	.long	.Linfo_string207                @ DW_AT_name
	.byte	7                               @ DW_AT_decl_file
	.short	812                             @ DW_AT_decl_line
	.long	307                             @ DW_AT_type
	.byte	0                               @ End Of Children Mark
	.byte	26                              @ Abbrev [26] 0xa7b:0x71 DW_TAG_subprogram
	.long	.Lfunc_begin15                  @ DW_AT_low_pc
	.long	.Lfunc_end15-.Lfunc_begin15     @ DW_AT_high_pc
	.byte	1                               @ DW_AT_frame_base
	.byte	93
	.long	.Linfo_string148                @ DW_AT_name
	.byte	7                               @ DW_AT_decl_file
	.short	884                             @ DW_AT_decl_line
                                        @ DW_AT_prototyped
	.long	5030                            @ DW_AT_type
                                        @ DW_AT_external
	.byte	25                              @ Abbrev [25] 0xa91:0xf DW_TAG_formal_parameter
	.byte	2                               @ DW_AT_location
	.byte	145
	.byte	56
	.long	.Linfo_string181                @ DW_AT_name
	.byte	7                               @ DW_AT_decl_file
	.short	884                             @ DW_AT_decl_line
	.long	722                             @ DW_AT_type
	.byte	25                              @ Abbrev [25] 0xaa0:0xf DW_TAG_formal_parameter
	.byte	2                               @ DW_AT_location
	.byte	145
	.byte	52
	.long	.Linfo_string76                 @ DW_AT_name
	.byte	7                               @ DW_AT_decl_file
	.short	884                             @ DW_AT_decl_line
	.long	307                             @ DW_AT_type
	.byte	25                              @ Abbrev [25] 0xaaf:0xf DW_TAG_formal_parameter
	.byte	2                               @ DW_AT_location
	.byte	145
	.byte	48
	.long	.Linfo_string202                @ DW_AT_name
	.byte	7                               @ DW_AT_decl_file
	.short	884                             @ DW_AT_decl_line
	.long	5220                            @ DW_AT_type
	.byte	25                              @ Abbrev [25] 0xabe:0xf DW_TAG_formal_parameter
	.byte	2                               @ DW_AT_location
	.byte	145
	.byte	46
	.long	.Linfo_string203                @ DW_AT_name
	.byte	7                               @ DW_AT_decl_file
	.short	885                             @ DW_AT_decl_line
	.long	704                             @ DW_AT_type
	.byte	27                              @ Abbrev [27] 0xacd:0xf DW_TAG_variable
	.byte	2                               @ DW_AT_location
	.byte	145
	.byte	45
	.long	.Linfo_string206                @ DW_AT_name
	.byte	7                               @ DW_AT_decl_file
	.short	887                             @ DW_AT_decl_line
	.long	5030                            @ DW_AT_type
	.byte	27                              @ Abbrev [27] 0xadc:0xf DW_TAG_variable
	.byte	2                               @ DW_AT_location
	.byte	145
	.byte	40
	.long	.Linfo_string197                @ DW_AT_name
	.byte	7                               @ DW_AT_decl_file
	.short	888                             @ DW_AT_decl_line
	.long	307                             @ DW_AT_type
	.byte	0                               @ End Of Children Mark
	.byte	28                              @ Abbrev [28] 0xaec:0x31 DW_TAG_subprogram
	.long	.Lfunc_begin16                  @ DW_AT_low_pc
	.long	.Lfunc_end16-.Lfunc_begin16     @ DW_AT_high_pc
	.byte	1                               @ DW_AT_frame_base
	.byte	93
	.long	.Linfo_string149                @ DW_AT_name
	.byte	7                               @ DW_AT_decl_file
	.short	2803                            @ DW_AT_decl_line
                                        @ DW_AT_prototyped
	.byte	25                              @ Abbrev [25] 0xafe:0xf DW_TAG_formal_parameter
	.byte	2                               @ DW_AT_location
	.byte	145
	.byte	4
	.long	.Linfo_string78                 @ DW_AT_name
	.byte	7                               @ DW_AT_decl_file
	.short	2803                            @ DW_AT_decl_line
	.long	974                             @ DW_AT_type
	.byte	27                              @ Abbrev [27] 0xb0d:0xf DW_TAG_variable
	.byte	2                               @ DW_AT_location
	.byte	145
	.byte	0
	.long	.Linfo_string181                @ DW_AT_name
	.byte	7                               @ DW_AT_decl_file
	.short	2805                            @ DW_AT_decl_line
	.long	722                             @ DW_AT_type
	.byte	0                               @ End Of Children Mark
	.byte	28                              @ Abbrev [28] 0xb1d:0x31 DW_TAG_subprogram
	.long	.Lfunc_begin17                  @ DW_AT_low_pc
	.long	.Lfunc_end17-.Lfunc_begin17     @ DW_AT_high_pc
	.byte	1                               @ DW_AT_frame_base
	.byte	93
	.long	.Linfo_string150                @ DW_AT_name
	.byte	7                               @ DW_AT_decl_file
	.short	2853                            @ DW_AT_decl_line
                                        @ DW_AT_prototyped
	.byte	25                              @ Abbrev [25] 0xb2f:0xf DW_TAG_formal_parameter
	.byte	2                               @ DW_AT_location
	.byte	145
	.byte	4
	.long	.Linfo_string78                 @ DW_AT_name
	.byte	7                               @ DW_AT_decl_file
	.short	2853                            @ DW_AT_decl_line
	.long	974                             @ DW_AT_type
	.byte	27                              @ Abbrev [27] 0xb3e:0xf DW_TAG_variable
	.byte	2                               @ DW_AT_location
	.byte	145
	.byte	0
	.long	.Linfo_string181                @ DW_AT_name
	.byte	7                               @ DW_AT_decl_file
	.short	2855                            @ DW_AT_decl_line
	.long	722                             @ DW_AT_type
	.byte	0                               @ End Of Children Mark
	.byte	26                              @ Abbrev [26] 0xb4e:0x44 DW_TAG_subprogram
	.long	.Lfunc_begin18                  @ DW_AT_low_pc
	.long	.Lfunc_end18-.Lfunc_begin18     @ DW_AT_high_pc
	.byte	1                               @ DW_AT_frame_base
	.byte	93
	.long	.Linfo_string151                @ DW_AT_name
	.byte	7                               @ DW_AT_decl_file
	.short	1022                            @ DW_AT_decl_line
                                        @ DW_AT_prototyped
	.long	5030                            @ DW_AT_type
                                        @ DW_AT_external
	.byte	25                              @ Abbrev [25] 0xb64:0xf DW_TAG_formal_parameter
	.byte	2                               @ DW_AT_location
	.byte	145
	.byte	20
	.long	.Linfo_string181                @ DW_AT_name
	.byte	7                               @ DW_AT_decl_file
	.short	1022                            @ DW_AT_decl_line
	.long	722                             @ DW_AT_type
	.byte	25                              @ Abbrev [25] 0xb73:0xf DW_TAG_formal_parameter
	.byte	2                               @ DW_AT_location
	.byte	145
	.byte	16
	.long	.Linfo_string76                 @ DW_AT_name
	.byte	7                               @ DW_AT_decl_file
	.short	1022                            @ DW_AT_decl_line
	.long	307                             @ DW_AT_type
	.byte	27                              @ Abbrev [27] 0xb82:0xf DW_TAG_variable
	.byte	2                               @ DW_AT_location
	.byte	145
	.byte	15
	.long	.Linfo_string206                @ DW_AT_name
	.byte	7                               @ DW_AT_decl_file
	.short	1024                            @ DW_AT_decl_line
	.long	5030                            @ DW_AT_type
	.byte	0                               @ End Of Children Mark
	.byte	26                              @ Abbrev [26] 0xb92:0x44 DW_TAG_subprogram
	.long	.Lfunc_begin19                  @ DW_AT_low_pc
	.long	.Lfunc_end19-.Lfunc_begin19     @ DW_AT_high_pc
	.byte	1                               @ DW_AT_frame_base
	.byte	93
	.long	.Linfo_string152                @ DW_AT_name
	.byte	7                               @ DW_AT_decl_file
	.short	1112                            @ DW_AT_decl_line
                                        @ DW_AT_prototyped
	.long	5030                            @ DW_AT_type
                                        @ DW_AT_external
	.byte	25                              @ Abbrev [25] 0xba8:0xf DW_TAG_formal_parameter
	.byte	2                               @ DW_AT_location
	.byte	145
	.byte	32
	.long	.Linfo_string181                @ DW_AT_name
	.byte	7                               @ DW_AT_decl_file
	.short	1112                            @ DW_AT_decl_line
	.long	722                             @ DW_AT_type
	.byte	25                              @ Abbrev [25] 0xbb7:0xf DW_TAG_formal_parameter
	.byte	2                               @ DW_AT_location
	.byte	145
	.byte	28
	.long	.Linfo_string76                 @ DW_AT_name
	.byte	7                               @ DW_AT_decl_file
	.short	1112                            @ DW_AT_decl_line
	.long	307                             @ DW_AT_type
	.byte	27                              @ Abbrev [27] 0xbc6:0xf DW_TAG_variable
	.byte	2                               @ DW_AT_location
	.byte	145
	.byte	24
	.long	.Linfo_string197                @ DW_AT_name
	.byte	7                               @ DW_AT_decl_file
	.short	1114                            @ DW_AT_decl_line
	.long	307                             @ DW_AT_type
	.byte	0                               @ End Of Children Mark
	.byte	26                              @ Abbrev [26] 0xbd6:0x35 DW_TAG_subprogram
	.long	.Lfunc_begin20                  @ DW_AT_low_pc
	.long	.Lfunc_end20-.Lfunc_begin20     @ DW_AT_high_pc
	.byte	1                               @ DW_AT_frame_base
	.byte	93
	.long	.Linfo_string153                @ DW_AT_name
	.byte	7                               @ DW_AT_decl_file
	.short	1162                            @ DW_AT_decl_line
                                        @ DW_AT_prototyped
	.long	5030                            @ DW_AT_type
                                        @ DW_AT_external
	.byte	25                              @ Abbrev [25] 0xbec:0xf DW_TAG_formal_parameter
	.byte	2                               @ DW_AT_location
	.byte	145
	.byte	12
	.long	.Linfo_string181                @ DW_AT_name
	.byte	7                               @ DW_AT_decl_file
	.short	1162                            @ DW_AT_decl_line
	.long	722                             @ DW_AT_type
	.byte	25                              @ Abbrev [25] 0xbfb:0xf DW_TAG_formal_parameter
	.byte	2                               @ DW_AT_location
	.byte	145
	.byte	8
	.long	.Linfo_string76                 @ DW_AT_name
	.byte	7                               @ DW_AT_decl_file
	.short	1162                            @ DW_AT_decl_line
	.long	307                             @ DW_AT_type
	.byte	0                               @ End Of Children Mark
	.byte	26                              @ Abbrev [26] 0xc0b:0x53 DW_TAG_subprogram
	.long	.Lfunc_begin21                  @ DW_AT_low_pc
	.long	.Lfunc_end21-.Lfunc_begin21     @ DW_AT_high_pc
	.byte	1                               @ DW_AT_frame_base
	.byte	93
	.long	.Linfo_string154                @ DW_AT_name
	.byte	7                               @ DW_AT_decl_file
	.short	1194                            @ DW_AT_decl_line
                                        @ DW_AT_prototyped
	.long	5030                            @ DW_AT_type
                                        @ DW_AT_external
	.byte	25                              @ Abbrev [25] 0xc21:0xf DW_TAG_formal_parameter
	.byte	2                               @ DW_AT_location
	.byte	145
	.byte	40
	.long	.Linfo_string181                @ DW_AT_name
	.byte	7                               @ DW_AT_decl_file
	.short	1194                            @ DW_AT_decl_line
	.long	722                             @ DW_AT_type
	.byte	25                              @ Abbrev [25] 0xc30:0xf DW_TAG_formal_parameter
	.byte	2                               @ DW_AT_location
	.byte	145
	.byte	36
	.long	.Linfo_string76                 @ DW_AT_name
	.byte	7                               @ DW_AT_decl_file
	.short	1194                            @ DW_AT_decl_line
	.long	307                             @ DW_AT_type
	.byte	27                              @ Abbrev [27] 0xc3f:0xf DW_TAG_variable
	.byte	2                               @ DW_AT_location
	.byte	145
	.byte	35
	.long	.Linfo_string206                @ DW_AT_name
	.byte	7                               @ DW_AT_decl_file
	.short	1196                            @ DW_AT_decl_line
	.long	5030                            @ DW_AT_type
	.byte	27                              @ Abbrev [27] 0xc4e:0xf DW_TAG_variable
	.byte	2                               @ DW_AT_location
	.byte	145
	.byte	28
	.long	.Linfo_string197                @ DW_AT_name
	.byte	7                               @ DW_AT_decl_file
	.short	1197                            @ DW_AT_decl_line
	.long	307                             @ DW_AT_type
	.byte	0                               @ End Of Children Mark
	.byte	26                              @ Abbrev [26] 0xc5e:0x53 DW_TAG_subprogram
	.long	.Lfunc_begin22                  @ DW_AT_low_pc
	.long	.Lfunc_end22-.Lfunc_begin22     @ DW_AT_high_pc
	.byte	1                               @ DW_AT_frame_base
	.byte	93
	.long	.Linfo_string155                @ DW_AT_name
	.byte	7                               @ DW_AT_decl_file
	.short	1280                            @ DW_AT_decl_line
                                        @ DW_AT_prototyped
	.long	5030                            @ DW_AT_type
                                        @ DW_AT_external
	.byte	25                              @ Abbrev [25] 0xc74:0xf DW_TAG_formal_parameter
	.byte	2                               @ DW_AT_location
	.byte	145
	.byte	28
	.long	.Linfo_string181                @ DW_AT_name
	.byte	7                               @ DW_AT_decl_file
	.short	1280                            @ DW_AT_decl_line
	.long	722                             @ DW_AT_type
	.byte	25                              @ Abbrev [25] 0xc83:0xf DW_TAG_formal_parameter
	.byte	2                               @ DW_AT_location
	.byte	145
	.byte	24
	.long	.Linfo_string76                 @ DW_AT_name
	.byte	7                               @ DW_AT_decl_file
	.short	1280                            @ DW_AT_decl_line
	.long	307                             @ DW_AT_type
	.byte	27                              @ Abbrev [27] 0xc92:0xf DW_TAG_variable
	.byte	2                               @ DW_AT_location
	.byte	145
	.byte	23
	.long	.Linfo_string206                @ DW_AT_name
	.byte	7                               @ DW_AT_decl_file
	.short	1282                            @ DW_AT_decl_line
	.long	5030                            @ DW_AT_type
	.byte	27                              @ Abbrev [27] 0xca1:0xf DW_TAG_variable
	.byte	2                               @ DW_AT_location
	.byte	145
	.byte	16
	.long	.Linfo_string207                @ DW_AT_name
	.byte	7                               @ DW_AT_decl_file
	.short	1283                            @ DW_AT_decl_line
	.long	307                             @ DW_AT_type
	.byte	0                               @ End Of Children Mark
	.byte	26                              @ Abbrev [26] 0xcb1:0x71 DW_TAG_subprogram
	.long	.Lfunc_begin23                  @ DW_AT_low_pc
	.long	.Lfunc_end23-.Lfunc_begin23     @ DW_AT_high_pc
	.byte	1                               @ DW_AT_frame_base
	.byte	93
	.long	.Linfo_string156                @ DW_AT_name
	.byte	7                               @ DW_AT_decl_file
	.short	1355                            @ DW_AT_decl_line
                                        @ DW_AT_prototyped
	.long	5030                            @ DW_AT_type
                                        @ DW_AT_external
	.byte	25                              @ Abbrev [25] 0xcc7:0xf DW_TAG_formal_parameter
	.byte	2                               @ DW_AT_location
	.byte	145
	.byte	56
	.long	.Linfo_string181                @ DW_AT_name
	.byte	7                               @ DW_AT_decl_file
	.short	1355                            @ DW_AT_decl_line
	.long	722                             @ DW_AT_type
	.byte	25                              @ Abbrev [25] 0xcd6:0xf DW_TAG_formal_parameter
	.byte	2                               @ DW_AT_location
	.byte	145
	.byte	52
	.long	.Linfo_string76                 @ DW_AT_name
	.byte	7                               @ DW_AT_decl_file
	.short	1355                            @ DW_AT_decl_line
	.long	307                             @ DW_AT_type
	.byte	25                              @ Abbrev [25] 0xce5:0xf DW_TAG_formal_parameter
	.byte	2                               @ DW_AT_location
	.byte	145
	.byte	48
	.long	.Linfo_string202                @ DW_AT_name
	.byte	7                               @ DW_AT_decl_file
	.short	1355                            @ DW_AT_decl_line
	.long	5220                            @ DW_AT_type
	.byte	25                              @ Abbrev [25] 0xcf4:0xf DW_TAG_formal_parameter
	.byte	2                               @ DW_AT_location
	.byte	145
	.byte	46
	.long	.Linfo_string203                @ DW_AT_name
	.byte	7                               @ DW_AT_decl_file
	.short	1356                            @ DW_AT_decl_line
	.long	704                             @ DW_AT_type
	.byte	27                              @ Abbrev [27] 0xd03:0xf DW_TAG_variable
	.byte	2                               @ DW_AT_location
	.byte	145
	.byte	45
	.long	.Linfo_string206                @ DW_AT_name
	.byte	7                               @ DW_AT_decl_file
	.short	1358                            @ DW_AT_decl_line
	.long	5030                            @ DW_AT_type
	.byte	27                              @ Abbrev [27] 0xd12:0xf DW_TAG_variable
	.byte	2                               @ DW_AT_location
	.byte	145
	.byte	40
	.long	.Linfo_string197                @ DW_AT_name
	.byte	7                               @ DW_AT_decl_file
	.short	1359                            @ DW_AT_decl_line
	.long	307                             @ DW_AT_type
	.byte	0                               @ End Of Children Mark
	.byte	26                              @ Abbrev [26] 0xd22:0x44 DW_TAG_subprogram
	.long	.Lfunc_begin24                  @ DW_AT_low_pc
	.long	.Lfunc_end24-.Lfunc_begin24     @ DW_AT_high_pc
	.byte	1                               @ DW_AT_frame_base
	.byte	93
	.long	.Linfo_string157                @ DW_AT_name
	.byte	7                               @ DW_AT_decl_file
	.short	1493                            @ DW_AT_decl_line
                                        @ DW_AT_prototyped
	.long	5030                            @ DW_AT_type
                                        @ DW_AT_external
	.byte	25                              @ Abbrev [25] 0xd38:0xf DW_TAG_formal_parameter
	.byte	2                               @ DW_AT_location
	.byte	145
	.byte	20
	.long	.Linfo_string181                @ DW_AT_name
	.byte	7                               @ DW_AT_decl_file
	.short	1493                            @ DW_AT_decl_line
	.long	722                             @ DW_AT_type
	.byte	25                              @ Abbrev [25] 0xd47:0xf DW_TAG_formal_parameter
	.byte	2                               @ DW_AT_location
	.byte	145
	.byte	16
	.long	.Linfo_string76                 @ DW_AT_name
	.byte	7                               @ DW_AT_decl_file
	.short	1493                            @ DW_AT_decl_line
	.long	307                             @ DW_AT_type
	.byte	27                              @ Abbrev [27] 0xd56:0xf DW_TAG_variable
	.byte	2                               @ DW_AT_location
	.byte	145
	.byte	15
	.long	.Linfo_string206                @ DW_AT_name
	.byte	7                               @ DW_AT_decl_file
	.short	1495                            @ DW_AT_decl_line
	.long	5030                            @ DW_AT_type
	.byte	0                               @ End Of Children Mark
	.byte	26                              @ Abbrev [26] 0xd66:0x80 DW_TAG_subprogram
	.long	.Lfunc_begin25                  @ DW_AT_low_pc
	.long	.Lfunc_end25-.Lfunc_begin25     @ DW_AT_high_pc
	.byte	1                               @ DW_AT_frame_base
	.byte	93
	.long	.Linfo_string158                @ DW_AT_name
	.byte	7                               @ DW_AT_decl_file
	.short	1584                            @ DW_AT_decl_line
                                        @ DW_AT_prototyped
	.long	5030                            @ DW_AT_type
                                        @ DW_AT_external
	.byte	25                              @ Abbrev [25] 0xd7c:0xf DW_TAG_formal_parameter
	.byte	2                               @ DW_AT_location
	.byte	145
	.byte	16
	.long	.Linfo_string181                @ DW_AT_name
	.byte	7                               @ DW_AT_decl_file
	.short	1584                            @ DW_AT_decl_line
	.long	722                             @ DW_AT_type
	.byte	25                              @ Abbrev [25] 0xd8b:0xf DW_TAG_formal_parameter
	.byte	2                               @ DW_AT_location
	.byte	145
	.byte	12
	.long	.Linfo_string208                @ DW_AT_name
	.byte	7                               @ DW_AT_decl_file
	.short	1584                            @ DW_AT_decl_line
	.long	307                             @ DW_AT_type
	.byte	27                              @ Abbrev [27] 0xd9a:0xf DW_TAG_variable
	.byte	2                               @ DW_AT_location
	.byte	145
	.byte	8
	.long	.Linfo_string209                @ DW_AT_name
	.byte	7                               @ DW_AT_decl_file
	.short	1586                            @ DW_AT_decl_line
	.long	307                             @ DW_AT_type
	.byte	27                              @ Abbrev [27] 0xda9:0xf DW_TAG_variable
	.byte	2                               @ DW_AT_location
	.byte	145
	.byte	7
	.long	.Linfo_string198                @ DW_AT_name
	.byte	7                               @ DW_AT_decl_file
	.short	1587                            @ DW_AT_decl_line
	.long	1655                            @ DW_AT_type
	.byte	27                              @ Abbrev [27] 0xdb8:0xf DW_TAG_variable
	.byte	2                               @ DW_AT_location
	.byte	145
	.byte	6
	.long	.Linfo_string199                @ DW_AT_name
	.byte	7                               @ DW_AT_decl_file
	.short	1588                            @ DW_AT_decl_line
	.long	1655                            @ DW_AT_type
	.byte	27                              @ Abbrev [27] 0xdc7:0xf DW_TAG_variable
	.byte	2                               @ DW_AT_location
	.byte	145
	.byte	5
	.long	.Linfo_string200                @ DW_AT_name
	.byte	7                               @ DW_AT_decl_file
	.short	1589                            @ DW_AT_decl_line
	.long	1655                            @ DW_AT_type
	.byte	27                              @ Abbrev [27] 0xdd6:0xf DW_TAG_variable
	.byte	2                               @ DW_AT_location
	.byte	145
	.byte	4
	.long	.Linfo_string201                @ DW_AT_name
	.byte	7                               @ DW_AT_decl_file
	.short	1590                            @ DW_AT_decl_line
	.long	1655                            @ DW_AT_type
	.byte	0                               @ End Of Children Mark
	.byte	26                              @ Abbrev [26] 0xde6:0x44 DW_TAG_subprogram
	.long	.Lfunc_begin26                  @ DW_AT_low_pc
	.long	.Lfunc_end26-.Lfunc_begin26     @ DW_AT_high_pc
	.byte	1                               @ DW_AT_frame_base
	.byte	93
	.long	.Linfo_string159                @ DW_AT_name
	.byte	7                               @ DW_AT_decl_file
	.short	1633                            @ DW_AT_decl_line
                                        @ DW_AT_prototyped
	.long	5030                            @ DW_AT_type
                                        @ DW_AT_external
	.byte	25                              @ Abbrev [25] 0xdfc:0xf DW_TAG_formal_parameter
	.byte	2                               @ DW_AT_location
	.byte	145
	.byte	12
	.long	.Linfo_string181                @ DW_AT_name
	.byte	7                               @ DW_AT_decl_file
	.short	1633                            @ DW_AT_decl_line
	.long	722                             @ DW_AT_type
	.byte	25                              @ Abbrev [25] 0xe0b:0xf DW_TAG_formal_parameter
	.byte	2                               @ DW_AT_location
	.byte	145
	.byte	8
	.long	.Linfo_string208                @ DW_AT_name
	.byte	7                               @ DW_AT_decl_file
	.short	1633                            @ DW_AT_decl_line
	.long	307                             @ DW_AT_type
	.byte	27                              @ Abbrev [27] 0xe1a:0xf DW_TAG_variable
	.byte	2                               @ DW_AT_location
	.byte	145
	.byte	4
	.long	.Linfo_string209                @ DW_AT_name
	.byte	7                               @ DW_AT_decl_file
	.short	1635                            @ DW_AT_decl_line
	.long	307                             @ DW_AT_type
	.byte	0                               @ End Of Children Mark
	.byte	26                              @ Abbrev [26] 0xe2a:0x80 DW_TAG_subprogram
	.long	.Lfunc_begin27                  @ DW_AT_low_pc
	.long	.Lfunc_end27-.Lfunc_begin27     @ DW_AT_high_pc
	.byte	1                               @ DW_AT_frame_base
	.byte	93
	.long	.Linfo_string160                @ DW_AT_name
	.byte	7                               @ DW_AT_decl_file
	.short	1672                            @ DW_AT_decl_line
                                        @ DW_AT_prototyped
	.long	5030                            @ DW_AT_type
                                        @ DW_AT_external
	.byte	25                              @ Abbrev [25] 0xe40:0xf DW_TAG_formal_parameter
	.byte	2                               @ DW_AT_location
	.byte	145
	.byte	16
	.long	.Linfo_string181                @ DW_AT_name
	.byte	7                               @ DW_AT_decl_file
	.short	1672                            @ DW_AT_decl_line
	.long	722                             @ DW_AT_type
	.byte	25                              @ Abbrev [25] 0xe4f:0xf DW_TAG_formal_parameter
	.byte	2                               @ DW_AT_location
	.byte	145
	.byte	12
	.long	.Linfo_string208                @ DW_AT_name
	.byte	7                               @ DW_AT_decl_file
	.short	1672                            @ DW_AT_decl_line
	.long	307                             @ DW_AT_type
	.byte	27                              @ Abbrev [27] 0xe5e:0xf DW_TAG_variable
	.byte	2                               @ DW_AT_location
	.byte	145
	.byte	8
	.long	.Linfo_string209                @ DW_AT_name
	.byte	7                               @ DW_AT_decl_file
	.short	1674                            @ DW_AT_decl_line
	.long	307                             @ DW_AT_type
	.byte	27                              @ Abbrev [27] 0xe6d:0xf DW_TAG_variable
	.byte	2                               @ DW_AT_location
	.byte	145
	.byte	7
	.long	.Linfo_string198                @ DW_AT_name
	.byte	7                               @ DW_AT_decl_file
	.short	1675                            @ DW_AT_decl_line
	.long	1655                            @ DW_AT_type
	.byte	27                              @ Abbrev [27] 0xe7c:0xf DW_TAG_variable
	.byte	2                               @ DW_AT_location
	.byte	145
	.byte	6
	.long	.Linfo_string199                @ DW_AT_name
	.byte	7                               @ DW_AT_decl_file
	.short	1676                            @ DW_AT_decl_line
	.long	1655                            @ DW_AT_type
	.byte	27                              @ Abbrev [27] 0xe8b:0xf DW_TAG_variable
	.byte	2                               @ DW_AT_location
	.byte	145
	.byte	5
	.long	.Linfo_string200                @ DW_AT_name
	.byte	7                               @ DW_AT_decl_file
	.short	1677                            @ DW_AT_decl_line
	.long	1655                            @ DW_AT_type
	.byte	27                              @ Abbrev [27] 0xe9a:0xf DW_TAG_variable
	.byte	2                               @ DW_AT_location
	.byte	145
	.byte	4
	.long	.Linfo_string201                @ DW_AT_name
	.byte	7                               @ DW_AT_decl_file
	.short	1678                            @ DW_AT_decl_line
	.long	1655                            @ DW_AT_type
	.byte	0                               @ End Of Children Mark
	.byte	26                              @ Abbrev [26] 0xeaa:0x44 DW_TAG_subprogram
	.long	.Lfunc_begin28                  @ DW_AT_low_pc
	.long	.Lfunc_end28-.Lfunc_begin28     @ DW_AT_high_pc
	.byte	1                               @ DW_AT_frame_base
	.byte	93
	.long	.Linfo_string161                @ DW_AT_name
	.byte	7                               @ DW_AT_decl_file
	.short	1727                            @ DW_AT_decl_line
                                        @ DW_AT_prototyped
	.long	5030                            @ DW_AT_type
                                        @ DW_AT_external
	.byte	25                              @ Abbrev [25] 0xec0:0xf DW_TAG_formal_parameter
	.byte	2                               @ DW_AT_location
	.byte	145
	.byte	12
	.long	.Linfo_string181                @ DW_AT_name
	.byte	7                               @ DW_AT_decl_file
	.short	1727                            @ DW_AT_decl_line
	.long	722                             @ DW_AT_type
	.byte	25                              @ Abbrev [25] 0xecf:0xf DW_TAG_formal_parameter
	.byte	2                               @ DW_AT_location
	.byte	145
	.byte	8
	.long	.Linfo_string208                @ DW_AT_name
	.byte	7                               @ DW_AT_decl_file
	.short	1727                            @ DW_AT_decl_line
	.long	307                             @ DW_AT_type
	.byte	27                              @ Abbrev [27] 0xede:0xf DW_TAG_variable
	.byte	2                               @ DW_AT_location
	.byte	145
	.byte	4
	.long	.Linfo_string209                @ DW_AT_name
	.byte	7                               @ DW_AT_decl_file
	.short	1729                            @ DW_AT_decl_line
	.long	307                             @ DW_AT_type
	.byte	0                               @ End Of Children Mark
	.byte	26                              @ Abbrev [26] 0xeee:0x44 DW_TAG_subprogram
	.long	.Lfunc_begin29                  @ DW_AT_low_pc
	.long	.Lfunc_end29-.Lfunc_begin29     @ DW_AT_high_pc
	.byte	1                               @ DW_AT_frame_base
	.byte	93
	.long	.Linfo_string162                @ DW_AT_name
	.byte	7                               @ DW_AT_decl_file
	.short	1813                            @ DW_AT_decl_line
                                        @ DW_AT_prototyped
	.long	5030                            @ DW_AT_type
                                        @ DW_AT_external
	.byte	25                              @ Abbrev [25] 0xf04:0xf DW_TAG_formal_parameter
	.byte	2                               @ DW_AT_location
	.byte	145
	.byte	8
	.long	.Linfo_string181                @ DW_AT_name
	.byte	7                               @ DW_AT_decl_file
	.short	1813                            @ DW_AT_decl_line
	.long	722                             @ DW_AT_type
	.byte	25                              @ Abbrev [25] 0xf13:0xf DW_TAG_formal_parameter
	.byte	2                               @ DW_AT_location
	.byte	145
	.byte	4
	.long	.Linfo_string210                @ DW_AT_name
	.byte	7                               @ DW_AT_decl_file
	.short	1813                            @ DW_AT_decl_line
	.long	307                             @ DW_AT_type
	.byte	25                              @ Abbrev [25] 0xf22:0xf DW_TAG_formal_parameter
	.byte	2                               @ DW_AT_location
	.byte	145
	.byte	0
	.long	.Linfo_string211                @ DW_AT_name
	.byte	7                               @ DW_AT_decl_file
	.short	1814                            @ DW_AT_decl_line
	.long	307                             @ DW_AT_type
	.byte	0                               @ End Of Children Mark
	.byte	26                              @ Abbrev [26] 0xf32:0x44 DW_TAG_subprogram
	.long	.Lfunc_begin30                  @ DW_AT_low_pc
	.long	.Lfunc_end30-.Lfunc_begin30     @ DW_AT_high_pc
	.byte	1                               @ DW_AT_frame_base
	.byte	93
	.long	.Linfo_string163                @ DW_AT_name
	.byte	7                               @ DW_AT_decl_file
	.short	1875                            @ DW_AT_decl_line
                                        @ DW_AT_prototyped
	.long	5030                            @ DW_AT_type
                                        @ DW_AT_external
	.byte	25                              @ Abbrev [25] 0xf48:0xf DW_TAG_formal_parameter
	.byte	2                               @ DW_AT_location
	.byte	145
	.byte	8
	.long	.Linfo_string181                @ DW_AT_name
	.byte	7                               @ DW_AT_decl_file
	.short	1875                            @ DW_AT_decl_line
	.long	722                             @ DW_AT_type
	.byte	25                              @ Abbrev [25] 0xf57:0xf DW_TAG_formal_parameter
	.byte	2                               @ DW_AT_location
	.byte	145
	.byte	4
	.long	.Linfo_string210                @ DW_AT_name
	.byte	7                               @ DW_AT_decl_file
	.short	1875                            @ DW_AT_decl_line
	.long	307                             @ DW_AT_type
	.byte	25                              @ Abbrev [25] 0xf66:0xf DW_TAG_formal_parameter
	.byte	2                               @ DW_AT_location
	.byte	145
	.byte	0
	.long	.Linfo_string211                @ DW_AT_name
	.byte	7                               @ DW_AT_decl_file
	.short	1876                            @ DW_AT_decl_line
	.long	307                             @ DW_AT_type
	.byte	0                               @ End Of Children Mark
	.byte	26                              @ Abbrev [26] 0xf76:0x44 DW_TAG_subprogram
	.long	.Lfunc_begin31                  @ DW_AT_low_pc
	.long	.Lfunc_end31-.Lfunc_begin31     @ DW_AT_high_pc
	.byte	1                               @ DW_AT_frame_base
	.byte	93
	.long	.Linfo_string164                @ DW_AT_name
	.byte	7                               @ DW_AT_decl_file
	.short	1938                            @ DW_AT_decl_line
                                        @ DW_AT_prototyped
	.long	5030                            @ DW_AT_type
                                        @ DW_AT_external
	.byte	25                              @ Abbrev [25] 0xf8c:0xf DW_TAG_formal_parameter
	.byte	2                               @ DW_AT_location
	.byte	145
	.byte	8
	.long	.Linfo_string181                @ DW_AT_name
	.byte	7                               @ DW_AT_decl_file
	.short	1938                            @ DW_AT_decl_line
	.long	722                             @ DW_AT_type
	.byte	25                              @ Abbrev [25] 0xf9b:0xf DW_TAG_formal_parameter
	.byte	2                               @ DW_AT_location
	.byte	145
	.byte	4
	.long	.Linfo_string210                @ DW_AT_name
	.byte	7                               @ DW_AT_decl_file
	.short	1938                            @ DW_AT_decl_line
	.long	307                             @ DW_AT_type
	.byte	25                              @ Abbrev [25] 0xfaa:0xf DW_TAG_formal_parameter
	.byte	2                               @ DW_AT_location
	.byte	145
	.byte	0
	.long	.Linfo_string211                @ DW_AT_name
	.byte	7                               @ DW_AT_decl_file
	.short	1939                            @ DW_AT_decl_line
	.long	307                             @ DW_AT_type
	.byte	0                               @ End Of Children Mark
	.byte	24                              @ Abbrev [24] 0xfba:0x31 DW_TAG_subprogram
	.long	.Lfunc_begin32                  @ DW_AT_low_pc
	.long	.Lfunc_end32-.Lfunc_begin32     @ DW_AT_high_pc
	.byte	1                               @ DW_AT_frame_base
	.byte	93
	.long	.Linfo_string165                @ DW_AT_name
	.byte	7                               @ DW_AT_decl_file
	.short	2764                            @ DW_AT_decl_line
                                        @ DW_AT_prototyped
                                        @ DW_AT_external
	.byte	25                              @ Abbrev [25] 0xfcc:0xf DW_TAG_formal_parameter
	.byte	2                               @ DW_AT_location
	.byte	145
	.byte	4
	.long	.Linfo_string78                 @ DW_AT_name
	.byte	7                               @ DW_AT_decl_file
	.short	2764                            @ DW_AT_decl_line
	.long	974                             @ DW_AT_type
	.byte	27                              @ Abbrev [27] 0xfdb:0xf DW_TAG_variable
	.byte	2                               @ DW_AT_location
	.byte	145
	.byte	0
	.long	.Linfo_string181                @ DW_AT_name
	.byte	7                               @ DW_AT_decl_file
	.short	2766                            @ DW_AT_decl_line
	.long	722                             @ DW_AT_type
	.byte	0                               @ End Of Children Mark
	.byte	24                              @ Abbrev [24] 0xfeb:0x31 DW_TAG_subprogram
	.long	.Lfunc_begin33                  @ DW_AT_low_pc
	.long	.Lfunc_end33-.Lfunc_begin33     @ DW_AT_high_pc
	.byte	1                               @ DW_AT_frame_base
	.byte	93
	.long	.Linfo_string166                @ DW_AT_name
	.byte	7                               @ DW_AT_decl_file
	.short	2783                            @ DW_AT_decl_line
                                        @ DW_AT_prototyped
                                        @ DW_AT_external
	.byte	25                              @ Abbrev [25] 0xffd:0xf DW_TAG_formal_parameter
	.byte	2                               @ DW_AT_location
	.byte	145
	.byte	4
	.long	.Linfo_string78                 @ DW_AT_name
	.byte	7                               @ DW_AT_decl_file
	.short	2783                            @ DW_AT_decl_line
	.long	974                             @ DW_AT_type
	.byte	27                              @ Abbrev [27] 0x100c:0xf DW_TAG_variable
	.byte	2                               @ DW_AT_location
	.byte	145
	.byte	0
	.long	.Linfo_string181                @ DW_AT_name
	.byte	7                               @ DW_AT_decl_file
	.short	2785                            @ DW_AT_decl_line
	.long	722                             @ DW_AT_type
	.byte	0                               @ End Of Children Mark
	.byte	26                              @ Abbrev [26] 0x101c:0x53 DW_TAG_subprogram
	.long	.Lfunc_begin34                  @ DW_AT_low_pc
	.long	.Lfunc_end34-.Lfunc_begin34     @ DW_AT_high_pc
	.byte	1                               @ DW_AT_frame_base
	.byte	93
	.long	.Linfo_string167                @ DW_AT_name
	.byte	7                               @ DW_AT_decl_file
	.short	1988                            @ DW_AT_decl_line
                                        @ DW_AT_prototyped
	.long	5030                            @ DW_AT_type
                                        @ DW_AT_external
	.byte	25                              @ Abbrev [25] 0x1032:0xf DW_TAG_formal_parameter
	.byte	2                               @ DW_AT_location
	.byte	145
	.byte	12
	.long	.Linfo_string181                @ DW_AT_name
	.byte	7                               @ DW_AT_decl_file
	.short	1988                            @ DW_AT_decl_line
	.long	722                             @ DW_AT_type
	.byte	25                              @ Abbrev [25] 0x1041:0xf DW_TAG_formal_parameter
	.byte	2                               @ DW_AT_location
	.byte	145
	.byte	8
	.long	.Linfo_string212                @ DW_AT_name
	.byte	7                               @ DW_AT_decl_file
	.short	1989                            @ DW_AT_decl_line
	.long	5230                            @ DW_AT_type
	.byte	27                              @ Abbrev [27] 0x1050:0xf DW_TAG_variable
	.byte	2                               @ DW_AT_location
	.byte	145
	.byte	4
	.long	.Linfo_string217                @ DW_AT_name
	.byte	7                               @ DW_AT_decl_file
	.short	1991                            @ DW_AT_decl_line
	.long	307                             @ DW_AT_type
	.byte	27                              @ Abbrev [27] 0x105f:0xf DW_TAG_variable
	.byte	2                               @ DW_AT_location
	.byte	145
	.byte	0
	.long	.Linfo_string197                @ DW_AT_name
	.byte	7                               @ DW_AT_decl_file
	.short	1992                            @ DW_AT_decl_line
	.long	307                             @ DW_AT_type
	.byte	0                               @ End Of Children Mark
	.byte	26                              @ Abbrev [26] 0x106f:0x44 DW_TAG_subprogram
	.long	.Lfunc_begin35                  @ DW_AT_low_pc
	.long	.Lfunc_end35-.Lfunc_begin35     @ DW_AT_high_pc
	.byte	1                               @ DW_AT_frame_base
	.byte	93
	.long	.Linfo_string168                @ DW_AT_name
	.byte	7                               @ DW_AT_decl_file
	.short	2061                            @ DW_AT_decl_line
                                        @ DW_AT_prototyped
	.long	5030                            @ DW_AT_type
                                        @ DW_AT_external
	.byte	25                              @ Abbrev [25] 0x1085:0xf DW_TAG_formal_parameter
	.byte	2                               @ DW_AT_location
	.byte	145
	.byte	8
	.long	.Linfo_string181                @ DW_AT_name
	.byte	7                               @ DW_AT_decl_file
	.short	2061                            @ DW_AT_decl_line
	.long	722                             @ DW_AT_type
	.byte	25                              @ Abbrev [25] 0x1094:0xf DW_TAG_formal_parameter
	.byte	2                               @ DW_AT_location
	.byte	145
	.byte	4
	.long	.Linfo_string218                @ DW_AT_name
	.byte	7                               @ DW_AT_decl_file
	.short	2062                            @ DW_AT_decl_line
	.long	5292                            @ DW_AT_type
	.byte	27                              @ Abbrev [27] 0x10a3:0xf DW_TAG_variable
	.byte	2                               @ DW_AT_location
	.byte	145
	.byte	0
	.long	.Linfo_string233                @ DW_AT_name
	.byte	7                               @ DW_AT_decl_file
	.short	2065                            @ DW_AT_decl_line
	.long	307                             @ DW_AT_type
	.byte	0                               @ End Of Children Mark
	.byte	26                              @ Abbrev [26] 0x10b3:0x9e DW_TAG_subprogram
	.long	.Lfunc_begin36                  @ DW_AT_low_pc
	.long	.Lfunc_end36-.Lfunc_begin36     @ DW_AT_high_pc
	.byte	1                               @ DW_AT_frame_base
	.byte	93
	.long	.Linfo_string169                @ DW_AT_name
	.byte	7                               @ DW_AT_decl_file
	.short	2138                            @ DW_AT_decl_line
                                        @ DW_AT_prototyped
	.long	5030                            @ DW_AT_type
                                        @ DW_AT_external
	.byte	25                              @ Abbrev [25] 0x10c9:0xf DW_TAG_formal_parameter
	.byte	2                               @ DW_AT_location
	.byte	145
	.byte	40
	.long	.Linfo_string181                @ DW_AT_name
	.byte	7                               @ DW_AT_decl_file
	.short	2138                            @ DW_AT_decl_line
	.long	722                             @ DW_AT_type
	.byte	25                              @ Abbrev [25] 0x10d8:0xf DW_TAG_formal_parameter
	.byte	2                               @ DW_AT_location
	.byte	145
	.byte	36
	.long	.Linfo_string234                @ DW_AT_name
	.byte	7                               @ DW_AT_decl_file
	.short	2139                            @ DW_AT_decl_line
	.long	307                             @ DW_AT_type
	.byte	25                              @ Abbrev [25] 0x10e7:0xf DW_TAG_formal_parameter
	.byte	2                               @ DW_AT_location
	.byte	145
	.byte	32
	.long	.Linfo_string235                @ DW_AT_name
	.byte	7                               @ DW_AT_decl_file
	.short	2140                            @ DW_AT_decl_line
	.long	5489                            @ DW_AT_type
	.byte	27                              @ Abbrev [27] 0x10f6:0xf DW_TAG_variable
	.byte	2                               @ DW_AT_location
	.byte	145
	.byte	31
	.long	.Linfo_string206                @ DW_AT_name
	.byte	7                               @ DW_AT_decl_file
	.short	2142                            @ DW_AT_decl_line
	.long	5030                            @ DW_AT_type
	.byte	27                              @ Abbrev [27] 0x1105:0xf DW_TAG_variable
	.byte	2                               @ DW_AT_location
	.byte	145
	.byte	24
	.long	.Linfo_string240                @ DW_AT_name
	.byte	7                               @ DW_AT_decl_file
	.short	2143                            @ DW_AT_decl_line
	.long	307                             @ DW_AT_type
	.byte	27                              @ Abbrev [27] 0x1114:0xf DW_TAG_variable
	.byte	2                               @ DW_AT_location
	.byte	145
	.byte	20
	.long	.Linfo_string241                @ DW_AT_name
	.byte	7                               @ DW_AT_decl_file
	.short	2144                            @ DW_AT_decl_line
	.long	307                             @ DW_AT_type
	.byte	27                              @ Abbrev [27] 0x1123:0xf DW_TAG_variable
	.byte	2                               @ DW_AT_location
	.byte	145
	.byte	16
	.long	.Linfo_string242                @ DW_AT_name
	.byte	7                               @ DW_AT_decl_file
	.short	2145                            @ DW_AT_decl_line
	.long	307                             @ DW_AT_type
	.byte	27                              @ Abbrev [27] 0x1132:0xf DW_TAG_variable
	.byte	2                               @ DW_AT_location
	.byte	145
	.byte	12
	.long	.Linfo_string243                @ DW_AT_name
	.byte	7                               @ DW_AT_decl_file
	.short	2146                            @ DW_AT_decl_line
	.long	307                             @ DW_AT_type
	.byte	27                              @ Abbrev [27] 0x1141:0xf DW_TAG_variable
	.byte	2                               @ DW_AT_location
	.byte	145
	.byte	8
	.long	.Linfo_string244                @ DW_AT_name
	.byte	7                               @ DW_AT_decl_file
	.short	2147                            @ DW_AT_decl_line
	.long	307                             @ DW_AT_type
	.byte	0                               @ End Of Children Mark
	.byte	26                              @ Abbrev [26] 0x1151:0x35 DW_TAG_subprogram
	.long	.Lfunc_begin37                  @ DW_AT_low_pc
	.long	.Lfunc_end37-.Lfunc_begin37     @ DW_AT_high_pc
	.byte	1                               @ DW_AT_frame_base
	.byte	93
	.long	.Linfo_string170                @ DW_AT_name
	.byte	7                               @ DW_AT_decl_file
	.short	2321                            @ DW_AT_decl_line
                                        @ DW_AT_prototyped
	.long	5030                            @ DW_AT_type
                                        @ DW_AT_external
	.byte	25                              @ Abbrev [25] 0x1167:0xf DW_TAG_formal_parameter
	.byte	2                               @ DW_AT_location
	.byte	145
	.byte	4
	.long	.Linfo_string181                @ DW_AT_name
	.byte	7                               @ DW_AT_decl_file
	.short	2321                            @ DW_AT_decl_line
	.long	722                             @ DW_AT_type
	.byte	25                              @ Abbrev [25] 0x1176:0xf DW_TAG_formal_parameter
	.byte	2                               @ DW_AT_location
	.byte	145
	.byte	0
	.long	.Linfo_string245                @ DW_AT_name
	.byte	7                               @ DW_AT_decl_file
	.short	2321                            @ DW_AT_decl_line
	.long	307                             @ DW_AT_type
	.byte	0                               @ End Of Children Mark
	.byte	26                              @ Abbrev [26] 0x1186:0x53 DW_TAG_subprogram
	.long	.Lfunc_begin38                  @ DW_AT_low_pc
	.long	.Lfunc_end38-.Lfunc_begin38     @ DW_AT_high_pc
	.byte	1                               @ DW_AT_frame_base
	.byte	93
	.long	.Linfo_string171                @ DW_AT_name
	.byte	7                               @ DW_AT_decl_file
	.short	2415                            @ DW_AT_decl_line
                                        @ DW_AT_prototyped
	.long	5030                            @ DW_AT_type
                                        @ DW_AT_external
	.byte	25                              @ Abbrev [25] 0x119c:0xf DW_TAG_formal_parameter
	.byte	2                               @ DW_AT_location
	.byte	145
	.byte	16
	.long	.Linfo_string181                @ DW_AT_name
	.byte	7                               @ DW_AT_decl_file
	.short	2415                            @ DW_AT_decl_line
	.long	722                             @ DW_AT_type
	.byte	25                              @ Abbrev [25] 0x11ab:0xf DW_TAG_formal_parameter
	.byte	2                               @ DW_AT_location
	.byte	145
	.byte	12
	.long	.Linfo_string246                @ DW_AT_name
	.byte	7                               @ DW_AT_decl_file
	.short	2415                            @ DW_AT_decl_line
	.long	307                             @ DW_AT_type
	.byte	25                              @ Abbrev [25] 0x11ba:0xf DW_TAG_formal_parameter
	.byte	2                               @ DW_AT_location
	.byte	145
	.byte	8
	.long	.Linfo_string76                 @ DW_AT_name
	.byte	7                               @ DW_AT_decl_file
	.short	2415                            @ DW_AT_decl_line
	.long	307                             @ DW_AT_type
	.byte	27                              @ Abbrev [27] 0x11c9:0xf DW_TAG_variable
	.byte	2                               @ DW_AT_location
	.byte	145
	.byte	7
	.long	.Linfo_string206                @ DW_AT_name
	.byte	7                               @ DW_AT_decl_file
	.short	2417                            @ DW_AT_decl_line
	.long	5030                            @ DW_AT_type
	.byte	0                               @ End Of Children Mark
	.byte	26                              @ Abbrev [26] 0x11d9:0x35 DW_TAG_subprogram
	.long	.Lfunc_begin39                  @ DW_AT_low_pc
	.long	.Lfunc_end39-.Lfunc_begin39     @ DW_AT_high_pc
	.byte	1                               @ DW_AT_frame_base
	.byte	93
	.long	.Linfo_string172                @ DW_AT_name
	.byte	7                               @ DW_AT_decl_file
	.short	2460                            @ DW_AT_decl_line
                                        @ DW_AT_prototyped
	.long	5030                            @ DW_AT_type
                                        @ DW_AT_external
	.byte	25                              @ Abbrev [25] 0x11ef:0xf DW_TAG_formal_parameter
	.byte	2                               @ DW_AT_location
	.byte	145
	.byte	4
	.long	.Linfo_string181                @ DW_AT_name
	.byte	7                               @ DW_AT_decl_file
	.short	2460                            @ DW_AT_decl_line
	.long	722                             @ DW_AT_type
	.byte	25                              @ Abbrev [25] 0x11fe:0xf DW_TAG_formal_parameter
	.byte	2                               @ DW_AT_location
	.byte	145
	.byte	0
	.long	.Linfo_string247                @ DW_AT_name
	.byte	7                               @ DW_AT_decl_file
	.short	2460                            @ DW_AT_decl_line
	.long	307                             @ DW_AT_type
	.byte	0                               @ End Of Children Mark
	.byte	26                              @ Abbrev [26] 0x120e:0x53 DW_TAG_subprogram
	.long	.Lfunc_begin40                  @ DW_AT_low_pc
	.long	.Lfunc_end40-.Lfunc_begin40     @ DW_AT_high_pc
	.byte	1                               @ DW_AT_frame_base
	.byte	93
	.long	.Linfo_string173                @ DW_AT_name
	.byte	7                               @ DW_AT_decl_file
	.short	2499                            @ DW_AT_decl_line
                                        @ DW_AT_prototyped
	.long	5030                            @ DW_AT_type
                                        @ DW_AT_external
	.byte	25                              @ Abbrev [25] 0x1224:0xf DW_TAG_formal_parameter
	.byte	2                               @ DW_AT_location
	.byte	145
	.byte	16
	.long	.Linfo_string181                @ DW_AT_name
	.byte	7                               @ DW_AT_decl_file
	.short	2499                            @ DW_AT_decl_line
	.long	722                             @ DW_AT_type
	.byte	25                              @ Abbrev [25] 0x1233:0xf DW_TAG_formal_parameter
	.byte	2                               @ DW_AT_location
	.byte	145
	.byte	12
	.long	.Linfo_string234                @ DW_AT_name
	.byte	7                               @ DW_AT_decl_file
	.short	2499                            @ DW_AT_decl_line
	.long	307                             @ DW_AT_type
	.byte	27                              @ Abbrev [27] 0x1242:0xf DW_TAG_variable
	.byte	2                               @ DW_AT_location
	.byte	145
	.byte	11
	.long	.Linfo_string206                @ DW_AT_name
	.byte	7                               @ DW_AT_decl_file
	.short	2501                            @ DW_AT_decl_line
	.long	5030                            @ DW_AT_type
	.byte	27                              @ Abbrev [27] 0x1251:0xf DW_TAG_variable
	.byte	2                               @ DW_AT_location
	.byte	145
	.byte	4
	.long	.Linfo_string233                @ DW_AT_name
	.byte	7                               @ DW_AT_decl_file
	.short	2502                            @ DW_AT_decl_line
	.long	307                             @ DW_AT_type
	.byte	0                               @ End Of Children Mark
	.byte	26                              @ Abbrev [26] 0x1261:0x53 DW_TAG_subprogram
	.long	.Lfunc_begin41                  @ DW_AT_low_pc
	.long	.Lfunc_end41-.Lfunc_begin41     @ DW_AT_high_pc
	.byte	1                               @ DW_AT_frame_base
	.byte	93
	.long	.Linfo_string174                @ DW_AT_name
	.byte	7                               @ DW_AT_decl_file
	.short	2553                            @ DW_AT_decl_line
                                        @ DW_AT_prototyped
	.long	5030                            @ DW_AT_type
                                        @ DW_AT_external
	.byte	25                              @ Abbrev [25] 0x1277:0xf DW_TAG_formal_parameter
	.byte	2                               @ DW_AT_location
	.byte	145
	.byte	16
	.long	.Linfo_string181                @ DW_AT_name
	.byte	7                               @ DW_AT_decl_file
	.short	2553                            @ DW_AT_decl_line
	.long	5551                            @ DW_AT_type
	.byte	25                              @ Abbrev [25] 0x1286:0xf DW_TAG_formal_parameter
	.byte	2                               @ DW_AT_location
	.byte	145
	.byte	12
	.long	.Linfo_string234                @ DW_AT_name
	.byte	7                               @ DW_AT_decl_file
	.short	2553                            @ DW_AT_decl_line
	.long	307                             @ DW_AT_type
	.byte	27                              @ Abbrev [27] 0x1295:0xf DW_TAG_variable
	.byte	2                               @ DW_AT_location
	.byte	145
	.byte	11
	.long	.Linfo_string206                @ DW_AT_name
	.byte	7                               @ DW_AT_decl_file
	.short	2555                            @ DW_AT_decl_line
	.long	5030                            @ DW_AT_type
	.byte	27                              @ Abbrev [27] 0x12a4:0xf DW_TAG_variable
	.byte	2                               @ DW_AT_location
	.byte	145
	.byte	4
	.long	.Linfo_string248                @ DW_AT_name
	.byte	7                               @ DW_AT_decl_file
	.short	2556                            @ DW_AT_decl_line
	.long	307                             @ DW_AT_type
	.byte	0                               @ End Of Children Mark
	.byte	24                              @ Abbrev [24] 0x12b4:0x22 DW_TAG_subprogram
	.long	.Lfunc_begin42                  @ DW_AT_low_pc
	.long	.Lfunc_end42-.Lfunc_begin42     @ DW_AT_high_pc
	.byte	1                               @ DW_AT_frame_base
	.byte	93
	.long	.Linfo_string175                @ DW_AT_name
	.byte	7                               @ DW_AT_decl_file
	.short	2643                            @ DW_AT_decl_line
                                        @ DW_AT_prototyped
                                        @ DW_AT_external
	.byte	25                              @ Abbrev [25] 0x12c6:0xf DW_TAG_formal_parameter
	.byte	2                               @ DW_AT_location
	.byte	145
	.byte	0
	.long	.Linfo_string181                @ DW_AT_name
	.byte	7                               @ DW_AT_decl_file
	.short	2643                            @ DW_AT_decl_line
	.long	722                             @ DW_AT_type
	.byte	0                               @ End Of Children Mark
	.byte	24                              @ Abbrev [24] 0x12d6:0x22 DW_TAG_subprogram
	.long	.Lfunc_begin43                  @ DW_AT_low_pc
	.long	.Lfunc_end43-.Lfunc_begin43     @ DW_AT_high_pc
	.byte	1                               @ DW_AT_frame_base
	.byte	93
	.long	.Linfo_string176                @ DW_AT_name
	.byte	7                               @ DW_AT_decl_file
	.short	2657                            @ DW_AT_decl_line
                                        @ DW_AT_prototyped
                                        @ DW_AT_external
	.byte	25                              @ Abbrev [25] 0x12e8:0xf DW_TAG_formal_parameter
	.byte	2                               @ DW_AT_location
	.byte	145
	.byte	0
	.long	.Linfo_string181                @ DW_AT_name
	.byte	7                               @ DW_AT_decl_file
	.short	2657                            @ DW_AT_decl_line
	.long	722                             @ DW_AT_type
	.byte	0                               @ End Of Children Mark
	.byte	24                              @ Abbrev [24] 0x12f8:0x22 DW_TAG_subprogram
	.long	.Lfunc_begin44                  @ DW_AT_low_pc
	.long	.Lfunc_end44-.Lfunc_begin44     @ DW_AT_high_pc
	.byte	1                               @ DW_AT_frame_base
	.byte	93
	.long	.Linfo_string177                @ DW_AT_name
	.byte	7                               @ DW_AT_decl_file
	.short	2672                            @ DW_AT_decl_line
                                        @ DW_AT_prototyped
                                        @ DW_AT_external
	.byte	25                              @ Abbrev [25] 0x130a:0xf DW_TAG_formal_parameter
	.byte	2                               @ DW_AT_location
	.byte	145
	.byte	0
	.long	.Linfo_string181                @ DW_AT_name
	.byte	7                               @ DW_AT_decl_file
	.short	2672                            @ DW_AT_decl_line
	.long	722                             @ DW_AT_type
	.byte	0                               @ End Of Children Mark
	.byte	24                              @ Abbrev [24] 0x131a:0x22 DW_TAG_subprogram
	.long	.Lfunc_begin45                  @ DW_AT_low_pc
	.long	.Lfunc_end45-.Lfunc_begin45     @ DW_AT_high_pc
	.byte	1                               @ DW_AT_frame_base
	.byte	93
	.long	.Linfo_string178                @ DW_AT_name
	.byte	7                               @ DW_AT_decl_file
	.short	2687                            @ DW_AT_decl_line
                                        @ DW_AT_prototyped
                                        @ DW_AT_external
	.byte	25                              @ Abbrev [25] 0x132c:0xf DW_TAG_formal_parameter
	.byte	2                               @ DW_AT_location
	.byte	145
	.byte	0
	.long	.Linfo_string181                @ DW_AT_name
	.byte	7                               @ DW_AT_decl_file
	.short	2687                            @ DW_AT_decl_line
	.long	722                             @ DW_AT_type
	.byte	0                               @ End Of Children Mark
	.byte	26                              @ Abbrev [26] 0x133c:0x26 DW_TAG_subprogram
	.long	.Lfunc_begin46                  @ DW_AT_low_pc
	.long	.Lfunc_end46-.Lfunc_begin46     @ DW_AT_high_pc
	.byte	1                               @ DW_AT_frame_base
	.byte	93
	.long	.Linfo_string179                @ DW_AT_name
	.byte	7                               @ DW_AT_decl_file
	.short	2720                            @ DW_AT_decl_line
                                        @ DW_AT_prototyped
	.long	1626                            @ DW_AT_type
                                        @ DW_AT_external
	.byte	25                              @ Abbrev [25] 0x1352:0xf DW_TAG_formal_parameter
	.byte	2                               @ DW_AT_location
	.byte	145
	.byte	0
	.long	.Linfo_string181                @ DW_AT_name
	.byte	7                               @ DW_AT_decl_file
	.short	2720                            @ DW_AT_decl_line
	.long	5551                            @ DW_AT_type
	.byte	0                               @ End Of Children Mark
	.byte	26                              @ Abbrev [26] 0x1362:0x44 DW_TAG_subprogram
	.long	.Lfunc_begin47                  @ DW_AT_low_pc
	.long	.Lfunc_end47-.Lfunc_begin47     @ DW_AT_high_pc
	.byte	1                               @ DW_AT_frame_base
	.byte	93
	.long	.Linfo_string180                @ DW_AT_name
	.byte	7                               @ DW_AT_decl_file
	.short	2735                            @ DW_AT_decl_line
                                        @ DW_AT_prototyped
	.long	1655                            @ DW_AT_type
                                        @ DW_AT_external
	.byte	25                              @ Abbrev [25] 0x1378:0xf DW_TAG_formal_parameter
	.byte	2                               @ DW_AT_location
	.byte	145
	.byte	20
	.long	.Linfo_string181                @ DW_AT_name
	.byte	7                               @ DW_AT_decl_file
	.short	2735                            @ DW_AT_decl_line
	.long	5551                            @ DW_AT_type
	.byte	25                              @ Abbrev [25] 0x1387:0xf DW_TAG_formal_parameter
	.byte	2                               @ DW_AT_location
	.byte	145
	.byte	16
	.long	.Linfo_string249                @ DW_AT_name
	.byte	7                               @ DW_AT_decl_file
	.short	2735                            @ DW_AT_decl_line
	.long	307                             @ DW_AT_type
	.byte	27                              @ Abbrev [27] 0x1396:0xf DW_TAG_variable
	.byte	2                               @ DW_AT_location
	.byte	145
	.byte	15
	.long	.Linfo_string250                @ DW_AT_name
	.byte	7                               @ DW_AT_decl_file
	.short	2737                            @ DW_AT_decl_line
	.long	1655                            @ DW_AT_type
	.byte	0                               @ End Of Children Mark
	.byte	6                               @ Abbrev [6] 0x13a6:0xb DW_TAG_typedef
	.long	38                              @ DW_AT_type
	.long	.Linfo_string133                @ DW_AT_name
	.byte	1                               @ DW_AT_decl_file
	.byte	45                              @ DW_AT_decl_line
	.byte	7                               @ Abbrev [7] 0x13b1:0x5 DW_TAG_pointer_type
	.long	5046                            @ DW_AT_type
	.byte	29                              @ Abbrev [29] 0x13b6:0x5 DW_TAG_const_type
	.long	5051                            @ DW_AT_type
	.byte	6                               @ Abbrev [6] 0x13bb:0xb DW_TAG_typedef
	.long	5062                            @ DW_AT_type
	.long	.Linfo_string187                @ DW_AT_name
	.byte	8                               @ DW_AT_decl_file
	.byte	60                              @ DW_AT_decl_line
	.byte	12                              @ Abbrev [12] 0x13c6:0x35 DW_TAG_structure_type
	.byte	16                              @ DW_AT_byte_size
	.byte	8                               @ DW_AT_decl_file
	.byte	47                              @ DW_AT_decl_line
	.byte	13                              @ Abbrev [13] 0x13ca:0xc DW_TAG_member
	.long	.Linfo_string183                @ DW_AT_name
	.long	307                             @ DW_AT_type
	.byte	8                               @ DW_AT_decl_file
	.byte	49                              @ DW_AT_decl_line
	.byte	0                               @ DW_AT_data_member_location
	.byte	13                              @ Abbrev [13] 0x13d6:0xc DW_TAG_member
	.long	.Linfo_string184                @ DW_AT_name
	.long	307                             @ DW_AT_type
	.byte	8                               @ DW_AT_decl_file
	.byte	52                              @ DW_AT_decl_line
	.byte	4                               @ DW_AT_data_member_location
	.byte	13                              @ Abbrev [13] 0x13e2:0xc DW_TAG_member
	.long	.Linfo_string185                @ DW_AT_name
	.long	307                             @ DW_AT_type
	.byte	8                               @ DW_AT_decl_file
	.byte	55                              @ DW_AT_decl_line
	.byte	8                               @ DW_AT_data_member_location
	.byte	13                              @ Abbrev [13] 0x13ee:0xc DW_TAG_member
	.long	.Linfo_string186                @ DW_AT_name
	.long	307                             @ DW_AT_type
	.byte	8                               @ DW_AT_decl_file
	.byte	58                              @ DW_AT_decl_line
	.byte	12                              @ DW_AT_data_member_location
	.byte	0                               @ End Of Children Mark
	.byte	6                               @ Abbrev [6] 0x13fb:0xb DW_TAG_typedef
	.long	5126                            @ DW_AT_type
	.long	.Linfo_string196                @ DW_AT_name
	.byte	2                               @ DW_AT_decl_file
	.byte	106                             @ DW_AT_decl_line
	.byte	12                              @ Abbrev [12] 0x1406:0x59 DW_TAG_structure_type
	.byte	28                              @ DW_AT_byte_size
	.byte	2                               @ DW_AT_decl_file
	.byte	79                              @ DW_AT_decl_line
	.byte	13                              @ Abbrev [13] 0x140a:0xc DW_TAG_member
	.long	.Linfo_string189                @ DW_AT_name
	.long	307                             @ DW_AT_type
	.byte	2                               @ DW_AT_decl_file
	.byte	81                              @ DW_AT_decl_line
	.byte	0                               @ DW_AT_data_member_location
	.byte	13                              @ Abbrev [13] 0x1416:0xc DW_TAG_member
	.long	.Linfo_string190                @ DW_AT_name
	.long	307                             @ DW_AT_type
	.byte	2                               @ DW_AT_decl_file
	.byte	84                              @ DW_AT_decl_line
	.byte	4                               @ DW_AT_data_member_location
	.byte	13                              @ Abbrev [13] 0x1422:0xc DW_TAG_member
	.long	.Linfo_string191                @ DW_AT_name
	.long	307                             @ DW_AT_type
	.byte	2                               @ DW_AT_decl_file
	.byte	87                              @ DW_AT_decl_line
	.byte	8                               @ DW_AT_data_member_location
	.byte	13                              @ Abbrev [13] 0x142e:0xc DW_TAG_member
	.long	.Linfo_string192                @ DW_AT_name
	.long	307                             @ DW_AT_type
	.byte	2                               @ DW_AT_decl_file
	.byte	90                              @ DW_AT_decl_line
	.byte	12                              @ DW_AT_data_member_location
	.byte	13                              @ Abbrev [13] 0x143a:0xc DW_TAG_member
	.long	.Linfo_string193                @ DW_AT_name
	.long	307                             @ DW_AT_type
	.byte	2                               @ DW_AT_decl_file
	.byte	94                              @ DW_AT_decl_line
	.byte	16                              @ DW_AT_data_member_location
	.byte	13                              @ Abbrev [13] 0x1446:0xc DW_TAG_member
	.long	.Linfo_string194                @ DW_AT_name
	.long	307                             @ DW_AT_type
	.byte	2                               @ DW_AT_decl_file
	.byte	99                              @ DW_AT_decl_line
	.byte	20                              @ DW_AT_data_member_location
	.byte	13                              @ Abbrev [13] 0x1452:0xc DW_TAG_member
	.long	.Linfo_string195                @ DW_AT_name
	.long	307                             @ DW_AT_type
	.byte	2                               @ DW_AT_decl_file
	.byte	103                             @ DW_AT_decl_line
	.byte	24                              @ DW_AT_data_member_location
	.byte	0                               @ End Of Children Mark
	.byte	7                               @ Abbrev [7] 0x145f:0x5 DW_TAG_pointer_type
	.long	307                             @ DW_AT_type
	.byte	7                               @ Abbrev [7] 0x1464:0x5 DW_TAG_pointer_type
	.long	5225                            @ DW_AT_type
	.byte	29                              @ Abbrev [29] 0x1469:0x5 DW_TAG_const_type
	.long	307                             @ DW_AT_type
	.byte	7                               @ Abbrev [7] 0x146e:0x5 DW_TAG_pointer_type
	.long	5235                            @ DW_AT_type
	.byte	29                              @ Abbrev [29] 0x1473:0x5 DW_TAG_const_type
	.long	5240                            @ DW_AT_type
	.byte	6                               @ Abbrev [6] 0x1478:0xb DW_TAG_typedef
	.long	5251                            @ DW_AT_type
	.long	.Linfo_string216                @ DW_AT_name
	.byte	2                               @ DW_AT_decl_file
	.byte	246                             @ DW_AT_decl_line
	.byte	12                              @ Abbrev [12] 0x1483:0x29 DW_TAG_structure_type
	.byte	12                              @ DW_AT_byte_size
	.byte	2                               @ DW_AT_decl_file
	.byte	233                             @ DW_AT_decl_line
	.byte	13                              @ Abbrev [13] 0x1487:0xc DW_TAG_member
	.long	.Linfo_string213                @ DW_AT_name
	.long	307                             @ DW_AT_type
	.byte	2                               @ DW_AT_decl_file
	.byte	235                             @ DW_AT_decl_line
	.byte	0                               @ DW_AT_data_member_location
	.byte	13                              @ Abbrev [13] 0x1493:0xc DW_TAG_member
	.long	.Linfo_string214                @ DW_AT_name
	.long	307                             @ DW_AT_type
	.byte	2                               @ DW_AT_decl_file
	.byte	237                             @ DW_AT_decl_line
	.byte	4                               @ DW_AT_data_member_location
	.byte	13                              @ Abbrev [13] 0x149f:0xc DW_TAG_member
	.long	.Linfo_string215                @ DW_AT_name
	.long	307                             @ DW_AT_type
	.byte	2                               @ DW_AT_decl_file
	.byte	239                             @ DW_AT_decl_line
	.byte	8                               @ DW_AT_data_member_location
	.byte	0                               @ End Of Children Mark
	.byte	7                               @ Abbrev [7] 0x14ac:0x5 DW_TAG_pointer_type
	.long	5297                            @ DW_AT_type
	.byte	29                              @ Abbrev [29] 0x14b1:0x5 DW_TAG_const_type
	.long	5302                            @ DW_AT_type
	.byte	8                               @ Abbrev [8] 0x14b6:0xc DW_TAG_typedef
	.long	5314                            @ DW_AT_type
	.long	.Linfo_string232                @ DW_AT_name
	.byte	2                               @ DW_AT_decl_file
	.short	303                             @ DW_AT_decl_line
	.byte	9                               @ Abbrev [9] 0x14c2:0xaf DW_TAG_structure_type
	.byte	52                              @ DW_AT_byte_size
	.byte	2                               @ DW_AT_decl_file
	.short	271                             @ DW_AT_decl_line
	.byte	10                              @ Abbrev [10] 0x14c7:0xd DW_TAG_member
	.long	.Linfo_string219                @ DW_AT_name
	.long	307                             @ DW_AT_type
	.byte	2                               @ DW_AT_decl_file
	.short	273                             @ DW_AT_decl_line
	.byte	0                               @ DW_AT_data_member_location
	.byte	10                              @ Abbrev [10] 0x14d4:0xd DW_TAG_member
	.long	.Linfo_string220                @ DW_AT_name
	.long	307                             @ DW_AT_type
	.byte	2                               @ DW_AT_decl_file
	.short	275                             @ DW_AT_decl_line
	.byte	4                               @ DW_AT_data_member_location
	.byte	10                              @ Abbrev [10] 0x14e1:0xd DW_TAG_member
	.long	.Linfo_string221                @ DW_AT_name
	.long	307                             @ DW_AT_type
	.byte	2                               @ DW_AT_decl_file
	.short	277                             @ DW_AT_decl_line
	.byte	8                               @ DW_AT_data_member_location
	.byte	10                              @ Abbrev [10] 0x14ee:0xd DW_TAG_member
	.long	.Linfo_string222                @ DW_AT_name
	.long	307                             @ DW_AT_type
	.byte	2                               @ DW_AT_decl_file
	.short	279                             @ DW_AT_decl_line
	.byte	12                              @ DW_AT_data_member_location
	.byte	10                              @ Abbrev [10] 0x14fb:0xd DW_TAG_member
	.long	.Linfo_string223                @ DW_AT_name
	.long	307                             @ DW_AT_type
	.byte	2                               @ DW_AT_decl_file
	.short	281                             @ DW_AT_decl_line
	.byte	16                              @ DW_AT_data_member_location
	.byte	10                              @ Abbrev [10] 0x1508:0xd DW_TAG_member
	.long	.Linfo_string224                @ DW_AT_name
	.long	307                             @ DW_AT_type
	.byte	2                               @ DW_AT_decl_file
	.short	283                             @ DW_AT_decl_line
	.byte	20                              @ DW_AT_data_member_location
	.byte	10                              @ Abbrev [10] 0x1515:0xd DW_TAG_member
	.long	.Linfo_string225                @ DW_AT_name
	.long	307                             @ DW_AT_type
	.byte	2                               @ DW_AT_decl_file
	.short	285                             @ DW_AT_decl_line
	.byte	24                              @ DW_AT_data_member_location
	.byte	10                              @ Abbrev [10] 0x1522:0xd DW_TAG_member
	.long	.Linfo_string226                @ DW_AT_name
	.long	307                             @ DW_AT_type
	.byte	2                               @ DW_AT_decl_file
	.short	288                             @ DW_AT_decl_line
	.byte	28                              @ DW_AT_data_member_location
	.byte	10                              @ Abbrev [10] 0x152f:0xd DW_TAG_member
	.long	.Linfo_string227                @ DW_AT_name
	.long	307                             @ DW_AT_type
	.byte	2                               @ DW_AT_decl_file
	.short	291                             @ DW_AT_decl_line
	.byte	32                              @ DW_AT_data_member_location
	.byte	10                              @ Abbrev [10] 0x153c:0xd DW_TAG_member
	.long	.Linfo_string228                @ DW_AT_name
	.long	307                             @ DW_AT_type
	.byte	2                               @ DW_AT_decl_file
	.short	293                             @ DW_AT_decl_line
	.byte	36                              @ DW_AT_data_member_location
	.byte	10                              @ Abbrev [10] 0x1549:0xd DW_TAG_member
	.long	.Linfo_string229                @ DW_AT_name
	.long	307                             @ DW_AT_type
	.byte	2                               @ DW_AT_decl_file
	.short	295                             @ DW_AT_decl_line
	.byte	40                              @ DW_AT_data_member_location
	.byte	10                              @ Abbrev [10] 0x1556:0xd DW_TAG_member
	.long	.Linfo_string230                @ DW_AT_name
	.long	307                             @ DW_AT_type
	.byte	2                               @ DW_AT_decl_file
	.short	298                             @ DW_AT_decl_line
	.byte	44                              @ DW_AT_data_member_location
	.byte	10                              @ Abbrev [10] 0x1563:0xd DW_TAG_member
	.long	.Linfo_string231                @ DW_AT_name
	.long	307                             @ DW_AT_type
	.byte	2                               @ DW_AT_decl_file
	.short	301                             @ DW_AT_decl_line
	.byte	48                              @ DW_AT_data_member_location
	.byte	0                               @ End Of Children Mark
	.byte	7                               @ Abbrev [7] 0x1571:0x5 DW_TAG_pointer_type
	.long	5494                            @ DW_AT_type
	.byte	29                              @ Abbrev [29] 0x1576:0x5 DW_TAG_const_type
	.long	5499                            @ DW_AT_type
	.byte	6                               @ Abbrev [6] 0x157b:0xb DW_TAG_typedef
	.long	5510                            @ DW_AT_type
	.long	.Linfo_string239                @ DW_AT_name
	.byte	8                               @ DW_AT_decl_file
	.byte	75                              @ DW_AT_decl_line
	.byte	12                              @ Abbrev [12] 0x1586:0x29 DW_TAG_structure_type
	.byte	12                              @ DW_AT_byte_size
	.byte	8                               @ DW_AT_decl_file
	.byte	66                              @ DW_AT_decl_line
	.byte	13                              @ Abbrev [13] 0x158a:0xc DW_TAG_member
	.long	.Linfo_string236                @ DW_AT_name
	.long	307                             @ DW_AT_type
	.byte	8                               @ DW_AT_decl_file
	.byte	68                              @ DW_AT_decl_line
	.byte	0                               @ DW_AT_data_member_location
	.byte	13                              @ Abbrev [13] 0x1596:0xc DW_TAG_member
	.long	.Linfo_string237                @ DW_AT_name
	.long	307                             @ DW_AT_type
	.byte	8                               @ DW_AT_decl_file
	.byte	70                              @ DW_AT_decl_line
	.byte	4                               @ DW_AT_data_member_location
	.byte	13                              @ Abbrev [13] 0x15a2:0xc DW_TAG_member
	.long	.Linfo_string238                @ DW_AT_name
	.long	307                             @ DW_AT_type
	.byte	8                               @ DW_AT_decl_file
	.byte	72                              @ DW_AT_decl_line
	.byte	8                               @ DW_AT_data_member_location
	.byte	0                               @ End Of Children Mark
	.byte	7                               @ Abbrev [7] 0x15af:0x5 DW_TAG_pointer_type
	.long	5556                            @ DW_AT_type
	.byte	29                              @ Abbrev [29] 0x15b4:0x5 DW_TAG_const_type
	.long	727                             @ DW_AT_type
	.byte	0                               @ End Of Children Mark
.Ldebug_info_end0:
	.section	.debug_ranges,"",%progbits
.Ldebug_ranges0:
	.long	.Lfunc_begin0
	.long	.Lfunc_end0
	.long	.Lfunc_begin1
	.long	.Lfunc_end1
	.long	.Lfunc_begin2
	.long	.Lfunc_end2
	.long	.Lfunc_begin3
	.long	.Lfunc_end3
	.long	.Lfunc_begin4
	.long	.Lfunc_end4
	.long	.Lfunc_begin5
	.long	.Lfunc_end5
	.long	.Lfunc_begin6
	.long	.Lfunc_end6
	.long	.Lfunc_begin7
	.long	.Lfunc_end7
	.long	.Lfunc_begin8
	.long	.Lfunc_end8
	.long	.Lfunc_begin9
	.long	.Lfunc_end9
	.long	.Lfunc_begin10
	.long	.Lfunc_end10
	.long	.Lfunc_begin11
	.long	.Lfunc_end11
	.long	.Lfunc_begin12
	.long	.Lfunc_end12
	.long	.Lfunc_begin13
	.long	.Lfunc_end13
	.long	.Lfunc_begin14
	.long	.Lfunc_end14
	.long	.Lfunc_begin15
	.long	.Lfunc_end15
	.long	.Lfunc_begin16
	.long	.Lfunc_end16
	.long	.Lfunc_begin17
	.long	.Lfunc_end17
	.long	.Lfunc_begin18
	.long	.Lfunc_end18
	.long	.Lfunc_begin19
	.long	.Lfunc_end19
	.long	.Lfunc_begin20
	.long	.Lfunc_end20
	.long	.Lfunc_begin21
	.long	.Lfunc_end21
	.long	.Lfunc_begin22
	.long	.Lfunc_end22
	.long	.Lfunc_begin23
	.long	.Lfunc_end23
	.long	.Lfunc_begin24
	.long	.Lfunc_end24
	.long	.Lfunc_begin25
	.long	.Lfunc_end25
	.long	.Lfunc_begin26
	.long	.Lfunc_end26
	.long	.Lfunc_begin27
	.long	.Lfunc_end27
	.long	.Lfunc_begin28
	.long	.Lfunc_end28
	.long	.Lfunc_begin29
	.long	.Lfunc_end29
	.long	.Lfunc_begin30
	.long	.Lfunc_end30
	.long	.Lfunc_begin31
	.long	.Lfunc_end31
	.long	.Lfunc_begin32
	.long	.Lfunc_end32
	.long	.Lfunc_begin33
	.long	.Lfunc_end33
	.long	.Lfunc_begin34
	.long	.Lfunc_end34
	.long	.Lfunc_begin35
	.long	.Lfunc_end35
	.long	.Lfunc_begin36
	.long	.Lfunc_end36
	.long	.Lfunc_begin37
	.long	.Lfunc_end37
	.long	.Lfunc_begin38
	.long	.Lfunc_end38
	.long	.Lfunc_begin39
	.long	.Lfunc_end39
	.long	.Lfunc_begin40
	.long	.Lfunc_end40
	.long	.Lfunc_begin41
	.long	.Lfunc_end41
	.long	.Lfunc_begin42
	.long	.Lfunc_end42
	.long	.Lfunc_begin43
	.long	.Lfunc_end43
	.long	.Lfunc_begin44
	.long	.Lfunc_end44
	.long	.Lfunc_begin45
	.long	.Lfunc_end45
	.long	.Lfunc_begin46
	.long	.Lfunc_end46
	.long	.Lfunc_begin47
	.long	.Lfunc_end47
	.long	0
	.long	0
	.section	.debug_str,"MS",%progbits,1
.Linfo_string0:
	.asciz	"Component: Arm Compiler for Embedded 6.24 Tool: armclang [5f371800]" @ string offset=0
.Linfo_string1:
	.asciz	"../Drivers/STM32H7xx_HAL_Driver/Src\\stm32h7xx_hal_tim_ex.c" @ string offset=68
.Linfo_string2:
	.asciz	"D:\\stm32_project\\daily_work\\new_bubing\\cod_update_2.0\\COD_H7_Template\\MDK-ARM" @ string offset=127
.Linfo_string3:
	.asciz	"unsigned char"                 @ string offset=205
.Linfo_string4:
	.asciz	"HAL_OK"                        @ string offset=219
.Linfo_string5:
	.asciz	"HAL_ERROR"                     @ string offset=226
.Linfo_string6:
	.asciz	"HAL_BUSY"                      @ string offset=236
.Linfo_string7:
	.asciz	"HAL_TIMEOUT"                   @ string offset=245
.Linfo_string8:
	.asciz	"HAL_TIM_ACTIVE_CHANNEL_1"      @ string offset=257
.Linfo_string9:
	.asciz	"HAL_TIM_ACTIVE_CHANNEL_2"      @ string offset=282
.Linfo_string10:
	.asciz	"HAL_TIM_ACTIVE_CHANNEL_3"      @ string offset=307
.Linfo_string11:
	.asciz	"HAL_TIM_ACTIVE_CHANNEL_4"      @ string offset=332
.Linfo_string12:
	.asciz	"HAL_TIM_ACTIVE_CHANNEL_5"      @ string offset=357
.Linfo_string13:
	.asciz	"HAL_TIM_ACTIVE_CHANNEL_6"      @ string offset=382
.Linfo_string14:
	.asciz	"HAL_TIM_ACTIVE_CHANNEL_CLEARED" @ string offset=407
.Linfo_string15:
	.asciz	"HAL_UNLOCKED"                  @ string offset=438
.Linfo_string16:
	.asciz	"HAL_LOCKED"                    @ string offset=451
.Linfo_string17:
	.asciz	"HAL_DMA_STATE_RESET"           @ string offset=462
.Linfo_string18:
	.asciz	"HAL_DMA_STATE_READY"           @ string offset=482
.Linfo_string19:
	.asciz	"HAL_DMA_STATE_BUSY"            @ string offset=502
.Linfo_string20:
	.asciz	"HAL_DMA_STATE_ERROR"           @ string offset=521
.Linfo_string21:
	.asciz	"HAL_DMA_STATE_ABORT"           @ string offset=541
.Linfo_string22:
	.asciz	"HAL_TIM_STATE_RESET"           @ string offset=561
.Linfo_string23:
	.asciz	"HAL_TIM_STATE_READY"           @ string offset=581
.Linfo_string24:
	.asciz	"HAL_TIM_STATE_BUSY"            @ string offset=601
.Linfo_string25:
	.asciz	"HAL_TIM_STATE_TIMEOUT"         @ string offset=620
.Linfo_string26:
	.asciz	"HAL_TIM_STATE_ERROR"           @ string offset=642
.Linfo_string27:
	.asciz	"HAL_TIM_CHANNEL_STATE_RESET"   @ string offset=662
.Linfo_string28:
	.asciz	"HAL_TIM_CHANNEL_STATE_READY"   @ string offset=690
.Linfo_string29:
	.asciz	"HAL_TIM_CHANNEL_STATE_BUSY"    @ string offset=718
.Linfo_string30:
	.asciz	"HAL_DMA_BURST_STATE_RESET"     @ string offset=745
.Linfo_string31:
	.asciz	"HAL_DMA_BURST_STATE_READY"     @ string offset=771
.Linfo_string32:
	.asciz	"HAL_DMA_BURST_STATE_BUSY"      @ string offset=797
.Linfo_string33:
	.asciz	"RESET"                         @ string offset=822
.Linfo_string34:
	.asciz	"SET"                           @ string offset=828
.Linfo_string35:
	.asciz	"unsigned int"                  @ string offset=832
.Linfo_string36:
	.asciz	"uint32_t"                      @ string offset=845
.Linfo_string37:
	.asciz	"CR1"                           @ string offset=854
.Linfo_string38:
	.asciz	"CR2"                           @ string offset=858
.Linfo_string39:
	.asciz	"SMCR"                          @ string offset=862
.Linfo_string40:
	.asciz	"DIER"                          @ string offset=867
.Linfo_string41:
	.asciz	"SR"                            @ string offset=872
.Linfo_string42:
	.asciz	"EGR"                           @ string offset=875
.Linfo_string43:
	.asciz	"CCMR1"                         @ string offset=879
.Linfo_string44:
	.asciz	"CCMR2"                         @ string offset=885
.Linfo_string45:
	.asciz	"CCER"                          @ string offset=891
.Linfo_string46:
	.asciz	"CNT"                           @ string offset=896
.Linfo_string47:
	.asciz	"PSC"                           @ string offset=900
.Linfo_string48:
	.asciz	"ARR"                           @ string offset=904
.Linfo_string49:
	.asciz	"RCR"                           @ string offset=908
.Linfo_string50:
	.asciz	"CCR1"                          @ string offset=912
.Linfo_string51:
	.asciz	"CCR2"                          @ string offset=917
.Linfo_string52:
	.asciz	"CCR3"                          @ string offset=922
.Linfo_string53:
	.asciz	"CCR4"                          @ string offset=927
.Linfo_string54:
	.asciz	"BDTR"                          @ string offset=932
.Linfo_string55:
	.asciz	"DCR"                           @ string offset=937
.Linfo_string56:
	.asciz	"DMAR"                          @ string offset=941
.Linfo_string57:
	.asciz	"RESERVED1"                     @ string offset=946
.Linfo_string58:
	.asciz	"CCMR3"                         @ string offset=956
.Linfo_string59:
	.asciz	"CCR5"                          @ string offset=962
.Linfo_string60:
	.asciz	"CCR6"                          @ string offset=967
.Linfo_string61:
	.asciz	"AF1"                           @ string offset=972
.Linfo_string62:
	.asciz	"AF2"                           @ string offset=976
.Linfo_string63:
	.asciz	"TISEL"                         @ string offset=980
.Linfo_string64:
	.asciz	"TIM_TypeDef"                   @ string offset=986
.Linfo_string65:
	.asciz	"unsigned short"                @ string offset=998
.Linfo_string66:
	.asciz	"uint16_t"                      @ string offset=1013
.Linfo_string67:
	.asciz	"Instance"                      @ string offset=1022
.Linfo_string68:
	.asciz	"Init"                          @ string offset=1031
.Linfo_string69:
	.asciz	"Prescaler"                     @ string offset=1036
.Linfo_string70:
	.asciz	"CounterMode"                   @ string offset=1046
.Linfo_string71:
	.asciz	"Period"                        @ string offset=1058
.Linfo_string72:
	.asciz	"ClockDivision"                 @ string offset=1065
.Linfo_string73:
	.asciz	"RepetitionCounter"             @ string offset=1079
.Linfo_string74:
	.asciz	"AutoReloadPreload"             @ string offset=1097
.Linfo_string75:
	.asciz	"TIM_Base_InitTypeDef"          @ string offset=1115
.Linfo_string76:
	.asciz	"Channel"                       @ string offset=1136
.Linfo_string77:
	.asciz	"HAL_TIM_ActiveChannel"         @ string offset=1144
.Linfo_string78:
	.asciz	"hdma"                          @ string offset=1166
.Linfo_string79:
	.asciz	"Request"                       @ string offset=1171
.Linfo_string80:
	.asciz	"Direction"                     @ string offset=1179
.Linfo_string81:
	.asciz	"PeriphInc"                     @ string offset=1189
.Linfo_string82:
	.asciz	"MemInc"                        @ string offset=1199
.Linfo_string83:
	.asciz	"PeriphDataAlignment"           @ string offset=1206
.Linfo_string84:
	.asciz	"MemDataAlignment"              @ string offset=1226
.Linfo_string85:
	.asciz	"Mode"                          @ string offset=1243
.Linfo_string86:
	.asciz	"Priority"                      @ string offset=1248
.Linfo_string87:
	.asciz	"FIFOMode"                      @ string offset=1257
.Linfo_string88:
	.asciz	"FIFOThreshold"                 @ string offset=1266
.Linfo_string89:
	.asciz	"MemBurst"                      @ string offset=1280
.Linfo_string90:
	.asciz	"PeriphBurst"                   @ string offset=1289
.Linfo_string91:
	.asciz	"DMA_InitTypeDef"               @ string offset=1301
.Linfo_string92:
	.asciz	"Lock"                          @ string offset=1317
.Linfo_string93:
	.asciz	"HAL_LockTypeDef"               @ string offset=1322
.Linfo_string94:
	.asciz	"State"                         @ string offset=1338
.Linfo_string95:
	.asciz	"HAL_DMA_StateTypeDef"          @ string offset=1344
.Linfo_string96:
	.asciz	"Parent"                        @ string offset=1365
.Linfo_string97:
	.asciz	"XferCpltCallback"              @ string offset=1372
.Linfo_string98:
	.asciz	"XferHalfCpltCallback"          @ string offset=1389
.Linfo_string99:
	.asciz	"XferM1CpltCallback"            @ string offset=1410
.Linfo_string100:
	.asciz	"XferM1HalfCpltCallback"        @ string offset=1429
.Linfo_string101:
	.asciz	"XferErrorCallback"             @ string offset=1452
.Linfo_string102:
	.asciz	"XferAbortCallback"             @ string offset=1470
.Linfo_string103:
	.asciz	"ErrorCode"                     @ string offset=1488
.Linfo_string104:
	.asciz	"StreamBaseAddress"             @ string offset=1498
.Linfo_string105:
	.asciz	"StreamIndex"                   @ string offset=1516
.Linfo_string106:
	.asciz	"DMAmuxChannel"                 @ string offset=1528
.Linfo_string107:
	.asciz	"CCR"                           @ string offset=1542
.Linfo_string108:
	.asciz	"DMAMUX_Channel_TypeDef"        @ string offset=1546
.Linfo_string109:
	.asciz	"DMAmuxChannelStatus"           @ string offset=1569
.Linfo_string110:
	.asciz	"CSR"                           @ string offset=1589
.Linfo_string111:
	.asciz	"CFR"                           @ string offset=1593
.Linfo_string112:
	.asciz	"DMAMUX_ChannelStatus_TypeDef"  @ string offset=1597
.Linfo_string113:
	.asciz	"DMAmuxChannelStatusMask"       @ string offset=1626
.Linfo_string114:
	.asciz	"DMAmuxRequestGen"              @ string offset=1650
.Linfo_string115:
	.asciz	"RGCR"                          @ string offset=1667
.Linfo_string116:
	.asciz	"DMAMUX_RequestGen_TypeDef"     @ string offset=1672
.Linfo_string117:
	.asciz	"DMAmuxRequestGenStatus"        @ string offset=1698
.Linfo_string118:
	.asciz	"RGSR"                          @ string offset=1721
.Linfo_string119:
	.asciz	"RGCFR"                         @ string offset=1726
.Linfo_string120:
	.asciz	"DMAMUX_RequestGenStatus_TypeDef" @ string offset=1732
.Linfo_string121:
	.asciz	"DMAmuxRequestGenStatusMask"    @ string offset=1764
.Linfo_string122:
	.asciz	"__DMA_HandleTypeDef"           @ string offset=1791
.Linfo_string123:
	.asciz	"DMA_HandleTypeDef"             @ string offset=1811
.Linfo_string124:
	.asciz	"__ARRAY_SIZE_TYPE__"           @ string offset=1829
.Linfo_string125:
	.asciz	"HAL_TIM_StateTypeDef"          @ string offset=1849
.Linfo_string126:
	.asciz	"ChannelState"                  @ string offset=1870
.Linfo_string127:
	.asciz	"HAL_TIM_ChannelStateTypeDef"   @ string offset=1883
.Linfo_string128:
	.asciz	"ChannelNState"                 @ string offset=1911
.Linfo_string129:
	.asciz	"DMABurstState"                 @ string offset=1925
.Linfo_string130:
	.asciz	"HAL_TIM_DMABurstStateTypeDef"  @ string offset=1939
.Linfo_string131:
	.asciz	"TIM_HandleTypeDef"             @ string offset=1968
.Linfo_string132:
	.asciz	"HAL_TIMEx_HallSensor_Init"     @ string offset=1986
.Linfo_string133:
	.asciz	"HAL_StatusTypeDef"             @ string offset=2012
.Linfo_string134:
	.asciz	"HAL_TIMEx_HallSensor_MspInit"  @ string offset=2030
.Linfo_string135:
	.asciz	"HAL_TIMEx_HallSensor_DeInit"   @ string offset=2059
.Linfo_string136:
	.asciz	"HAL_TIMEx_HallSensor_MspDeInit" @ string offset=2087
.Linfo_string137:
	.asciz	"HAL_TIMEx_HallSensor_Start"    @ string offset=2118
.Linfo_string138:
	.asciz	"HAL_TIMEx_HallSensor_Stop"     @ string offset=2145
.Linfo_string139:
	.asciz	"HAL_TIMEx_HallSensor_Start_IT" @ string offset=2171
.Linfo_string140:
	.asciz	"HAL_TIMEx_HallSensor_Stop_IT"  @ string offset=2201
.Linfo_string141:
	.asciz	"HAL_TIMEx_HallSensor_Start_DMA" @ string offset=2230
.Linfo_string142:
	.asciz	"HAL_TIMEx_HallSensor_Stop_DMA" @ string offset=2261
.Linfo_string143:
	.asciz	"HAL_TIMEx_OCN_Start"           @ string offset=2291
.Linfo_string144:
	.asciz	"TIM_CCxNChannelCmd"            @ string offset=2311
.Linfo_string145:
	.asciz	"HAL_TIMEx_OCN_Stop"            @ string offset=2330
.Linfo_string146:
	.asciz	"HAL_TIMEx_OCN_Start_IT"        @ string offset=2349
.Linfo_string147:
	.asciz	"HAL_TIMEx_OCN_Stop_IT"         @ string offset=2372
.Linfo_string148:
	.asciz	"HAL_TIMEx_OCN_Start_DMA"       @ string offset=2394
.Linfo_string149:
	.asciz	"TIM_DMADelayPulseNCplt"        @ string offset=2418
.Linfo_string150:
	.asciz	"TIM_DMAErrorCCxN"              @ string offset=2441
.Linfo_string151:
	.asciz	"HAL_TIMEx_OCN_Stop_DMA"        @ string offset=2458
.Linfo_string152:
	.asciz	"HAL_TIMEx_PWMN_Start"          @ string offset=2481
.Linfo_string153:
	.asciz	"HAL_TIMEx_PWMN_Stop"           @ string offset=2502
.Linfo_string154:
	.asciz	"HAL_TIMEx_PWMN_Start_IT"       @ string offset=2522
.Linfo_string155:
	.asciz	"HAL_TIMEx_PWMN_Stop_IT"        @ string offset=2546
.Linfo_string156:
	.asciz	"HAL_TIMEx_PWMN_Start_DMA"      @ string offset=2569
.Linfo_string157:
	.asciz	"HAL_TIMEx_PWMN_Stop_DMA"       @ string offset=2594
.Linfo_string158:
	.asciz	"HAL_TIMEx_OnePulseN_Start"     @ string offset=2618
.Linfo_string159:
	.asciz	"HAL_TIMEx_OnePulseN_Stop"      @ string offset=2644
.Linfo_string160:
	.asciz	"HAL_TIMEx_OnePulseN_Start_IT"  @ string offset=2669
.Linfo_string161:
	.asciz	"HAL_TIMEx_OnePulseN_Stop_IT"   @ string offset=2698
.Linfo_string162:
	.asciz	"HAL_TIMEx_ConfigCommutEvent"   @ string offset=2726
.Linfo_string163:
	.asciz	"HAL_TIMEx_ConfigCommutEvent_IT" @ string offset=2754
.Linfo_string164:
	.asciz	"HAL_TIMEx_ConfigCommutEvent_DMA" @ string offset=2785
.Linfo_string165:
	.asciz	"TIMEx_DMACommutationCplt"      @ string offset=2817
.Linfo_string166:
	.asciz	"TIMEx_DMACommutationHalfCplt"  @ string offset=2842
.Linfo_string167:
	.asciz	"HAL_TIMEx_MasterConfigSynchronization" @ string offset=2871
.Linfo_string168:
	.asciz	"HAL_TIMEx_ConfigBreakDeadTime" @ string offset=2909
.Linfo_string169:
	.asciz	"HAL_TIMEx_ConfigBreakInput"    @ string offset=2939
.Linfo_string170:
	.asciz	"HAL_TIMEx_RemapConfig"         @ string offset=2966
.Linfo_string171:
	.asciz	"HAL_TIMEx_TISelection"         @ string offset=2988
.Linfo_string172:
	.asciz	"HAL_TIMEx_GroupChannel5"       @ string offset=3010
.Linfo_string173:
	.asciz	"HAL_TIMEx_DisarmBreakInput"    @ string offset=3034
.Linfo_string174:
	.asciz	"HAL_TIMEx_ReArmBreakInput"     @ string offset=3061
.Linfo_string175:
	.asciz	"HAL_TIMEx_CommutCallback"      @ string offset=3087
.Linfo_string176:
	.asciz	"HAL_TIMEx_CommutHalfCpltCallback" @ string offset=3112
.Linfo_string177:
	.asciz	"HAL_TIMEx_BreakCallback"       @ string offset=3145
.Linfo_string178:
	.asciz	"HAL_TIMEx_Break2Callback"      @ string offset=3169
.Linfo_string179:
	.asciz	"HAL_TIMEx_HallSensor_GetState" @ string offset=3194
.Linfo_string180:
	.asciz	"HAL_TIMEx_GetChannelNState"    @ string offset=3224
.Linfo_string181:
	.asciz	"htim"                          @ string offset=3251
.Linfo_string182:
	.asciz	"sConfig"                       @ string offset=3256
.Linfo_string183:
	.asciz	"IC1Polarity"                   @ string offset=3264
.Linfo_string184:
	.asciz	"IC1Prescaler"                  @ string offset=3276
.Linfo_string185:
	.asciz	"IC1Filter"                     @ string offset=3289
.Linfo_string186:
	.asciz	"Commutation_Delay"             @ string offset=3299
.Linfo_string187:
	.asciz	"TIM_HallSensor_InitTypeDef"    @ string offset=3317
.Linfo_string188:
	.asciz	"OC_Config"                     @ string offset=3344
.Linfo_string189:
	.asciz	"OCMode"                        @ string offset=3354
.Linfo_string190:
	.asciz	"Pulse"                         @ string offset=3361
.Linfo_string191:
	.asciz	"OCPolarity"                    @ string offset=3367
.Linfo_string192:
	.asciz	"OCNPolarity"                   @ string offset=3378
.Linfo_string193:
	.asciz	"OCFastMode"                    @ string offset=3390
.Linfo_string194:
	.asciz	"OCIdleState"                   @ string offset=3401
.Linfo_string195:
	.asciz	"OCNIdleState"                  @ string offset=3413
.Linfo_string196:
	.asciz	"TIM_OC_InitTypeDef"            @ string offset=3426
.Linfo_string197:
	.asciz	"tmpsmcr"                       @ string offset=3445
.Linfo_string198:
	.asciz	"channel_1_state"               @ string offset=3453
.Linfo_string199:
	.asciz	"channel_2_state"               @ string offset=3469
.Linfo_string200:
	.asciz	"complementary_channel_1_state" @ string offset=3485
.Linfo_string201:
	.asciz	"complementary_channel_2_state" @ string offset=3515
.Linfo_string202:
	.asciz	"pData"                         @ string offset=3545
.Linfo_string203:
	.asciz	"Length"                        @ string offset=3551
.Linfo_string204:
	.asciz	"TIMx"                          @ string offset=3558
.Linfo_string205:
	.asciz	"tmp"                           @ string offset=3563
.Linfo_string206:
	.asciz	"status"                        @ string offset=3567
.Linfo_string207:
	.asciz	"tmpccer"                       @ string offset=3574
.Linfo_string208:
	.asciz	"OutputChannel"                 @ string offset=3582
.Linfo_string209:
	.asciz	"input_channel"                 @ string offset=3596
.Linfo_string210:
	.asciz	"InputTrigger"                  @ string offset=3610
.Linfo_string211:
	.asciz	"CommutationSource"             @ string offset=3623
.Linfo_string212:
	.asciz	"sMasterConfig"                 @ string offset=3641
.Linfo_string213:
	.asciz	"MasterOutputTrigger"           @ string offset=3655
.Linfo_string214:
	.asciz	"MasterOutputTrigger2"          @ string offset=3675
.Linfo_string215:
	.asciz	"MasterSlaveMode"               @ string offset=3696
.Linfo_string216:
	.asciz	"TIM_MasterConfigTypeDef"       @ string offset=3712
.Linfo_string217:
	.asciz	"tmpcr2"                        @ string offset=3736
.Linfo_string218:
	.asciz	"sBreakDeadTimeConfig"          @ string offset=3743
.Linfo_string219:
	.asciz	"OffStateRunMode"               @ string offset=3764
.Linfo_string220:
	.asciz	"OffStateIDLEMode"              @ string offset=3780
.Linfo_string221:
	.asciz	"LockLevel"                     @ string offset=3797
.Linfo_string222:
	.asciz	"DeadTime"                      @ string offset=3807
.Linfo_string223:
	.asciz	"BreakState"                    @ string offset=3816
.Linfo_string224:
	.asciz	"BreakPolarity"                 @ string offset=3827
.Linfo_string225:
	.asciz	"BreakFilter"                   @ string offset=3841
.Linfo_string226:
	.asciz	"BreakAFMode"                   @ string offset=3853
.Linfo_string227:
	.asciz	"Break2State"                   @ string offset=3865
.Linfo_string228:
	.asciz	"Break2Polarity"                @ string offset=3877
.Linfo_string229:
	.asciz	"Break2Filter"                  @ string offset=3892
.Linfo_string230:
	.asciz	"Break2AFMode"                  @ string offset=3905
.Linfo_string231:
	.asciz	"AutomaticOutput"               @ string offset=3918
.Linfo_string232:
	.asciz	"TIM_BreakDeadTimeConfigTypeDef" @ string offset=3934
.Linfo_string233:
	.asciz	"tmpbdtr"                       @ string offset=3965
.Linfo_string234:
	.asciz	"BreakInput"                    @ string offset=3973
.Linfo_string235:
	.asciz	"sBreakInputConfig"             @ string offset=3984
.Linfo_string236:
	.asciz	"Source"                        @ string offset=4002
.Linfo_string237:
	.asciz	"Enable"                        @ string offset=4009
.Linfo_string238:
	.asciz	"Polarity"                      @ string offset=4016
.Linfo_string239:
	.asciz	"TIMEx_BreakInputConfigTypeDef" @ string offset=4025
.Linfo_string240:
	.asciz	"tmporx"                        @ string offset=4055
.Linfo_string241:
	.asciz	"bkin_enable_mask"              @ string offset=4062
.Linfo_string242:
	.asciz	"bkin_polarity_mask"            @ string offset=4079
.Linfo_string243:
	.asciz	"bkin_enable_bitpos"            @ string offset=4098
.Linfo_string244:
	.asciz	"bkin_polarity_bitpos"          @ string offset=4117
.Linfo_string245:
	.asciz	"Remap"                         @ string offset=4138
.Linfo_string246:
	.asciz	"TISelection"                   @ string offset=4144
.Linfo_string247:
	.asciz	"Channels"                      @ string offset=4156
.Linfo_string248:
	.asciz	"tickstart"                     @ string offset=4165
.Linfo_string249:
	.asciz	"ChannelN"                      @ string offset=4175
.Linfo_string250:
	.asciz	"channel_state"                 @ string offset=4184
	.ident	"Component: Arm Compiler for Embedded 6.24 Tool: armclang [5f371800]"
	.section	".note.GNU-stack","",%progbits
	.eabi_attribute	30, 6	@ Tag_ABI_optimization_goals
	.ARM_attribute	16, 1	@ Tag_AV_eba
	.section	.debug_line,"",%progbits
.Lline_table_start0:
