	.text
	.syntax unified
	.eabi_attribute	67, "2.09"	@ Tag_conformance
	.cpu	cortex-m7
	.eabi_attribute	6, 13	@ Tag_CPU_arch
	.eabi_attribute	7, 77	@ Tag_CPU_arch_profile
	.eabi_attribute	8, 0	@ Tag_ARM_ISA_use
	.eabi_attribute	9, 2	@ Tag_THUMB_ISA_use
	.fpu	fpv5-d16
	.eabi_attribute	36, 1	@ Tag_FP_HP_extension
	.eabi_attribute	34, 1	@ Tag_CPU_unaligned_access
	.eabi_attribute	17, 1	@ Tag_ABI_PCS_GOT_use
	.eabi_attribute	20, 2	@ Tag_ABI_FP_denormal
	.eabi_attribute	21, 0	@ Tag_ABI_FP_exceptions
	.eabi_attribute	23, 1	@ Tag_ABI_FP_number_model
	.eabi_attribute	24, 1	@ Tag_ABI_align_needed
	.eabi_attribute	25, 1	@ Tag_ABI_align_preserved
	.eabi_attribute	28, 1	@ Tag_ABI_VFP_args
	.eabi_attribute	38, 1	@ Tag_ABI_FP_16bit_format
	.eabi_attribute	18, 2	@ Tag_ABI_PCS_wchar_t
	.eabi_attribute	26, 1	@ Tag_ABI_enum_size
	.eabi_attribute	14, 0	@ Tag_ABI_PCS_R9_use
	.file	"stm32h7xx_hal_spi_ex.c"
	.file	1 "D:\\stm32_project\\daily_work\\new_bubing\\cod_update_2.0\\COD_H7_Template\\MDK-ARM" "../Drivers/STM32H7xx_HAL_Driver/Inc\\stm32h7xx_hal_def.h"
	.file	2 "D:\\stm32_project\\daily_work\\new_bubing\\cod_update_2.0\\COD_H7_Template\\MDK-ARM" "../Drivers/STM32H7xx_HAL_Driver/Inc\\stm32h7xx_hal_dma.h"
	.file	3 "D:\\stm32_project\\daily_work\\new_bubing\\cod_update_2.0\\COD_H7_Template\\MDK-ARM" "../Drivers/STM32H7xx_HAL_Driver/Inc\\stm32h7xx_hal_spi.h"
	.file	4 "D:\\keil5_app\\Keil_v5\\ARM\\ARMCLANG\\bin\\..\\include" "stdint.h"
	.file	5 "D:\\stm32_project\\daily_work\\new_bubing\\cod_update_2.0\\COD_H7_Template\\MDK-ARM" "../Drivers/CMSIS/Device/ST/STM32H7xx/Include\\stm32h723xx.h"
	.section	.text.HAL_SPIEx_FlushRxFifo,"ax",%progbits
	.hidden	HAL_SPIEx_FlushRxFifo           @ -- Begin function HAL_SPIEx_FlushRxFifo
	.globl	HAL_SPIEx_FlushRxFifo
	.p2align	3
	.type	HAL_SPIEx_FlushRxFifo,%function
	.code	16                              @ @HAL_SPIEx_FlushRxFifo
	.thumb_func
HAL_SPIEx_FlushRxFifo:
.Lfunc_begin0:
	.file	6 "D:\\stm32_project\\daily_work\\new_bubing\\cod_update_2.0\\COD_H7_Template\\MDK-ARM" "../Drivers/STM32H7xx_HAL_Driver/Src/stm32h7xx_hal_spi_ex.c"
	.loc	6 75 0                          @ ../Drivers/STM32H7xx_HAL_Driver/Src/stm32h7xx_hal_spi_ex.c:75:0
	.fnstart
	.cfi_sections .debug_frame
	.cfi_startproc
@ %bb.0:
	.pad	#24
	sub	sp, #24
	.cfi_def_cfa_offset 24
	str	r0, [sp, #16]
	movs	r0, #0
.Ltmp0:
	.loc	6 76 12 prologue_end            @ ../Drivers/STM32H7xx_HAL_Driver/Src/stm32h7xx_hal_spi_ex.c:76:12
	strb.w	r0, [sp, #15]
	.loc	6 77 21                         @ ../Drivers/STM32H7xx_HAL_Driver/Src/stm32h7xx_hal_spi_ex.c:77:21
	ldr	r0, [sp, #16]
	.loc	6 77 27 is_stmt 0               @ ../Drivers/STM32H7xx_HAL_Driver/Src/stm32h7xx_hal_spi_ex.c:77:27
	ldr	r0, [r0]
	.loc	6 77 37                         @ ../Drivers/STM32H7xx_HAL_Driver/Src/stm32h7xx_hal_spi_ex.c:77:37
	ldr	r0, [r0, #20]
	.loc	6 77 12                         @ ../Drivers/STM32H7xx_HAL_Driver/Src/stm32h7xx_hal_spi_ex.c:77:12
	str	r0, [sp, #8]
	.loc	6 80 3 is_stmt 1                @ ../Drivers/STM32H7xx_HAL_Driver/Src/stm32h7xx_hal_spi_ex.c:80:3
	b	.LBB0_1
.LBB0_1:                                @ =>This Inner Loop Header: Depth=1
	.loc	6 80 12 is_stmt 0               @ ../Drivers/STM32H7xx_HAL_Driver/Src/stm32h7xx_hal_spi_ex.c:80:12
	ldr	r0, [sp, #16]
	.loc	6 80 18                         @ ../Drivers/STM32H7xx_HAL_Driver/Src/stm32h7xx_hal_spi_ex.c:80:18
	ldr	r0, [r0]
	.loc	6 80 28                         @ ../Drivers/STM32H7xx_HAL_Driver/Src/stm32h7xx_hal_spi_ex.c:80:28
	ldr	r1, [r0, #20]
	movs	r0, #1
	.loc	6 80 74                         @ ../Drivers/STM32H7xx_HAL_Driver/Src/stm32h7xx_hal_spi_ex.c:80:74
	tst.w	r1, #24576
	str	r0, [sp]                        @ 4-byte Spill
	bne	.LBB0_3
	b	.LBB0_2
.LBB0_2:                                @   in Loop: Header=BB0_1 Depth=1
	.loc	6 80 104                        @ ../Drivers/STM32H7xx_HAL_Driver/Src/stm32h7xx_hal_spi_ex.c:80:104
	ldrb.w	r0, [sp, #9]
	lsrs	r0, r0, #7
	.loc	6 80 74                         @ ../Drivers/STM32H7xx_HAL_Driver/Src/stm32h7xx_hal_spi_ex.c:80:74
	str	r0, [sp]                        @ 4-byte Spill
	b	.LBB0_3
.LBB0_3:                                @   in Loop: Header=BB0_1 Depth=1
	.loc	6 0 74                          @ ../Drivers/STM32H7xx_HAL_Driver/Src/stm32h7xx_hal_spi_ex.c:0:74
	ldr	r0, [sp]                        @ 4-byte Reload
	.loc	6 80 3                          @ ../Drivers/STM32H7xx_HAL_Driver/Src/stm32h7xx_hal_spi_ex.c:80:3
	lsls	r0, r0, #31
	cbz	r0, .LBB0_14
	b	.LBB0_4
.LBB0_4:                                @   in Loop: Header=BB0_1 Depth=1
.Ltmp1:
	.loc	6 82 11 is_stmt 1               @ ../Drivers/STM32H7xx_HAL_Driver/Src/stm32h7xx_hal_spi_ex.c:82:11
	ldrb.w	r0, [sp, #15]
	adds	r0, #4
	strb.w	r0, [sp, #15]
	.loc	6 83 14                         @ ../Drivers/STM32H7xx_HAL_Driver/Src/stm32h7xx_hal_spi_ex.c:83:14
	ldr	r0, [sp, #16]
	.loc	6 83 20 is_stmt 0               @ ../Drivers/STM32H7xx_HAL_Driver/Src/stm32h7xx_hal_spi_ex.c:83:20
	ldr	r0, [r0]
	.loc	6 83 30                         @ ../Drivers/STM32H7xx_HAL_Driver/Src/stm32h7xx_hal_spi_ex.c:83:30
	ldr	r0, [r0, #48]
	.loc	6 83 12                         @ ../Drivers/STM32H7xx_HAL_Driver/Src/stm32h7xx_hal_spi_ex.c:83:12
	str	r0, [sp, #4]
	.loc	6 84 5 is_stmt 1                @ ../Drivers/STM32H7xx_HAL_Driver/Src/stm32h7xx_hal_spi_ex.c:84:5
	ldr	r0, [sp, #4]
.Ltmp2:
	.loc	6 86 9                          @ ../Drivers/STM32H7xx_HAL_Driver/Src/stm32h7xx_hal_spi_ex.c:86:9
	ldr	r0, [sp, #16]
	ldr	r0, [r0]
	movw	r1, #12288
	movt	r1, #16385
	cmp	r0, r1
	beq	.LBB0_7
	b	.LBB0_5
.LBB0_5:                                @   in Loop: Header=BB0_1 Depth=1
	ldr	r0, [sp, #16]
	ldr	r0, [r0]
	movw	r1, #14336
	movt	r1, #16384
	cmp	r0, r1
	beq	.LBB0_7
	b	.LBB0_6
.LBB0_6:                                @   in Loop: Header=BB0_1 Depth=1
	ldr	r0, [sp, #16]
	ldr	r0, [r0]
	movw	r1, #15360
	movt	r1, #16384
.Ltmp3:
	.loc	6 86 9 is_stmt 0                @ ../Drivers/STM32H7xx_HAL_Driver/Src/stm32h7xx_hal_spi_ex.c:86:9
	cmp	r0, r1
	bne	.LBB0_10
	b	.LBB0_7
.LBB0_7:                                @   in Loop: Header=BB0_1 Depth=1
.Ltmp4:
	.loc	6 88 11 is_stmt 1               @ ../Drivers/STM32H7xx_HAL_Driver/Src/stm32h7xx_hal_spi_ex.c:88:11
	ldrb.w	r0, [sp, #15]
.Ltmp5:
	.loc	6 88 11 is_stmt 0               @ ../Drivers/STM32H7xx_HAL_Driver/Src/stm32h7xx_hal_spi_ex.c:88:11
	cmp	r0, #17
	blo	.LBB0_9
	b	.LBB0_8
.LBB0_8:
	.loc	6 0 11                          @ ../Drivers/STM32H7xx_HAL_Driver/Src/stm32h7xx_hal_spi_ex.c:0:11
	movs	r0, #3
.Ltmp6:
	.loc	6 90 9 is_stmt 1                @ ../Drivers/STM32H7xx_HAL_Driver/Src/stm32h7xx_hal_spi_ex.c:90:9
	strb.w	r0, [sp, #23]
	b	.LBB0_15
.Ltmp7:
.LBB0_9:                                @   in Loop: Header=BB0_1 Depth=1
	.loc	6 92 5                          @ ../Drivers/STM32H7xx_HAL_Driver/Src/stm32h7xx_hal_spi_ex.c:92:5
	b	.LBB0_13
.Ltmp8:
.LBB0_10:                               @   in Loop: Header=BB0_1 Depth=1
	.loc	6 95 11                         @ ../Drivers/STM32H7xx_HAL_Driver/Src/stm32h7xx_hal_spi_ex.c:95:11
	ldrb.w	r0, [sp, #15]
.Ltmp9:
	.loc	6 95 11 is_stmt 0               @ ../Drivers/STM32H7xx_HAL_Driver/Src/stm32h7xx_hal_spi_ex.c:95:11
	cmp	r0, #9
	blo	.LBB0_12
	b	.LBB0_11
.LBB0_11:
	.loc	6 0 11                          @ ../Drivers/STM32H7xx_HAL_Driver/Src/stm32h7xx_hal_spi_ex.c:0:11
	movs	r0, #3
.Ltmp10:
	.loc	6 97 9 is_stmt 1                @ ../Drivers/STM32H7xx_HAL_Driver/Src/stm32h7xx_hal_spi_ex.c:97:9
	strb.w	r0, [sp, #23]
	b	.LBB0_15
.Ltmp11:
.LBB0_12:                               @   in Loop: Header=BB0_1 Depth=1
	.loc	6 0 9 is_stmt 0                 @ ../Drivers/STM32H7xx_HAL_Driver/Src/stm32h7xx_hal_spi_ex.c:0:9
	b	.LBB0_13
.LBB0_13:                               @   in Loop: Header=BB0_1 Depth=1
	.loc	6 80 3 is_stmt 1                @ ../Drivers/STM32H7xx_HAL_Driver/Src/stm32h7xx_hal_spi_ex.c:80:3
	b	.LBB0_1
.LBB0_14:
	.loc	6 0 3 is_stmt 0                 @ ../Drivers/STM32H7xx_HAL_Driver/Src/stm32h7xx_hal_spi_ex.c:0:3
	movs	r0, #0
	.loc	6 101 3 is_stmt 1               @ ../Drivers/STM32H7xx_HAL_Driver/Src/stm32h7xx_hal_spi_ex.c:101:3
	strb.w	r0, [sp, #23]
	b	.LBB0_15
.LBB0_15:
	.loc	6 102 1                         @ ../Drivers/STM32H7xx_HAL_Driver/Src/stm32h7xx_hal_spi_ex.c:102:1
	ldrb.w	r0, [sp, #23]
	.loc	6 102 1 epilogue_begin is_stmt 0 @ ../Drivers/STM32H7xx_HAL_Driver/Src/stm32h7xx_hal_spi_ex.c:102:1
	add	sp, #24
	bx	lr
.Ltmp12:
.Lfunc_end0:
	.size	HAL_SPIEx_FlushRxFifo, .Lfunc_end0-HAL_SPIEx_FlushRxFifo
	.cfi_endproc
	.cantunwind
	.fnend
                                        @ -- End function
	.section	.text.HAL_SPIEx_EnableLockConfiguration,"ax",%progbits
	.hidden	HAL_SPIEx_EnableLockConfiguration @ -- Begin function HAL_SPIEx_EnableLockConfiguration
	.globl	HAL_SPIEx_EnableLockConfiguration
	.p2align	3
	.type	HAL_SPIEx_EnableLockConfiguration,%function
	.code	16                              @ @HAL_SPIEx_EnableLockConfiguration
	.thumb_func
HAL_SPIEx_EnableLockConfiguration:
.Lfunc_begin1:
	.loc	6 114 0 is_stmt 1               @ ../Drivers/STM32H7xx_HAL_Driver/Src/stm32h7xx_hal_spi_ex.c:114:0
	.fnstart
	.cfi_startproc
@ %bb.0:
	.pad	#12
	sub	sp, #12
	.cfi_def_cfa_offset 12
	str	r0, [sp, #4]
	movs	r0, #0
.Ltmp13:
	.loc	6 115 21 prologue_end           @ ../Drivers/STM32H7xx_HAL_Driver/Src/stm32h7xx_hal_spi_ex.c:115:21
	strb.w	r0, [sp, #3]
	.loc	6 118 3                         @ ../Drivers/STM32H7xx_HAL_Driver/Src/stm32h7xx_hal_spi_ex.c:118:3
	b	.LBB1_1
.LBB1_1:
.Ltmp14:
	.loc	6 118 3 is_stmt 0               @ ../Drivers/STM32H7xx_HAL_Driver/Src/stm32h7xx_hal_spi_ex.c:118:3
	ldr	r0, [sp, #4]
	ldrb.w	r0, [r0, #128]
.Ltmp15:
	.loc	6 118 3                         @ ../Drivers/STM32H7xx_HAL_Driver/Src/stm32h7xx_hal_spi_ex.c:118:3
	cmp	r0, #1
	bne	.LBB1_3
	b	.LBB1_2
.LBB1_2:
	.loc	6 0 3                           @ ../Drivers/STM32H7xx_HAL_Driver/Src/stm32h7xx_hal_spi_ex.c:0:3
	movs	r0, #2
.Ltmp16:
	.loc	6 118 3                         @ ../Drivers/STM32H7xx_HAL_Driver/Src/stm32h7xx_hal_spi_ex.c:118:3
	strb.w	r0, [sp, #11]
	b	.LBB1_15
.Ltmp17:
.LBB1_3:
	.loc	6 118 3                         @ ../Drivers/STM32H7xx_HAL_Driver/Src/stm32h7xx_hal_spi_ex.c:118:3
	ldr	r1, [sp, #4]
	movs	r0, #1
	strb.w	r0, [r1, #128]
	b	.LBB1_4
.Ltmp18:
.LBB1_4:
	.loc	6 118 3                         @ ../Drivers/STM32H7xx_HAL_Driver/Src/stm32h7xx_hal_spi_ex.c:118:3
	b	.LBB1_5
.Ltmp19:
.LBB1_5:
	.loc	6 120 7 is_stmt 1               @ ../Drivers/STM32H7xx_HAL_Driver/Src/stm32h7xx_hal_spi_ex.c:120:7
	ldr	r0, [sp, #4]
	.loc	6 120 13 is_stmt 0              @ ../Drivers/STM32H7xx_HAL_Driver/Src/stm32h7xx_hal_spi_ex.c:120:13
	ldrb.w	r0, [r0, #129]
.Ltmp20:
	.loc	6 120 7                         @ ../Drivers/STM32H7xx_HAL_Driver/Src/stm32h7xx_hal_spi_ex.c:120:7
	cmp	r0, #1
	beq	.LBB1_9
	b	.LBB1_6
.LBB1_6:
	.loc	6 0 7                           @ ../Drivers/STM32H7xx_HAL_Driver/Src/stm32h7xx_hal_spi_ex.c:0:7
	movs	r0, #2
.Ltmp21:
	.loc	6 122 15 is_stmt 1              @ ../Drivers/STM32H7xx_HAL_Driver/Src/stm32h7xx_hal_spi_ex.c:122:15
	strb.w	r0, [sp, #3]
	.loc	6 123 5                         @ ../Drivers/STM32H7xx_HAL_Driver/Src/stm32h7xx_hal_spi_ex.c:123:5
	ldr	r1, [sp, #4]
	movs	r0, #1
	.loc	6 123 17 is_stmt 0              @ ../Drivers/STM32H7xx_HAL_Driver/Src/stm32h7xx_hal_spi_ex.c:123:17
	strb.w	r0, [r1, #129]
	.loc	6 125 5 is_stmt 1               @ ../Drivers/STM32H7xx_HAL_Driver/Src/stm32h7xx_hal_spi_ex.c:125:5
	b	.LBB1_7
.LBB1_7:
.Ltmp22:
	.loc	6 125 5 is_stmt 0               @ ../Drivers/STM32H7xx_HAL_Driver/Src/stm32h7xx_hal_spi_ex.c:125:5
	ldr	r1, [sp, #4]
	movs	r0, #0
	strb.w	r0, [r1, #128]
	b	.LBB1_8
.Ltmp23:
.LBB1_8:
	.loc	6 126 12 is_stmt 1              @ ../Drivers/STM32H7xx_HAL_Driver/Src/stm32h7xx_hal_spi_ex.c:126:12
	ldrb.w	r0, [sp, #3]
	.loc	6 126 5 is_stmt 0               @ ../Drivers/STM32H7xx_HAL_Driver/Src/stm32h7xx_hal_spi_ex.c:126:5
	strb.w	r0, [sp, #11]
	b	.LBB1_15
.Ltmp24:
.LBB1_9:
	.loc	6 130 8 is_stmt 1               @ ../Drivers/STM32H7xx_HAL_Driver/Src/stm32h7xx_hal_spi_ex.c:130:8
	ldr	r0, [sp, #4]
	.loc	6 130 14 is_stmt 0              @ ../Drivers/STM32H7xx_HAL_Driver/Src/stm32h7xx_hal_spi_ex.c:130:14
	ldr	r0, [r0]
	.loc	6 130 24                        @ ../Drivers/STM32H7xx_HAL_Driver/Src/stm32h7xx_hal_spi_ex.c:130:24
	ldr	r0, [r0]
	.loc	6 130 28                        @ ../Drivers/STM32H7xx_HAL_Driver/Src/stm32h7xx_hal_spi_ex.c:130:28
	and	r0, r0, #1
.Ltmp25:
	.loc	6 130 7                         @ ../Drivers/STM32H7xx_HAL_Driver/Src/stm32h7xx_hal_spi_ex.c:130:7
	cmp	r0, #1
	beq	.LBB1_11
	b	.LBB1_10
.LBB1_10:
.Ltmp26:
	.loc	6 132 5 is_stmt 1               @ ../Drivers/STM32H7xx_HAL_Driver/Src/stm32h7xx_hal_spi_ex.c:132:5
	ldr	r0, [sp, #4]
	ldr	r1, [r0]
	ldr	r0, [r1]
	orr	r0, r0, #65536
	str	r0, [r1]
	.loc	6 133 3                         @ ../Drivers/STM32H7xx_HAL_Driver/Src/stm32h7xx_hal_spi_ex.c:133:3
	b	.LBB1_12
.Ltmp27:
.LBB1_11:
	.loc	6 137 5                         @ ../Drivers/STM32H7xx_HAL_Driver/Src/stm32h7xx_hal_spi_ex.c:137:5
	ldr	r0, [sp, #4]
	ldr	r1, [r0]
	ldr	r0, [r1]
	bic	r0, r0, #1
	str	r0, [r1]
	.loc	6 139 5                         @ ../Drivers/STM32H7xx_HAL_Driver/Src/stm32h7xx_hal_spi_ex.c:139:5
	ldr	r0, [sp, #4]
	ldr	r1, [r0]
	ldr	r0, [r1]
	orr	r0, r0, #65536
	str	r0, [r1]
	.loc	6 142 5                         @ ../Drivers/STM32H7xx_HAL_Driver/Src/stm32h7xx_hal_spi_ex.c:142:5
	ldr	r0, [sp, #4]
	ldr	r1, [r0]
	ldr	r0, [r1]
	orr	r0, r0, #1
	str	r0, [r1]
	b	.LBB1_12
.Ltmp28:
.LBB1_12:
	.loc	6 145 3                         @ ../Drivers/STM32H7xx_HAL_Driver/Src/stm32h7xx_hal_spi_ex.c:145:3
	ldr	r1, [sp, #4]
	movs	r0, #1
	.loc	6 145 15 is_stmt 0              @ ../Drivers/STM32H7xx_HAL_Driver/Src/stm32h7xx_hal_spi_ex.c:145:15
	strb.w	r0, [r1, #129]
	.loc	6 147 3 is_stmt 1               @ ../Drivers/STM32H7xx_HAL_Driver/Src/stm32h7xx_hal_spi_ex.c:147:3
	b	.LBB1_13
.LBB1_13:
.Ltmp29:
	.loc	6 147 3 is_stmt 0               @ ../Drivers/STM32H7xx_HAL_Driver/Src/stm32h7xx_hal_spi_ex.c:147:3
	ldr	r1, [sp, #4]
	movs	r0, #0
	strb.w	r0, [r1, #128]
	b	.LBB1_14
.Ltmp30:
.LBB1_14:
	.loc	6 148 10 is_stmt 1              @ ../Drivers/STM32H7xx_HAL_Driver/Src/stm32h7xx_hal_spi_ex.c:148:10
	ldrb.w	r0, [sp, #3]
	.loc	6 148 3 is_stmt 0               @ ../Drivers/STM32H7xx_HAL_Driver/Src/stm32h7xx_hal_spi_ex.c:148:3
	strb.w	r0, [sp, #11]
	b	.LBB1_15
.LBB1_15:
	.loc	6 149 1 is_stmt 1               @ ../Drivers/STM32H7xx_HAL_Driver/Src/stm32h7xx_hal_spi_ex.c:149:1
	ldrb.w	r0, [sp, #11]
	.loc	6 149 1 epilogue_begin is_stmt 0 @ ../Drivers/STM32H7xx_HAL_Driver/Src/stm32h7xx_hal_spi_ex.c:149:1
	add	sp, #12
	bx	lr
.Ltmp31:
.Lfunc_end1:
	.size	HAL_SPIEx_EnableLockConfiguration, .Lfunc_end1-HAL_SPIEx_EnableLockConfiguration
	.cfi_endproc
	.cantunwind
	.fnend
                                        @ -- End function
	.section	.text.HAL_SPIEx_ConfigureUnderrun,"ax",%progbits
	.hidden	HAL_SPIEx_ConfigureUnderrun     @ -- Begin function HAL_SPIEx_ConfigureUnderrun
	.globl	HAL_SPIEx_ConfigureUnderrun
	.p2align	3
	.type	HAL_SPIEx_ConfigureUnderrun,%function
	.code	16                              @ @HAL_SPIEx_ConfigureUnderrun
	.thumb_func
HAL_SPIEx_ConfigureUnderrun:
.Lfunc_begin2:
	.loc	6 163 0 is_stmt 1               @ ../Drivers/STM32H7xx_HAL_Driver/Src/stm32h7xx_hal_spi_ex.c:163:0
	.fnstart
	.cfi_startproc
@ %bb.0:
	.pad	#20
	sub	sp, #20
	.cfi_def_cfa_offset 20
	str	r0, [sp, #12]
	str	r1, [sp, #8]
	str	r2, [sp, #4]
	movs	r0, #0
.Ltmp32:
	.loc	6 164 21 prologue_end           @ ../Drivers/STM32H7xx_HAL_Driver/Src/stm32h7xx_hal_spi_ex.c:164:21
	strb.w	r0, [sp, #3]
	.loc	6 167 3                         @ ../Drivers/STM32H7xx_HAL_Driver/Src/stm32h7xx_hal_spi_ex.c:167:3
	b	.LBB2_1
.LBB2_1:
.Ltmp33:
	.loc	6 167 3 is_stmt 0               @ ../Drivers/STM32H7xx_HAL_Driver/Src/stm32h7xx_hal_spi_ex.c:167:3
	ldr	r0, [sp, #12]
	ldrb.w	r0, [r0, #128]
.Ltmp34:
	.loc	6 167 3                         @ ../Drivers/STM32H7xx_HAL_Driver/Src/stm32h7xx_hal_spi_ex.c:167:3
	cmp	r0, #1
	bne	.LBB2_3
	b	.LBB2_2
.LBB2_2:
	.loc	6 0 3                           @ ../Drivers/STM32H7xx_HAL_Driver/Src/stm32h7xx_hal_spi_ex.c:0:3
	movs	r0, #2
.Ltmp35:
	.loc	6 167 3                         @ ../Drivers/STM32H7xx_HAL_Driver/Src/stm32h7xx_hal_spi_ex.c:167:3
	strb.w	r0, [sp, #19]
	b	.LBB2_16
.Ltmp36:
.LBB2_3:
	.loc	6 167 3                         @ ../Drivers/STM32H7xx_HAL_Driver/Src/stm32h7xx_hal_spi_ex.c:167:3
	ldr	r1, [sp, #12]
	movs	r0, #1
	strb.w	r0, [r1, #128]
	b	.LBB2_4
.Ltmp37:
.LBB2_4:
	.loc	6 167 3                         @ ../Drivers/STM32H7xx_HAL_Driver/Src/stm32h7xx_hal_spi_ex.c:167:3
	b	.LBB2_5
.Ltmp38:
.LBB2_5:
	.loc	6 170 8 is_stmt 1               @ ../Drivers/STM32H7xx_HAL_Driver/Src/stm32h7xx_hal_spi_ex.c:170:8
	ldr	r0, [sp, #12]
	.loc	6 170 14 is_stmt 0              @ ../Drivers/STM32H7xx_HAL_Driver/Src/stm32h7xx_hal_spi_ex.c:170:14
	ldrb.w	r0, [r0, #129]
	.loc	6 170 44                        @ ../Drivers/STM32H7xx_HAL_Driver/Src/stm32h7xx_hal_spi_ex.c:170:44
	cmp	r0, #1
	bne	.LBB2_7
	b	.LBB2_6
.LBB2_6:
	.loc	6 170 48                        @ ../Drivers/STM32H7xx_HAL_Driver/Src/stm32h7xx_hal_spi_ex.c:170:48
	ldr	r0, [sp, #12]
	.loc	6 170 59                        @ ../Drivers/STM32H7xx_HAL_Driver/Src/stm32h7xx_hal_spi_ex.c:170:59
	ldr	r0, [r0, #4]
.Ltmp39:
	.loc	6 170 7                         @ ../Drivers/STM32H7xx_HAL_Driver/Src/stm32h7xx_hal_spi_ex.c:170:7
	cbz	r0, .LBB2_10
	b	.LBB2_7
.LBB2_7:
	.loc	6 0 7                           @ ../Drivers/STM32H7xx_HAL_Driver/Src/stm32h7xx_hal_spi_ex.c:0:7
	movs	r0, #2
.Ltmp40:
	.loc	6 172 15 is_stmt 1              @ ../Drivers/STM32H7xx_HAL_Driver/Src/stm32h7xx_hal_spi_ex.c:172:15
	strb.w	r0, [sp, #3]
	.loc	6 173 5                         @ ../Drivers/STM32H7xx_HAL_Driver/Src/stm32h7xx_hal_spi_ex.c:173:5
	ldr	r1, [sp, #12]
	movs	r0, #1
	.loc	6 173 17 is_stmt 0              @ ../Drivers/STM32H7xx_HAL_Driver/Src/stm32h7xx_hal_spi_ex.c:173:17
	strb.w	r0, [r1, #129]
	.loc	6 175 5 is_stmt 1               @ ../Drivers/STM32H7xx_HAL_Driver/Src/stm32h7xx_hal_spi_ex.c:175:5
	b	.LBB2_8
.LBB2_8:
.Ltmp41:
	.loc	6 175 5 is_stmt 0               @ ../Drivers/STM32H7xx_HAL_Driver/Src/stm32h7xx_hal_spi_ex.c:175:5
	ldr	r1, [sp, #12]
	movs	r0, #0
	strb.w	r0, [r1, #128]
	b	.LBB2_9
.Ltmp42:
.LBB2_9:
	.loc	6 176 12 is_stmt 1              @ ../Drivers/STM32H7xx_HAL_Driver/Src/stm32h7xx_hal_spi_ex.c:176:12
	ldrb.w	r0, [sp, #3]
	.loc	6 176 5 is_stmt 0               @ ../Drivers/STM32H7xx_HAL_Driver/Src/stm32h7xx_hal_spi_ex.c:176:5
	strb.w	r0, [sp, #19]
	b	.LBB2_16
.Ltmp43:
.LBB2_10:
	.loc	6 184 8 is_stmt 1               @ ../Drivers/STM32H7xx_HAL_Driver/Src/stm32h7xx_hal_spi_ex.c:184:8
	ldr	r0, [sp, #12]
	.loc	6 184 14 is_stmt 0              @ ../Drivers/STM32H7xx_HAL_Driver/Src/stm32h7xx_hal_spi_ex.c:184:14
	ldr	r0, [r0]
	.loc	6 184 24                        @ ../Drivers/STM32H7xx_HAL_Driver/Src/stm32h7xx_hal_spi_ex.c:184:24
	ldr	r0, [r0]
	.loc	6 184 28                        @ ../Drivers/STM32H7xx_HAL_Driver/Src/stm32h7xx_hal_spi_ex.c:184:28
	and	r0, r0, #1
.Ltmp44:
	.loc	6 184 7                         @ ../Drivers/STM32H7xx_HAL_Driver/Src/stm32h7xx_hal_spi_ex.c:184:7
	cmp	r0, #1
	beq	.LBB2_12
	b	.LBB2_11
.LBB2_11:
.Ltmp45:
	.loc	6 187 5 is_stmt 1               @ ../Drivers/STM32H7xx_HAL_Driver/Src/stm32h7xx_hal_spi_ex.c:187:5
	ldr	r0, [sp, #12]
	ldr	r0, [r0]
	ldr	r0, [r0, #8]
	bic	r0, r0, #6144
	ldr	r1, [sp, #8]
	orrs	r0, r1
	ldr	r1, [sp, #12]
	ldr	r1, [r1]
	str	r0, [r1, #8]
	.loc	6 188 5                         @ ../Drivers/STM32H7xx_HAL_Driver/Src/stm32h7xx_hal_spi_ex.c:188:5
	ldr	r0, [sp, #12]
	ldr	r0, [r0]
	ldr	r0, [r0, #8]
	bic	r0, r0, #1536
	ldr	r1, [sp, #4]
	orrs	r0, r1
	ldr	r1, [sp, #12]
	ldr	r1, [r1]
	str	r0, [r1, #8]
	.loc	6 189 3                         @ ../Drivers/STM32H7xx_HAL_Driver/Src/stm32h7xx_hal_spi_ex.c:189:3
	b	.LBB2_13
.Ltmp46:
.LBB2_12:
	.loc	6 193 5                         @ ../Drivers/STM32H7xx_HAL_Driver/Src/stm32h7xx_hal_spi_ex.c:193:5
	ldr	r0, [sp, #12]
	ldr	r1, [r0]
	ldr	r0, [r1]
	bic	r0, r0, #1
	str	r0, [r1]
	.loc	6 196 5                         @ ../Drivers/STM32H7xx_HAL_Driver/Src/stm32h7xx_hal_spi_ex.c:196:5
	ldr	r0, [sp, #12]
	ldr	r0, [r0]
	ldr	r0, [r0, #8]
	bic	r0, r0, #6144
	ldr	r1, [sp, #8]
	orrs	r0, r1
	ldr	r1, [sp, #12]
	ldr	r1, [r1]
	str	r0, [r1, #8]
	.loc	6 197 5                         @ ../Drivers/STM32H7xx_HAL_Driver/Src/stm32h7xx_hal_spi_ex.c:197:5
	ldr	r0, [sp, #12]
	ldr	r0, [r0]
	ldr	r0, [r0, #8]
	bic	r0, r0, #1536
	ldr	r1, [sp, #4]
	orrs	r0, r1
	ldr	r1, [sp, #12]
	ldr	r1, [r1]
	str	r0, [r1, #8]
	.loc	6 200 5                         @ ../Drivers/STM32H7xx_HAL_Driver/Src/stm32h7xx_hal_spi_ex.c:200:5
	ldr	r0, [sp, #12]
	ldr	r1, [r0]
	ldr	r0, [r1]
	orr	r0, r0, #1
	str	r0, [r1]
	b	.LBB2_13
.Ltmp47:
.LBB2_13:
	.loc	6 204 3                         @ ../Drivers/STM32H7xx_HAL_Driver/Src/stm32h7xx_hal_spi_ex.c:204:3
	ldr	r1, [sp, #12]
	movs	r0, #1
	.loc	6 204 15 is_stmt 0              @ ../Drivers/STM32H7xx_HAL_Driver/Src/stm32h7xx_hal_spi_ex.c:204:15
	strb.w	r0, [r1, #129]
	.loc	6 206 3 is_stmt 1               @ ../Drivers/STM32H7xx_HAL_Driver/Src/stm32h7xx_hal_spi_ex.c:206:3
	b	.LBB2_14
.LBB2_14:
.Ltmp48:
	.loc	6 206 3 is_stmt 0               @ ../Drivers/STM32H7xx_HAL_Driver/Src/stm32h7xx_hal_spi_ex.c:206:3
	ldr	r1, [sp, #12]
	movs	r0, #0
	strb.w	r0, [r1, #128]
	b	.LBB2_15
.Ltmp49:
.LBB2_15:
	.loc	6 207 10 is_stmt 1              @ ../Drivers/STM32H7xx_HAL_Driver/Src/stm32h7xx_hal_spi_ex.c:207:10
	ldrb.w	r0, [sp, #3]
	.loc	6 207 3 is_stmt 0               @ ../Drivers/STM32H7xx_HAL_Driver/Src/stm32h7xx_hal_spi_ex.c:207:3
	strb.w	r0, [sp, #19]
	b	.LBB2_16
.LBB2_16:
	.loc	6 208 1 is_stmt 1               @ ../Drivers/STM32H7xx_HAL_Driver/Src/stm32h7xx_hal_spi_ex.c:208:1
	ldrb.w	r0, [sp, #19]
	.loc	6 208 1 epilogue_begin is_stmt 0 @ ../Drivers/STM32H7xx_HAL_Driver/Src/stm32h7xx_hal_spi_ex.c:208:1
	add	sp, #20
	bx	lr
.Ltmp50:
.Lfunc_end2:
	.size	HAL_SPIEx_ConfigureUnderrun, .Lfunc_end2-HAL_SPIEx_ConfigureUnderrun
	.cfi_endproc
	.cantunwind
	.fnend
                                        @ -- End function
	.section	.debug_abbrev,"",%progbits
	.byte	1                               @ Abbreviation Code
	.byte	17                              @ DW_TAG_compile_unit
	.byte	1                               @ DW_CHILDREN_yes
	.byte	37                              @ DW_AT_producer
	.byte	14                              @ DW_FORM_strp
	.byte	19                              @ DW_AT_language
	.byte	5                               @ DW_FORM_data2
	.byte	3                               @ DW_AT_name
	.byte	14                              @ DW_FORM_strp
	.byte	16                              @ DW_AT_stmt_list
	.byte	23                              @ DW_FORM_sec_offset
	.byte	27                              @ DW_AT_comp_dir
	.byte	14                              @ DW_FORM_strp
	.byte	17                              @ DW_AT_low_pc
	.byte	1                               @ DW_FORM_addr
	.byte	85                              @ DW_AT_ranges
	.byte	23                              @ DW_FORM_sec_offset
	.byte	0                               @ EOM(1)
	.byte	0                               @ EOM(2)
	.byte	2                               @ Abbreviation Code
	.byte	4                               @ DW_TAG_enumeration_type
	.byte	1                               @ DW_CHILDREN_yes
	.byte	73                              @ DW_AT_type
	.byte	19                              @ DW_FORM_ref4
	.byte	11                              @ DW_AT_byte_size
	.byte	11                              @ DW_FORM_data1
	.byte	58                              @ DW_AT_decl_file
	.byte	11                              @ DW_FORM_data1
	.byte	59                              @ DW_AT_decl_line
	.byte	11                              @ DW_FORM_data1
	.byte	0                               @ EOM(1)
	.byte	0                               @ EOM(2)
	.byte	3                               @ Abbreviation Code
	.byte	40                              @ DW_TAG_enumerator
	.byte	0                               @ DW_CHILDREN_no
	.byte	3                               @ DW_AT_name
	.byte	14                              @ DW_FORM_strp
	.byte	28                              @ DW_AT_const_value
	.byte	15                              @ DW_FORM_udata
	.byte	0                               @ EOM(1)
	.byte	0                               @ EOM(2)
	.byte	4                               @ Abbreviation Code
	.byte	36                              @ DW_TAG_base_type
	.byte	0                               @ DW_CHILDREN_no
	.byte	3                               @ DW_AT_name
	.byte	14                              @ DW_FORM_strp
	.byte	62                              @ DW_AT_encoding
	.byte	11                              @ DW_FORM_data1
	.byte	11                              @ DW_AT_byte_size
	.byte	11                              @ DW_FORM_data1
	.byte	0                               @ EOM(1)
	.byte	0                               @ EOM(2)
	.byte	5                               @ Abbreviation Code
	.byte	22                              @ DW_TAG_typedef
	.byte	0                               @ DW_CHILDREN_no
	.byte	73                              @ DW_AT_type
	.byte	19                              @ DW_FORM_ref4
	.byte	3                               @ DW_AT_name
	.byte	14                              @ DW_FORM_strp
	.byte	58                              @ DW_AT_decl_file
	.byte	11                              @ DW_FORM_data1
	.byte	59                              @ DW_AT_decl_line
	.byte	11                              @ DW_FORM_data1
	.byte	0                               @ EOM(1)
	.byte	0                               @ EOM(2)
	.byte	6                               @ Abbreviation Code
	.byte	15                              @ DW_TAG_pointer_type
	.byte	0                               @ DW_CHILDREN_no
	.byte	73                              @ DW_AT_type
	.byte	19                              @ DW_FORM_ref4
	.byte	0                               @ EOM(1)
	.byte	0                               @ EOM(2)
	.byte	7                               @ Abbreviation Code
	.byte	22                              @ DW_TAG_typedef
	.byte	0                               @ DW_CHILDREN_no
	.byte	73                              @ DW_AT_type
	.byte	19                              @ DW_FORM_ref4
	.byte	3                               @ DW_AT_name
	.byte	14                              @ DW_FORM_strp
	.byte	58                              @ DW_AT_decl_file
	.byte	11                              @ DW_FORM_data1
	.byte	59                              @ DW_AT_decl_line
	.byte	5                               @ DW_FORM_data2
	.byte	0                               @ EOM(1)
	.byte	0                               @ EOM(2)
	.byte	8                               @ Abbreviation Code
	.byte	19                              @ DW_TAG_structure_type
	.byte	1                               @ DW_CHILDREN_yes
	.byte	11                              @ DW_AT_byte_size
	.byte	11                              @ DW_FORM_data1
	.byte	58                              @ DW_AT_decl_file
	.byte	11                              @ DW_FORM_data1
	.byte	59                              @ DW_AT_decl_line
	.byte	5                               @ DW_FORM_data2
	.byte	0                               @ EOM(1)
	.byte	0                               @ EOM(2)
	.byte	9                               @ Abbreviation Code
	.byte	13                              @ DW_TAG_member
	.byte	0                               @ DW_CHILDREN_no
	.byte	3                               @ DW_AT_name
	.byte	14                              @ DW_FORM_strp
	.byte	73                              @ DW_AT_type
	.byte	19                              @ DW_FORM_ref4
	.byte	58                              @ DW_AT_decl_file
	.byte	11                              @ DW_FORM_data1
	.byte	59                              @ DW_AT_decl_line
	.byte	5                               @ DW_FORM_data2
	.byte	56                              @ DW_AT_data_member_location
	.byte	11                              @ DW_FORM_data1
	.byte	0                               @ EOM(1)
	.byte	0                               @ EOM(2)
	.byte	10                              @ Abbreviation Code
	.byte	53                              @ DW_TAG_volatile_type
	.byte	0                               @ DW_CHILDREN_no
	.byte	73                              @ DW_AT_type
	.byte	19                              @ DW_FORM_ref4
	.byte	0                               @ EOM(1)
	.byte	0                               @ EOM(2)
	.byte	11                              @ Abbreviation Code
	.byte	1                               @ DW_TAG_array_type
	.byte	1                               @ DW_CHILDREN_yes
	.byte	73                              @ DW_AT_type
	.byte	19                              @ DW_FORM_ref4
	.byte	0                               @ EOM(1)
	.byte	0                               @ EOM(2)
	.byte	12                              @ Abbreviation Code
	.byte	33                              @ DW_TAG_subrange_type
	.byte	0                               @ DW_CHILDREN_no
	.byte	73                              @ DW_AT_type
	.byte	19                              @ DW_FORM_ref4
	.byte	55                              @ DW_AT_count
	.byte	11                              @ DW_FORM_data1
	.byte	0                               @ EOM(1)
	.byte	0                               @ EOM(2)
	.byte	13                              @ Abbreviation Code
	.byte	36                              @ DW_TAG_base_type
	.byte	0                               @ DW_CHILDREN_no
	.byte	3                               @ DW_AT_name
	.byte	14                              @ DW_FORM_strp
	.byte	11                              @ DW_AT_byte_size
	.byte	11                              @ DW_FORM_data1
	.byte	62                              @ DW_AT_encoding
	.byte	11                              @ DW_FORM_data1
	.byte	0                               @ EOM(1)
	.byte	0                               @ EOM(2)
	.byte	14                              @ Abbreviation Code
	.byte	46                              @ DW_TAG_subprogram
	.byte	1                               @ DW_CHILDREN_yes
	.byte	17                              @ DW_AT_low_pc
	.byte	1                               @ DW_FORM_addr
	.byte	18                              @ DW_AT_high_pc
	.byte	6                               @ DW_FORM_data4
	.byte	64                              @ DW_AT_frame_base
	.byte	24                              @ DW_FORM_exprloc
	.byte	3                               @ DW_AT_name
	.byte	14                              @ DW_FORM_strp
	.byte	58                              @ DW_AT_decl_file
	.byte	11                              @ DW_FORM_data1
	.byte	59                              @ DW_AT_decl_line
	.byte	11                              @ DW_FORM_data1
	.byte	39                              @ DW_AT_prototyped
	.byte	25                              @ DW_FORM_flag_present
	.byte	73                              @ DW_AT_type
	.byte	19                              @ DW_FORM_ref4
	.byte	63                              @ DW_AT_external
	.byte	25                              @ DW_FORM_flag_present
	.byte	0                               @ EOM(1)
	.byte	0                               @ EOM(2)
	.byte	15                              @ Abbreviation Code
	.byte	5                               @ DW_TAG_formal_parameter
	.byte	0                               @ DW_CHILDREN_no
	.byte	2                               @ DW_AT_location
	.byte	24                              @ DW_FORM_exprloc
	.byte	3                               @ DW_AT_name
	.byte	14                              @ DW_FORM_strp
	.byte	58                              @ DW_AT_decl_file
	.byte	11                              @ DW_FORM_data1
	.byte	59                              @ DW_AT_decl_line
	.byte	11                              @ DW_FORM_data1
	.byte	73                              @ DW_AT_type
	.byte	19                              @ DW_FORM_ref4
	.byte	0                               @ EOM(1)
	.byte	0                               @ EOM(2)
	.byte	16                              @ Abbreviation Code
	.byte	52                              @ DW_TAG_variable
	.byte	0                               @ DW_CHILDREN_no
	.byte	2                               @ DW_AT_location
	.byte	24                              @ DW_FORM_exprloc
	.byte	3                               @ DW_AT_name
	.byte	14                              @ DW_FORM_strp
	.byte	58                              @ DW_AT_decl_file
	.byte	11                              @ DW_FORM_data1
	.byte	59                              @ DW_AT_decl_line
	.byte	11                              @ DW_FORM_data1
	.byte	73                              @ DW_AT_type
	.byte	19                              @ DW_FORM_ref4
	.byte	0                               @ EOM(1)
	.byte	0                               @ EOM(2)
	.byte	17                              @ Abbreviation Code
	.byte	38                              @ DW_TAG_const_type
	.byte	0                               @ DW_CHILDREN_no
	.byte	73                              @ DW_AT_type
	.byte	19                              @ DW_FORM_ref4
	.byte	0                               @ EOM(1)
	.byte	0                               @ EOM(2)
	.byte	18                              @ Abbreviation Code
	.byte	19                              @ DW_TAG_structure_type
	.byte	1                               @ DW_CHILDREN_yes
	.byte	3                               @ DW_AT_name
	.byte	14                              @ DW_FORM_strp
	.byte	11                              @ DW_AT_byte_size
	.byte	11                              @ DW_FORM_data1
	.byte	58                              @ DW_AT_decl_file
	.byte	11                              @ DW_FORM_data1
	.byte	59                              @ DW_AT_decl_line
	.byte	11                              @ DW_FORM_data1
	.byte	0                               @ EOM(1)
	.byte	0                               @ EOM(2)
	.byte	19                              @ Abbreviation Code
	.byte	13                              @ DW_TAG_member
	.byte	0                               @ DW_CHILDREN_no
	.byte	3                               @ DW_AT_name
	.byte	14                              @ DW_FORM_strp
	.byte	73                              @ DW_AT_type
	.byte	19                              @ DW_FORM_ref4
	.byte	58                              @ DW_AT_decl_file
	.byte	11                              @ DW_FORM_data1
	.byte	59                              @ DW_AT_decl_line
	.byte	11                              @ DW_FORM_data1
	.byte	56                              @ DW_AT_data_member_location
	.byte	11                              @ DW_FORM_data1
	.byte	0                               @ EOM(1)
	.byte	0                               @ EOM(2)
	.byte	20                              @ Abbreviation Code
	.byte	19                              @ DW_TAG_structure_type
	.byte	1                               @ DW_CHILDREN_yes
	.byte	11                              @ DW_AT_byte_size
	.byte	11                              @ DW_FORM_data1
	.byte	58                              @ DW_AT_decl_file
	.byte	11                              @ DW_FORM_data1
	.byte	59                              @ DW_AT_decl_line
	.byte	11                              @ DW_FORM_data1
	.byte	0                               @ EOM(1)
	.byte	0                               @ EOM(2)
	.byte	21                              @ Abbreviation Code
	.byte	21                              @ DW_TAG_subroutine_type
	.byte	1                               @ DW_CHILDREN_yes
	.byte	39                              @ DW_AT_prototyped
	.byte	25                              @ DW_FORM_flag_present
	.byte	0                               @ EOM(1)
	.byte	0                               @ EOM(2)
	.byte	22                              @ Abbreviation Code
	.byte	5                               @ DW_TAG_formal_parameter
	.byte	0                               @ DW_CHILDREN_no
	.byte	73                              @ DW_AT_type
	.byte	19                              @ DW_FORM_ref4
	.byte	0                               @ EOM(1)
	.byte	0                               @ EOM(2)
	.byte	23                              @ Abbreviation Code
	.byte	15                              @ DW_TAG_pointer_type
	.byte	0                               @ DW_CHILDREN_no
	.byte	0                               @ EOM(1)
	.byte	0                               @ EOM(2)
	.byte	0                               @ EOM(3)
	.section	.debug_info,"",%progbits
.Lcu_begin0:
	.long	.Ldebug_info_end0-.Ldebug_info_start0 @ Length of Unit
.Ldebug_info_start0:
	.short	4                               @ DWARF version number
	.long	.debug_abbrev                   @ Offset Into Abbrev. Section
	.byte	4                               @ Address Size (in bytes)
	.byte	1                               @ Abbrev [1] 0xb:0x77d DW_TAG_compile_unit
	.long	.Linfo_string0                  @ DW_AT_producer
	.short	12                              @ DW_AT_language
	.long	.Linfo_string1                  @ DW_AT_name
	.long	.Lline_table_start0             @ DW_AT_stmt_list
	.long	.Linfo_string2                  @ DW_AT_comp_dir
	.long	0                               @ DW_AT_low_pc
	.long	.Ldebug_ranges0                 @ DW_AT_ranges
	.byte	2                               @ Abbrev [2] 0x26:0x21 DW_TAG_enumeration_type
	.long	71                              @ DW_AT_type
	.byte	1                               @ DW_AT_byte_size
	.byte	1                               @ DW_AT_decl_file
	.byte	39                              @ DW_AT_decl_line
	.byte	3                               @ Abbrev [3] 0x2e:0x6 DW_TAG_enumerator
	.long	.Linfo_string4                  @ DW_AT_name
	.byte	0                               @ DW_AT_const_value
	.byte	3                               @ Abbrev [3] 0x34:0x6 DW_TAG_enumerator
	.long	.Linfo_string5                  @ DW_AT_name
	.byte	1                               @ DW_AT_const_value
	.byte	3                               @ Abbrev [3] 0x3a:0x6 DW_TAG_enumerator
	.long	.Linfo_string6                  @ DW_AT_name
	.byte	2                               @ DW_AT_const_value
	.byte	3                               @ Abbrev [3] 0x40:0x6 DW_TAG_enumerator
	.long	.Linfo_string7                  @ DW_AT_name
	.byte	3                               @ DW_AT_const_value
	.byte	0                               @ End Of Children Mark
	.byte	4                               @ Abbrev [4] 0x47:0x7 DW_TAG_base_type
	.long	.Linfo_string3                  @ DW_AT_name
	.byte	8                               @ DW_AT_encoding
	.byte	1                               @ DW_AT_byte_size
	.byte	2                               @ Abbrev [2] 0x4e:0x15 DW_TAG_enumeration_type
	.long	71                              @ DW_AT_type
	.byte	1                               @ DW_AT_byte_size
	.byte	1                               @ DW_AT_decl_file
	.byte	50                              @ DW_AT_decl_line
	.byte	3                               @ Abbrev [3] 0x56:0x6 DW_TAG_enumerator
	.long	.Linfo_string8                  @ DW_AT_name
	.byte	0                               @ DW_AT_const_value
	.byte	3                               @ Abbrev [3] 0x5c:0x6 DW_TAG_enumerator
	.long	.Linfo_string9                  @ DW_AT_name
	.byte	1                               @ DW_AT_const_value
	.byte	0                               @ End Of Children Mark
	.byte	2                               @ Abbrev [2] 0x63:0x27 DW_TAG_enumeration_type
	.long	71                              @ DW_AT_type
	.byte	1                               @ DW_AT_byte_size
	.byte	2                               @ DW_AT_decl_file
	.byte	101                             @ DW_AT_decl_line
	.byte	3                               @ Abbrev [3] 0x6b:0x6 DW_TAG_enumerator
	.long	.Linfo_string10                 @ DW_AT_name
	.byte	0                               @ DW_AT_const_value
	.byte	3                               @ Abbrev [3] 0x71:0x6 DW_TAG_enumerator
	.long	.Linfo_string11                 @ DW_AT_name
	.byte	1                               @ DW_AT_const_value
	.byte	3                               @ Abbrev [3] 0x77:0x6 DW_TAG_enumerator
	.long	.Linfo_string12                 @ DW_AT_name
	.byte	2                               @ DW_AT_const_value
	.byte	3                               @ Abbrev [3] 0x7d:0x6 DW_TAG_enumerator
	.long	.Linfo_string13                 @ DW_AT_name
	.byte	3                               @ DW_AT_const_value
	.byte	3                               @ Abbrev [3] 0x83:0x6 DW_TAG_enumerator
	.long	.Linfo_string14                 @ DW_AT_name
	.byte	4                               @ DW_AT_const_value
	.byte	0                               @ End Of Children Mark
	.byte	2                               @ Abbrev [2] 0x8a:0x39 DW_TAG_enumeration_type
	.long	71                              @ DW_AT_type
	.byte	1                               @ DW_AT_byte_size
	.byte	3                               @ DW_AT_decl_file
	.byte	135                             @ DW_AT_decl_line
	.byte	3                               @ Abbrev [3] 0x92:0x6 DW_TAG_enumerator
	.long	.Linfo_string15                 @ DW_AT_name
	.byte	0                               @ DW_AT_const_value
	.byte	3                               @ Abbrev [3] 0x98:0x6 DW_TAG_enumerator
	.long	.Linfo_string16                 @ DW_AT_name
	.byte	1                               @ DW_AT_const_value
	.byte	3                               @ Abbrev [3] 0x9e:0x6 DW_TAG_enumerator
	.long	.Linfo_string17                 @ DW_AT_name
	.byte	2                               @ DW_AT_const_value
	.byte	3                               @ Abbrev [3] 0xa4:0x6 DW_TAG_enumerator
	.long	.Linfo_string18                 @ DW_AT_name
	.byte	3                               @ DW_AT_const_value
	.byte	3                               @ Abbrev [3] 0xaa:0x6 DW_TAG_enumerator
	.long	.Linfo_string19                 @ DW_AT_name
	.byte	4                               @ DW_AT_const_value
	.byte	3                               @ Abbrev [3] 0xb0:0x6 DW_TAG_enumerator
	.long	.Linfo_string20                 @ DW_AT_name
	.byte	5                               @ DW_AT_const_value
	.byte	3                               @ Abbrev [3] 0xb6:0x6 DW_TAG_enumerator
	.long	.Linfo_string21                 @ DW_AT_name
	.byte	6                               @ DW_AT_const_value
	.byte	3                               @ Abbrev [3] 0xbc:0x6 DW_TAG_enumerator
	.long	.Linfo_string22                 @ DW_AT_name
	.byte	7                               @ DW_AT_const_value
	.byte	0                               @ End Of Children Mark
	.byte	5                               @ Abbrev [5] 0xc3:0xb DW_TAG_typedef
	.long	71                              @ DW_AT_type
	.long	.Linfo_string23                 @ DW_AT_name
	.byte	4                               @ DW_AT_decl_file
	.byte	62                              @ DW_AT_decl_line
	.byte	6                               @ Abbrev [6] 0xce:0x5 DW_TAG_pointer_type
	.long	211                             @ DW_AT_type
	.byte	7                               @ Abbrev [7] 0xd3:0xc DW_TAG_typedef
	.long	223                             @ DW_AT_type
	.long	.Linfo_string44                 @ DW_AT_name
	.byte	5                               @ DW_AT_decl_file
	.short	1498                            @ DW_AT_decl_line
	.byte	8                               @ Abbrev [8] 0xdf:0xe3 DW_TAG_structure_type
	.byte	84                              @ DW_AT_byte_size
	.byte	5                               @ DW_AT_decl_file
	.short	1478                            @ DW_AT_decl_line
	.byte	9                               @ Abbrev [9] 0xe4:0xd DW_TAG_member
	.long	.Linfo_string24                 @ DW_AT_name
	.long	450                             @ DW_AT_type
	.byte	5                               @ DW_AT_decl_file
	.short	1480                            @ DW_AT_decl_line
	.byte	0                               @ DW_AT_data_member_location
	.byte	9                               @ Abbrev [9] 0xf1:0xd DW_TAG_member
	.long	.Linfo_string27                 @ DW_AT_name
	.long	450                             @ DW_AT_type
	.byte	5                               @ DW_AT_decl_file
	.short	1481                            @ DW_AT_decl_line
	.byte	4                               @ DW_AT_data_member_location
	.byte	9                               @ Abbrev [9] 0xfe:0xd DW_TAG_member
	.long	.Linfo_string28                 @ DW_AT_name
	.long	450                             @ DW_AT_type
	.byte	5                               @ DW_AT_decl_file
	.short	1482                            @ DW_AT_decl_line
	.byte	8                               @ DW_AT_data_member_location
	.byte	9                               @ Abbrev [9] 0x10b:0xd DW_TAG_member
	.long	.Linfo_string29                 @ DW_AT_name
	.long	450                             @ DW_AT_type
	.byte	5                               @ DW_AT_decl_file
	.short	1483                            @ DW_AT_decl_line
	.byte	12                              @ DW_AT_data_member_location
	.byte	9                               @ Abbrev [9] 0x118:0xd DW_TAG_member
	.long	.Linfo_string30                 @ DW_AT_name
	.long	450                             @ DW_AT_type
	.byte	5                               @ DW_AT_decl_file
	.short	1484                            @ DW_AT_decl_line
	.byte	16                              @ DW_AT_data_member_location
	.byte	9                               @ Abbrev [9] 0x125:0xd DW_TAG_member
	.long	.Linfo_string31                 @ DW_AT_name
	.long	450                             @ DW_AT_type
	.byte	5                               @ DW_AT_decl_file
	.short	1485                            @ DW_AT_decl_line
	.byte	20                              @ DW_AT_data_member_location
	.byte	9                               @ Abbrev [9] 0x132:0xd DW_TAG_member
	.long	.Linfo_string32                 @ DW_AT_name
	.long	450                             @ DW_AT_type
	.byte	5                               @ DW_AT_decl_file
	.short	1486                            @ DW_AT_decl_line
	.byte	24                              @ DW_AT_data_member_location
	.byte	9                               @ Abbrev [9] 0x13f:0xd DW_TAG_member
	.long	.Linfo_string33                 @ DW_AT_name
	.long	455                             @ DW_AT_type
	.byte	5                               @ DW_AT_decl_file
	.short	1487                            @ DW_AT_decl_line
	.byte	28                              @ DW_AT_data_member_location
	.byte	9                               @ Abbrev [9] 0x14c:0xd DW_TAG_member
	.long	.Linfo_string34                 @ DW_AT_name
	.long	450                             @ DW_AT_type
	.byte	5                               @ DW_AT_decl_file
	.short	1488                            @ DW_AT_decl_line
	.byte	32                              @ DW_AT_data_member_location
	.byte	9                               @ Abbrev [9] 0x159:0xd DW_TAG_member
	.long	.Linfo_string35                 @ DW_AT_name
	.long	473                             @ DW_AT_type
	.byte	5                               @ DW_AT_decl_file
	.short	1489                            @ DW_AT_decl_line
	.byte	36                              @ DW_AT_data_member_location
	.byte	9                               @ Abbrev [9] 0x166:0xd DW_TAG_member
	.long	.Linfo_string37                 @ DW_AT_name
	.long	450                             @ DW_AT_type
	.byte	5                               @ DW_AT_decl_file
	.short	1490                            @ DW_AT_decl_line
	.byte	48                              @ DW_AT_data_member_location
	.byte	9                               @ Abbrev [9] 0x173:0xd DW_TAG_member
	.long	.Linfo_string38                 @ DW_AT_name
	.long	473                             @ DW_AT_type
	.byte	5                               @ DW_AT_decl_file
	.short	1491                            @ DW_AT_decl_line
	.byte	52                              @ DW_AT_data_member_location
	.byte	9                               @ Abbrev [9] 0x180:0xd DW_TAG_member
	.long	.Linfo_string39                 @ DW_AT_name
	.long	450                             @ DW_AT_type
	.byte	5                               @ DW_AT_decl_file
	.short	1492                            @ DW_AT_decl_line
	.byte	64                              @ DW_AT_data_member_location
	.byte	9                               @ Abbrev [9] 0x18d:0xd DW_TAG_member
	.long	.Linfo_string40                 @ DW_AT_name
	.long	450                             @ DW_AT_type
	.byte	5                               @ DW_AT_decl_file
	.short	1493                            @ DW_AT_decl_line
	.byte	68                              @ DW_AT_data_member_location
	.byte	9                               @ Abbrev [9] 0x19a:0xd DW_TAG_member
	.long	.Linfo_string41                 @ DW_AT_name
	.long	450                             @ DW_AT_type
	.byte	5                               @ DW_AT_decl_file
	.short	1494                            @ DW_AT_decl_line
	.byte	72                              @ DW_AT_data_member_location
	.byte	9                               @ Abbrev [9] 0x1a7:0xd DW_TAG_member
	.long	.Linfo_string42                 @ DW_AT_name
	.long	450                             @ DW_AT_type
	.byte	5                               @ DW_AT_decl_file
	.short	1495                            @ DW_AT_decl_line
	.byte	76                              @ DW_AT_data_member_location
	.byte	9                               @ Abbrev [9] 0x1b4:0xd DW_TAG_member
	.long	.Linfo_string43                 @ DW_AT_name
	.long	450                             @ DW_AT_type
	.byte	5                               @ DW_AT_decl_file
	.short	1496                            @ DW_AT_decl_line
	.byte	80                              @ DW_AT_data_member_location
	.byte	0                               @ End Of Children Mark
	.byte	10                              @ Abbrev [10] 0x1c2:0x5 DW_TAG_volatile_type
	.long	455                             @ DW_AT_type
	.byte	5                               @ Abbrev [5] 0x1c7:0xb DW_TAG_typedef
	.long	466                             @ DW_AT_type
	.long	.Linfo_string26                 @ DW_AT_name
	.byte	4                               @ DW_AT_decl_file
	.byte	64                              @ DW_AT_decl_line
	.byte	4                               @ Abbrev [4] 0x1d2:0x7 DW_TAG_base_type
	.long	.Linfo_string25                 @ DW_AT_name
	.byte	7                               @ DW_AT_encoding
	.byte	4                               @ DW_AT_byte_size
	.byte	11                              @ Abbrev [11] 0x1d9:0xc DW_TAG_array_type
	.long	455                             @ DW_AT_type
	.byte	12                              @ Abbrev [12] 0x1de:0x6 DW_TAG_subrange_type
	.long	485                             @ DW_AT_type
	.byte	3                               @ DW_AT_count
	.byte	0                               @ End Of Children Mark
	.byte	13                              @ Abbrev [13] 0x1e5:0x7 DW_TAG_base_type
	.long	.Linfo_string36                 @ DW_AT_name
	.byte	8                               @ DW_AT_byte_size
	.byte	7                               @ DW_AT_encoding
	.byte	14                              @ Abbrev [14] 0x1ec:0x4e DW_TAG_subprogram
	.long	.Lfunc_begin0                   @ DW_AT_low_pc
	.long	.Lfunc_end0-.Lfunc_begin0       @ DW_AT_high_pc
	.byte	1                               @ DW_AT_frame_base
	.byte	93
	.long	.Linfo_string45                 @ DW_AT_name
	.byte	6                               @ DW_AT_decl_file
	.byte	74                              @ DW_AT_decl_line
                                        @ DW_AT_prototyped
	.long	698                             @ DW_AT_type
                                        @ DW_AT_external
	.byte	15                              @ Abbrev [15] 0x201:0xe DW_TAG_formal_parameter
	.byte	2                               @ DW_AT_location
	.byte	145
	.byte	16
	.long	.Linfo_string49                 @ DW_AT_name
	.byte	6                               @ DW_AT_decl_file
	.byte	74                              @ DW_AT_decl_line
	.long	709                             @ DW_AT_type
	.byte	16                              @ Abbrev [16] 0x20f:0xe DW_TAG_variable
	.byte	2                               @ DW_AT_location
	.byte	145
	.byte	15
	.long	.Linfo_string134                @ DW_AT_name
	.byte	6                               @ DW_AT_decl_file
	.byte	76                              @ DW_AT_decl_line
	.long	195                             @ DW_AT_type
	.byte	16                              @ Abbrev [16] 0x21d:0xe DW_TAG_variable
	.byte	2                               @ DW_AT_location
	.byte	145
	.byte	8
	.long	.Linfo_string135                @ DW_AT_name
	.byte	6                               @ DW_AT_decl_file
	.byte	77                              @ DW_AT_decl_line
	.long	455                             @ DW_AT_type
	.byte	16                              @ Abbrev [16] 0x22b:0xe DW_TAG_variable
	.byte	2                               @ DW_AT_location
	.byte	145
	.byte	4
	.long	.Linfo_string136                @ DW_AT_name
	.byte	6                               @ DW_AT_decl_file
	.byte	78                              @ DW_AT_decl_line
	.long	450                             @ DW_AT_type
	.byte	0                               @ End Of Children Mark
	.byte	14                              @ Abbrev [14] 0x23a:0x32 DW_TAG_subprogram
	.long	.Lfunc_begin1                   @ DW_AT_low_pc
	.long	.Lfunc_end1-.Lfunc_begin1       @ DW_AT_high_pc
	.byte	1                               @ DW_AT_frame_base
	.byte	93
	.long	.Linfo_string47                 @ DW_AT_name
	.byte	6                               @ DW_AT_decl_file
	.byte	113                             @ DW_AT_decl_line
                                        @ DW_AT_prototyped
	.long	698                             @ DW_AT_type
                                        @ DW_AT_external
	.byte	15                              @ Abbrev [15] 0x24f:0xe DW_TAG_formal_parameter
	.byte	2                               @ DW_AT_location
	.byte	145
	.byte	4
	.long	.Linfo_string49                 @ DW_AT_name
	.byte	6                               @ DW_AT_decl_file
	.byte	113                             @ DW_AT_decl_line
	.long	1922                            @ DW_AT_type
	.byte	16                              @ Abbrev [16] 0x25d:0xe DW_TAG_variable
	.byte	2                               @ DW_AT_location
	.byte	145
	.byte	3
	.long	.Linfo_string137                @ DW_AT_name
	.byte	6                               @ DW_AT_decl_file
	.byte	115                             @ DW_AT_decl_line
	.long	698                             @ DW_AT_type
	.byte	0                               @ End Of Children Mark
	.byte	14                              @ Abbrev [14] 0x26c:0x4e DW_TAG_subprogram
	.long	.Lfunc_begin2                   @ DW_AT_low_pc
	.long	.Lfunc_end2-.Lfunc_begin2       @ DW_AT_high_pc
	.byte	1                               @ DW_AT_frame_base
	.byte	93
	.long	.Linfo_string48                 @ DW_AT_name
	.byte	6                               @ DW_AT_decl_file
	.byte	161                             @ DW_AT_decl_line
                                        @ DW_AT_prototyped
	.long	698                             @ DW_AT_type
                                        @ DW_AT_external
	.byte	15                              @ Abbrev [15] 0x281:0xe DW_TAG_formal_parameter
	.byte	2                               @ DW_AT_location
	.byte	145
	.byte	12
	.long	.Linfo_string49                 @ DW_AT_name
	.byte	6                               @ DW_AT_decl_file
	.byte	161                             @ DW_AT_decl_line
	.long	1922                            @ DW_AT_type
	.byte	15                              @ Abbrev [15] 0x28f:0xe DW_TAG_formal_parameter
	.byte	2                               @ DW_AT_location
	.byte	145
	.byte	8
	.long	.Linfo_string138                @ DW_AT_name
	.byte	6                               @ DW_AT_decl_file
	.byte	161                             @ DW_AT_decl_line
	.long	455                             @ DW_AT_type
	.byte	15                              @ Abbrev [15] 0x29d:0xe DW_TAG_formal_parameter
	.byte	2                               @ DW_AT_location
	.byte	145
	.byte	4
	.long	.Linfo_string139                @ DW_AT_name
	.byte	6                               @ DW_AT_decl_file
	.byte	162                             @ DW_AT_decl_line
	.long	455                             @ DW_AT_type
	.byte	16                              @ Abbrev [16] 0x2ab:0xe DW_TAG_variable
	.byte	2                               @ DW_AT_location
	.byte	145
	.byte	3
	.long	.Linfo_string137                @ DW_AT_name
	.byte	6                               @ DW_AT_decl_file
	.byte	164                             @ DW_AT_decl_line
	.long	698                             @ DW_AT_type
	.byte	0                               @ End Of Children Mark
	.byte	5                               @ Abbrev [5] 0x2ba:0xb DW_TAG_typedef
	.long	38                              @ DW_AT_type
	.long	.Linfo_string46                 @ DW_AT_name
	.byte	1                               @ DW_AT_decl_file
	.byte	45                              @ DW_AT_decl_line
	.byte	6                               @ Abbrev [6] 0x2c5:0x5 DW_TAG_pointer_type
	.long	714                             @ DW_AT_type
	.byte	17                              @ Abbrev [17] 0x2ca:0x5 DW_TAG_const_type
	.long	719                             @ DW_AT_type
	.byte	5                               @ Abbrev [5] 0x2cf:0xb DW_TAG_typedef
	.long	730                             @ DW_AT_type
	.long	.Linfo_string133                @ DW_AT_name
	.byte	3                               @ DW_AT_decl_file
	.byte	223                             @ DW_AT_decl_line
	.byte	18                              @ Abbrev [18] 0x2da:0xc9 DW_TAG_structure_type
	.long	.Linfo_string132                @ DW_AT_name
	.byte	136                             @ DW_AT_byte_size
	.byte	3                               @ DW_AT_decl_file
	.byte	169                             @ DW_AT_decl_line
	.byte	19                              @ Abbrev [19] 0x2e2:0xc DW_TAG_member
	.long	.Linfo_string50                 @ DW_AT_name
	.long	206                             @ DW_AT_type
	.byte	3                               @ DW_AT_decl_file
	.byte	171                             @ DW_AT_decl_line
	.byte	0                               @ DW_AT_data_member_location
	.byte	19                              @ Abbrev [19] 0x2ee:0xc DW_TAG_member
	.long	.Linfo_string51                 @ DW_AT_name
	.long	931                             @ DW_AT_type
	.byte	3                               @ DW_AT_decl_file
	.byte	173                             @ DW_AT_decl_line
	.byte	4                               @ DW_AT_data_member_location
	.byte	19                              @ Abbrev [19] 0x2fa:0xc DW_TAG_member
	.long	.Linfo_string75                 @ DW_AT_name
	.long	1211                            @ DW_AT_type
	.byte	3                               @ DW_AT_decl_file
	.byte	175                             @ DW_AT_decl_line
	.byte	92                              @ DW_AT_data_member_location
	.byte	19                              @ Abbrev [19] 0x306:0xc DW_TAG_member
	.long	.Linfo_string76                 @ DW_AT_name
	.long	1221                            @ DW_AT_type
	.byte	3                               @ DW_AT_decl_file
	.byte	177                             @ DW_AT_decl_line
	.byte	96                              @ DW_AT_data_member_location
	.byte	19                              @ Abbrev [19] 0x312:0xc DW_TAG_member
	.long	.Linfo_string79                 @ DW_AT_name
	.long	1239                            @ DW_AT_type
	.byte	3                               @ DW_AT_decl_file
	.byte	179                             @ DW_AT_decl_line
	.byte	98                              @ DW_AT_data_member_location
	.byte	19                              @ Abbrev [19] 0x31e:0xc DW_TAG_member
	.long	.Linfo_string80                 @ DW_AT_name
	.long	1244                            @ DW_AT_type
	.byte	3                               @ DW_AT_decl_file
	.byte	181                             @ DW_AT_decl_line
	.byte	100                             @ DW_AT_data_member_location
	.byte	19                              @ Abbrev [19] 0x32a:0xc DW_TAG_member
	.long	.Linfo_string81                 @ DW_AT_name
	.long	1221                            @ DW_AT_type
	.byte	3                               @ DW_AT_decl_file
	.byte	183                             @ DW_AT_decl_line
	.byte	104                             @ DW_AT_data_member_location
	.byte	19                              @ Abbrev [19] 0x336:0xc DW_TAG_member
	.long	.Linfo_string82                 @ DW_AT_name
	.long	1239                            @ DW_AT_type
	.byte	3                               @ DW_AT_decl_file
	.byte	185                             @ DW_AT_decl_line
	.byte	106                             @ DW_AT_data_member_location
	.byte	19                              @ Abbrev [19] 0x342:0xc DW_TAG_member
	.long	.Linfo_string83                 @ DW_AT_name
	.long	455                             @ DW_AT_type
	.byte	3                               @ DW_AT_decl_file
	.byte	187                             @ DW_AT_decl_line
	.byte	108                             @ DW_AT_data_member_location
	.byte	19                              @ Abbrev [19] 0x34e:0xc DW_TAG_member
	.long	.Linfo_string84                 @ DW_AT_name
	.long	1249                            @ DW_AT_type
	.byte	3                               @ DW_AT_decl_file
	.byte	189                             @ DW_AT_decl_line
	.byte	112                             @ DW_AT_data_member_location
	.byte	19                              @ Abbrev [19] 0x35a:0xc DW_TAG_member
	.long	.Linfo_string85                 @ DW_AT_name
	.long	1249                            @ DW_AT_type
	.byte	3                               @ DW_AT_decl_file
	.byte	191                             @ DW_AT_decl_line
	.byte	116                             @ DW_AT_data_member_location
	.byte	19                              @ Abbrev [19] 0x366:0xc DW_TAG_member
	.long	.Linfo_string86                 @ DW_AT_name
	.long	1266                            @ DW_AT_type
	.byte	3                               @ DW_AT_decl_file
	.byte	193                             @ DW_AT_decl_line
	.byte	120                             @ DW_AT_data_member_location
	.byte	19                              @ Abbrev [19] 0x372:0xc DW_TAG_member
	.long	.Linfo_string130                @ DW_AT_name
	.long	1266                            @ DW_AT_type
	.byte	3                               @ DW_AT_decl_file
	.byte	195                             @ DW_AT_decl_line
	.byte	124                             @ DW_AT_data_member_location
	.byte	19                              @ Abbrev [19] 0x37e:0xc DW_TAG_member
	.long	.Linfo_string98                 @ DW_AT_name
	.long	1692                            @ DW_AT_type
	.byte	3                               @ DW_AT_decl_file
	.byte	197                             @ DW_AT_decl_line
	.byte	128                             @ DW_AT_data_member_location
	.byte	19                              @ Abbrev [19] 0x38a:0xc DW_TAG_member
	.long	.Linfo_string100                @ DW_AT_name
	.long	1906                            @ DW_AT_type
	.byte	3                               @ DW_AT_decl_file
	.byte	199                             @ DW_AT_decl_line
	.byte	129                             @ DW_AT_data_member_location
	.byte	19                              @ Abbrev [19] 0x396:0xc DW_TAG_member
	.long	.Linfo_string109                @ DW_AT_name
	.long	450                             @ DW_AT_type
	.byte	3                               @ DW_AT_decl_file
	.byte	201                             @ DW_AT_decl_line
	.byte	132                             @ DW_AT_data_member_location
	.byte	0                               @ End Of Children Mark
	.byte	5                               @ Abbrev [5] 0x3a3:0xb DW_TAG_typedef
	.long	942                             @ DW_AT_type
	.long	.Linfo_string74                 @ DW_AT_name
	.byte	3                               @ DW_AT_decl_file
	.byte	130                             @ DW_AT_decl_line
	.byte	20                              @ Abbrev [20] 0x3ae:0x10d DW_TAG_structure_type
	.byte	88                              @ DW_AT_byte_size
	.byte	3                               @ DW_AT_decl_file
	.byte	46                              @ DW_AT_decl_line
	.byte	19                              @ Abbrev [19] 0x3b2:0xc DW_TAG_member
	.long	.Linfo_string52                 @ DW_AT_name
	.long	455                             @ DW_AT_type
	.byte	3                               @ DW_AT_decl_file
	.byte	48                              @ DW_AT_decl_line
	.byte	0                               @ DW_AT_data_member_location
	.byte	19                              @ Abbrev [19] 0x3be:0xc DW_TAG_member
	.long	.Linfo_string53                 @ DW_AT_name
	.long	455                             @ DW_AT_type
	.byte	3                               @ DW_AT_decl_file
	.byte	51                              @ DW_AT_decl_line
	.byte	4                               @ DW_AT_data_member_location
	.byte	19                              @ Abbrev [19] 0x3ca:0xc DW_TAG_member
	.long	.Linfo_string54                 @ DW_AT_name
	.long	455                             @ DW_AT_type
	.byte	3                               @ DW_AT_decl_file
	.byte	54                              @ DW_AT_decl_line
	.byte	8                               @ DW_AT_data_member_location
	.byte	19                              @ Abbrev [19] 0x3d6:0xc DW_TAG_member
	.long	.Linfo_string55                 @ DW_AT_name
	.long	455                             @ DW_AT_type
	.byte	3                               @ DW_AT_decl_file
	.byte	57                              @ DW_AT_decl_line
	.byte	12                              @ DW_AT_data_member_location
	.byte	19                              @ Abbrev [19] 0x3e2:0xc DW_TAG_member
	.long	.Linfo_string56                 @ DW_AT_name
	.long	455                             @ DW_AT_type
	.byte	3                               @ DW_AT_decl_file
	.byte	60                              @ DW_AT_decl_line
	.byte	16                              @ DW_AT_data_member_location
	.byte	19                              @ Abbrev [19] 0x3ee:0xc DW_TAG_member
	.long	.Linfo_string57                 @ DW_AT_name
	.long	455                             @ DW_AT_type
	.byte	3                               @ DW_AT_decl_file
	.byte	63                              @ DW_AT_decl_line
	.byte	20                              @ DW_AT_data_member_location
	.byte	19                              @ Abbrev [19] 0x3fa:0xc DW_TAG_member
	.long	.Linfo_string58                 @ DW_AT_name
	.long	455                             @ DW_AT_type
	.byte	3                               @ DW_AT_decl_file
	.byte	68                              @ DW_AT_decl_line
	.byte	24                              @ DW_AT_data_member_location
	.byte	19                              @ Abbrev [19] 0x406:0xc DW_TAG_member
	.long	.Linfo_string59                 @ DW_AT_name
	.long	455                             @ DW_AT_type
	.byte	3                               @ DW_AT_decl_file
	.byte	74                              @ DW_AT_decl_line
	.byte	28                              @ DW_AT_data_member_location
	.byte	19                              @ Abbrev [19] 0x412:0xc DW_TAG_member
	.long	.Linfo_string60                 @ DW_AT_name
	.long	455                             @ DW_AT_type
	.byte	3                               @ DW_AT_decl_file
	.byte	77                              @ DW_AT_decl_line
	.byte	32                              @ DW_AT_data_member_location
	.byte	19                              @ Abbrev [19] 0x41e:0xc DW_TAG_member
	.long	.Linfo_string61                 @ DW_AT_name
	.long	455                             @ DW_AT_type
	.byte	3                               @ DW_AT_decl_file
	.byte	80                              @ DW_AT_decl_line
	.byte	36                              @ DW_AT_data_member_location
	.byte	19                              @ Abbrev [19] 0x42a:0xc DW_TAG_member
	.long	.Linfo_string62                 @ DW_AT_name
	.long	455                             @ DW_AT_type
	.byte	3                               @ DW_AT_decl_file
	.byte	83                              @ DW_AT_decl_line
	.byte	40                              @ DW_AT_data_member_location
	.byte	19                              @ Abbrev [19] 0x436:0xc DW_TAG_member
	.long	.Linfo_string63                 @ DW_AT_name
	.long	455                             @ DW_AT_type
	.byte	3                               @ DW_AT_decl_file
	.byte	87                              @ DW_AT_decl_line
	.byte	44                              @ DW_AT_data_member_location
	.byte	19                              @ Abbrev [19] 0x442:0xc DW_TAG_member
	.long	.Linfo_string64                 @ DW_AT_name
	.long	455                             @ DW_AT_type
	.byte	3                               @ DW_AT_decl_file
	.byte	90                              @ DW_AT_decl_line
	.byte	48                              @ DW_AT_data_member_location
	.byte	19                              @ Abbrev [19] 0x44e:0xc DW_TAG_member
	.long	.Linfo_string65                 @ DW_AT_name
	.long	455                             @ DW_AT_type
	.byte	3                               @ DW_AT_decl_file
	.byte	96                              @ DW_AT_decl_line
	.byte	52                              @ DW_AT_data_member_location
	.byte	19                              @ Abbrev [19] 0x45a:0xc DW_TAG_member
	.long	.Linfo_string66                 @ DW_AT_name
	.long	455                             @ DW_AT_type
	.byte	3                               @ DW_AT_decl_file
	.byte	100                             @ DW_AT_decl_line
	.byte	56                              @ DW_AT_data_member_location
	.byte	19                              @ Abbrev [19] 0x466:0xc DW_TAG_member
	.long	.Linfo_string67                 @ DW_AT_name
	.long	455                             @ DW_AT_type
	.byte	3                               @ DW_AT_decl_file
	.byte	103                             @ DW_AT_decl_line
	.byte	60                              @ DW_AT_data_member_location
	.byte	19                              @ Abbrev [19] 0x472:0xc DW_TAG_member
	.long	.Linfo_string68                 @ DW_AT_name
	.long	455                             @ DW_AT_type
	.byte	3                               @ DW_AT_decl_file
	.byte	107                             @ DW_AT_decl_line
	.byte	64                              @ DW_AT_data_member_location
	.byte	19                              @ Abbrev [19] 0x47e:0xc DW_TAG_member
	.long	.Linfo_string69                 @ DW_AT_name
	.long	455                             @ DW_AT_type
	.byte	3                               @ DW_AT_decl_file
	.byte	111                             @ DW_AT_decl_line
	.byte	68                              @ DW_AT_data_member_location
	.byte	19                              @ Abbrev [19] 0x48a:0xc DW_TAG_member
	.long	.Linfo_string70                 @ DW_AT_name
	.long	455                             @ DW_AT_type
	.byte	3                               @ DW_AT_decl_file
	.byte	116                             @ DW_AT_decl_line
	.byte	72                              @ DW_AT_data_member_location
	.byte	19                              @ Abbrev [19] 0x496:0xc DW_TAG_member
	.long	.Linfo_string71                 @ DW_AT_name
	.long	455                             @ DW_AT_type
	.byte	3                               @ DW_AT_decl_file
	.byte	121                             @ DW_AT_decl_line
	.byte	76                              @ DW_AT_data_member_location
	.byte	19                              @ Abbrev [19] 0x4a2:0xc DW_TAG_member
	.long	.Linfo_string72                 @ DW_AT_name
	.long	455                             @ DW_AT_type
	.byte	3                               @ DW_AT_decl_file
	.byte	125                             @ DW_AT_decl_line
	.byte	80                              @ DW_AT_data_member_location
	.byte	19                              @ Abbrev [19] 0x4ae:0xc DW_TAG_member
	.long	.Linfo_string73                 @ DW_AT_name
	.long	455                             @ DW_AT_type
	.byte	3                               @ DW_AT_decl_file
	.byte	128                             @ DW_AT_decl_line
	.byte	84                              @ DW_AT_data_member_location
	.byte	0                               @ End Of Children Mark
	.byte	6                               @ Abbrev [6] 0x4bb:0x5 DW_TAG_pointer_type
	.long	1216                            @ DW_AT_type
	.byte	17                              @ Abbrev [17] 0x4c0:0x5 DW_TAG_const_type
	.long	195                             @ DW_AT_type
	.byte	5                               @ Abbrev [5] 0x4c5:0xb DW_TAG_typedef
	.long	1232                            @ DW_AT_type
	.long	.Linfo_string78                 @ DW_AT_name
	.byte	4                               @ DW_AT_decl_file
	.byte	63                              @ DW_AT_decl_line
	.byte	4                               @ Abbrev [4] 0x4d0:0x7 DW_TAG_base_type
	.long	.Linfo_string77                 @ DW_AT_name
	.byte	7                               @ DW_AT_encoding
	.byte	2                               @ DW_AT_byte_size
	.byte	10                              @ Abbrev [10] 0x4d7:0x5 DW_TAG_volatile_type
	.long	1221                            @ DW_AT_type
	.byte	6                               @ Abbrev [6] 0x4dc:0x5 DW_TAG_pointer_type
	.long	195                             @ DW_AT_type
	.byte	6                               @ Abbrev [6] 0x4e1:0x5 DW_TAG_pointer_type
	.long	1254                            @ DW_AT_type
	.byte	21                              @ Abbrev [21] 0x4e6:0x7 DW_TAG_subroutine_type
                                        @ DW_AT_prototyped
	.byte	22                              @ Abbrev [22] 0x4e7:0x5 DW_TAG_formal_parameter
	.long	1261                            @ DW_AT_type
	.byte	0                               @ End Of Children Mark
	.byte	6                               @ Abbrev [6] 0x4ed:0x5 DW_TAG_pointer_type
	.long	730                             @ DW_AT_type
	.byte	6                               @ Abbrev [6] 0x4f2:0x5 DW_TAG_pointer_type
	.long	1271                            @ DW_AT_type
	.byte	5                               @ Abbrev [5] 0x4f7:0xb DW_TAG_typedef
	.long	1282                            @ DW_AT_type
	.long	.Linfo_string129                @ DW_AT_name
	.byte	2                               @ DW_AT_decl_file
	.byte	179                             @ DW_AT_decl_line
	.byte	18                              @ Abbrev [18] 0x502:0xf9 DW_TAG_structure_type
	.long	.Linfo_string128                @ DW_AT_name
	.byte	120                             @ DW_AT_byte_size
	.byte	2                               @ DW_AT_decl_file
	.byte	136                             @ DW_AT_decl_line
	.byte	19                              @ Abbrev [19] 0x50a:0xc DW_TAG_member
	.long	.Linfo_string50                 @ DW_AT_name
	.long	1531                            @ DW_AT_type
	.byte	2                               @ DW_AT_decl_file
	.byte	138                             @ DW_AT_decl_line
	.byte	0                               @ DW_AT_data_member_location
	.byte	19                              @ Abbrev [19] 0x516:0xc DW_TAG_member
	.long	.Linfo_string51                 @ DW_AT_name
	.long	1532                            @ DW_AT_type
	.byte	2                               @ DW_AT_decl_file
	.byte	140                             @ DW_AT_decl_line
	.byte	4                               @ DW_AT_data_member_location
	.byte	19                              @ Abbrev [19] 0x522:0xc DW_TAG_member
	.long	.Linfo_string98                 @ DW_AT_name
	.long	1692                            @ DW_AT_type
	.byte	2                               @ DW_AT_decl_file
	.byte	142                             @ DW_AT_decl_line
	.byte	52                              @ DW_AT_data_member_location
	.byte	19                              @ Abbrev [19] 0x52e:0xc DW_TAG_member
	.long	.Linfo_string100                @ DW_AT_name
	.long	1703                            @ DW_AT_type
	.byte	2                               @ DW_AT_decl_file
	.byte	144                             @ DW_AT_decl_line
	.byte	53                              @ DW_AT_data_member_location
	.byte	19                              @ Abbrev [19] 0x53a:0xc DW_TAG_member
	.long	.Linfo_string102                @ DW_AT_name
	.long	1531                            @ DW_AT_type
	.byte	2                               @ DW_AT_decl_file
	.byte	146                             @ DW_AT_decl_line
	.byte	56                              @ DW_AT_data_member_location
	.byte	19                              @ Abbrev [19] 0x546:0xc DW_TAG_member
	.long	.Linfo_string103                @ DW_AT_name
	.long	1719                            @ DW_AT_type
	.byte	2                               @ DW_AT_decl_file
	.byte	148                             @ DW_AT_decl_line
	.byte	60                              @ DW_AT_data_member_location
	.byte	19                              @ Abbrev [19] 0x552:0xc DW_TAG_member
	.long	.Linfo_string104                @ DW_AT_name
	.long	1719                            @ DW_AT_type
	.byte	2                               @ DW_AT_decl_file
	.byte	150                             @ DW_AT_decl_line
	.byte	64                              @ DW_AT_data_member_location
	.byte	19                              @ Abbrev [19] 0x55e:0xc DW_TAG_member
	.long	.Linfo_string105                @ DW_AT_name
	.long	1719                            @ DW_AT_type
	.byte	2                               @ DW_AT_decl_file
	.byte	152                             @ DW_AT_decl_line
	.byte	68                              @ DW_AT_data_member_location
	.byte	19                              @ Abbrev [19] 0x56a:0xc DW_TAG_member
	.long	.Linfo_string106                @ DW_AT_name
	.long	1719                            @ DW_AT_type
	.byte	2                               @ DW_AT_decl_file
	.byte	154                             @ DW_AT_decl_line
	.byte	72                              @ DW_AT_data_member_location
	.byte	19                              @ Abbrev [19] 0x576:0xc DW_TAG_member
	.long	.Linfo_string107                @ DW_AT_name
	.long	1719                            @ DW_AT_type
	.byte	2                               @ DW_AT_decl_file
	.byte	156                             @ DW_AT_decl_line
	.byte	76                              @ DW_AT_data_member_location
	.byte	19                              @ Abbrev [19] 0x582:0xc DW_TAG_member
	.long	.Linfo_string108                @ DW_AT_name
	.long	1719                            @ DW_AT_type
	.byte	2                               @ DW_AT_decl_file
	.byte	158                             @ DW_AT_decl_line
	.byte	80                              @ DW_AT_data_member_location
	.byte	19                              @ Abbrev [19] 0x58e:0xc DW_TAG_member
	.long	.Linfo_string109                @ DW_AT_name
	.long	450                             @ DW_AT_type
	.byte	2                               @ DW_AT_decl_file
	.byte	160                             @ DW_AT_decl_line
	.byte	84                              @ DW_AT_data_member_location
	.byte	19                              @ Abbrev [19] 0x59a:0xc DW_TAG_member
	.long	.Linfo_string110                @ DW_AT_name
	.long	455                             @ DW_AT_type
	.byte	2                               @ DW_AT_decl_file
	.byte	162                             @ DW_AT_decl_line
	.byte	88                              @ DW_AT_data_member_location
	.byte	19                              @ Abbrev [19] 0x5a6:0xc DW_TAG_member
	.long	.Linfo_string111                @ DW_AT_name
	.long	455                             @ DW_AT_type
	.byte	2                               @ DW_AT_decl_file
	.byte	164                             @ DW_AT_decl_line
	.byte	92                              @ DW_AT_data_member_location
	.byte	19                              @ Abbrev [19] 0x5b2:0xc DW_TAG_member
	.long	.Linfo_string112                @ DW_AT_name
	.long	1736                            @ DW_AT_type
	.byte	2                               @ DW_AT_decl_file
	.byte	166                             @ DW_AT_decl_line
	.byte	96                              @ DW_AT_data_member_location
	.byte	19                              @ Abbrev [19] 0x5be:0xc DW_TAG_member
	.long	.Linfo_string115                @ DW_AT_name
	.long	1772                            @ DW_AT_type
	.byte	2                               @ DW_AT_decl_file
	.byte	168                             @ DW_AT_decl_line
	.byte	100                             @ DW_AT_data_member_location
	.byte	19                              @ Abbrev [19] 0x5ca:0xc DW_TAG_member
	.long	.Linfo_string119                @ DW_AT_name
	.long	455                             @ DW_AT_type
	.byte	2                               @ DW_AT_decl_file
	.byte	170                             @ DW_AT_decl_line
	.byte	104                             @ DW_AT_data_member_location
	.byte	19                              @ Abbrev [19] 0x5d6:0xc DW_TAG_member
	.long	.Linfo_string120                @ DW_AT_name
	.long	1821                            @ DW_AT_type
	.byte	2                               @ DW_AT_decl_file
	.byte	173                             @ DW_AT_decl_line
	.byte	108                             @ DW_AT_data_member_location
	.byte	19                              @ Abbrev [19] 0x5e2:0xc DW_TAG_member
	.long	.Linfo_string123                @ DW_AT_name
	.long	1857                            @ DW_AT_type
	.byte	2                               @ DW_AT_decl_file
	.byte	175                             @ DW_AT_decl_line
	.byte	112                             @ DW_AT_data_member_location
	.byte	19                              @ Abbrev [19] 0x5ee:0xc DW_TAG_member
	.long	.Linfo_string127                @ DW_AT_name
	.long	455                             @ DW_AT_type
	.byte	2                               @ DW_AT_decl_file
	.byte	177                             @ DW_AT_decl_line
	.byte	116                             @ DW_AT_data_member_location
	.byte	0                               @ End Of Children Mark
	.byte	23                              @ Abbrev [23] 0x5fb:0x1 DW_TAG_pointer_type
	.byte	5                               @ Abbrev [5] 0x5fc:0xb DW_TAG_typedef
	.long	1543                            @ DW_AT_type
	.long	.Linfo_string97                 @ DW_AT_name
	.byte	2                               @ DW_AT_decl_file
	.byte	96                              @ DW_AT_decl_line
	.byte	20                              @ Abbrev [20] 0x607:0x95 DW_TAG_structure_type
	.byte	48                              @ DW_AT_byte_size
	.byte	2                               @ DW_AT_decl_file
	.byte	48                              @ DW_AT_decl_line
	.byte	19                              @ Abbrev [19] 0x60b:0xc DW_TAG_member
	.long	.Linfo_string87                 @ DW_AT_name
	.long	455                             @ DW_AT_type
	.byte	2                               @ DW_AT_decl_file
	.byte	50                              @ DW_AT_decl_line
	.byte	0                               @ DW_AT_data_member_location
	.byte	19                              @ Abbrev [19] 0x617:0xc DW_TAG_member
	.long	.Linfo_string53                 @ DW_AT_name
	.long	455                             @ DW_AT_type
	.byte	2                               @ DW_AT_decl_file
	.byte	53                              @ DW_AT_decl_line
	.byte	4                               @ DW_AT_data_member_location
	.byte	19                              @ Abbrev [19] 0x623:0xc DW_TAG_member
	.long	.Linfo_string88                 @ DW_AT_name
	.long	455                             @ DW_AT_type
	.byte	2                               @ DW_AT_decl_file
	.byte	57                              @ DW_AT_decl_line
	.byte	8                               @ DW_AT_data_member_location
	.byte	19                              @ Abbrev [19] 0x62f:0xc DW_TAG_member
	.long	.Linfo_string89                 @ DW_AT_name
	.long	455                             @ DW_AT_type
	.byte	2                               @ DW_AT_decl_file
	.byte	60                              @ DW_AT_decl_line
	.byte	12                              @ DW_AT_data_member_location
	.byte	19                              @ Abbrev [19] 0x63b:0xc DW_TAG_member
	.long	.Linfo_string90                 @ DW_AT_name
	.long	455                             @ DW_AT_type
	.byte	2                               @ DW_AT_decl_file
	.byte	63                              @ DW_AT_decl_line
	.byte	16                              @ DW_AT_data_member_location
	.byte	19                              @ Abbrev [19] 0x647:0xc DW_TAG_member
	.long	.Linfo_string91                 @ DW_AT_name
	.long	455                             @ DW_AT_type
	.byte	2                               @ DW_AT_decl_file
	.byte	66                              @ DW_AT_decl_line
	.byte	20                              @ DW_AT_data_member_location
	.byte	19                              @ Abbrev [19] 0x653:0xc DW_TAG_member
	.long	.Linfo_string52                 @ DW_AT_name
	.long	455                             @ DW_AT_type
	.byte	2                               @ DW_AT_decl_file
	.byte	69                              @ DW_AT_decl_line
	.byte	24                              @ DW_AT_data_member_location
	.byte	19                              @ Abbrev [19] 0x65f:0xc DW_TAG_member
	.long	.Linfo_string92                 @ DW_AT_name
	.long	455                             @ DW_AT_type
	.byte	2                               @ DW_AT_decl_file
	.byte	74                              @ DW_AT_decl_line
	.byte	28                              @ DW_AT_data_member_location
	.byte	19                              @ Abbrev [19] 0x66b:0xc DW_TAG_member
	.long	.Linfo_string93                 @ DW_AT_name
	.long	455                             @ DW_AT_type
	.byte	2                               @ DW_AT_decl_file
	.byte	77                              @ DW_AT_decl_line
	.byte	32                              @ DW_AT_data_member_location
	.byte	19                              @ Abbrev [19] 0x677:0xc DW_TAG_member
	.long	.Linfo_string94                 @ DW_AT_name
	.long	455                             @ DW_AT_type
	.byte	2                               @ DW_AT_decl_file
	.byte	82                              @ DW_AT_decl_line
	.byte	36                              @ DW_AT_data_member_location
	.byte	19                              @ Abbrev [19] 0x683:0xc DW_TAG_member
	.long	.Linfo_string95                 @ DW_AT_name
	.long	455                             @ DW_AT_type
	.byte	2                               @ DW_AT_decl_file
	.byte	85                              @ DW_AT_decl_line
	.byte	40                              @ DW_AT_data_member_location
	.byte	19                              @ Abbrev [19] 0x68f:0xc DW_TAG_member
	.long	.Linfo_string96                 @ DW_AT_name
	.long	455                             @ DW_AT_type
	.byte	2                               @ DW_AT_decl_file
	.byte	91                              @ DW_AT_decl_line
	.byte	44                              @ DW_AT_data_member_location
	.byte	0                               @ End Of Children Mark
	.byte	5                               @ Abbrev [5] 0x69c:0xb DW_TAG_typedef
	.long	78                              @ DW_AT_type
	.long	.Linfo_string99                 @ DW_AT_name
	.byte	1                               @ DW_AT_decl_file
	.byte	54                              @ DW_AT_decl_line
	.byte	10                              @ Abbrev [10] 0x6a7:0x5 DW_TAG_volatile_type
	.long	1708                            @ DW_AT_type
	.byte	5                               @ Abbrev [5] 0x6ac:0xb DW_TAG_typedef
	.long	99                              @ DW_AT_type
	.long	.Linfo_string101                @ DW_AT_name
	.byte	2                               @ DW_AT_decl_file
	.byte	108                             @ DW_AT_decl_line
	.byte	6                               @ Abbrev [6] 0x6b7:0x5 DW_TAG_pointer_type
	.long	1724                            @ DW_AT_type
	.byte	21                              @ Abbrev [21] 0x6bc:0x7 DW_TAG_subroutine_type
                                        @ DW_AT_prototyped
	.byte	22                              @ Abbrev [22] 0x6bd:0x5 DW_TAG_formal_parameter
	.long	1731                            @ DW_AT_type
	.byte	0                               @ End Of Children Mark
	.byte	6                               @ Abbrev [6] 0x6c3:0x5 DW_TAG_pointer_type
	.long	1282                            @ DW_AT_type
	.byte	6                               @ Abbrev [6] 0x6c8:0x5 DW_TAG_pointer_type
	.long	1741                            @ DW_AT_type
	.byte	7                               @ Abbrev [7] 0x6cd:0xc DW_TAG_typedef
	.long	1753                            @ DW_AT_type
	.long	.Linfo_string114                @ DW_AT_name
	.byte	5                               @ DW_AT_decl_file
	.short	636                             @ DW_AT_decl_line
	.byte	8                               @ Abbrev [8] 0x6d9:0x13 DW_TAG_structure_type
	.byte	4                               @ DW_AT_byte_size
	.byte	5                               @ DW_AT_decl_file
	.short	633                             @ DW_AT_decl_line
	.byte	9                               @ Abbrev [9] 0x6de:0xd DW_TAG_member
	.long	.Linfo_string113                @ DW_AT_name
	.long	450                             @ DW_AT_type
	.byte	5                               @ DW_AT_decl_file
	.short	635                             @ DW_AT_decl_line
	.byte	0                               @ DW_AT_data_member_location
	.byte	0                               @ End Of Children Mark
	.byte	6                               @ Abbrev [6] 0x6ec:0x5 DW_TAG_pointer_type
	.long	1777                            @ DW_AT_type
	.byte	7                               @ Abbrev [7] 0x6f1:0xc DW_TAG_typedef
	.long	1789                            @ DW_AT_type
	.long	.Linfo_string118                @ DW_AT_name
	.byte	5                               @ DW_AT_decl_file
	.short	642                             @ DW_AT_decl_line
	.byte	8                               @ Abbrev [8] 0x6fd:0x20 DW_TAG_structure_type
	.byte	8                               @ DW_AT_byte_size
	.byte	5                               @ DW_AT_decl_file
	.short	638                             @ DW_AT_decl_line
	.byte	9                               @ Abbrev [9] 0x702:0xd DW_TAG_member
	.long	.Linfo_string116                @ DW_AT_name
	.long	450                             @ DW_AT_type
	.byte	5                               @ DW_AT_decl_file
	.short	640                             @ DW_AT_decl_line
	.byte	0                               @ DW_AT_data_member_location
	.byte	9                               @ Abbrev [9] 0x70f:0xd DW_TAG_member
	.long	.Linfo_string117                @ DW_AT_name
	.long	450                             @ DW_AT_type
	.byte	5                               @ DW_AT_decl_file
	.short	641                             @ DW_AT_decl_line
	.byte	4                               @ DW_AT_data_member_location
	.byte	0                               @ End Of Children Mark
	.byte	6                               @ Abbrev [6] 0x71d:0x5 DW_TAG_pointer_type
	.long	1826                            @ DW_AT_type
	.byte	7                               @ Abbrev [7] 0x722:0xc DW_TAG_typedef
	.long	1838                            @ DW_AT_type
	.long	.Linfo_string122                @ DW_AT_name
	.byte	5                               @ DW_AT_decl_file
	.short	647                             @ DW_AT_decl_line
	.byte	8                               @ Abbrev [8] 0x72e:0x13 DW_TAG_structure_type
	.byte	4                               @ DW_AT_byte_size
	.byte	5                               @ DW_AT_decl_file
	.short	644                             @ DW_AT_decl_line
	.byte	9                               @ Abbrev [9] 0x733:0xd DW_TAG_member
	.long	.Linfo_string121                @ DW_AT_name
	.long	450                             @ DW_AT_type
	.byte	5                               @ DW_AT_decl_file
	.short	646                             @ DW_AT_decl_line
	.byte	0                               @ DW_AT_data_member_location
	.byte	0                               @ End Of Children Mark
	.byte	6                               @ Abbrev [6] 0x741:0x5 DW_TAG_pointer_type
	.long	1862                            @ DW_AT_type
	.byte	7                               @ Abbrev [7] 0x746:0xc DW_TAG_typedef
	.long	1874                            @ DW_AT_type
	.long	.Linfo_string126                @ DW_AT_name
	.byte	5                               @ DW_AT_decl_file
	.short	653                             @ DW_AT_decl_line
	.byte	8                               @ Abbrev [8] 0x752:0x20 DW_TAG_structure_type
	.byte	8                               @ DW_AT_byte_size
	.byte	5                               @ DW_AT_decl_file
	.short	649                             @ DW_AT_decl_line
	.byte	9                               @ Abbrev [9] 0x757:0xd DW_TAG_member
	.long	.Linfo_string124                @ DW_AT_name
	.long	450                             @ DW_AT_type
	.byte	5                               @ DW_AT_decl_file
	.short	651                             @ DW_AT_decl_line
	.byte	0                               @ DW_AT_data_member_location
	.byte	9                               @ Abbrev [9] 0x764:0xd DW_TAG_member
	.long	.Linfo_string125                @ DW_AT_name
	.long	450                             @ DW_AT_type
	.byte	5                               @ DW_AT_decl_file
	.short	652                             @ DW_AT_decl_line
	.byte	4                               @ DW_AT_data_member_location
	.byte	0                               @ End Of Children Mark
	.byte	10                              @ Abbrev [10] 0x772:0x5 DW_TAG_volatile_type
	.long	1911                            @ DW_AT_type
	.byte	5                               @ Abbrev [5] 0x777:0xb DW_TAG_typedef
	.long	138                             @ DW_AT_type
	.long	.Linfo_string131                @ DW_AT_name
	.byte	3                               @ DW_AT_decl_file
	.byte	145                             @ DW_AT_decl_line
	.byte	6                               @ Abbrev [6] 0x782:0x5 DW_TAG_pointer_type
	.long	719                             @ DW_AT_type
	.byte	0                               @ End Of Children Mark
.Ldebug_info_end0:
	.section	.debug_ranges,"",%progbits
.Ldebug_ranges0:
	.long	.Lfunc_begin0
	.long	.Lfunc_end0
	.long	.Lfunc_begin1
	.long	.Lfunc_end1
	.long	.Lfunc_begin2
	.long	.Lfunc_end2
	.long	0
	.long	0
	.section	.debug_str,"MS",%progbits,1
.Linfo_string0:
	.asciz	"Component: Arm Compiler for Embedded 6.24 Tool: armclang [5f371800]" @ string offset=0
.Linfo_string1:
	.asciz	"../Drivers/STM32H7xx_HAL_Driver/Src\\stm32h7xx_hal_spi_ex.c" @ string offset=68
.Linfo_string2:
	.asciz	"D:\\stm32_project\\daily_work\\new_bubing\\cod_update_2.0\\COD_H7_Template\\MDK-ARM" @ string offset=127
.Linfo_string3:
	.asciz	"unsigned char"                 @ string offset=205
.Linfo_string4:
	.asciz	"HAL_OK"                        @ string offset=219
.Linfo_string5:
	.asciz	"HAL_ERROR"                     @ string offset=226
.Linfo_string6:
	.asciz	"HAL_BUSY"                      @ string offset=236
.Linfo_string7:
	.asciz	"HAL_TIMEOUT"                   @ string offset=245
.Linfo_string8:
	.asciz	"HAL_UNLOCKED"                  @ string offset=257
.Linfo_string9:
	.asciz	"HAL_LOCKED"                    @ string offset=270
.Linfo_string10:
	.asciz	"HAL_DMA_STATE_RESET"           @ string offset=281
.Linfo_string11:
	.asciz	"HAL_DMA_STATE_READY"           @ string offset=301
.Linfo_string12:
	.asciz	"HAL_DMA_STATE_BUSY"            @ string offset=321
.Linfo_string13:
	.asciz	"HAL_DMA_STATE_ERROR"           @ string offset=340
.Linfo_string14:
	.asciz	"HAL_DMA_STATE_ABORT"           @ string offset=360
.Linfo_string15:
	.asciz	"HAL_SPI_STATE_RESET"           @ string offset=380
.Linfo_string16:
	.asciz	"HAL_SPI_STATE_READY"           @ string offset=400
.Linfo_string17:
	.asciz	"HAL_SPI_STATE_BUSY"            @ string offset=420
.Linfo_string18:
	.asciz	"HAL_SPI_STATE_BUSY_TX"         @ string offset=439
.Linfo_string19:
	.asciz	"HAL_SPI_STATE_BUSY_RX"         @ string offset=461
.Linfo_string20:
	.asciz	"HAL_SPI_STATE_BUSY_TX_RX"      @ string offset=483
.Linfo_string21:
	.asciz	"HAL_SPI_STATE_ERROR"           @ string offset=508
.Linfo_string22:
	.asciz	"HAL_SPI_STATE_ABORT"           @ string offset=528
.Linfo_string23:
	.asciz	"uint8_t"                       @ string offset=548
.Linfo_string24:
	.asciz	"CR1"                           @ string offset=556
.Linfo_string25:
	.asciz	"unsigned int"                  @ string offset=560
.Linfo_string26:
	.asciz	"uint32_t"                      @ string offset=573
.Linfo_string27:
	.asciz	"CR2"                           @ string offset=582
.Linfo_string28:
	.asciz	"CFG1"                          @ string offset=586
.Linfo_string29:
	.asciz	"CFG2"                          @ string offset=591
.Linfo_string30:
	.asciz	"IER"                           @ string offset=596
.Linfo_string31:
	.asciz	"SR"                            @ string offset=600
.Linfo_string32:
	.asciz	"IFCR"                          @ string offset=603
.Linfo_string33:
	.asciz	"RESERVED0"                     @ string offset=608
.Linfo_string34:
	.asciz	"TXDR"                          @ string offset=618
.Linfo_string35:
	.asciz	"RESERVED1"                     @ string offset=623
.Linfo_string36:
	.asciz	"__ARRAY_SIZE_TYPE__"           @ string offset=633
.Linfo_string37:
	.asciz	"RXDR"                          @ string offset=653
.Linfo_string38:
	.asciz	"RESERVED2"                     @ string offset=658
.Linfo_string39:
	.asciz	"CRCPOLY"                       @ string offset=668
.Linfo_string40:
	.asciz	"TXCRC"                         @ string offset=676
.Linfo_string41:
	.asciz	"RXCRC"                         @ string offset=682
.Linfo_string42:
	.asciz	"UDRDR"                         @ string offset=688
.Linfo_string43:
	.asciz	"I2SCFGR"                       @ string offset=694
.Linfo_string44:
	.asciz	"SPI_TypeDef"                   @ string offset=702
.Linfo_string45:
	.asciz	"HAL_SPIEx_FlushRxFifo"         @ string offset=714
.Linfo_string46:
	.asciz	"HAL_StatusTypeDef"             @ string offset=736
.Linfo_string47:
	.asciz	"HAL_SPIEx_EnableLockConfiguration" @ string offset=754
.Linfo_string48:
	.asciz	"HAL_SPIEx_ConfigureUnderrun"   @ string offset=788
.Linfo_string49:
	.asciz	"hspi"                          @ string offset=816
.Linfo_string50:
	.asciz	"Instance"                      @ string offset=821
.Linfo_string51:
	.asciz	"Init"                          @ string offset=830
.Linfo_string52:
	.asciz	"Mode"                          @ string offset=835
.Linfo_string53:
	.asciz	"Direction"                     @ string offset=840
.Linfo_string54:
	.asciz	"DataSize"                      @ string offset=850
.Linfo_string55:
	.asciz	"CLKPolarity"                   @ string offset=859
.Linfo_string56:
	.asciz	"CLKPhase"                      @ string offset=871
.Linfo_string57:
	.asciz	"NSS"                           @ string offset=880
.Linfo_string58:
	.asciz	"BaudRatePrescaler"             @ string offset=884
.Linfo_string59:
	.asciz	"FirstBit"                      @ string offset=902
.Linfo_string60:
	.asciz	"TIMode"                        @ string offset=911
.Linfo_string61:
	.asciz	"CRCCalculation"                @ string offset=918
.Linfo_string62:
	.asciz	"CRCPolynomial"                 @ string offset=933
.Linfo_string63:
	.asciz	"CRCLength"                     @ string offset=947
.Linfo_string64:
	.asciz	"NSSPMode"                      @ string offset=957
.Linfo_string65:
	.asciz	"NSSPolarity"                   @ string offset=966
.Linfo_string66:
	.asciz	"FifoThreshold"                 @ string offset=978
.Linfo_string67:
	.asciz	"TxCRCInitializationPattern"    @ string offset=992
.Linfo_string68:
	.asciz	"RxCRCInitializationPattern"    @ string offset=1019
.Linfo_string69:
	.asciz	"MasterSSIdleness"              @ string offset=1046
.Linfo_string70:
	.asciz	"MasterInterDataIdleness"       @ string offset=1063
.Linfo_string71:
	.asciz	"MasterReceiverAutoSusp"        @ string offset=1087
.Linfo_string72:
	.asciz	"MasterKeepIOState"             @ string offset=1110
.Linfo_string73:
	.asciz	"IOSwap"                        @ string offset=1128
.Linfo_string74:
	.asciz	"SPI_InitTypeDef"               @ string offset=1135
.Linfo_string75:
	.asciz	"pTxBuffPtr"                    @ string offset=1151
.Linfo_string76:
	.asciz	"TxXferSize"                    @ string offset=1162
.Linfo_string77:
	.asciz	"unsigned short"                @ string offset=1173
.Linfo_string78:
	.asciz	"uint16_t"                      @ string offset=1188
.Linfo_string79:
	.asciz	"TxXferCount"                   @ string offset=1197
.Linfo_string80:
	.asciz	"pRxBuffPtr"                    @ string offset=1209
.Linfo_string81:
	.asciz	"RxXferSize"                    @ string offset=1220
.Linfo_string82:
	.asciz	"RxXferCount"                   @ string offset=1231
.Linfo_string83:
	.asciz	"CRCSize"                       @ string offset=1243
.Linfo_string84:
	.asciz	"RxISR"                         @ string offset=1251
.Linfo_string85:
	.asciz	"TxISR"                         @ string offset=1257
.Linfo_string86:
	.asciz	"hdmatx"                        @ string offset=1263
.Linfo_string87:
	.asciz	"Request"                       @ string offset=1270
.Linfo_string88:
	.asciz	"PeriphInc"                     @ string offset=1278
.Linfo_string89:
	.asciz	"MemInc"                        @ string offset=1288
.Linfo_string90:
	.asciz	"PeriphDataAlignment"           @ string offset=1295
.Linfo_string91:
	.asciz	"MemDataAlignment"              @ string offset=1315
.Linfo_string92:
	.asciz	"Priority"                      @ string offset=1332
.Linfo_string93:
	.asciz	"FIFOMode"                      @ string offset=1341
.Linfo_string94:
	.asciz	"FIFOThreshold"                 @ string offset=1350
.Linfo_string95:
	.asciz	"MemBurst"                      @ string offset=1364
.Linfo_string96:
	.asciz	"PeriphBurst"                   @ string offset=1373
.Linfo_string97:
	.asciz	"DMA_InitTypeDef"               @ string offset=1385
.Linfo_string98:
	.asciz	"Lock"                          @ string offset=1401
.Linfo_string99:
	.asciz	"HAL_LockTypeDef"               @ string offset=1406
.Linfo_string100:
	.asciz	"State"                         @ string offset=1422
.Linfo_string101:
	.asciz	"HAL_DMA_StateTypeDef"          @ string offset=1428
.Linfo_string102:
	.asciz	"Parent"                        @ string offset=1449
.Linfo_string103:
	.asciz	"XferCpltCallback"              @ string offset=1456
.Linfo_string104:
	.asciz	"XferHalfCpltCallback"          @ string offset=1473
.Linfo_string105:
	.asciz	"XferM1CpltCallback"            @ string offset=1494
.Linfo_string106:
	.asciz	"XferM1HalfCpltCallback"        @ string offset=1513
.Linfo_string107:
	.asciz	"XferErrorCallback"             @ string offset=1536
.Linfo_string108:
	.asciz	"XferAbortCallback"             @ string offset=1554
.Linfo_string109:
	.asciz	"ErrorCode"                     @ string offset=1572
.Linfo_string110:
	.asciz	"StreamBaseAddress"             @ string offset=1582
.Linfo_string111:
	.asciz	"StreamIndex"                   @ string offset=1600
.Linfo_string112:
	.asciz	"DMAmuxChannel"                 @ string offset=1612
.Linfo_string113:
	.asciz	"CCR"                           @ string offset=1626
.Linfo_string114:
	.asciz	"DMAMUX_Channel_TypeDef"        @ string offset=1630
.Linfo_string115:
	.asciz	"DMAmuxChannelStatus"           @ string offset=1653
.Linfo_string116:
	.asciz	"CSR"                           @ string offset=1673
.Linfo_string117:
	.asciz	"CFR"                           @ string offset=1677
.Linfo_string118:
	.asciz	"DMAMUX_ChannelStatus_TypeDef"  @ string offset=1681
.Linfo_string119:
	.asciz	"DMAmuxChannelStatusMask"       @ string offset=1710
.Linfo_string120:
	.asciz	"DMAmuxRequestGen"              @ string offset=1734
.Linfo_string121:
	.asciz	"RGCR"                          @ string offset=1751
.Linfo_string122:
	.asciz	"DMAMUX_RequestGen_TypeDef"     @ string offset=1756
.Linfo_string123:
	.asciz	"DMAmuxRequestGenStatus"        @ string offset=1782
.Linfo_string124:
	.asciz	"RGSR"                          @ string offset=1805
.Linfo_string125:
	.asciz	"RGCFR"                         @ string offset=1810
.Linfo_string126:
	.asciz	"DMAMUX_RequestGenStatus_TypeDef" @ string offset=1816
.Linfo_string127:
	.asciz	"DMAmuxRequestGenStatusMask"    @ string offset=1848
.Linfo_string128:
	.asciz	"__DMA_HandleTypeDef"           @ string offset=1875
.Linfo_string129:
	.asciz	"DMA_HandleTypeDef"             @ string offset=1895
.Linfo_string130:
	.asciz	"hdmarx"                        @ string offset=1913
.Linfo_string131:
	.asciz	"HAL_SPI_StateTypeDef"          @ string offset=1920
.Linfo_string132:
	.asciz	"__SPI_HandleTypeDef"           @ string offset=1941
.Linfo_string133:
	.asciz	"SPI_HandleTypeDef"             @ string offset=1961
.Linfo_string134:
	.asciz	"count"                         @ string offset=1979
.Linfo_string135:
	.asciz	"itflag"                        @ string offset=1985
.Linfo_string136:
	.asciz	"tmpreg"                        @ string offset=1992
.Linfo_string137:
	.asciz	"errorcode"                     @ string offset=1999
.Linfo_string138:
	.asciz	"UnderrunDetection"             @ string offset=2009
.Linfo_string139:
	.asciz	"UnderrunBehaviour"             @ string offset=2027
	.ident	"Component: Arm Compiler for Embedded 6.24 Tool: armclang [5f371800]"
	.section	".note.GNU-stack","",%progbits
	.eabi_attribute	30, 6	@ Tag_ABI_optimization_goals
	.ARM_attribute	16, 1	@ Tag_AV_eba
	.section	.debug_line,"",%progbits
.Lline_table_start0:
