	.text
	.syntax unified
	.eabi_attribute	67, "2.09"	@ Tag_conformance
	.cpu	cortex-m7
	.eabi_attribute	6, 13	@ Tag_CPU_arch
	.eabi_attribute	7, 77	@ Tag_CPU_arch_profile
	.eabi_attribute	8, 0	@ Tag_ARM_ISA_use
	.eabi_attribute	9, 2	@ Tag_THUMB_ISA_use
	.fpu	fpv5-d16
	.eabi_attribute	36, 1	@ Tag_FP_HP_extension
	.eabi_attribute	34, 1	@ Tag_CPU_unaligned_access
	.eabi_attribute	17, 1	@ Tag_ABI_PCS_GOT_use
	.eabi_attribute	20, 2	@ Tag_ABI_FP_denormal
	.eabi_attribute	21, 0	@ Tag_ABI_FP_exceptions
	.eabi_attribute	23, 1	@ Tag_ABI_FP_number_model
	.eabi_attribute	24, 1	@ Tag_ABI_align_needed
	.eabi_attribute	25, 1	@ Tag_ABI_align_preserved
	.eabi_attribute	28, 1	@ Tag_ABI_VFP_args
	.eabi_attribute	38, 1	@ Tag_ABI_FP_16bit_format
	.eabi_attribute	18, 2	@ Tag_ABI_PCS_wchar_t
	.eabi_attribute	26, 1	@ Tag_ABI_enum_size
	.eabi_attribute	14, 0	@ Tag_ABI_PCS_R9_use
	.file	"tim.c"
	.file	1 "D:\\keil5_app\\Keil_v5\\ARM\\ARMCLANG\\bin\\..\\include" "stdint.h"
	.file	2 "D:\\stm32_project\\daily_work\\new_bubing\\cod_update_2.0\\COD_H7_Template\\MDK-ARM" "../Drivers/CMSIS/Device/ST/STM32H7xx/Include\\stm32h723xx.h"
	.file	3 "D:\\stm32_project\\daily_work\\new_bubing\\cod_update_2.0\\COD_H7_Template\\MDK-ARM" "../Drivers/STM32H7xx_HAL_Driver/Inc\\stm32h7xx_hal_tim.h"
	.file	4 "D:\\stm32_project\\daily_work\\new_bubing\\cod_update_2.0\\COD_H7_Template\\MDK-ARM" "../Drivers/STM32H7xx_HAL_Driver/Inc\\stm32h7xx_hal_dma.h"
	.file	5 "D:\\stm32_project\\daily_work\\new_bubing\\cod_update_2.0\\COD_H7_Template\\MDK-ARM" "../Drivers/STM32H7xx_HAL_Driver/Inc\\stm32h7xx_hal_def.h"
	.file	6 "D:\\stm32_project\\daily_work\\new_bubing\\cod_update_2.0\\COD_H7_Template\\MDK-ARM" "../Core/Src/tim.c"
	.section	.text.MX_TIM3_Init,"ax",%progbits
	.hidden	MX_TIM3_Init                    @ -- Begin function MX_TIM3_Init
	.globl	MX_TIM3_Init
	.p2align	3
	.type	MX_TIM3_Init,%function
	.code	16                              @ @MX_TIM3_Init
	.thumb_func
MX_TIM3_Init:
.Lfunc_begin0:
	.loc	6 32 0                          @ ../Core/Src/tim.c:32:0
	.fnstart
	.cfi_sections .debug_frame
	.cfi_startproc
@ %bb.0:
	.save	{r7, lr}
	push	{r7, lr}
	.cfi_def_cfa_offset 8
	.cfi_offset lr, -4
	.cfi_offset r7, -8
	.pad	#48
	sub	sp, #48
	.cfi_def_cfa_offset 56
	movs	r1, #0
.Ltmp0:
	.loc	6 38 27 prologue_end            @ ../Core/Src/tim.c:38:27
	str	r1, [sp, #4]                    @ 4-byte Spill
	str	r1, [sp, #44]
	str	r1, [sp, #40]
	str	r1, [sp, #36]
	.loc	6 39 22                         @ ../Core/Src/tim.c:39:22
	str	r1, [sp, #32]
	str	r1, [sp, #28]
	str	r1, [sp, #24]
	str	r1, [sp, #20]
	str	r1, [sp, #16]
	str	r1, [sp, #12]
	str	r1, [sp, #8]
	.loc	6 44 18                         @ ../Core/Src/tim.c:44:18
	movw	r0, :lower16:htim3
	movt	r0, :upper16:htim3
	movw	r2, #1024
	movt	r2, #16384
	str	r2, [r0]
	movs	r2, #120
	.loc	6 45 24                         @ ../Core/Src/tim.c:45:24
	str	r2, [r0, #4]
	.loc	6 46 26                         @ ../Core/Src/tim.c:46:26
	str	r1, [r0, #8]
	movw	r2, #20000
	.loc	6 47 21                         @ ../Core/Src/tim.c:47:21
	str	r2, [r0, #12]
	.loc	6 48 28                         @ ../Core/Src/tim.c:48:28
	str	r1, [r0, #16]
	movs	r1, #128
	.loc	6 49 32                         @ ../Core/Src/tim.c:49:32
	str	r1, [r0, #24]
.Ltmp1:
	.loc	6 50 7                          @ ../Core/Src/tim.c:50:7
	bl	HAL_TIM_PWM_Init
.Ltmp2:
	.loc	6 50 7 is_stmt 0                @ ../Core/Src/tim.c:50:7
	cbz	r0, .LBB0_2
	b	.LBB0_1
.LBB0_1:
.Ltmp3:
	.loc	6 52 5 is_stmt 1                @ ../Core/Src/tim.c:52:5
	bl	Error_Handler
	.loc	6 53 3                          @ ../Core/Src/tim.c:53:3
	b	.LBB0_2
.Ltmp4:
.LBB0_2:
	.loc	6 0 3 is_stmt 0                 @ ../Core/Src/tim.c:0:3
	movs	r0, #0
	.loc	6 54 37 is_stmt 1               @ ../Core/Src/tim.c:54:37
	str	r0, [sp, #36]
	.loc	6 55 33                         @ ../Core/Src/tim.c:55:33
	str	r0, [sp, #44]
.Ltmp5:
	.loc	6 56 7                          @ ../Core/Src/tim.c:56:7
	movw	r0, :lower16:htim3
	movt	r0, :upper16:htim3
	add	r1, sp, #36
	bl	HAL_TIMEx_MasterConfigSynchronization
.Ltmp6:
	.loc	6 56 7 is_stmt 0                @ ../Core/Src/tim.c:56:7
	cbz	r0, .LBB0_4
	b	.LBB0_3
.LBB0_3:
.Ltmp7:
	.loc	6 58 5 is_stmt 1                @ ../Core/Src/tim.c:58:5
	bl	Error_Handler
	.loc	6 59 3                          @ ../Core/Src/tim.c:59:3
	b	.LBB0_4
.Ltmp8:
.LBB0_4:
	.loc	6 0 3 is_stmt 0                 @ ../Core/Src/tim.c:0:3
	movs	r0, #96
	.loc	6 60 20 is_stmt 1               @ ../Core/Src/tim.c:60:20
	str	r0, [sp, #8]
	movs	r0, #0
	.loc	6 61 19                         @ ../Core/Src/tim.c:61:19
	str	r0, [sp, #12]
	.loc	6 62 24                         @ ../Core/Src/tim.c:62:24
	str	r0, [sp, #16]
	.loc	6 63 24                         @ ../Core/Src/tim.c:63:24
	str	r0, [sp, #24]
.Ltmp9:
	.loc	6 64 7                          @ ../Core/Src/tim.c:64:7
	movw	r0, :lower16:htim3
	movt	r0, :upper16:htim3
	add	r1, sp, #8
	movs	r2, #12
	bl	HAL_TIM_PWM_ConfigChannel
.Ltmp10:
	.loc	6 64 7 is_stmt 0                @ ../Core/Src/tim.c:64:7
	cbz	r0, .LBB0_6
	b	.LBB0_5
.LBB0_5:
.Ltmp11:
	.loc	6 66 5 is_stmt 1                @ ../Core/Src/tim.c:66:5
	bl	Error_Handler
	.loc	6 67 3                          @ ../Core/Src/tim.c:67:3
	b	.LBB0_6
.Ltmp12:
.LBB0_6:
	.loc	6 71 3                          @ ../Core/Src/tim.c:71:3
	movw	r0, :lower16:htim3
	movt	r0, :upper16:htim3
	bl	HAL_TIM_MspPostInit
	.loc	6 73 1 epilogue_begin           @ ../Core/Src/tim.c:73:1
	add	sp, #48
	pop	{r7, pc}
.Ltmp13:
.Lfunc_end0:
	.size	MX_TIM3_Init, .Lfunc_end0-MX_TIM3_Init
	.cfi_endproc
	.cantunwind
	.fnend
                                        @ -- End function
	.section	.text.HAL_TIM_MspPostInit,"ax",%progbits
	.hidden	HAL_TIM_MspPostInit             @ -- Begin function HAL_TIM_MspPostInit
	.globl	HAL_TIM_MspPostInit
	.p2align	3
	.type	HAL_TIM_MspPostInit,%function
	.code	16                              @ @HAL_TIM_MspPostInit
	.thumb_func
HAL_TIM_MspPostInit:
.Lfunc_begin1:
	.loc	6 146 0                         @ ../Core/Src/tim.c:146:0
	.fnstart
	.cfi_startproc
@ %bb.0:
	.save	{r7, lr}
	push	{r7, lr}
	.cfi_def_cfa_offset 8
	.cfi_offset lr, -4
	.cfi_offset r7, -8
	.pad	#32
	sub	sp, #32
	.cfi_def_cfa_offset 40
	str	r0, [sp, #28]
	movs	r0, #0
.Ltmp14:
	.loc	6 148 20 prologue_end           @ ../Core/Src/tim.c:148:20
	str	r0, [sp, #24]
	str	r0, [sp, #20]
	str	r0, [sp, #16]
	str	r0, [sp, #12]
	str	r0, [sp, #8]
.Ltmp15:
	.loc	6 149 6                         @ ../Core/Src/tim.c:149:6
	ldr	r0, [sp, #28]
	.loc	6 149 17 is_stmt 0              @ ../Core/Src/tim.c:149:17
	ldr	r0, [r0]
	movw	r1, #1024
	movt	r1, #16384
.Ltmp16:
	.loc	6 149 6                         @ ../Core/Src/tim.c:149:6
	cmp	r0, r1
	bne	.LBB1_4
	b	.LBB1_1
.LBB1_1:
.Ltmp17:
	.loc	6 154 5 is_stmt 1               @ ../Core/Src/tim.c:154:5
	b	.LBB1_2
.LBB1_2:
	.loc	6 0 5 is_stmt 0                 @ ../Core/Src/tim.c:0:5
	movw	r0, #17632
	movt	r0, #22530
.Ltmp18:
	.loc	6 154 5                         @ ../Core/Src/tim.c:154:5
	ldr	r1, [r0]
	orr	r1, r1, #2
	str	r1, [r0]
	ldr	r0, [r0]
	and	r0, r0, #2
	str	r0, [sp, #4]
	ldr	r0, [sp, #4]
	b	.LBB1_3
.Ltmp19:
.LBB1_3:
	.loc	6 0 5                           @ ../Core/Src/tim.c:0:5
	movs	r0, #2
	.loc	6 158 25 is_stmt 1              @ ../Core/Src/tim.c:158:25
	str	r0, [sp, #8]
	.loc	6 159 26                        @ ../Core/Src/tim.c:159:26
	str	r0, [sp, #12]
	movs	r1, #0
	.loc	6 160 26                        @ ../Core/Src/tim.c:160:26
	str	r1, [sp, #16]
	.loc	6 161 27                        @ ../Core/Src/tim.c:161:27
	str	r1, [sp, #20]
	.loc	6 162 31                        @ ../Core/Src/tim.c:162:31
	str	r0, [sp, #24]
	movw	r0, #1024
	movt	r0, #22530
	add	r1, sp, #8
	.loc	6 163 5                         @ ../Core/Src/tim.c:163:5
	bl	HAL_GPIO_Init
	.loc	6 168 3                         @ ../Core/Src/tim.c:168:3
	b	.LBB1_9
.Ltmp20:
.LBB1_4:
	.loc	6 169 11                        @ ../Core/Src/tim.c:169:11
	ldr	r0, [sp, #28]
	.loc	6 169 22 is_stmt 0              @ ../Core/Src/tim.c:169:22
	ldr	r0, [r0]
	movw	r1, #6144
	movt	r1, #16384
.Ltmp21:
	.loc	6 169 11                        @ ../Core/Src/tim.c:169:11
	cmp	r0, r1
	bne	.LBB1_8
	b	.LBB1_5
.LBB1_5:
.Ltmp22:
	.loc	6 175 5 is_stmt 1               @ ../Core/Src/tim.c:175:5
	b	.LBB1_6
.LBB1_6:
	.loc	6 0 5 is_stmt 0                 @ ../Core/Src/tim.c:0:5
	movw	r0, #17632
	movt	r0, #22530
.Ltmp23:
	.loc	6 175 5                         @ ../Core/Src/tim.c:175:5
	ldr	r1, [r0]
	orr	r1, r1, #2
	str	r1, [r0]
	ldr	r0, [r0]
	and	r0, r0, #2
	str	r0, [sp]
	ldr	r0, [sp]
	b	.LBB1_7
.Ltmp24:
.LBB1_7:
	.loc	6 0 5                           @ ../Core/Src/tim.c:0:5
	mov.w	r0, #32768
	.loc	6 179 25 is_stmt 1              @ ../Core/Src/tim.c:179:25
	str	r0, [sp, #8]
	movs	r0, #2
	.loc	6 180 26                        @ ../Core/Src/tim.c:180:26
	str	r0, [sp, #12]
	movs	r1, #0
	.loc	6 181 26                        @ ../Core/Src/tim.c:181:26
	str	r1, [sp, #16]
	.loc	6 182 27                        @ ../Core/Src/tim.c:182:27
	str	r1, [sp, #20]
	.loc	6 183 31                        @ ../Core/Src/tim.c:183:31
	str	r0, [sp, #24]
	movw	r0, #1024
	movt	r0, #22530
	add	r1, sp, #8
	.loc	6 184 5                         @ ../Core/Src/tim.c:184:5
	bl	HAL_GPIO_Init
	.loc	6 189 3                         @ ../Core/Src/tim.c:189:3
	b	.LBB1_8
.Ltmp25:
.LBB1_8:
	.loc	6 0 3 is_stmt 0                 @ ../Core/Src/tim.c:0:3
	b	.LBB1_9
.LBB1_9:
	.loc	6 191 1 epilogue_begin is_stmt 1 @ ../Core/Src/tim.c:191:1
	add	sp, #32
	pop	{r7, pc}
.Ltmp26:
.Lfunc_end1:
	.size	HAL_TIM_MspPostInit, .Lfunc_end1-HAL_TIM_MspPostInit
	.cfi_endproc
	.cantunwind
	.fnend
                                        @ -- End function
	.section	.text.MX_TIM12_Init,"ax",%progbits
	.hidden	MX_TIM12_Init                   @ -- Begin function MX_TIM12_Init
	.globl	MX_TIM12_Init
	.p2align	3
	.type	MX_TIM12_Init,%function
	.code	16                              @ @MX_TIM12_Init
	.thumb_func
MX_TIM12_Init:
.Lfunc_begin2:
	.loc	6 76 0                          @ ../Core/Src/tim.c:76:0
	.fnstart
	.cfi_startproc
@ %bb.0:
	.save	{r7, lr}
	push	{r7, lr}
	.cfi_def_cfa_offset 8
	.cfi_offset lr, -4
	.cfi_offset r7, -8
	.pad	#48
	sub	sp, #48
	.cfi_def_cfa_offset 56
	movs	r1, #0
.Ltmp27:
	.loc	6 82 27 prologue_end            @ ../Core/Src/tim.c:82:27
	str	r1, [sp, #4]                    @ 4-byte Spill
	str	r1, [sp, #44]
	str	r1, [sp, #40]
	str	r1, [sp, #36]
	.loc	6 83 22                         @ ../Core/Src/tim.c:83:22
	str	r1, [sp, #32]
	str	r1, [sp, #28]
	str	r1, [sp, #24]
	str	r1, [sp, #20]
	str	r1, [sp, #16]
	str	r1, [sp, #12]
	str	r1, [sp, #8]
	.loc	6 88 19                         @ ../Core/Src/tim.c:88:19
	movw	r0, :lower16:htim12
	movt	r0, :upper16:htim12
	movw	r2, #6144
	movt	r2, #16384
	str	r2, [r0]
	movs	r2, #23
	.loc	6 89 25                         @ ../Core/Src/tim.c:89:25
	str	r2, [r0, #4]
	.loc	6 90 27                         @ ../Core/Src/tim.c:90:27
	str	r1, [r0, #8]
	movw	r2, #1999
	.loc	6 91 22                         @ ../Core/Src/tim.c:91:22
	str	r2, [r0, #12]
	.loc	6 92 29                         @ ../Core/Src/tim.c:92:29
	str	r1, [r0, #16]
	.loc	6 93 33                         @ ../Core/Src/tim.c:93:33
	str	r1, [r0, #24]
.Ltmp28:
	.loc	6 94 7                          @ ../Core/Src/tim.c:94:7
	bl	HAL_TIM_PWM_Init
.Ltmp29:
	.loc	6 94 7 is_stmt 0                @ ../Core/Src/tim.c:94:7
	cbz	r0, .LBB2_2
	b	.LBB2_1
.LBB2_1:
.Ltmp30:
	.loc	6 96 5 is_stmt 1                @ ../Core/Src/tim.c:96:5
	bl	Error_Handler
	.loc	6 97 3                          @ ../Core/Src/tim.c:97:3
	b	.LBB2_2
.Ltmp31:
.LBB2_2:
	.loc	6 0 3 is_stmt 0                 @ ../Core/Src/tim.c:0:3
	movs	r0, #0
	.loc	6 98 37 is_stmt 1               @ ../Core/Src/tim.c:98:37
	str	r0, [sp, #36]
	.loc	6 99 33                         @ ../Core/Src/tim.c:99:33
	str	r0, [sp, #44]
.Ltmp32:
	.loc	6 100 7                         @ ../Core/Src/tim.c:100:7
	movw	r0, :lower16:htim12
	movt	r0, :upper16:htim12
	add	r1, sp, #36
	bl	HAL_TIMEx_MasterConfigSynchronization
.Ltmp33:
	.loc	6 100 7 is_stmt 0               @ ../Core/Src/tim.c:100:7
	cbz	r0, .LBB2_4
	b	.LBB2_3
.LBB2_3:
.Ltmp34:
	.loc	6 102 5 is_stmt 1               @ ../Core/Src/tim.c:102:5
	bl	Error_Handler
	.loc	6 103 3                         @ ../Core/Src/tim.c:103:3
	b	.LBB2_4
.Ltmp35:
.LBB2_4:
	.loc	6 0 3 is_stmt 0                 @ ../Core/Src/tim.c:0:3
	movs	r0, #96
	.loc	6 104 20 is_stmt 1              @ ../Core/Src/tim.c:104:20
	str	r0, [sp, #8]
	mov.w	r0, #1000
	.loc	6 105 19                        @ ../Core/Src/tim.c:105:19
	str	r0, [sp, #12]
	movs	r0, #0
	.loc	6 106 24                        @ ../Core/Src/tim.c:106:24
	str	r0, [sp, #16]
	.loc	6 107 24                        @ ../Core/Src/tim.c:107:24
	str	r0, [sp, #24]
.Ltmp36:
	.loc	6 108 7                         @ ../Core/Src/tim.c:108:7
	movw	r0, :lower16:htim12
	movt	r0, :upper16:htim12
	add	r1, sp, #8
	movs	r2, #4
	bl	HAL_TIM_PWM_ConfigChannel
.Ltmp37:
	.loc	6 108 7 is_stmt 0               @ ../Core/Src/tim.c:108:7
	cbz	r0, .LBB2_6
	b	.LBB2_5
.LBB2_5:
.Ltmp38:
	.loc	6 110 5 is_stmt 1               @ ../Core/Src/tim.c:110:5
	bl	Error_Handler
	.loc	6 111 3                         @ ../Core/Src/tim.c:111:3
	b	.LBB2_6
.Ltmp39:
.LBB2_6:
	.loc	6 115 3                         @ ../Core/Src/tim.c:115:3
	movw	r0, :lower16:htim12
	movt	r0, :upper16:htim12
	bl	HAL_TIM_MspPostInit
	.loc	6 117 1 epilogue_begin          @ ../Core/Src/tim.c:117:1
	add	sp, #48
	pop	{r7, pc}
.Ltmp40:
.Lfunc_end2:
	.size	MX_TIM12_Init, .Lfunc_end2-MX_TIM12_Init
	.cfi_endproc
	.cantunwind
	.fnend
                                        @ -- End function
	.section	.text.HAL_TIM_PWM_MspInit,"ax",%progbits
	.hidden	HAL_TIM_PWM_MspInit             @ -- Begin function HAL_TIM_PWM_MspInit
	.globl	HAL_TIM_PWM_MspInit
	.p2align	3
	.type	HAL_TIM_PWM_MspInit,%function
	.code	16                              @ @HAL_TIM_PWM_MspInit
	.thumb_func
HAL_TIM_PWM_MspInit:
.Lfunc_begin3:
	.loc	6 120 0                         @ ../Core/Src/tim.c:120:0
	.fnstart
	.cfi_startproc
@ %bb.0:
	.pad	#12
	sub	sp, #12
	.cfi_def_cfa_offset 12
	str	r0, [sp, #8]
.Ltmp41:
	.loc	6 122 6 prologue_end            @ ../Core/Src/tim.c:122:6
	ldr	r0, [sp, #8]
	.loc	6 122 21 is_stmt 0              @ ../Core/Src/tim.c:122:21
	ldr	r0, [r0]
	movw	r1, #1024
	movt	r1, #16384
.Ltmp42:
	.loc	6 122 6                         @ ../Core/Src/tim.c:122:6
	cmp	r0, r1
	bne	.LBB3_4
	b	.LBB3_1
.LBB3_1:
.Ltmp43:
	.loc	6 128 5 is_stmt 1               @ ../Core/Src/tim.c:128:5
	b	.LBB3_2
.LBB3_2:
	.loc	6 0 5 is_stmt 0                 @ ../Core/Src/tim.c:0:5
	movw	r0, #17640
	movt	r0, #22530
.Ltmp44:
	.loc	6 128 5                         @ ../Core/Src/tim.c:128:5
	ldr	r1, [r0]
	orr	r1, r1, #2
	str	r1, [r0]
	ldr	r0, [r0]
	and	r0, r0, #2
	str	r0, [sp, #4]
	ldr	r0, [sp, #4]
	b	.LBB3_3
.Ltmp45:
.LBB3_3:
	.loc	6 132 3 is_stmt 1               @ ../Core/Src/tim.c:132:3
	b	.LBB3_9
.Ltmp46:
.LBB3_4:
	.loc	6 133 11                        @ ../Core/Src/tim.c:133:11
	ldr	r0, [sp, #8]
	.loc	6 133 26 is_stmt 0              @ ../Core/Src/tim.c:133:26
	ldr	r0, [r0]
	movw	r1, #6144
	movt	r1, #16384
.Ltmp47:
	.loc	6 133 11                        @ ../Core/Src/tim.c:133:11
	cmp	r0, r1
	bne	.LBB3_8
	b	.LBB3_5
.LBB3_5:
.Ltmp48:
	.loc	6 139 5 is_stmt 1               @ ../Core/Src/tim.c:139:5
	b	.LBB3_6
.LBB3_6:
	.loc	6 0 5 is_stmt 0                 @ ../Core/Src/tim.c:0:5
	movw	r0, #17640
	movt	r0, #22530
.Ltmp49:
	.loc	6 139 5                         @ ../Core/Src/tim.c:139:5
	ldr	r1, [r0]
	orr	r1, r1, #64
	str	r1, [r0]
	ldr	r0, [r0]
	and	r0, r0, #64
	str	r0, [sp]
	ldr	r0, [sp]
	b	.LBB3_7
.Ltmp50:
.LBB3_7:
	.loc	6 143 3 is_stmt 1               @ ../Core/Src/tim.c:143:3
	b	.LBB3_8
.Ltmp51:
.LBB3_8:
	.loc	6 0 3 is_stmt 0                 @ ../Core/Src/tim.c:0:3
	b	.LBB3_9
.LBB3_9:
	.loc	6 144 1 epilogue_begin is_stmt 1 @ ../Core/Src/tim.c:144:1
	add	sp, #12
	bx	lr
.Ltmp52:
.Lfunc_end3:
	.size	HAL_TIM_PWM_MspInit, .Lfunc_end3-HAL_TIM_PWM_MspInit
	.cfi_endproc
	.cantunwind
	.fnend
                                        @ -- End function
	.section	.text.HAL_TIM_PWM_MspDeInit,"ax",%progbits
	.hidden	HAL_TIM_PWM_MspDeInit           @ -- Begin function HAL_TIM_PWM_MspDeInit
	.globl	HAL_TIM_PWM_MspDeInit
	.p2align	3
	.type	HAL_TIM_PWM_MspDeInit,%function
	.code	16                              @ @HAL_TIM_PWM_MspDeInit
	.thumb_func
HAL_TIM_PWM_MspDeInit:
.Lfunc_begin4:
	.loc	6 194 0                         @ ../Core/Src/tim.c:194:0
	.fnstart
	.cfi_startproc
@ %bb.0:
	.pad	#4
	sub	sp, #4
	.cfi_def_cfa_offset 4
	str	r0, [sp]
.Ltmp53:
	.loc	6 196 6 prologue_end            @ ../Core/Src/tim.c:196:6
	ldr	r0, [sp]
	.loc	6 196 21 is_stmt 0              @ ../Core/Src/tim.c:196:21
	ldr	r0, [r0]
	movw	r1, #1024
	movt	r1, #16384
.Ltmp54:
	.loc	6 196 6                         @ ../Core/Src/tim.c:196:6
	cmp	r0, r1
	bne	.LBB4_2
	b	.LBB4_1
.LBB4_1:
	.loc	6 0 6                           @ ../Core/Src/tim.c:0:6
	movw	r1, #17640
	movt	r1, #22530
.Ltmp55:
	.loc	6 202 5 is_stmt 1               @ ../Core/Src/tim.c:202:5
	ldr	r0, [r1]
	bic	r0, r0, #2
	str	r0, [r1]
	.loc	6 206 3                         @ ../Core/Src/tim.c:206:3
	b	.LBB4_5
.Ltmp56:
.LBB4_2:
	.loc	6 207 11                        @ ../Core/Src/tim.c:207:11
	ldr	r0, [sp]
	.loc	6 207 26 is_stmt 0              @ ../Core/Src/tim.c:207:26
	ldr	r0, [r0]
	movw	r1, #6144
	movt	r1, #16384
.Ltmp57:
	.loc	6 207 11                        @ ../Core/Src/tim.c:207:11
	cmp	r0, r1
	bne	.LBB4_4
	b	.LBB4_3
.LBB4_3:
	.loc	6 0 11                          @ ../Core/Src/tim.c:0:11
	movw	r1, #17640
	movt	r1, #22530
.Ltmp58:
	.loc	6 213 5 is_stmt 1               @ ../Core/Src/tim.c:213:5
	ldr	r0, [r1]
	bic	r0, r0, #64
	str	r0, [r1]
	.loc	6 217 3                         @ ../Core/Src/tim.c:217:3
	b	.LBB4_4
.Ltmp59:
.LBB4_4:
	.loc	6 0 3 is_stmt 0                 @ ../Core/Src/tim.c:0:3
	b	.LBB4_5
.LBB4_5:
	.loc	6 218 1 epilogue_begin is_stmt 1 @ ../Core/Src/tim.c:218:1
	add	sp, #4
	bx	lr
.Ltmp60:
.Lfunc_end4:
	.size	HAL_TIM_PWM_MspDeInit, .Lfunc_end4-HAL_TIM_PWM_MspDeInit
	.cfi_endproc
	.cantunwind
	.fnend
                                        @ -- End function
	.hidden	htim3                           @ @htim3
	.type	htim3,%object
	.section	.bss.htim3,"aw",%nobits
	.globl	htim3
	.p2align	2, 0x0
htim3:
	.zero	76
	.size	htim3, 76

	.hidden	htim12                          @ @htim12
	.type	htim12,%object
	.section	.bss.htim12,"aw",%nobits
	.globl	htim12
	.p2align	2, 0x0
htim12:
	.zero	76
	.size	htim12, 76

	.file	7 "D:\\stm32_project\\daily_work\\new_bubing\\cod_update_2.0\\COD_H7_Template\\MDK-ARM" "../Drivers/STM32H7xx_HAL_Driver/Inc\\stm32h7xx_hal_gpio.h"
	.section	.debug_abbrev,"",%progbits
	.byte	1                               @ Abbreviation Code
	.byte	17                              @ DW_TAG_compile_unit
	.byte	1                               @ DW_CHILDREN_yes
	.byte	37                              @ DW_AT_producer
	.byte	14                              @ DW_FORM_strp
	.byte	19                              @ DW_AT_language
	.byte	5                               @ DW_FORM_data2
	.byte	3                               @ DW_AT_name
	.byte	14                              @ DW_FORM_strp
	.byte	16                              @ DW_AT_stmt_list
	.byte	23                              @ DW_FORM_sec_offset
	.byte	27                              @ DW_AT_comp_dir
	.byte	14                              @ DW_FORM_strp
	.byte	17                              @ DW_AT_low_pc
	.byte	1                               @ DW_FORM_addr
	.byte	85                              @ DW_AT_ranges
	.byte	23                              @ DW_FORM_sec_offset
	.byte	0                               @ EOM(1)
	.byte	0                               @ EOM(2)
	.byte	2                               @ Abbreviation Code
	.byte	52                              @ DW_TAG_variable
	.byte	0                               @ DW_CHILDREN_no
	.byte	3                               @ DW_AT_name
	.byte	14                              @ DW_FORM_strp
	.byte	73                              @ DW_AT_type
	.byte	19                              @ DW_FORM_ref4
	.byte	63                              @ DW_AT_external
	.byte	25                              @ DW_FORM_flag_present
	.byte	58                              @ DW_AT_decl_file
	.byte	11                              @ DW_FORM_data1
	.byte	59                              @ DW_AT_decl_line
	.byte	11                              @ DW_FORM_data1
	.byte	2                               @ DW_AT_location
	.byte	24                              @ DW_FORM_exprloc
	.byte	0                               @ EOM(1)
	.byte	0                               @ EOM(2)
	.byte	3                               @ Abbreviation Code
	.byte	22                              @ DW_TAG_typedef
	.byte	0                               @ DW_CHILDREN_no
	.byte	73                              @ DW_AT_type
	.byte	19                              @ DW_FORM_ref4
	.byte	3                               @ DW_AT_name
	.byte	14                              @ DW_FORM_strp
	.byte	58                              @ DW_AT_decl_file
	.byte	11                              @ DW_FORM_data1
	.byte	59                              @ DW_AT_decl_line
	.byte	5                               @ DW_FORM_data2
	.byte	0                               @ EOM(1)
	.byte	0                               @ EOM(2)
	.byte	4                               @ Abbreviation Code
	.byte	19                              @ DW_TAG_structure_type
	.byte	1                               @ DW_CHILDREN_yes
	.byte	11                              @ DW_AT_byte_size
	.byte	11                              @ DW_FORM_data1
	.byte	58                              @ DW_AT_decl_file
	.byte	11                              @ DW_FORM_data1
	.byte	59                              @ DW_AT_decl_line
	.byte	5                               @ DW_FORM_data2
	.byte	0                               @ EOM(1)
	.byte	0                               @ EOM(2)
	.byte	5                               @ Abbreviation Code
	.byte	13                              @ DW_TAG_member
	.byte	0                               @ DW_CHILDREN_no
	.byte	3                               @ DW_AT_name
	.byte	14                              @ DW_FORM_strp
	.byte	73                              @ DW_AT_type
	.byte	19                              @ DW_FORM_ref4
	.byte	58                              @ DW_AT_decl_file
	.byte	11                              @ DW_FORM_data1
	.byte	59                              @ DW_AT_decl_line
	.byte	5                               @ DW_FORM_data2
	.byte	56                              @ DW_AT_data_member_location
	.byte	11                              @ DW_FORM_data1
	.byte	0                               @ EOM(1)
	.byte	0                               @ EOM(2)
	.byte	6                               @ Abbreviation Code
	.byte	15                              @ DW_TAG_pointer_type
	.byte	0                               @ DW_CHILDREN_no
	.byte	73                              @ DW_AT_type
	.byte	19                              @ DW_FORM_ref4
	.byte	0                               @ EOM(1)
	.byte	0                               @ EOM(2)
	.byte	7                               @ Abbreviation Code
	.byte	53                              @ DW_TAG_volatile_type
	.byte	0                               @ DW_CHILDREN_no
	.byte	73                              @ DW_AT_type
	.byte	19                              @ DW_FORM_ref4
	.byte	0                               @ EOM(1)
	.byte	0                               @ EOM(2)
	.byte	8                               @ Abbreviation Code
	.byte	22                              @ DW_TAG_typedef
	.byte	0                               @ DW_CHILDREN_no
	.byte	73                              @ DW_AT_type
	.byte	19                              @ DW_FORM_ref4
	.byte	3                               @ DW_AT_name
	.byte	14                              @ DW_FORM_strp
	.byte	58                              @ DW_AT_decl_file
	.byte	11                              @ DW_FORM_data1
	.byte	59                              @ DW_AT_decl_line
	.byte	11                              @ DW_FORM_data1
	.byte	0                               @ EOM(1)
	.byte	0                               @ EOM(2)
	.byte	9                               @ Abbreviation Code
	.byte	36                              @ DW_TAG_base_type
	.byte	0                               @ DW_CHILDREN_no
	.byte	3                               @ DW_AT_name
	.byte	14                              @ DW_FORM_strp
	.byte	62                              @ DW_AT_encoding
	.byte	11                              @ DW_FORM_data1
	.byte	11                              @ DW_AT_byte_size
	.byte	11                              @ DW_FORM_data1
	.byte	0                               @ EOM(1)
	.byte	0                               @ EOM(2)
	.byte	10                              @ Abbreviation Code
	.byte	19                              @ DW_TAG_structure_type
	.byte	1                               @ DW_CHILDREN_yes
	.byte	11                              @ DW_AT_byte_size
	.byte	11                              @ DW_FORM_data1
	.byte	58                              @ DW_AT_decl_file
	.byte	11                              @ DW_FORM_data1
	.byte	59                              @ DW_AT_decl_line
	.byte	11                              @ DW_FORM_data1
	.byte	0                               @ EOM(1)
	.byte	0                               @ EOM(2)
	.byte	11                              @ Abbreviation Code
	.byte	13                              @ DW_TAG_member
	.byte	0                               @ DW_CHILDREN_no
	.byte	3                               @ DW_AT_name
	.byte	14                              @ DW_FORM_strp
	.byte	73                              @ DW_AT_type
	.byte	19                              @ DW_FORM_ref4
	.byte	58                              @ DW_AT_decl_file
	.byte	11                              @ DW_FORM_data1
	.byte	59                              @ DW_AT_decl_line
	.byte	11                              @ DW_FORM_data1
	.byte	56                              @ DW_AT_data_member_location
	.byte	11                              @ DW_FORM_data1
	.byte	0                               @ EOM(1)
	.byte	0                               @ EOM(2)
	.byte	12                              @ Abbreviation Code
	.byte	4                               @ DW_TAG_enumeration_type
	.byte	1                               @ DW_CHILDREN_yes
	.byte	73                              @ DW_AT_type
	.byte	19                              @ DW_FORM_ref4
	.byte	11                              @ DW_AT_byte_size
	.byte	11                              @ DW_FORM_data1
	.byte	58                              @ DW_AT_decl_file
	.byte	11                              @ DW_FORM_data1
	.byte	59                              @ DW_AT_decl_line
	.byte	5                               @ DW_FORM_data2
	.byte	0                               @ EOM(1)
	.byte	0                               @ EOM(2)
	.byte	13                              @ Abbreviation Code
	.byte	40                              @ DW_TAG_enumerator
	.byte	0                               @ DW_CHILDREN_no
	.byte	3                               @ DW_AT_name
	.byte	14                              @ DW_FORM_strp
	.byte	28                              @ DW_AT_const_value
	.byte	15                              @ DW_FORM_udata
	.byte	0                               @ EOM(1)
	.byte	0                               @ EOM(2)
	.byte	14                              @ Abbreviation Code
	.byte	1                               @ DW_TAG_array_type
	.byte	1                               @ DW_CHILDREN_yes
	.byte	73                              @ DW_AT_type
	.byte	19                              @ DW_FORM_ref4
	.byte	0                               @ EOM(1)
	.byte	0                               @ EOM(2)
	.byte	15                              @ Abbreviation Code
	.byte	33                              @ DW_TAG_subrange_type
	.byte	0                               @ DW_CHILDREN_no
	.byte	73                              @ DW_AT_type
	.byte	19                              @ DW_FORM_ref4
	.byte	55                              @ DW_AT_count
	.byte	11                              @ DW_FORM_data1
	.byte	0                               @ EOM(1)
	.byte	0                               @ EOM(2)
	.byte	16                              @ Abbreviation Code
	.byte	19                              @ DW_TAG_structure_type
	.byte	1                               @ DW_CHILDREN_yes
	.byte	3                               @ DW_AT_name
	.byte	14                              @ DW_FORM_strp
	.byte	11                              @ DW_AT_byte_size
	.byte	11                              @ DW_FORM_data1
	.byte	58                              @ DW_AT_decl_file
	.byte	11                              @ DW_FORM_data1
	.byte	59                              @ DW_AT_decl_line
	.byte	11                              @ DW_FORM_data1
	.byte	0                               @ EOM(1)
	.byte	0                               @ EOM(2)
	.byte	17                              @ Abbreviation Code
	.byte	15                              @ DW_TAG_pointer_type
	.byte	0                               @ DW_CHILDREN_no
	.byte	0                               @ EOM(1)
	.byte	0                               @ EOM(2)
	.byte	18                              @ Abbreviation Code
	.byte	4                               @ DW_TAG_enumeration_type
	.byte	1                               @ DW_CHILDREN_yes
	.byte	73                              @ DW_AT_type
	.byte	19                              @ DW_FORM_ref4
	.byte	11                              @ DW_AT_byte_size
	.byte	11                              @ DW_FORM_data1
	.byte	58                              @ DW_AT_decl_file
	.byte	11                              @ DW_FORM_data1
	.byte	59                              @ DW_AT_decl_line
	.byte	11                              @ DW_FORM_data1
	.byte	0                               @ EOM(1)
	.byte	0                               @ EOM(2)
	.byte	19                              @ Abbreviation Code
	.byte	21                              @ DW_TAG_subroutine_type
	.byte	1                               @ DW_CHILDREN_yes
	.byte	39                              @ DW_AT_prototyped
	.byte	25                              @ DW_FORM_flag_present
	.byte	0                               @ EOM(1)
	.byte	0                               @ EOM(2)
	.byte	20                              @ Abbreviation Code
	.byte	5                               @ DW_TAG_formal_parameter
	.byte	0                               @ DW_CHILDREN_no
	.byte	73                              @ DW_AT_type
	.byte	19                              @ DW_FORM_ref4
	.byte	0                               @ EOM(1)
	.byte	0                               @ EOM(2)
	.byte	21                              @ Abbreviation Code
	.byte	36                              @ DW_TAG_base_type
	.byte	0                               @ DW_CHILDREN_no
	.byte	3                               @ DW_AT_name
	.byte	14                              @ DW_FORM_strp
	.byte	11                              @ DW_AT_byte_size
	.byte	11                              @ DW_FORM_data1
	.byte	62                              @ DW_AT_encoding
	.byte	11                              @ DW_FORM_data1
	.byte	0                               @ EOM(1)
	.byte	0                               @ EOM(2)
	.byte	22                              @ Abbreviation Code
	.byte	19                              @ DW_TAG_structure_type
	.byte	1                               @ DW_CHILDREN_yes
	.byte	11                              @ DW_AT_byte_size
	.byte	5                               @ DW_FORM_data2
	.byte	58                              @ DW_AT_decl_file
	.byte	11                              @ DW_FORM_data1
	.byte	59                              @ DW_AT_decl_line
	.byte	5                               @ DW_FORM_data2
	.byte	0                               @ EOM(1)
	.byte	0                               @ EOM(2)
	.byte	23                              @ Abbreviation Code
	.byte	13                              @ DW_TAG_member
	.byte	0                               @ DW_CHILDREN_no
	.byte	3                               @ DW_AT_name
	.byte	14                              @ DW_FORM_strp
	.byte	73                              @ DW_AT_type
	.byte	19                              @ DW_FORM_ref4
	.byte	58                              @ DW_AT_decl_file
	.byte	11                              @ DW_FORM_data1
	.byte	59                              @ DW_AT_decl_line
	.byte	5                               @ DW_FORM_data2
	.byte	56                              @ DW_AT_data_member_location
	.byte	5                               @ DW_FORM_data2
	.byte	0                               @ EOM(1)
	.byte	0                               @ EOM(2)
	.byte	24                              @ Abbreviation Code
	.byte	46                              @ DW_TAG_subprogram
	.byte	1                               @ DW_CHILDREN_yes
	.byte	17                              @ DW_AT_low_pc
	.byte	1                               @ DW_FORM_addr
	.byte	18                              @ DW_AT_high_pc
	.byte	6                               @ DW_FORM_data4
	.byte	64                              @ DW_AT_frame_base
	.byte	24                              @ DW_FORM_exprloc
	.byte	3                               @ DW_AT_name
	.byte	14                              @ DW_FORM_strp
	.byte	58                              @ DW_AT_decl_file
	.byte	11                              @ DW_FORM_data1
	.byte	59                              @ DW_AT_decl_line
	.byte	11                              @ DW_FORM_data1
	.byte	39                              @ DW_AT_prototyped
	.byte	25                              @ DW_FORM_flag_present
	.byte	63                              @ DW_AT_external
	.byte	25                              @ DW_FORM_flag_present
	.byte	0                               @ EOM(1)
	.byte	0                               @ EOM(2)
	.byte	25                              @ Abbreviation Code
	.byte	52                              @ DW_TAG_variable
	.byte	0                               @ DW_CHILDREN_no
	.byte	2                               @ DW_AT_location
	.byte	24                              @ DW_FORM_exprloc
	.byte	3                               @ DW_AT_name
	.byte	14                              @ DW_FORM_strp
	.byte	58                              @ DW_AT_decl_file
	.byte	11                              @ DW_FORM_data1
	.byte	59                              @ DW_AT_decl_line
	.byte	11                              @ DW_FORM_data1
	.byte	73                              @ DW_AT_type
	.byte	19                              @ DW_FORM_ref4
	.byte	0                               @ EOM(1)
	.byte	0                               @ EOM(2)
	.byte	26                              @ Abbreviation Code
	.byte	5                               @ DW_TAG_formal_parameter
	.byte	0                               @ DW_CHILDREN_no
	.byte	2                               @ DW_AT_location
	.byte	24                              @ DW_FORM_exprloc
	.byte	3                               @ DW_AT_name
	.byte	14                              @ DW_FORM_strp
	.byte	58                              @ DW_AT_decl_file
	.byte	11                              @ DW_FORM_data1
	.byte	59                              @ DW_AT_decl_line
	.byte	11                              @ DW_FORM_data1
	.byte	73                              @ DW_AT_type
	.byte	19                              @ DW_FORM_ref4
	.byte	0                               @ EOM(1)
	.byte	0                               @ EOM(2)
	.byte	27                              @ Abbreviation Code
	.byte	11                              @ DW_TAG_lexical_block
	.byte	1                               @ DW_CHILDREN_yes
	.byte	17                              @ DW_AT_low_pc
	.byte	1                               @ DW_FORM_addr
	.byte	18                              @ DW_AT_high_pc
	.byte	6                               @ DW_FORM_data4
	.byte	0                               @ EOM(1)
	.byte	0                               @ EOM(2)
	.byte	0                               @ EOM(3)
	.section	.debug_info,"",%progbits
.Lcu_begin0:
	.long	.Ldebug_info_end0-.Ldebug_info_start0 @ Length of Unit
.Ldebug_info_start0:
	.short	4                               @ DWARF version number
	.long	.debug_abbrev                   @ Offset Into Abbrev. Section
	.byte	4                               @ Address Size (in bytes)
	.byte	1                               @ Abbrev [1] 0xb:0xcda DW_TAG_compile_unit
	.long	.Linfo_string0                  @ DW_AT_producer
	.short	12                              @ DW_AT_language
	.long	.Linfo_string1                  @ DW_AT_name
	.long	.Lline_table_start0             @ DW_AT_stmt_list
	.long	.Linfo_string2                  @ DW_AT_comp_dir
	.long	0                               @ DW_AT_low_pc
	.long	.Ldebug_ranges0                 @ DW_AT_ranges
	.byte	2                               @ Abbrev [2] 0x26:0x11 DW_TAG_variable
	.long	.Linfo_string3                  @ DW_AT_name
	.long	55                              @ DW_AT_type
                                        @ DW_AT_external
	.byte	6                               @ DW_AT_decl_file
	.byte	27                              @ DW_AT_decl_line
	.byte	5                               @ DW_AT_location
	.byte	3
	.long	htim3
	.byte	3                               @ Abbrev [3] 0x37:0xc DW_TAG_typedef
	.long	67                              @ DW_AT_type
	.long	.Linfo_string124                @ DW_AT_name
	.byte	3                               @ DW_AT_decl_file
	.short	401                             @ DW_AT_decl_line
	.byte	4                               @ Abbrev [4] 0x43:0x7b DW_TAG_structure_type
	.byte	76                              @ DW_AT_byte_size
	.byte	3                               @ DW_AT_decl_file
	.short	357                             @ DW_AT_decl_line
	.byte	5                               @ Abbrev [5] 0x48:0xd DW_TAG_member
	.long	.Linfo_string4                  @ DW_AT_name
	.long	190                             @ DW_AT_type
	.byte	3                               @ DW_AT_decl_file
	.short	360                             @ DW_AT_decl_line
	.byte	0                               @ DW_AT_data_member_location
	.byte	5                               @ Abbrev [5] 0x55:0xd DW_TAG_member
	.long	.Linfo_string35                 @ DW_AT_name
	.long	587                             @ DW_AT_type
	.byte	3                               @ DW_AT_decl_file
	.short	361                             @ DW_AT_decl_line
	.byte	4                               @ DW_AT_data_member_location
	.byte	5                               @ Abbrev [5] 0x62:0xd DW_TAG_member
	.long	.Linfo_string43                 @ DW_AT_name
	.long	675                             @ DW_AT_type
	.byte	3                               @ DW_AT_decl_file
	.short	362                             @ DW_AT_decl_line
	.byte	28                              @ DW_AT_data_member_location
	.byte	5                               @ Abbrev [5] 0x6f:0xd DW_TAG_member
	.long	.Linfo_string53                 @ DW_AT_name
	.long	746                             @ DW_AT_type
	.byte	3                               @ DW_AT_decl_file
	.short	363                             @ DW_AT_decl_line
	.byte	32                              @ DW_AT_data_member_location
	.byte	5                               @ Abbrev [5] 0x7c:0xd DW_TAG_member
	.long	.Linfo_string67                 @ DW_AT_name
	.long	1184                            @ DW_AT_type
	.byte	3                               @ DW_AT_decl_file
	.short	365                             @ DW_AT_decl_line
	.byte	60                              @ DW_AT_data_member_location
	.byte	5                               @ Abbrev [5] 0x89:0xd DW_TAG_member
	.long	.Linfo_string71                 @ DW_AT_name
	.long	1465                            @ DW_AT_type
	.byte	3                               @ DW_AT_decl_file
	.short	366                             @ DW_AT_decl_line
	.byte	61                              @ DW_AT_data_member_location
	.byte	5                               @ Abbrev [5] 0x96:0xd DW_TAG_member
	.long	.Linfo_string113                @ DW_AT_name
	.long	1522                            @ DW_AT_type
	.byte	3                               @ DW_AT_decl_file
	.short	367                             @ DW_AT_decl_line
	.byte	62                              @ DW_AT_data_member_location
	.byte	5                               @ Abbrev [5] 0xa3:0xd DW_TAG_member
	.long	.Linfo_string118                @ DW_AT_name
	.long	1579                            @ DW_AT_type
	.byte	3                               @ DW_AT_decl_file
	.short	368                             @ DW_AT_decl_line
	.byte	68                              @ DW_AT_data_member_location
	.byte	5                               @ Abbrev [5] 0xb0:0xd DW_TAG_member
	.long	.Linfo_string119                @ DW_AT_name
	.long	1591                            @ DW_AT_type
	.byte	3                               @ DW_AT_decl_file
	.short	369                             @ DW_AT_decl_line
	.byte	72                              @ DW_AT_data_member_location
	.byte	0                               @ End Of Children Mark
	.byte	6                               @ Abbrev [6] 0xbe:0x5 DW_TAG_pointer_type
	.long	195                             @ DW_AT_type
	.byte	3                               @ Abbrev [3] 0xc3:0xc DW_TAG_typedef
	.long	207                             @ DW_AT_type
	.long	.Linfo_string34                 @ DW_AT_name
	.byte	2                               @ DW_AT_decl_file
	.short	1553                            @ DW_AT_decl_line
	.byte	4                               @ Abbrev [4] 0xcf:0x165 DW_TAG_structure_type
	.byte	108                             @ DW_AT_byte_size
	.byte	2                               @ DW_AT_decl_file
	.short	1524                            @ DW_AT_decl_line
	.byte	5                               @ Abbrev [5] 0xd4:0xd DW_TAG_member
	.long	.Linfo_string5                  @ DW_AT_name
	.long	564                             @ DW_AT_type
	.byte	2                               @ DW_AT_decl_file
	.short	1526                            @ DW_AT_decl_line
	.byte	0                               @ DW_AT_data_member_location
	.byte	5                               @ Abbrev [5] 0xe1:0xd DW_TAG_member
	.long	.Linfo_string8                  @ DW_AT_name
	.long	564                             @ DW_AT_type
	.byte	2                               @ DW_AT_decl_file
	.short	1527                            @ DW_AT_decl_line
	.byte	4                               @ DW_AT_data_member_location
	.byte	5                               @ Abbrev [5] 0xee:0xd DW_TAG_member
	.long	.Linfo_string9                  @ DW_AT_name
	.long	564                             @ DW_AT_type
	.byte	2                               @ DW_AT_decl_file
	.short	1528                            @ DW_AT_decl_line
	.byte	8                               @ DW_AT_data_member_location
	.byte	5                               @ Abbrev [5] 0xfb:0xd DW_TAG_member
	.long	.Linfo_string10                 @ DW_AT_name
	.long	564                             @ DW_AT_type
	.byte	2                               @ DW_AT_decl_file
	.short	1529                            @ DW_AT_decl_line
	.byte	12                              @ DW_AT_data_member_location
	.byte	5                               @ Abbrev [5] 0x108:0xd DW_TAG_member
	.long	.Linfo_string11                 @ DW_AT_name
	.long	564                             @ DW_AT_type
	.byte	2                               @ DW_AT_decl_file
	.short	1530                            @ DW_AT_decl_line
	.byte	16                              @ DW_AT_data_member_location
	.byte	5                               @ Abbrev [5] 0x115:0xd DW_TAG_member
	.long	.Linfo_string12                 @ DW_AT_name
	.long	564                             @ DW_AT_type
	.byte	2                               @ DW_AT_decl_file
	.short	1531                            @ DW_AT_decl_line
	.byte	20                              @ DW_AT_data_member_location
	.byte	5                               @ Abbrev [5] 0x122:0xd DW_TAG_member
	.long	.Linfo_string13                 @ DW_AT_name
	.long	564                             @ DW_AT_type
	.byte	2                               @ DW_AT_decl_file
	.short	1532                            @ DW_AT_decl_line
	.byte	24                              @ DW_AT_data_member_location
	.byte	5                               @ Abbrev [5] 0x12f:0xd DW_TAG_member
	.long	.Linfo_string14                 @ DW_AT_name
	.long	564                             @ DW_AT_type
	.byte	2                               @ DW_AT_decl_file
	.short	1533                            @ DW_AT_decl_line
	.byte	28                              @ DW_AT_data_member_location
	.byte	5                               @ Abbrev [5] 0x13c:0xd DW_TAG_member
	.long	.Linfo_string15                 @ DW_AT_name
	.long	564                             @ DW_AT_type
	.byte	2                               @ DW_AT_decl_file
	.short	1534                            @ DW_AT_decl_line
	.byte	32                              @ DW_AT_data_member_location
	.byte	5                               @ Abbrev [5] 0x149:0xd DW_TAG_member
	.long	.Linfo_string16                 @ DW_AT_name
	.long	564                             @ DW_AT_type
	.byte	2                               @ DW_AT_decl_file
	.short	1535                            @ DW_AT_decl_line
	.byte	36                              @ DW_AT_data_member_location
	.byte	5                               @ Abbrev [5] 0x156:0xd DW_TAG_member
	.long	.Linfo_string17                 @ DW_AT_name
	.long	564                             @ DW_AT_type
	.byte	2                               @ DW_AT_decl_file
	.short	1536                            @ DW_AT_decl_line
	.byte	40                              @ DW_AT_data_member_location
	.byte	5                               @ Abbrev [5] 0x163:0xd DW_TAG_member
	.long	.Linfo_string18                 @ DW_AT_name
	.long	564                             @ DW_AT_type
	.byte	2                               @ DW_AT_decl_file
	.short	1537                            @ DW_AT_decl_line
	.byte	44                              @ DW_AT_data_member_location
	.byte	5                               @ Abbrev [5] 0x170:0xd DW_TAG_member
	.long	.Linfo_string19                 @ DW_AT_name
	.long	564                             @ DW_AT_type
	.byte	2                               @ DW_AT_decl_file
	.short	1538                            @ DW_AT_decl_line
	.byte	48                              @ DW_AT_data_member_location
	.byte	5                               @ Abbrev [5] 0x17d:0xd DW_TAG_member
	.long	.Linfo_string20                 @ DW_AT_name
	.long	564                             @ DW_AT_type
	.byte	2                               @ DW_AT_decl_file
	.short	1539                            @ DW_AT_decl_line
	.byte	52                              @ DW_AT_data_member_location
	.byte	5                               @ Abbrev [5] 0x18a:0xd DW_TAG_member
	.long	.Linfo_string21                 @ DW_AT_name
	.long	564                             @ DW_AT_type
	.byte	2                               @ DW_AT_decl_file
	.short	1540                            @ DW_AT_decl_line
	.byte	56                              @ DW_AT_data_member_location
	.byte	5                               @ Abbrev [5] 0x197:0xd DW_TAG_member
	.long	.Linfo_string22                 @ DW_AT_name
	.long	564                             @ DW_AT_type
	.byte	2                               @ DW_AT_decl_file
	.short	1541                            @ DW_AT_decl_line
	.byte	60                              @ DW_AT_data_member_location
	.byte	5                               @ Abbrev [5] 0x1a4:0xd DW_TAG_member
	.long	.Linfo_string23                 @ DW_AT_name
	.long	564                             @ DW_AT_type
	.byte	2                               @ DW_AT_decl_file
	.short	1542                            @ DW_AT_decl_line
	.byte	64                              @ DW_AT_data_member_location
	.byte	5                               @ Abbrev [5] 0x1b1:0xd DW_TAG_member
	.long	.Linfo_string24                 @ DW_AT_name
	.long	564                             @ DW_AT_type
	.byte	2                               @ DW_AT_decl_file
	.short	1543                            @ DW_AT_decl_line
	.byte	68                              @ DW_AT_data_member_location
	.byte	5                               @ Abbrev [5] 0x1be:0xd DW_TAG_member
	.long	.Linfo_string25                 @ DW_AT_name
	.long	564                             @ DW_AT_type
	.byte	2                               @ DW_AT_decl_file
	.short	1544                            @ DW_AT_decl_line
	.byte	72                              @ DW_AT_data_member_location
	.byte	5                               @ Abbrev [5] 0x1cb:0xd DW_TAG_member
	.long	.Linfo_string26                 @ DW_AT_name
	.long	564                             @ DW_AT_type
	.byte	2                               @ DW_AT_decl_file
	.short	1545                            @ DW_AT_decl_line
	.byte	76                              @ DW_AT_data_member_location
	.byte	5                               @ Abbrev [5] 0x1d8:0xd DW_TAG_member
	.long	.Linfo_string27                 @ DW_AT_name
	.long	569                             @ DW_AT_type
	.byte	2                               @ DW_AT_decl_file
	.short	1546                            @ DW_AT_decl_line
	.byte	80                              @ DW_AT_data_member_location
	.byte	5                               @ Abbrev [5] 0x1e5:0xd DW_TAG_member
	.long	.Linfo_string28                 @ DW_AT_name
	.long	564                             @ DW_AT_type
	.byte	2                               @ DW_AT_decl_file
	.short	1547                            @ DW_AT_decl_line
	.byte	84                              @ DW_AT_data_member_location
	.byte	5                               @ Abbrev [5] 0x1f2:0xd DW_TAG_member
	.long	.Linfo_string29                 @ DW_AT_name
	.long	564                             @ DW_AT_type
	.byte	2                               @ DW_AT_decl_file
	.short	1548                            @ DW_AT_decl_line
	.byte	88                              @ DW_AT_data_member_location
	.byte	5                               @ Abbrev [5] 0x1ff:0xd DW_TAG_member
	.long	.Linfo_string30                 @ DW_AT_name
	.long	564                             @ DW_AT_type
	.byte	2                               @ DW_AT_decl_file
	.short	1549                            @ DW_AT_decl_line
	.byte	92                              @ DW_AT_data_member_location
	.byte	5                               @ Abbrev [5] 0x20c:0xd DW_TAG_member
	.long	.Linfo_string31                 @ DW_AT_name
	.long	564                             @ DW_AT_type
	.byte	2                               @ DW_AT_decl_file
	.short	1550                            @ DW_AT_decl_line
	.byte	96                              @ DW_AT_data_member_location
	.byte	5                               @ Abbrev [5] 0x219:0xd DW_TAG_member
	.long	.Linfo_string32                 @ DW_AT_name
	.long	564                             @ DW_AT_type
	.byte	2                               @ DW_AT_decl_file
	.short	1551                            @ DW_AT_decl_line
	.byte	100                             @ DW_AT_data_member_location
	.byte	5                               @ Abbrev [5] 0x226:0xd DW_TAG_member
	.long	.Linfo_string33                 @ DW_AT_name
	.long	564                             @ DW_AT_type
	.byte	2                               @ DW_AT_decl_file
	.short	1552                            @ DW_AT_decl_line
	.byte	104                             @ DW_AT_data_member_location
	.byte	0                               @ End Of Children Mark
	.byte	7                               @ Abbrev [7] 0x234:0x5 DW_TAG_volatile_type
	.long	569                             @ DW_AT_type
	.byte	8                               @ Abbrev [8] 0x239:0xb DW_TAG_typedef
	.long	580                             @ DW_AT_type
	.long	.Linfo_string7                  @ DW_AT_name
	.byte	1                               @ DW_AT_decl_file
	.byte	64                              @ DW_AT_decl_line
	.byte	9                               @ Abbrev [9] 0x244:0x7 DW_TAG_base_type
	.long	.Linfo_string6                  @ DW_AT_name
	.byte	7                               @ DW_AT_encoding
	.byte	4                               @ DW_AT_byte_size
	.byte	8                               @ Abbrev [8] 0x24b:0xb DW_TAG_typedef
	.long	598                             @ DW_AT_type
	.long	.Linfo_string42                 @ DW_AT_name
	.byte	3                               @ DW_AT_decl_file
	.byte	74                              @ DW_AT_decl_line
	.byte	10                              @ Abbrev [10] 0x256:0x4d DW_TAG_structure_type
	.byte	24                              @ DW_AT_byte_size
	.byte	3                               @ DW_AT_decl_file
	.byte	46                              @ DW_AT_decl_line
	.byte	11                              @ Abbrev [11] 0x25a:0xc DW_TAG_member
	.long	.Linfo_string36                 @ DW_AT_name
	.long	569                             @ DW_AT_type
	.byte	3                               @ DW_AT_decl_file
	.byte	48                              @ DW_AT_decl_line
	.byte	0                               @ DW_AT_data_member_location
	.byte	11                              @ Abbrev [11] 0x266:0xc DW_TAG_member
	.long	.Linfo_string37                 @ DW_AT_name
	.long	569                             @ DW_AT_type
	.byte	3                               @ DW_AT_decl_file
	.byte	51                              @ DW_AT_decl_line
	.byte	4                               @ DW_AT_data_member_location
	.byte	11                              @ Abbrev [11] 0x272:0xc DW_TAG_member
	.long	.Linfo_string38                 @ DW_AT_name
	.long	569                             @ DW_AT_type
	.byte	3                               @ DW_AT_decl_file
	.byte	54                              @ DW_AT_decl_line
	.byte	8                               @ DW_AT_data_member_location
	.byte	11                              @ Abbrev [11] 0x27e:0xc DW_TAG_member
	.long	.Linfo_string39                 @ DW_AT_name
	.long	569                             @ DW_AT_type
	.byte	3                               @ DW_AT_decl_file
	.byte	58                              @ DW_AT_decl_line
	.byte	12                              @ DW_AT_data_member_location
	.byte	11                              @ Abbrev [11] 0x28a:0xc DW_TAG_member
	.long	.Linfo_string40                 @ DW_AT_name
	.long	569                             @ DW_AT_type
	.byte	3                               @ DW_AT_decl_file
	.byte	61                              @ DW_AT_decl_line
	.byte	16                              @ DW_AT_data_member_location
	.byte	11                              @ Abbrev [11] 0x296:0xc DW_TAG_member
	.long	.Linfo_string41                 @ DW_AT_name
	.long	569                             @ DW_AT_type
	.byte	3                               @ DW_AT_decl_file
	.byte	72                              @ DW_AT_decl_line
	.byte	20                              @ DW_AT_data_member_location
	.byte	0                               @ End Of Children Mark
	.byte	3                               @ Abbrev [3] 0x2a3:0xc DW_TAG_typedef
	.long	687                             @ DW_AT_type
	.long	.Linfo_string52                 @ DW_AT_name
	.byte	3                               @ DW_AT_decl_file
	.short	349                             @ DW_AT_decl_line
	.byte	12                              @ Abbrev [12] 0x2af:0x34 DW_TAG_enumeration_type
	.long	739                             @ DW_AT_type
	.byte	1                               @ DW_AT_byte_size
	.byte	3                               @ DW_AT_decl_file
	.short	340                             @ DW_AT_decl_line
	.byte	13                              @ Abbrev [13] 0x2b8:0x6 DW_TAG_enumerator
	.long	.Linfo_string45                 @ DW_AT_name
	.byte	1                               @ DW_AT_const_value
	.byte	13                              @ Abbrev [13] 0x2be:0x6 DW_TAG_enumerator
	.long	.Linfo_string46                 @ DW_AT_name
	.byte	2                               @ DW_AT_const_value
	.byte	13                              @ Abbrev [13] 0x2c4:0x6 DW_TAG_enumerator
	.long	.Linfo_string47                 @ DW_AT_name
	.byte	4                               @ DW_AT_const_value
	.byte	13                              @ Abbrev [13] 0x2ca:0x6 DW_TAG_enumerator
	.long	.Linfo_string48                 @ DW_AT_name
	.byte	8                               @ DW_AT_const_value
	.byte	13                              @ Abbrev [13] 0x2d0:0x6 DW_TAG_enumerator
	.long	.Linfo_string49                 @ DW_AT_name
	.byte	16                              @ DW_AT_const_value
	.byte	13                              @ Abbrev [13] 0x2d6:0x6 DW_TAG_enumerator
	.long	.Linfo_string50                 @ DW_AT_name
	.byte	32                              @ DW_AT_const_value
	.byte	13                              @ Abbrev [13] 0x2dc:0x6 DW_TAG_enumerator
	.long	.Linfo_string51                 @ DW_AT_name
	.byte	0                               @ DW_AT_const_value
	.byte	0                               @ End Of Children Mark
	.byte	9                               @ Abbrev [9] 0x2e3:0x7 DW_TAG_base_type
	.long	.Linfo_string44                 @ DW_AT_name
	.byte	8                               @ DW_AT_encoding
	.byte	1                               @ DW_AT_byte_size
	.byte	14                              @ Abbrev [14] 0x2ea:0xc DW_TAG_array_type
	.long	758                             @ DW_AT_type
	.byte	15                              @ Abbrev [15] 0x2ef:0x6 DW_TAG_subrange_type
	.long	1458                            @ DW_AT_type
	.byte	7                               @ DW_AT_count
	.byte	0                               @ End Of Children Mark
	.byte	6                               @ Abbrev [6] 0x2f6:0x5 DW_TAG_pointer_type
	.long	763                             @ DW_AT_type
	.byte	8                               @ Abbrev [8] 0x2fb:0xb DW_TAG_typedef
	.long	774                             @ DW_AT_type
	.long	.Linfo_string105                @ DW_AT_name
	.byte	4                               @ DW_AT_decl_file
	.byte	179                             @ DW_AT_decl_line
	.byte	16                              @ Abbrev [16] 0x306:0xf9 DW_TAG_structure_type
	.long	.Linfo_string104                @ DW_AT_name
	.byte	120                             @ DW_AT_byte_size
	.byte	4                               @ DW_AT_decl_file
	.byte	136                             @ DW_AT_decl_line
	.byte	11                              @ Abbrev [11] 0x30e:0xc DW_TAG_member
	.long	.Linfo_string4                  @ DW_AT_name
	.long	1023                            @ DW_AT_type
	.byte	4                               @ DW_AT_decl_file
	.byte	138                             @ DW_AT_decl_line
	.byte	0                               @ DW_AT_data_member_location
	.byte	11                              @ Abbrev [11] 0x31a:0xc DW_TAG_member
	.long	.Linfo_string35                 @ DW_AT_name
	.long	1024                            @ DW_AT_type
	.byte	4                               @ DW_AT_decl_file
	.byte	140                             @ DW_AT_decl_line
	.byte	4                               @ DW_AT_data_member_location
	.byte	11                              @ Abbrev [11] 0x326:0xc DW_TAG_member
	.long	.Linfo_string67                 @ DW_AT_name
	.long	1184                            @ DW_AT_type
	.byte	4                               @ DW_AT_decl_file
	.byte	142                             @ DW_AT_decl_line
	.byte	52                              @ DW_AT_data_member_location
	.byte	11                              @ Abbrev [11] 0x332:0xc DW_TAG_member
	.long	.Linfo_string71                 @ DW_AT_name
	.long	1216                            @ DW_AT_type
	.byte	4                               @ DW_AT_decl_file
	.byte	144                             @ DW_AT_decl_line
	.byte	53                              @ DW_AT_data_member_location
	.byte	11                              @ Abbrev [11] 0x33e:0xc DW_TAG_member
	.long	.Linfo_string78                 @ DW_AT_name
	.long	1023                            @ DW_AT_type
	.byte	4                               @ DW_AT_decl_file
	.byte	146                             @ DW_AT_decl_line
	.byte	56                              @ DW_AT_data_member_location
	.byte	11                              @ Abbrev [11] 0x34a:0xc DW_TAG_member
	.long	.Linfo_string79                 @ DW_AT_name
	.long	1271                            @ DW_AT_type
	.byte	4                               @ DW_AT_decl_file
	.byte	148                             @ DW_AT_decl_line
	.byte	60                              @ DW_AT_data_member_location
	.byte	11                              @ Abbrev [11] 0x356:0xc DW_TAG_member
	.long	.Linfo_string80                 @ DW_AT_name
	.long	1271                            @ DW_AT_type
	.byte	4                               @ DW_AT_decl_file
	.byte	150                             @ DW_AT_decl_line
	.byte	64                              @ DW_AT_data_member_location
	.byte	11                              @ Abbrev [11] 0x362:0xc DW_TAG_member
	.long	.Linfo_string81                 @ DW_AT_name
	.long	1271                            @ DW_AT_type
	.byte	4                               @ DW_AT_decl_file
	.byte	152                             @ DW_AT_decl_line
	.byte	68                              @ DW_AT_data_member_location
	.byte	11                              @ Abbrev [11] 0x36e:0xc DW_TAG_member
	.long	.Linfo_string82                 @ DW_AT_name
	.long	1271                            @ DW_AT_type
	.byte	4                               @ DW_AT_decl_file
	.byte	154                             @ DW_AT_decl_line
	.byte	72                              @ DW_AT_data_member_location
	.byte	11                              @ Abbrev [11] 0x37a:0xc DW_TAG_member
	.long	.Linfo_string83                 @ DW_AT_name
	.long	1271                            @ DW_AT_type
	.byte	4                               @ DW_AT_decl_file
	.byte	156                             @ DW_AT_decl_line
	.byte	76                              @ DW_AT_data_member_location
	.byte	11                              @ Abbrev [11] 0x386:0xc DW_TAG_member
	.long	.Linfo_string84                 @ DW_AT_name
	.long	1271                            @ DW_AT_type
	.byte	4                               @ DW_AT_decl_file
	.byte	158                             @ DW_AT_decl_line
	.byte	80                              @ DW_AT_data_member_location
	.byte	11                              @ Abbrev [11] 0x392:0xc DW_TAG_member
	.long	.Linfo_string85                 @ DW_AT_name
	.long	564                             @ DW_AT_type
	.byte	4                               @ DW_AT_decl_file
	.byte	160                             @ DW_AT_decl_line
	.byte	84                              @ DW_AT_data_member_location
	.byte	11                              @ Abbrev [11] 0x39e:0xc DW_TAG_member
	.long	.Linfo_string86                 @ DW_AT_name
	.long	569                             @ DW_AT_type
	.byte	4                               @ DW_AT_decl_file
	.byte	162                             @ DW_AT_decl_line
	.byte	88                              @ DW_AT_data_member_location
	.byte	11                              @ Abbrev [11] 0x3aa:0xc DW_TAG_member
	.long	.Linfo_string87                 @ DW_AT_name
	.long	569                             @ DW_AT_type
	.byte	4                               @ DW_AT_decl_file
	.byte	164                             @ DW_AT_decl_line
	.byte	92                              @ DW_AT_data_member_location
	.byte	11                              @ Abbrev [11] 0x3b6:0xc DW_TAG_member
	.long	.Linfo_string88                 @ DW_AT_name
	.long	1288                            @ DW_AT_type
	.byte	4                               @ DW_AT_decl_file
	.byte	166                             @ DW_AT_decl_line
	.byte	96                              @ DW_AT_data_member_location
	.byte	11                              @ Abbrev [11] 0x3c2:0xc DW_TAG_member
	.long	.Linfo_string91                 @ DW_AT_name
	.long	1324                            @ DW_AT_type
	.byte	4                               @ DW_AT_decl_file
	.byte	168                             @ DW_AT_decl_line
	.byte	100                             @ DW_AT_data_member_location
	.byte	11                              @ Abbrev [11] 0x3ce:0xc DW_TAG_member
	.long	.Linfo_string95                 @ DW_AT_name
	.long	569                             @ DW_AT_type
	.byte	4                               @ DW_AT_decl_file
	.byte	170                             @ DW_AT_decl_line
	.byte	104                             @ DW_AT_data_member_location
	.byte	11                              @ Abbrev [11] 0x3da:0xc DW_TAG_member
	.long	.Linfo_string96                 @ DW_AT_name
	.long	1373                            @ DW_AT_type
	.byte	4                               @ DW_AT_decl_file
	.byte	173                             @ DW_AT_decl_line
	.byte	108                             @ DW_AT_data_member_location
	.byte	11                              @ Abbrev [11] 0x3e6:0xc DW_TAG_member
	.long	.Linfo_string99                 @ DW_AT_name
	.long	1409                            @ DW_AT_type
	.byte	4                               @ DW_AT_decl_file
	.byte	175                             @ DW_AT_decl_line
	.byte	112                             @ DW_AT_data_member_location
	.byte	11                              @ Abbrev [11] 0x3f2:0xc DW_TAG_member
	.long	.Linfo_string103                @ DW_AT_name
	.long	569                             @ DW_AT_type
	.byte	4                               @ DW_AT_decl_file
	.byte	177                             @ DW_AT_decl_line
	.byte	116                             @ DW_AT_data_member_location
	.byte	0                               @ End Of Children Mark
	.byte	17                              @ Abbrev [17] 0x3ff:0x1 DW_TAG_pointer_type
	.byte	8                               @ Abbrev [8] 0x400:0xb DW_TAG_typedef
	.long	1035                            @ DW_AT_type
	.long	.Linfo_string66                 @ DW_AT_name
	.byte	4                               @ DW_AT_decl_file
	.byte	96                              @ DW_AT_decl_line
	.byte	10                              @ Abbrev [10] 0x40b:0x95 DW_TAG_structure_type
	.byte	48                              @ DW_AT_byte_size
	.byte	4                               @ DW_AT_decl_file
	.byte	48                              @ DW_AT_decl_line
	.byte	11                              @ Abbrev [11] 0x40f:0xc DW_TAG_member
	.long	.Linfo_string54                 @ DW_AT_name
	.long	569                             @ DW_AT_type
	.byte	4                               @ DW_AT_decl_file
	.byte	50                              @ DW_AT_decl_line
	.byte	0                               @ DW_AT_data_member_location
	.byte	11                              @ Abbrev [11] 0x41b:0xc DW_TAG_member
	.long	.Linfo_string55                 @ DW_AT_name
	.long	569                             @ DW_AT_type
	.byte	4                               @ DW_AT_decl_file
	.byte	53                              @ DW_AT_decl_line
	.byte	4                               @ DW_AT_data_member_location
	.byte	11                              @ Abbrev [11] 0x427:0xc DW_TAG_member
	.long	.Linfo_string56                 @ DW_AT_name
	.long	569                             @ DW_AT_type
	.byte	4                               @ DW_AT_decl_file
	.byte	57                              @ DW_AT_decl_line
	.byte	8                               @ DW_AT_data_member_location
	.byte	11                              @ Abbrev [11] 0x433:0xc DW_TAG_member
	.long	.Linfo_string57                 @ DW_AT_name
	.long	569                             @ DW_AT_type
	.byte	4                               @ DW_AT_decl_file
	.byte	60                              @ DW_AT_decl_line
	.byte	12                              @ DW_AT_data_member_location
	.byte	11                              @ Abbrev [11] 0x43f:0xc DW_TAG_member
	.long	.Linfo_string58                 @ DW_AT_name
	.long	569                             @ DW_AT_type
	.byte	4                               @ DW_AT_decl_file
	.byte	63                              @ DW_AT_decl_line
	.byte	16                              @ DW_AT_data_member_location
	.byte	11                              @ Abbrev [11] 0x44b:0xc DW_TAG_member
	.long	.Linfo_string59                 @ DW_AT_name
	.long	569                             @ DW_AT_type
	.byte	4                               @ DW_AT_decl_file
	.byte	66                              @ DW_AT_decl_line
	.byte	20                              @ DW_AT_data_member_location
	.byte	11                              @ Abbrev [11] 0x457:0xc DW_TAG_member
	.long	.Linfo_string60                 @ DW_AT_name
	.long	569                             @ DW_AT_type
	.byte	4                               @ DW_AT_decl_file
	.byte	69                              @ DW_AT_decl_line
	.byte	24                              @ DW_AT_data_member_location
	.byte	11                              @ Abbrev [11] 0x463:0xc DW_TAG_member
	.long	.Linfo_string61                 @ DW_AT_name
	.long	569                             @ DW_AT_type
	.byte	4                               @ DW_AT_decl_file
	.byte	74                              @ DW_AT_decl_line
	.byte	28                              @ DW_AT_data_member_location
	.byte	11                              @ Abbrev [11] 0x46f:0xc DW_TAG_member
	.long	.Linfo_string62                 @ DW_AT_name
	.long	569                             @ DW_AT_type
	.byte	4                               @ DW_AT_decl_file
	.byte	77                              @ DW_AT_decl_line
	.byte	32                              @ DW_AT_data_member_location
	.byte	11                              @ Abbrev [11] 0x47b:0xc DW_TAG_member
	.long	.Linfo_string63                 @ DW_AT_name
	.long	569                             @ DW_AT_type
	.byte	4                               @ DW_AT_decl_file
	.byte	82                              @ DW_AT_decl_line
	.byte	36                              @ DW_AT_data_member_location
	.byte	11                              @ Abbrev [11] 0x487:0xc DW_TAG_member
	.long	.Linfo_string64                 @ DW_AT_name
	.long	569                             @ DW_AT_type
	.byte	4                               @ DW_AT_decl_file
	.byte	85                              @ DW_AT_decl_line
	.byte	40                              @ DW_AT_data_member_location
	.byte	11                              @ Abbrev [11] 0x493:0xc DW_TAG_member
	.long	.Linfo_string65                 @ DW_AT_name
	.long	569                             @ DW_AT_type
	.byte	4                               @ DW_AT_decl_file
	.byte	91                              @ DW_AT_decl_line
	.byte	44                              @ DW_AT_data_member_location
	.byte	0                               @ End Of Children Mark
	.byte	8                               @ Abbrev [8] 0x4a0:0xb DW_TAG_typedef
	.long	1195                            @ DW_AT_type
	.long	.Linfo_string70                 @ DW_AT_name
	.byte	5                               @ DW_AT_decl_file
	.byte	54                              @ DW_AT_decl_line
	.byte	18                              @ Abbrev [18] 0x4ab:0x15 DW_TAG_enumeration_type
	.long	739                             @ DW_AT_type
	.byte	1                               @ DW_AT_byte_size
	.byte	5                               @ DW_AT_decl_file
	.byte	50                              @ DW_AT_decl_line
	.byte	13                              @ Abbrev [13] 0x4b3:0x6 DW_TAG_enumerator
	.long	.Linfo_string68                 @ DW_AT_name
	.byte	0                               @ DW_AT_const_value
	.byte	13                              @ Abbrev [13] 0x4b9:0x6 DW_TAG_enumerator
	.long	.Linfo_string69                 @ DW_AT_name
	.byte	1                               @ DW_AT_const_value
	.byte	0                               @ End Of Children Mark
	.byte	7                               @ Abbrev [7] 0x4c0:0x5 DW_TAG_volatile_type
	.long	1221                            @ DW_AT_type
	.byte	8                               @ Abbrev [8] 0x4c5:0xb DW_TAG_typedef
	.long	1232                            @ DW_AT_type
	.long	.Linfo_string77                 @ DW_AT_name
	.byte	4                               @ DW_AT_decl_file
	.byte	108                             @ DW_AT_decl_line
	.byte	18                              @ Abbrev [18] 0x4d0:0x27 DW_TAG_enumeration_type
	.long	739                             @ DW_AT_type
	.byte	1                               @ DW_AT_byte_size
	.byte	4                               @ DW_AT_decl_file
	.byte	101                             @ DW_AT_decl_line
	.byte	13                              @ Abbrev [13] 0x4d8:0x6 DW_TAG_enumerator
	.long	.Linfo_string72                 @ DW_AT_name
	.byte	0                               @ DW_AT_const_value
	.byte	13                              @ Abbrev [13] 0x4de:0x6 DW_TAG_enumerator
	.long	.Linfo_string73                 @ DW_AT_name
	.byte	1                               @ DW_AT_const_value
	.byte	13                              @ Abbrev [13] 0x4e4:0x6 DW_TAG_enumerator
	.long	.Linfo_string74                 @ DW_AT_name
	.byte	2                               @ DW_AT_const_value
	.byte	13                              @ Abbrev [13] 0x4ea:0x6 DW_TAG_enumerator
	.long	.Linfo_string75                 @ DW_AT_name
	.byte	3                               @ DW_AT_const_value
	.byte	13                              @ Abbrev [13] 0x4f0:0x6 DW_TAG_enumerator
	.long	.Linfo_string76                 @ DW_AT_name
	.byte	4                               @ DW_AT_const_value
	.byte	0                               @ End Of Children Mark
	.byte	6                               @ Abbrev [6] 0x4f7:0x5 DW_TAG_pointer_type
	.long	1276                            @ DW_AT_type
	.byte	19                              @ Abbrev [19] 0x4fc:0x7 DW_TAG_subroutine_type
                                        @ DW_AT_prototyped
	.byte	20                              @ Abbrev [20] 0x4fd:0x5 DW_TAG_formal_parameter
	.long	1283                            @ DW_AT_type
	.byte	0                               @ End Of Children Mark
	.byte	6                               @ Abbrev [6] 0x503:0x5 DW_TAG_pointer_type
	.long	774                             @ DW_AT_type
	.byte	6                               @ Abbrev [6] 0x508:0x5 DW_TAG_pointer_type
	.long	1293                            @ DW_AT_type
	.byte	3                               @ Abbrev [3] 0x50d:0xc DW_TAG_typedef
	.long	1305                            @ DW_AT_type
	.long	.Linfo_string90                 @ DW_AT_name
	.byte	2                               @ DW_AT_decl_file
	.short	636                             @ DW_AT_decl_line
	.byte	4                               @ Abbrev [4] 0x519:0x13 DW_TAG_structure_type
	.byte	4                               @ DW_AT_byte_size
	.byte	2                               @ DW_AT_decl_file
	.short	633                             @ DW_AT_decl_line
	.byte	5                               @ Abbrev [5] 0x51e:0xd DW_TAG_member
	.long	.Linfo_string89                 @ DW_AT_name
	.long	564                             @ DW_AT_type
	.byte	2                               @ DW_AT_decl_file
	.short	635                             @ DW_AT_decl_line
	.byte	0                               @ DW_AT_data_member_location
	.byte	0                               @ End Of Children Mark
	.byte	6                               @ Abbrev [6] 0x52c:0x5 DW_TAG_pointer_type
	.long	1329                            @ DW_AT_type
	.byte	3                               @ Abbrev [3] 0x531:0xc DW_TAG_typedef
	.long	1341                            @ DW_AT_type
	.long	.Linfo_string94                 @ DW_AT_name
	.byte	2                               @ DW_AT_decl_file
	.short	642                             @ DW_AT_decl_line
	.byte	4                               @ Abbrev [4] 0x53d:0x20 DW_TAG_structure_type
	.byte	8                               @ DW_AT_byte_size
	.byte	2                               @ DW_AT_decl_file
	.short	638                             @ DW_AT_decl_line
	.byte	5                               @ Abbrev [5] 0x542:0xd DW_TAG_member
	.long	.Linfo_string92                 @ DW_AT_name
	.long	564                             @ DW_AT_type
	.byte	2                               @ DW_AT_decl_file
	.short	640                             @ DW_AT_decl_line
	.byte	0                               @ DW_AT_data_member_location
	.byte	5                               @ Abbrev [5] 0x54f:0xd DW_TAG_member
	.long	.Linfo_string93                 @ DW_AT_name
	.long	564                             @ DW_AT_type
	.byte	2                               @ DW_AT_decl_file
	.short	641                             @ DW_AT_decl_line
	.byte	4                               @ DW_AT_data_member_location
	.byte	0                               @ End Of Children Mark
	.byte	6                               @ Abbrev [6] 0x55d:0x5 DW_TAG_pointer_type
	.long	1378                            @ DW_AT_type
	.byte	3                               @ Abbrev [3] 0x562:0xc DW_TAG_typedef
	.long	1390                            @ DW_AT_type
	.long	.Linfo_string98                 @ DW_AT_name
	.byte	2                               @ DW_AT_decl_file
	.short	647                             @ DW_AT_decl_line
	.byte	4                               @ Abbrev [4] 0x56e:0x13 DW_TAG_structure_type
	.byte	4                               @ DW_AT_byte_size
	.byte	2                               @ DW_AT_decl_file
	.short	644                             @ DW_AT_decl_line
	.byte	5                               @ Abbrev [5] 0x573:0xd DW_TAG_member
	.long	.Linfo_string97                 @ DW_AT_name
	.long	564                             @ DW_AT_type
	.byte	2                               @ DW_AT_decl_file
	.short	646                             @ DW_AT_decl_line
	.byte	0                               @ DW_AT_data_member_location
	.byte	0                               @ End Of Children Mark
	.byte	6                               @ Abbrev [6] 0x581:0x5 DW_TAG_pointer_type
	.long	1414                            @ DW_AT_type
	.byte	3                               @ Abbrev [3] 0x586:0xc DW_TAG_typedef
	.long	1426                            @ DW_AT_type
	.long	.Linfo_string102                @ DW_AT_name
	.byte	2                               @ DW_AT_decl_file
	.short	653                             @ DW_AT_decl_line
	.byte	4                               @ Abbrev [4] 0x592:0x20 DW_TAG_structure_type
	.byte	8                               @ DW_AT_byte_size
	.byte	2                               @ DW_AT_decl_file
	.short	649                             @ DW_AT_decl_line
	.byte	5                               @ Abbrev [5] 0x597:0xd DW_TAG_member
	.long	.Linfo_string100                @ DW_AT_name
	.long	564                             @ DW_AT_type
	.byte	2                               @ DW_AT_decl_file
	.short	651                             @ DW_AT_decl_line
	.byte	0                               @ DW_AT_data_member_location
	.byte	5                               @ Abbrev [5] 0x5a4:0xd DW_TAG_member
	.long	.Linfo_string101                @ DW_AT_name
	.long	564                             @ DW_AT_type
	.byte	2                               @ DW_AT_decl_file
	.short	652                             @ DW_AT_decl_line
	.byte	4                               @ DW_AT_data_member_location
	.byte	0                               @ End Of Children Mark
	.byte	21                              @ Abbrev [21] 0x5b2:0x7 DW_TAG_base_type
	.long	.Linfo_string106                @ DW_AT_name
	.byte	8                               @ DW_AT_byte_size
	.byte	7                               @ DW_AT_encoding
	.byte	7                               @ Abbrev [7] 0x5b9:0x5 DW_TAG_volatile_type
	.long	1470                            @ DW_AT_type
	.byte	3                               @ Abbrev [3] 0x5be:0xc DW_TAG_typedef
	.long	1482                            @ DW_AT_type
	.long	.Linfo_string112                @ DW_AT_name
	.byte	3                               @ DW_AT_decl_file
	.short	315                             @ DW_AT_decl_line
	.byte	12                              @ Abbrev [12] 0x5ca:0x28 DW_TAG_enumeration_type
	.long	739                             @ DW_AT_type
	.byte	1                               @ DW_AT_byte_size
	.byte	3                               @ DW_AT_decl_file
	.short	308                             @ DW_AT_decl_line
	.byte	13                              @ Abbrev [13] 0x5d3:0x6 DW_TAG_enumerator
	.long	.Linfo_string107                @ DW_AT_name
	.byte	0                               @ DW_AT_const_value
	.byte	13                              @ Abbrev [13] 0x5d9:0x6 DW_TAG_enumerator
	.long	.Linfo_string108                @ DW_AT_name
	.byte	1                               @ DW_AT_const_value
	.byte	13                              @ Abbrev [13] 0x5df:0x6 DW_TAG_enumerator
	.long	.Linfo_string109                @ DW_AT_name
	.byte	2                               @ DW_AT_const_value
	.byte	13                              @ Abbrev [13] 0x5e5:0x6 DW_TAG_enumerator
	.long	.Linfo_string110                @ DW_AT_name
	.byte	3                               @ DW_AT_const_value
	.byte	13                              @ Abbrev [13] 0x5eb:0x6 DW_TAG_enumerator
	.long	.Linfo_string111                @ DW_AT_name
	.byte	4                               @ DW_AT_const_value
	.byte	0                               @ End Of Children Mark
	.byte	14                              @ Abbrev [14] 0x5f2:0xc DW_TAG_array_type
	.long	1534                            @ DW_AT_type
	.byte	15                              @ Abbrev [15] 0x5f7:0x6 DW_TAG_subrange_type
	.long	1458                            @ DW_AT_type
	.byte	6                               @ DW_AT_count
	.byte	0                               @ End Of Children Mark
	.byte	7                               @ Abbrev [7] 0x5fe:0x5 DW_TAG_volatile_type
	.long	1539                            @ DW_AT_type
	.byte	3                               @ Abbrev [3] 0x603:0xc DW_TAG_typedef
	.long	1551                            @ DW_AT_type
	.long	.Linfo_string117                @ DW_AT_name
	.byte	3                               @ DW_AT_decl_file
	.short	325                             @ DW_AT_decl_line
	.byte	12                              @ Abbrev [12] 0x60f:0x1c DW_TAG_enumeration_type
	.long	739                             @ DW_AT_type
	.byte	1                               @ DW_AT_byte_size
	.byte	3                               @ DW_AT_decl_file
	.short	320                             @ DW_AT_decl_line
	.byte	13                              @ Abbrev [13] 0x618:0x6 DW_TAG_enumerator
	.long	.Linfo_string114                @ DW_AT_name
	.byte	0                               @ DW_AT_const_value
	.byte	13                              @ Abbrev [13] 0x61e:0x6 DW_TAG_enumerator
	.long	.Linfo_string115                @ DW_AT_name
	.byte	1                               @ DW_AT_const_value
	.byte	13                              @ Abbrev [13] 0x624:0x6 DW_TAG_enumerator
	.long	.Linfo_string116                @ DW_AT_name
	.byte	2                               @ DW_AT_const_value
	.byte	0                               @ End Of Children Mark
	.byte	14                              @ Abbrev [14] 0x62b:0xc DW_TAG_array_type
	.long	1534                            @ DW_AT_type
	.byte	15                              @ Abbrev [15] 0x630:0x6 DW_TAG_subrange_type
	.long	1458                            @ DW_AT_type
	.byte	4                               @ DW_AT_count
	.byte	0                               @ End Of Children Mark
	.byte	7                               @ Abbrev [7] 0x637:0x5 DW_TAG_volatile_type
	.long	1596                            @ DW_AT_type
	.byte	3                               @ Abbrev [3] 0x63c:0xc DW_TAG_typedef
	.long	1608                            @ DW_AT_type
	.long	.Linfo_string123                @ DW_AT_name
	.byte	3                               @ DW_AT_decl_file
	.short	335                             @ DW_AT_decl_line
	.byte	12                              @ Abbrev [12] 0x648:0x1c DW_TAG_enumeration_type
	.long	739                             @ DW_AT_type
	.byte	1                               @ DW_AT_byte_size
	.byte	3                               @ DW_AT_decl_file
	.short	330                             @ DW_AT_decl_line
	.byte	13                              @ Abbrev [13] 0x651:0x6 DW_TAG_enumerator
	.long	.Linfo_string120                @ DW_AT_name
	.byte	0                               @ DW_AT_const_value
	.byte	13                              @ Abbrev [13] 0x657:0x6 DW_TAG_enumerator
	.long	.Linfo_string121                @ DW_AT_name
	.byte	1                               @ DW_AT_const_value
	.byte	13                              @ Abbrev [13] 0x65d:0x6 DW_TAG_enumerator
	.long	.Linfo_string122                @ DW_AT_name
	.byte	2                               @ DW_AT_const_value
	.byte	0                               @ End Of Children Mark
	.byte	2                               @ Abbrev [2] 0x664:0x11 DW_TAG_variable
	.long	.Linfo_string125                @ DW_AT_name
	.long	55                              @ DW_AT_type
                                        @ DW_AT_external
	.byte	6                               @ DW_AT_decl_file
	.byte	28                              @ DW_AT_decl_line
	.byte	5                               @ DW_AT_location
	.byte	3
	.long	htim12
	.byte	18                              @ Abbrev [18] 0x675:0x21 DW_TAG_enumeration_type
	.long	739                             @ DW_AT_type
	.byte	1                               @ DW_AT_byte_size
	.byte	5                               @ DW_AT_decl_file
	.byte	39                              @ DW_AT_decl_line
	.byte	13                              @ Abbrev [13] 0x67d:0x6 DW_TAG_enumerator
	.long	.Linfo_string126                @ DW_AT_name
	.byte	0                               @ DW_AT_const_value
	.byte	13                              @ Abbrev [13] 0x683:0x6 DW_TAG_enumerator
	.long	.Linfo_string127                @ DW_AT_name
	.byte	1                               @ DW_AT_const_value
	.byte	13                              @ Abbrev [13] 0x689:0x6 DW_TAG_enumerator
	.long	.Linfo_string128                @ DW_AT_name
	.byte	2                               @ DW_AT_const_value
	.byte	13                              @ Abbrev [13] 0x68f:0x6 DW_TAG_enumerator
	.long	.Linfo_string129                @ DW_AT_name
	.byte	3                               @ DW_AT_const_value
	.byte	0                               @ End Of Children Mark
	.byte	6                               @ Abbrev [6] 0x696:0x5 DW_TAG_pointer_type
	.long	1691                            @ DW_AT_type
	.byte	3                               @ Abbrev [3] 0x69b:0xc DW_TAG_typedef
	.long	1703                            @ DW_AT_type
	.long	.Linfo_string193                @ DW_AT_name
	.byte	2                               @ DW_AT_decl_file
	.short	1300                            @ DW_AT_decl_line
	.byte	22                              @ Abbrev [22] 0x6a7:0x35d DW_TAG_structure_type
	.short	304                             @ DW_AT_byte_size
	.byte	2                               @ DW_AT_decl_file
	.short	1232                            @ DW_AT_decl_line
	.byte	5                               @ Abbrev [5] 0x6ad:0xd DW_TAG_member
	.long	.Linfo_string130                @ DW_AT_name
	.long	564                             @ DW_AT_type
	.byte	2                               @ DW_AT_decl_file
	.short	1234                            @ DW_AT_decl_line
	.byte	0                               @ DW_AT_data_member_location
	.byte	5                               @ Abbrev [5] 0x6ba:0xd DW_TAG_member
	.long	.Linfo_string131                @ DW_AT_name
	.long	564                             @ DW_AT_type
	.byte	2                               @ DW_AT_decl_file
	.short	1235                            @ DW_AT_decl_line
	.byte	4                               @ DW_AT_data_member_location
	.byte	5                               @ Abbrev [5] 0x6c7:0xd DW_TAG_member
	.long	.Linfo_string132                @ DW_AT_name
	.long	564                             @ DW_AT_type
	.byte	2                               @ DW_AT_decl_file
	.short	1236                            @ DW_AT_decl_line
	.byte	8                               @ DW_AT_data_member_location
	.byte	5                               @ Abbrev [5] 0x6d4:0xd DW_TAG_member
	.long	.Linfo_string133                @ DW_AT_name
	.long	564                             @ DW_AT_type
	.byte	2                               @ DW_AT_decl_file
	.short	1237                            @ DW_AT_decl_line
	.byte	12                              @ DW_AT_data_member_location
	.byte	5                               @ Abbrev [5] 0x6e1:0xd DW_TAG_member
	.long	.Linfo_string134                @ DW_AT_name
	.long	564                             @ DW_AT_type
	.byte	2                               @ DW_AT_decl_file
	.short	1238                            @ DW_AT_decl_line
	.byte	16                              @ DW_AT_data_member_location
	.byte	5                               @ Abbrev [5] 0x6ee:0xd DW_TAG_member
	.long	.Linfo_string27                 @ DW_AT_name
	.long	569                             @ DW_AT_type
	.byte	2                               @ DW_AT_decl_file
	.short	1239                            @ DW_AT_decl_line
	.byte	20                              @ DW_AT_data_member_location
	.byte	5                               @ Abbrev [5] 0x6fb:0xd DW_TAG_member
	.long	.Linfo_string135                @ DW_AT_name
	.long	564                             @ DW_AT_type
	.byte	2                               @ DW_AT_decl_file
	.short	1240                            @ DW_AT_decl_line
	.byte	24                              @ DW_AT_data_member_location
	.byte	5                               @ Abbrev [5] 0x708:0xd DW_TAG_member
	.long	.Linfo_string136                @ DW_AT_name
	.long	564                             @ DW_AT_type
	.byte	2                               @ DW_AT_decl_file
	.short	1241                            @ DW_AT_decl_line
	.byte	28                              @ DW_AT_data_member_location
	.byte	5                               @ Abbrev [5] 0x715:0xd DW_TAG_member
	.long	.Linfo_string137                @ DW_AT_name
	.long	564                             @ DW_AT_type
	.byte	2                               @ DW_AT_decl_file
	.short	1242                            @ DW_AT_decl_line
	.byte	32                              @ DW_AT_data_member_location
	.byte	5                               @ Abbrev [5] 0x722:0xd DW_TAG_member
	.long	.Linfo_string138                @ DW_AT_name
	.long	569                             @ DW_AT_type
	.byte	2                               @ DW_AT_decl_file
	.short	1243                            @ DW_AT_decl_line
	.byte	36                              @ DW_AT_data_member_location
	.byte	5                               @ Abbrev [5] 0x72f:0xd DW_TAG_member
	.long	.Linfo_string139                @ DW_AT_name
	.long	564                             @ DW_AT_type
	.byte	2                               @ DW_AT_decl_file
	.short	1244                            @ DW_AT_decl_line
	.byte	40                              @ DW_AT_data_member_location
	.byte	5                               @ Abbrev [5] 0x73c:0xd DW_TAG_member
	.long	.Linfo_string140                @ DW_AT_name
	.long	564                             @ DW_AT_type
	.byte	2                               @ DW_AT_decl_file
	.short	1245                            @ DW_AT_decl_line
	.byte	44                              @ DW_AT_data_member_location
	.byte	5                               @ Abbrev [5] 0x749:0xd DW_TAG_member
	.long	.Linfo_string141                @ DW_AT_name
	.long	564                             @ DW_AT_type
	.byte	2                               @ DW_AT_decl_file
	.short	1246                            @ DW_AT_decl_line
	.byte	48                              @ DW_AT_data_member_location
	.byte	5                               @ Abbrev [5] 0x756:0xd DW_TAG_member
	.long	.Linfo_string142                @ DW_AT_name
	.long	564                             @ DW_AT_type
	.byte	2                               @ DW_AT_decl_file
	.short	1247                            @ DW_AT_decl_line
	.byte	52                              @ DW_AT_data_member_location
	.byte	5                               @ Abbrev [5] 0x763:0xd DW_TAG_member
	.long	.Linfo_string143                @ DW_AT_name
	.long	564                             @ DW_AT_type
	.byte	2                               @ DW_AT_decl_file
	.short	1248                            @ DW_AT_decl_line
	.byte	56                              @ DW_AT_data_member_location
	.byte	5                               @ Abbrev [5] 0x770:0xd DW_TAG_member
	.long	.Linfo_string144                @ DW_AT_name
	.long	564                             @ DW_AT_type
	.byte	2                               @ DW_AT_decl_file
	.short	1249                            @ DW_AT_decl_line
	.byte	60                              @ DW_AT_data_member_location
	.byte	5                               @ Abbrev [5] 0x77d:0xd DW_TAG_member
	.long	.Linfo_string145                @ DW_AT_name
	.long	564                             @ DW_AT_type
	.byte	2                               @ DW_AT_decl_file
	.short	1250                            @ DW_AT_decl_line
	.byte	64                              @ DW_AT_data_member_location
	.byte	5                               @ Abbrev [5] 0x78a:0xd DW_TAG_member
	.long	.Linfo_string146                @ DW_AT_name
	.long	564                             @ DW_AT_type
	.byte	2                               @ DW_AT_decl_file
	.short	1251                            @ DW_AT_decl_line
	.byte	68                              @ DW_AT_data_member_location
	.byte	5                               @ Abbrev [5] 0x797:0xd DW_TAG_member
	.long	.Linfo_string147                @ DW_AT_name
	.long	569                             @ DW_AT_type
	.byte	2                               @ DW_AT_decl_file
	.short	1252                            @ DW_AT_decl_line
	.byte	72                              @ DW_AT_data_member_location
	.byte	5                               @ Abbrev [5] 0x7a4:0xd DW_TAG_member
	.long	.Linfo_string148                @ DW_AT_name
	.long	564                             @ DW_AT_type
	.byte	2                               @ DW_AT_decl_file
	.short	1253                            @ DW_AT_decl_line
	.byte	76                              @ DW_AT_data_member_location
	.byte	5                               @ Abbrev [5] 0x7b1:0xd DW_TAG_member
	.long	.Linfo_string149                @ DW_AT_name
	.long	564                             @ DW_AT_type
	.byte	2                               @ DW_AT_decl_file
	.short	1254                            @ DW_AT_decl_line
	.byte	80                              @ DW_AT_data_member_location
	.byte	5                               @ Abbrev [5] 0x7be:0xd DW_TAG_member
	.long	.Linfo_string150                @ DW_AT_name
	.long	564                             @ DW_AT_type
	.byte	2                               @ DW_AT_decl_file
	.short	1255                            @ DW_AT_decl_line
	.byte	84                              @ DW_AT_data_member_location
	.byte	5                               @ Abbrev [5] 0x7cb:0xd DW_TAG_member
	.long	.Linfo_string151                @ DW_AT_name
	.long	564                             @ DW_AT_type
	.byte	2                               @ DW_AT_decl_file
	.short	1256                            @ DW_AT_decl_line
	.byte	88                              @ DW_AT_data_member_location
	.byte	5                               @ Abbrev [5] 0x7d8:0xd DW_TAG_member
	.long	.Linfo_string152                @ DW_AT_name
	.long	569                             @ DW_AT_type
	.byte	2                               @ DW_AT_decl_file
	.short	1257                            @ DW_AT_decl_line
	.byte	92                              @ DW_AT_data_member_location
	.byte	5                               @ Abbrev [5] 0x7e5:0xd DW_TAG_member
	.long	.Linfo_string153                @ DW_AT_name
	.long	564                             @ DW_AT_type
	.byte	2                               @ DW_AT_decl_file
	.short	1258                            @ DW_AT_decl_line
	.byte	96                              @ DW_AT_data_member_location
	.byte	5                               @ Abbrev [5] 0x7f2:0xd DW_TAG_member
	.long	.Linfo_string154                @ DW_AT_name
	.long	564                             @ DW_AT_type
	.byte	2                               @ DW_AT_decl_file
	.short	1259                            @ DW_AT_decl_line
	.byte	100                             @ DW_AT_data_member_location
	.byte	5                               @ Abbrev [5] 0x7ff:0xd DW_TAG_member
	.long	.Linfo_string155                @ DW_AT_name
	.long	564                             @ DW_AT_type
	.byte	2                               @ DW_AT_decl_file
	.short	1260                            @ DW_AT_decl_line
	.byte	104                             @ DW_AT_data_member_location
	.byte	5                               @ Abbrev [5] 0x80c:0xd DW_TAG_member
	.long	.Linfo_string156                @ DW_AT_name
	.long	569                             @ DW_AT_type
	.byte	2                               @ DW_AT_decl_file
	.short	1261                            @ DW_AT_decl_line
	.byte	108                             @ DW_AT_data_member_location
	.byte	5                               @ Abbrev [5] 0x819:0xd DW_TAG_member
	.long	.Linfo_string157                @ DW_AT_name
	.long	564                             @ DW_AT_type
	.byte	2                               @ DW_AT_decl_file
	.short	1262                            @ DW_AT_decl_line
	.byte	112                             @ DW_AT_data_member_location
	.byte	5                               @ Abbrev [5] 0x826:0xd DW_TAG_member
	.long	.Linfo_string92                 @ DW_AT_name
	.long	564                             @ DW_AT_type
	.byte	2                               @ DW_AT_decl_file
	.short	1263                            @ DW_AT_decl_line
	.byte	116                             @ DW_AT_data_member_location
	.byte	5                               @ Abbrev [5] 0x833:0xd DW_TAG_member
	.long	.Linfo_string158                @ DW_AT_name
	.long	569                             @ DW_AT_type
	.byte	2                               @ DW_AT_decl_file
	.short	1264                            @ DW_AT_decl_line
	.byte	120                             @ DW_AT_data_member_location
	.byte	5                               @ Abbrev [5] 0x840:0xd DW_TAG_member
	.long	.Linfo_string159                @ DW_AT_name
	.long	564                             @ DW_AT_type
	.byte	2                               @ DW_AT_decl_file
	.short	1265                            @ DW_AT_decl_line
	.byte	124                             @ DW_AT_data_member_location
	.byte	5                               @ Abbrev [5] 0x84d:0xd DW_TAG_member
	.long	.Linfo_string160                @ DW_AT_name
	.long	564                             @ DW_AT_type
	.byte	2                               @ DW_AT_decl_file
	.short	1266                            @ DW_AT_decl_line
	.byte	128                             @ DW_AT_data_member_location
	.byte	5                               @ Abbrev [5] 0x85a:0xd DW_TAG_member
	.long	.Linfo_string161                @ DW_AT_name
	.long	564                             @ DW_AT_type
	.byte	2                               @ DW_AT_decl_file
	.short	1267                            @ DW_AT_decl_line
	.byte	132                             @ DW_AT_data_member_location
	.byte	5                               @ Abbrev [5] 0x867:0xd DW_TAG_member
	.long	.Linfo_string162                @ DW_AT_name
	.long	564                             @ DW_AT_type
	.byte	2                               @ DW_AT_decl_file
	.short	1268                            @ DW_AT_decl_line
	.byte	136                             @ DW_AT_data_member_location
	.byte	5                               @ Abbrev [5] 0x874:0xd DW_TAG_member
	.long	.Linfo_string163                @ DW_AT_name
	.long	564                             @ DW_AT_type
	.byte	2                               @ DW_AT_decl_file
	.short	1269                            @ DW_AT_decl_line
	.byte	140                             @ DW_AT_data_member_location
	.byte	5                               @ Abbrev [5] 0x881:0xd DW_TAG_member
	.long	.Linfo_string164                @ DW_AT_name
	.long	564                             @ DW_AT_type
	.byte	2                               @ DW_AT_decl_file
	.short	1270                            @ DW_AT_decl_line
	.byte	144                             @ DW_AT_data_member_location
	.byte	5                               @ Abbrev [5] 0x88e:0xd DW_TAG_member
	.long	.Linfo_string165                @ DW_AT_name
	.long	564                             @ DW_AT_type
	.byte	2                               @ DW_AT_decl_file
	.short	1271                            @ DW_AT_decl_line
	.byte	148                             @ DW_AT_data_member_location
	.byte	5                               @ Abbrev [5] 0x89b:0xd DW_TAG_member
	.long	.Linfo_string166                @ DW_AT_name
	.long	564                             @ DW_AT_type
	.byte	2                               @ DW_AT_decl_file
	.short	1272                            @ DW_AT_decl_line
	.byte	152                             @ DW_AT_data_member_location
	.byte	5                               @ Abbrev [5] 0x8a8:0xd DW_TAG_member
	.long	.Linfo_string167                @ DW_AT_name
	.long	564                             @ DW_AT_type
	.byte	2                               @ DW_AT_decl_file
	.short	1273                            @ DW_AT_decl_line
	.byte	156                             @ DW_AT_data_member_location
	.byte	5                               @ Abbrev [5] 0x8b5:0xd DW_TAG_member
	.long	.Linfo_string168                @ DW_AT_name
	.long	564                             @ DW_AT_type
	.byte	2                               @ DW_AT_decl_file
	.short	1274                            @ DW_AT_decl_line
	.byte	160                             @ DW_AT_data_member_location
	.byte	5                               @ Abbrev [5] 0x8c2:0xd DW_TAG_member
	.long	.Linfo_string169                @ DW_AT_name
	.long	569                             @ DW_AT_type
	.byte	2                               @ DW_AT_decl_file
	.short	1275                            @ DW_AT_decl_line
	.byte	164                             @ DW_AT_data_member_location
	.byte	5                               @ Abbrev [5] 0x8cf:0xd DW_TAG_member
	.long	.Linfo_string170                @ DW_AT_name
	.long	564                             @ DW_AT_type
	.byte	2                               @ DW_AT_decl_file
	.short	1276                            @ DW_AT_decl_line
	.byte	168                             @ DW_AT_data_member_location
	.byte	5                               @ Abbrev [5] 0x8dc:0xd DW_TAG_member
	.long	.Linfo_string171                @ DW_AT_name
	.long	2564                            @ DW_AT_type
	.byte	2                               @ DW_AT_decl_file
	.short	1277                            @ DW_AT_decl_line
	.byte	172                             @ DW_AT_data_member_location
	.byte	5                               @ Abbrev [5] 0x8e9:0xd DW_TAG_member
	.long	.Linfo_string172                @ DW_AT_name
	.long	564                             @ DW_AT_type
	.byte	2                               @ DW_AT_decl_file
	.short	1278                            @ DW_AT_decl_line
	.byte	208                             @ DW_AT_data_member_location
	.byte	5                               @ Abbrev [5] 0x8f6:0xd DW_TAG_member
	.long	.Linfo_string173                @ DW_AT_name
	.long	564                             @ DW_AT_type
	.byte	2                               @ DW_AT_decl_file
	.short	1279                            @ DW_AT_decl_line
	.byte	212                             @ DW_AT_data_member_location
	.byte	5                               @ Abbrev [5] 0x903:0xd DW_TAG_member
	.long	.Linfo_string174                @ DW_AT_name
	.long	564                             @ DW_AT_type
	.byte	2                               @ DW_AT_decl_file
	.short	1280                            @ DW_AT_decl_line
	.byte	216                             @ DW_AT_data_member_location
	.byte	5                               @ Abbrev [5] 0x910:0xd DW_TAG_member
	.long	.Linfo_string175                @ DW_AT_name
	.long	564                             @ DW_AT_type
	.byte	2                               @ DW_AT_decl_file
	.short	1281                            @ DW_AT_decl_line
	.byte	220                             @ DW_AT_data_member_location
	.byte	5                               @ Abbrev [5] 0x91d:0xd DW_TAG_member
	.long	.Linfo_string176                @ DW_AT_name
	.long	564                             @ DW_AT_type
	.byte	2                               @ DW_AT_decl_file
	.short	1282                            @ DW_AT_decl_line
	.byte	224                             @ DW_AT_data_member_location
	.byte	5                               @ Abbrev [5] 0x92a:0xd DW_TAG_member
	.long	.Linfo_string177                @ DW_AT_name
	.long	564                             @ DW_AT_type
	.byte	2                               @ DW_AT_decl_file
	.short	1283                            @ DW_AT_decl_line
	.byte	228                             @ DW_AT_data_member_location
	.byte	5                               @ Abbrev [5] 0x937:0xd DW_TAG_member
	.long	.Linfo_string178                @ DW_AT_name
	.long	564                             @ DW_AT_type
	.byte	2                               @ DW_AT_decl_file
	.short	1284                            @ DW_AT_decl_line
	.byte	232                             @ DW_AT_data_member_location
	.byte	5                               @ Abbrev [5] 0x944:0xd DW_TAG_member
	.long	.Linfo_string179                @ DW_AT_name
	.long	564                             @ DW_AT_type
	.byte	2                               @ DW_AT_decl_file
	.short	1285                            @ DW_AT_decl_line
	.byte	236                             @ DW_AT_data_member_location
	.byte	5                               @ Abbrev [5] 0x951:0xd DW_TAG_member
	.long	.Linfo_string180                @ DW_AT_name
	.long	564                             @ DW_AT_type
	.byte	2                               @ DW_AT_decl_file
	.short	1286                            @ DW_AT_decl_line
	.byte	240                             @ DW_AT_data_member_location
	.byte	5                               @ Abbrev [5] 0x95e:0xd DW_TAG_member
	.long	.Linfo_string181                @ DW_AT_name
	.long	564                             @ DW_AT_type
	.byte	2                               @ DW_AT_decl_file
	.short	1287                            @ DW_AT_decl_line
	.byte	244                             @ DW_AT_data_member_location
	.byte	5                               @ Abbrev [5] 0x96b:0xd DW_TAG_member
	.long	.Linfo_string182                @ DW_AT_name
	.long	569                             @ DW_AT_type
	.byte	2                               @ DW_AT_decl_file
	.short	1288                            @ DW_AT_decl_line
	.byte	248                             @ DW_AT_data_member_location
	.byte	5                               @ Abbrev [5] 0x978:0xd DW_TAG_member
	.long	.Linfo_string183                @ DW_AT_name
	.long	564                             @ DW_AT_type
	.byte	2                               @ DW_AT_decl_file
	.short	1289                            @ DW_AT_decl_line
	.byte	252                             @ DW_AT_data_member_location
	.byte	23                              @ Abbrev [23] 0x985:0xe DW_TAG_member
	.long	.Linfo_string184                @ DW_AT_name
	.long	564                             @ DW_AT_type
	.byte	2                               @ DW_AT_decl_file
	.short	1290                            @ DW_AT_decl_line
	.short	256                             @ DW_AT_data_member_location
	.byte	23                              @ Abbrev [23] 0x993:0xe DW_TAG_member
	.long	.Linfo_string185                @ DW_AT_name
	.long	564                             @ DW_AT_type
	.byte	2                               @ DW_AT_decl_file
	.short	1291                            @ DW_AT_decl_line
	.short	260                             @ DW_AT_data_member_location
	.byte	23                              @ Abbrev [23] 0x9a1:0xe DW_TAG_member
	.long	.Linfo_string186                @ DW_AT_name
	.long	564                             @ DW_AT_type
	.byte	2                               @ DW_AT_decl_file
	.short	1292                            @ DW_AT_decl_line
	.short	264                             @ DW_AT_data_member_location
	.byte	23                              @ Abbrev [23] 0x9af:0xe DW_TAG_member
	.long	.Linfo_string187                @ DW_AT_name
	.long	564                             @ DW_AT_type
	.byte	2                               @ DW_AT_decl_file
	.short	1293                            @ DW_AT_decl_line
	.short	268                             @ DW_AT_data_member_location
	.byte	23                              @ Abbrev [23] 0x9bd:0xe DW_TAG_member
	.long	.Linfo_string188                @ DW_AT_name
	.long	564                             @ DW_AT_type
	.byte	2                               @ DW_AT_decl_file
	.short	1294                            @ DW_AT_decl_line
	.short	272                             @ DW_AT_data_member_location
	.byte	23                              @ Abbrev [23] 0x9cb:0xe DW_TAG_member
	.long	.Linfo_string189                @ DW_AT_name
	.long	564                             @ DW_AT_type
	.byte	2                               @ DW_AT_decl_file
	.short	1295                            @ DW_AT_decl_line
	.short	276                             @ DW_AT_data_member_location
	.byte	23                              @ Abbrev [23] 0x9d9:0xe DW_TAG_member
	.long	.Linfo_string190                @ DW_AT_name
	.long	564                             @ DW_AT_type
	.byte	2                               @ DW_AT_decl_file
	.short	1296                            @ DW_AT_decl_line
	.short	280                             @ DW_AT_data_member_location
	.byte	23                              @ Abbrev [23] 0x9e7:0xe DW_TAG_member
	.long	.Linfo_string191                @ DW_AT_name
	.long	564                             @ DW_AT_type
	.byte	2                               @ DW_AT_decl_file
	.short	1297                            @ DW_AT_decl_line
	.short	284                             @ DW_AT_data_member_location
	.byte	23                              @ Abbrev [23] 0x9f5:0xe DW_TAG_member
	.long	.Linfo_string192                @ DW_AT_name
	.long	2576                            @ DW_AT_type
	.byte	2                               @ DW_AT_decl_file
	.short	1298                            @ DW_AT_decl_line
	.short	288                             @ DW_AT_data_member_location
	.byte	0                               @ End Of Children Mark
	.byte	14                              @ Abbrev [14] 0xa04:0xc DW_TAG_array_type
	.long	569                             @ DW_AT_type
	.byte	15                              @ Abbrev [15] 0xa09:0x6 DW_TAG_subrange_type
	.long	1458                            @ DW_AT_type
	.byte	9                               @ DW_AT_count
	.byte	0                               @ End Of Children Mark
	.byte	14                              @ Abbrev [14] 0xa10:0xc DW_TAG_array_type
	.long	569                             @ DW_AT_type
	.byte	15                              @ Abbrev [15] 0xa15:0x6 DW_TAG_subrange_type
	.long	1458                            @ DW_AT_type
	.byte	4                               @ DW_AT_count
	.byte	0                               @ End Of Children Mark
	.byte	8                               @ Abbrev [8] 0xa1c:0xb DW_TAG_typedef
	.long	2599                            @ DW_AT_type
	.long	.Linfo_string195                @ DW_AT_name
	.byte	1                               @ DW_AT_decl_file
	.byte	63                              @ DW_AT_decl_line
	.byte	9                               @ Abbrev [9] 0xa27:0x7 DW_TAG_base_type
	.long	.Linfo_string194                @ DW_AT_name
	.byte	7                               @ DW_AT_encoding
	.byte	2                               @ DW_AT_byte_size
	.byte	8                               @ Abbrev [8] 0xa2e:0xb DW_TAG_typedef
	.long	739                             @ DW_AT_type
	.long	.Linfo_string196                @ DW_AT_name
	.byte	1                               @ DW_AT_decl_file
	.byte	62                              @ DW_AT_decl_line
	.byte	6                               @ Abbrev [6] 0xa39:0x5 DW_TAG_pointer_type
	.long	2622                            @ DW_AT_type
	.byte	3                               @ Abbrev [3] 0xa3e:0xc DW_TAG_typedef
	.long	2634                            @ DW_AT_type
	.long	.Linfo_string206                @ DW_AT_name
	.byte	2                               @ DW_AT_decl_file
	.short	1076                            @ DW_AT_decl_line
	.byte	4                               @ Abbrev [4] 0xa4a:0x7b DW_TAG_structure_type
	.byte	40                              @ DW_AT_byte_size
	.byte	2                               @ DW_AT_decl_file
	.short	1065                            @ DW_AT_decl_line
	.byte	5                               @ Abbrev [5] 0xa4f:0xd DW_TAG_member
	.long	.Linfo_string197                @ DW_AT_name
	.long	564                             @ DW_AT_type
	.byte	2                               @ DW_AT_decl_file
	.short	1067                            @ DW_AT_decl_line
	.byte	0                               @ DW_AT_data_member_location
	.byte	5                               @ Abbrev [5] 0xa5c:0xd DW_TAG_member
	.long	.Linfo_string198                @ DW_AT_name
	.long	564                             @ DW_AT_type
	.byte	2                               @ DW_AT_decl_file
	.short	1068                            @ DW_AT_decl_line
	.byte	4                               @ DW_AT_data_member_location
	.byte	5                               @ Abbrev [5] 0xa69:0xd DW_TAG_member
	.long	.Linfo_string199                @ DW_AT_name
	.long	564                             @ DW_AT_type
	.byte	2                               @ DW_AT_decl_file
	.short	1069                            @ DW_AT_decl_line
	.byte	8                               @ DW_AT_data_member_location
	.byte	5                               @ Abbrev [5] 0xa76:0xd DW_TAG_member
	.long	.Linfo_string200                @ DW_AT_name
	.long	564                             @ DW_AT_type
	.byte	2                               @ DW_AT_decl_file
	.short	1070                            @ DW_AT_decl_line
	.byte	12                              @ DW_AT_data_member_location
	.byte	5                               @ Abbrev [5] 0xa83:0xd DW_TAG_member
	.long	.Linfo_string201                @ DW_AT_name
	.long	564                             @ DW_AT_type
	.byte	2                               @ DW_AT_decl_file
	.short	1071                            @ DW_AT_decl_line
	.byte	16                              @ DW_AT_data_member_location
	.byte	5                               @ Abbrev [5] 0xa90:0xd DW_TAG_member
	.long	.Linfo_string202                @ DW_AT_name
	.long	564                             @ DW_AT_type
	.byte	2                               @ DW_AT_decl_file
	.short	1072                            @ DW_AT_decl_line
	.byte	20                              @ DW_AT_data_member_location
	.byte	5                               @ Abbrev [5] 0xa9d:0xd DW_TAG_member
	.long	.Linfo_string203                @ DW_AT_name
	.long	564                             @ DW_AT_type
	.byte	2                               @ DW_AT_decl_file
	.short	1073                            @ DW_AT_decl_line
	.byte	24                              @ DW_AT_data_member_location
	.byte	5                               @ Abbrev [5] 0xaaa:0xd DW_TAG_member
	.long	.Linfo_string204                @ DW_AT_name
	.long	564                             @ DW_AT_type
	.byte	2                               @ DW_AT_decl_file
	.short	1074                            @ DW_AT_decl_line
	.byte	28                              @ DW_AT_data_member_location
	.byte	5                               @ Abbrev [5] 0xab7:0xd DW_TAG_member
	.long	.Linfo_string205                @ DW_AT_name
	.long	2757                            @ DW_AT_type
	.byte	2                               @ DW_AT_decl_file
	.short	1075                            @ DW_AT_decl_line
	.byte	32                              @ DW_AT_data_member_location
	.byte	0                               @ End Of Children Mark
	.byte	14                              @ Abbrev [14] 0xac5:0xc DW_TAG_array_type
	.long	564                             @ DW_AT_type
	.byte	15                              @ Abbrev [15] 0xaca:0x6 DW_TAG_subrange_type
	.long	1458                            @ DW_AT_type
	.byte	2                               @ DW_AT_count
	.byte	0                               @ End Of Children Mark
	.byte	24                              @ Abbrev [24] 0xad1:0x2e DW_TAG_subprogram
	.long	.Lfunc_begin0                   @ DW_AT_low_pc
	.long	.Lfunc_end0-.Lfunc_begin0       @ DW_AT_high_pc
	.byte	1                               @ DW_AT_frame_base
	.byte	93
	.long	.Linfo_string207                @ DW_AT_name
	.byte	6                               @ DW_AT_decl_file
	.byte	31                              @ DW_AT_decl_line
                                        @ DW_AT_prototyped
                                        @ DW_AT_external
	.byte	25                              @ Abbrev [25] 0xae2:0xe DW_TAG_variable
	.byte	2                               @ DW_AT_location
	.byte	145
	.byte	36
	.long	.Linfo_string212                @ DW_AT_name
	.byte	6                               @ DW_AT_decl_file
	.byte	38                              @ DW_AT_decl_line
	.long	3067                            @ DW_AT_type
	.byte	25                              @ Abbrev [25] 0xaf0:0xe DW_TAG_variable
	.byte	2                               @ DW_AT_location
	.byte	145
	.byte	8
	.long	.Linfo_string217                @ DW_AT_name
	.byte	6                               @ DW_AT_decl_file
	.byte	39                              @ DW_AT_decl_line
	.long	3119                            @ DW_AT_type
	.byte	0                               @ End Of Children Mark
	.byte	24                              @ Abbrev [24] 0xaff:0x5e DW_TAG_subprogram
	.long	.Lfunc_begin1                   @ DW_AT_low_pc
	.long	.Lfunc_end1-.Lfunc_begin1       @ DW_AT_high_pc
	.byte	1                               @ DW_AT_frame_base
	.byte	93
	.long	.Linfo_string208                @ DW_AT_name
	.byte	6                               @ DW_AT_decl_file
	.byte	145                             @ DW_AT_decl_line
                                        @ DW_AT_prototyped
                                        @ DW_AT_external
	.byte	26                              @ Abbrev [26] 0xb10:0xe DW_TAG_formal_parameter
	.byte	2                               @ DW_AT_location
	.byte	145
	.byte	28
	.long	.Linfo_string226                @ DW_AT_name
	.byte	6                               @ DW_AT_decl_file
	.byte	145                             @ DW_AT_decl_line
	.long	3219                            @ DW_AT_type
	.byte	25                              @ Abbrev [25] 0xb1e:0xe DW_TAG_variable
	.byte	2                               @ DW_AT_location
	.byte	145
	.byte	8
	.long	.Linfo_string227                @ DW_AT_name
	.byte	6                               @ DW_AT_decl_file
	.byte	148                             @ DW_AT_decl_line
	.long	3224                            @ DW_AT_type
	.byte	27                              @ Abbrev [27] 0xb2c:0x18 DW_TAG_lexical_block
	.long	.Ltmp18                         @ DW_AT_low_pc
	.long	.Ltmp19-.Ltmp18                 @ DW_AT_high_pc
	.byte	25                              @ Abbrev [25] 0xb35:0xe DW_TAG_variable
	.byte	2                               @ DW_AT_location
	.byte	145
	.byte	4
	.long	.Linfo_string233                @ DW_AT_name
	.byte	6                               @ DW_AT_decl_file
	.byte	154                             @ DW_AT_decl_line
	.long	564                             @ DW_AT_type
	.byte	0                               @ End Of Children Mark
	.byte	27                              @ Abbrev [27] 0xb44:0x18 DW_TAG_lexical_block
	.long	.Ltmp23                         @ DW_AT_low_pc
	.long	.Ltmp24-.Ltmp23                 @ DW_AT_high_pc
	.byte	25                              @ Abbrev [25] 0xb4d:0xe DW_TAG_variable
	.byte	2                               @ DW_AT_location
	.byte	145
	.byte	0
	.long	.Linfo_string233                @ DW_AT_name
	.byte	6                               @ DW_AT_decl_file
	.byte	175                             @ DW_AT_decl_line
	.long	564                             @ DW_AT_type
	.byte	0                               @ End Of Children Mark
	.byte	0                               @ End Of Children Mark
	.byte	24                              @ Abbrev [24] 0xb5d:0x2e DW_TAG_subprogram
	.long	.Lfunc_begin2                   @ DW_AT_low_pc
	.long	.Lfunc_end2-.Lfunc_begin2       @ DW_AT_high_pc
	.byte	1                               @ DW_AT_frame_base
	.byte	93
	.long	.Linfo_string209                @ DW_AT_name
	.byte	6                               @ DW_AT_decl_file
	.byte	75                              @ DW_AT_decl_line
                                        @ DW_AT_prototyped
                                        @ DW_AT_external
	.byte	25                              @ Abbrev [25] 0xb6e:0xe DW_TAG_variable
	.byte	2                               @ DW_AT_location
	.byte	145
	.byte	36
	.long	.Linfo_string212                @ DW_AT_name
	.byte	6                               @ DW_AT_decl_file
	.byte	82                              @ DW_AT_decl_line
	.long	3067                            @ DW_AT_type
	.byte	25                              @ Abbrev [25] 0xb7c:0xe DW_TAG_variable
	.byte	2                               @ DW_AT_location
	.byte	145
	.byte	8
	.long	.Linfo_string217                @ DW_AT_name
	.byte	6                               @ DW_AT_decl_file
	.byte	83                              @ DW_AT_decl_line
	.long	3119                            @ DW_AT_type
	.byte	0                               @ End Of Children Mark
	.byte	24                              @ Abbrev [24] 0xb8b:0x50 DW_TAG_subprogram
	.long	.Lfunc_begin3                   @ DW_AT_low_pc
	.long	.Lfunc_end3-.Lfunc_begin3       @ DW_AT_high_pc
	.byte	1                               @ DW_AT_frame_base
	.byte	93
	.long	.Linfo_string210                @ DW_AT_name
	.byte	6                               @ DW_AT_decl_file
	.byte	119                             @ DW_AT_decl_line
                                        @ DW_AT_prototyped
                                        @ DW_AT_external
	.byte	26                              @ Abbrev [26] 0xb9c:0xe DW_TAG_formal_parameter
	.byte	2                               @ DW_AT_location
	.byte	145
	.byte	8
	.long	.Linfo_string234                @ DW_AT_name
	.byte	6                               @ DW_AT_decl_file
	.byte	119                             @ DW_AT_decl_line
	.long	3219                            @ DW_AT_type
	.byte	27                              @ Abbrev [27] 0xbaa:0x18 DW_TAG_lexical_block
	.long	.Ltmp44                         @ DW_AT_low_pc
	.long	.Ltmp45-.Ltmp44                 @ DW_AT_high_pc
	.byte	25                              @ Abbrev [25] 0xbb3:0xe DW_TAG_variable
	.byte	2                               @ DW_AT_location
	.byte	145
	.byte	4
	.long	.Linfo_string233                @ DW_AT_name
	.byte	6                               @ DW_AT_decl_file
	.byte	128                             @ DW_AT_decl_line
	.long	564                             @ DW_AT_type
	.byte	0                               @ End Of Children Mark
	.byte	27                              @ Abbrev [27] 0xbc2:0x18 DW_TAG_lexical_block
	.long	.Ltmp49                         @ DW_AT_low_pc
	.long	.Ltmp50-.Ltmp49                 @ DW_AT_high_pc
	.byte	25                              @ Abbrev [25] 0xbcb:0xe DW_TAG_variable
	.byte	2                               @ DW_AT_location
	.byte	145
	.byte	0
	.long	.Linfo_string233                @ DW_AT_name
	.byte	6                               @ DW_AT_decl_file
	.byte	139                             @ DW_AT_decl_line
	.long	564                             @ DW_AT_type
	.byte	0                               @ End Of Children Mark
	.byte	0                               @ End Of Children Mark
	.byte	24                              @ Abbrev [24] 0xbdb:0x20 DW_TAG_subprogram
	.long	.Lfunc_begin4                   @ DW_AT_low_pc
	.long	.Lfunc_end4-.Lfunc_begin4       @ DW_AT_high_pc
	.byte	1                               @ DW_AT_frame_base
	.byte	93
	.long	.Linfo_string211                @ DW_AT_name
	.byte	6                               @ DW_AT_decl_file
	.byte	193                             @ DW_AT_decl_line
                                        @ DW_AT_prototyped
                                        @ DW_AT_external
	.byte	26                              @ Abbrev [26] 0xbec:0xe DW_TAG_formal_parameter
	.byte	2                               @ DW_AT_location
	.byte	145
	.byte	0
	.long	.Linfo_string234                @ DW_AT_name
	.byte	6                               @ DW_AT_decl_file
	.byte	193                             @ DW_AT_decl_line
	.long	3219                            @ DW_AT_type
	.byte	0                               @ End Of Children Mark
	.byte	8                               @ Abbrev [8] 0xbfb:0xb DW_TAG_typedef
	.long	3078                            @ DW_AT_type
	.long	.Linfo_string216                @ DW_AT_name
	.byte	3                               @ DW_AT_decl_file
	.byte	246                             @ DW_AT_decl_line
	.byte	10                              @ Abbrev [10] 0xc06:0x29 DW_TAG_structure_type
	.byte	12                              @ DW_AT_byte_size
	.byte	3                               @ DW_AT_decl_file
	.byte	233                             @ DW_AT_decl_line
	.byte	11                              @ Abbrev [11] 0xc0a:0xc DW_TAG_member
	.long	.Linfo_string213                @ DW_AT_name
	.long	569                             @ DW_AT_type
	.byte	3                               @ DW_AT_decl_file
	.byte	235                             @ DW_AT_decl_line
	.byte	0                               @ DW_AT_data_member_location
	.byte	11                              @ Abbrev [11] 0xc16:0xc DW_TAG_member
	.long	.Linfo_string214                @ DW_AT_name
	.long	569                             @ DW_AT_type
	.byte	3                               @ DW_AT_decl_file
	.byte	237                             @ DW_AT_decl_line
	.byte	4                               @ DW_AT_data_member_location
	.byte	11                              @ Abbrev [11] 0xc22:0xc DW_TAG_member
	.long	.Linfo_string215                @ DW_AT_name
	.long	569                             @ DW_AT_type
	.byte	3                               @ DW_AT_decl_file
	.byte	239                             @ DW_AT_decl_line
	.byte	8                               @ DW_AT_data_member_location
	.byte	0                               @ End Of Children Mark
	.byte	8                               @ Abbrev [8] 0xc2f:0xb DW_TAG_typedef
	.long	3130                            @ DW_AT_type
	.long	.Linfo_string225                @ DW_AT_name
	.byte	3                               @ DW_AT_decl_file
	.byte	106                             @ DW_AT_decl_line
	.byte	10                              @ Abbrev [10] 0xc3a:0x59 DW_TAG_structure_type
	.byte	28                              @ DW_AT_byte_size
	.byte	3                               @ DW_AT_decl_file
	.byte	79                              @ DW_AT_decl_line
	.byte	11                              @ Abbrev [11] 0xc3e:0xc DW_TAG_member
	.long	.Linfo_string218                @ DW_AT_name
	.long	569                             @ DW_AT_type
	.byte	3                               @ DW_AT_decl_file
	.byte	81                              @ DW_AT_decl_line
	.byte	0                               @ DW_AT_data_member_location
	.byte	11                              @ Abbrev [11] 0xc4a:0xc DW_TAG_member
	.long	.Linfo_string219                @ DW_AT_name
	.long	569                             @ DW_AT_type
	.byte	3                               @ DW_AT_decl_file
	.byte	84                              @ DW_AT_decl_line
	.byte	4                               @ DW_AT_data_member_location
	.byte	11                              @ Abbrev [11] 0xc56:0xc DW_TAG_member
	.long	.Linfo_string220                @ DW_AT_name
	.long	569                             @ DW_AT_type
	.byte	3                               @ DW_AT_decl_file
	.byte	87                              @ DW_AT_decl_line
	.byte	8                               @ DW_AT_data_member_location
	.byte	11                              @ Abbrev [11] 0xc62:0xc DW_TAG_member
	.long	.Linfo_string221                @ DW_AT_name
	.long	569                             @ DW_AT_type
	.byte	3                               @ DW_AT_decl_file
	.byte	90                              @ DW_AT_decl_line
	.byte	12                              @ DW_AT_data_member_location
	.byte	11                              @ Abbrev [11] 0xc6e:0xc DW_TAG_member
	.long	.Linfo_string222                @ DW_AT_name
	.long	569                             @ DW_AT_type
	.byte	3                               @ DW_AT_decl_file
	.byte	94                              @ DW_AT_decl_line
	.byte	16                              @ DW_AT_data_member_location
	.byte	11                              @ Abbrev [11] 0xc7a:0xc DW_TAG_member
	.long	.Linfo_string223                @ DW_AT_name
	.long	569                             @ DW_AT_type
	.byte	3                               @ DW_AT_decl_file
	.byte	99                              @ DW_AT_decl_line
	.byte	20                              @ DW_AT_data_member_location
	.byte	11                              @ Abbrev [11] 0xc86:0xc DW_TAG_member
	.long	.Linfo_string224                @ DW_AT_name
	.long	569                             @ DW_AT_type
	.byte	3                               @ DW_AT_decl_file
	.byte	103                             @ DW_AT_decl_line
	.byte	24                              @ DW_AT_data_member_location
	.byte	0                               @ End Of Children Mark
	.byte	6                               @ Abbrev [6] 0xc93:0x5 DW_TAG_pointer_type
	.long	55                              @ DW_AT_type
	.byte	8                               @ Abbrev [8] 0xc98:0xb DW_TAG_typedef
	.long	3235                            @ DW_AT_type
	.long	.Linfo_string232                @ DW_AT_name
	.byte	7                               @ DW_AT_decl_file
	.byte	62                              @ DW_AT_decl_line
	.byte	10                              @ Abbrev [10] 0xca3:0x41 DW_TAG_structure_type
	.byte	20                              @ DW_AT_byte_size
	.byte	7                               @ DW_AT_decl_file
	.byte	46                              @ DW_AT_decl_line
	.byte	11                              @ Abbrev [11] 0xca7:0xc DW_TAG_member
	.long	.Linfo_string228                @ DW_AT_name
	.long	569                             @ DW_AT_type
	.byte	7                               @ DW_AT_decl_file
	.byte	48                              @ DW_AT_decl_line
	.byte	0                               @ DW_AT_data_member_location
	.byte	11                              @ Abbrev [11] 0xcb3:0xc DW_TAG_member
	.long	.Linfo_string60                 @ DW_AT_name
	.long	569                             @ DW_AT_type
	.byte	7                               @ DW_AT_decl_file
	.byte	51                              @ DW_AT_decl_line
	.byte	4                               @ DW_AT_data_member_location
	.byte	11                              @ Abbrev [11] 0xcbf:0xc DW_TAG_member
	.long	.Linfo_string229                @ DW_AT_name
	.long	569                             @ DW_AT_type
	.byte	7                               @ DW_AT_decl_file
	.byte	54                              @ DW_AT_decl_line
	.byte	8                               @ DW_AT_data_member_location
	.byte	11                              @ Abbrev [11] 0xccb:0xc DW_TAG_member
	.long	.Linfo_string230                @ DW_AT_name
	.long	569                             @ DW_AT_type
	.byte	7                               @ DW_AT_decl_file
	.byte	57                              @ DW_AT_decl_line
	.byte	12                              @ DW_AT_data_member_location
	.byte	11                              @ Abbrev [11] 0xcd7:0xc DW_TAG_member
	.long	.Linfo_string231                @ DW_AT_name
	.long	569                             @ DW_AT_type
	.byte	7                               @ DW_AT_decl_file
	.byte	60                              @ DW_AT_decl_line
	.byte	16                              @ DW_AT_data_member_location
	.byte	0                               @ End Of Children Mark
	.byte	0                               @ End Of Children Mark
.Ldebug_info_end0:
	.section	.debug_ranges,"",%progbits
.Ldebug_ranges0:
	.long	.Lfunc_begin0
	.long	.Lfunc_end0
	.long	.Lfunc_begin1
	.long	.Lfunc_end1
	.long	.Lfunc_begin2
	.long	.Lfunc_end2
	.long	.Lfunc_begin3
	.long	.Lfunc_end3
	.long	.Lfunc_begin4
	.long	.Lfunc_end4
	.long	0
	.long	0
	.section	.debug_str,"MS",%progbits,1
.Linfo_string0:
	.asciz	"Component: Arm Compiler for Embedded 6.24 Tool: armclang [5f371800]" @ string offset=0
.Linfo_string1:
	.asciz	"../Core/Src\\tim.c"            @ string offset=68
.Linfo_string2:
	.asciz	"D:\\stm32_project\\daily_work\\new_bubing\\cod_update_2.0\\COD_H7_Template\\MDK-ARM" @ string offset=86
.Linfo_string3:
	.asciz	"htim3"                         @ string offset=164
.Linfo_string4:
	.asciz	"Instance"                      @ string offset=170
.Linfo_string5:
	.asciz	"CR1"                           @ string offset=179
.Linfo_string6:
	.asciz	"unsigned int"                  @ string offset=183
.Linfo_string7:
	.asciz	"uint32_t"                      @ string offset=196
.Linfo_string8:
	.asciz	"CR2"                           @ string offset=205
.Linfo_string9:
	.asciz	"SMCR"                          @ string offset=209
.Linfo_string10:
	.asciz	"DIER"                          @ string offset=214
.Linfo_string11:
	.asciz	"SR"                            @ string offset=219
.Linfo_string12:
	.asciz	"EGR"                           @ string offset=222
.Linfo_string13:
	.asciz	"CCMR1"                         @ string offset=226
.Linfo_string14:
	.asciz	"CCMR2"                         @ string offset=232
.Linfo_string15:
	.asciz	"CCER"                          @ string offset=238
.Linfo_string16:
	.asciz	"CNT"                           @ string offset=243
.Linfo_string17:
	.asciz	"PSC"                           @ string offset=247
.Linfo_string18:
	.asciz	"ARR"                           @ string offset=251
.Linfo_string19:
	.asciz	"RCR"                           @ string offset=255
.Linfo_string20:
	.asciz	"CCR1"                          @ string offset=259
.Linfo_string21:
	.asciz	"CCR2"                          @ string offset=264
.Linfo_string22:
	.asciz	"CCR3"                          @ string offset=269
.Linfo_string23:
	.asciz	"CCR4"                          @ string offset=274
.Linfo_string24:
	.asciz	"BDTR"                          @ string offset=279
.Linfo_string25:
	.asciz	"DCR"                           @ string offset=284
.Linfo_string26:
	.asciz	"DMAR"                          @ string offset=288
.Linfo_string27:
	.asciz	"RESERVED1"                     @ string offset=293
.Linfo_string28:
	.asciz	"CCMR3"                         @ string offset=303
.Linfo_string29:
	.asciz	"CCR5"                          @ string offset=309
.Linfo_string30:
	.asciz	"CCR6"                          @ string offset=314
.Linfo_string31:
	.asciz	"AF1"                           @ string offset=319
.Linfo_string32:
	.asciz	"AF2"                           @ string offset=323
.Linfo_string33:
	.asciz	"TISEL"                         @ string offset=327
.Linfo_string34:
	.asciz	"TIM_TypeDef"                   @ string offset=333
.Linfo_string35:
	.asciz	"Init"                          @ string offset=345
.Linfo_string36:
	.asciz	"Prescaler"                     @ string offset=350
.Linfo_string37:
	.asciz	"CounterMode"                   @ string offset=360
.Linfo_string38:
	.asciz	"Period"                        @ string offset=372
.Linfo_string39:
	.asciz	"ClockDivision"                 @ string offset=379
.Linfo_string40:
	.asciz	"RepetitionCounter"             @ string offset=393
.Linfo_string41:
	.asciz	"AutoReloadPreload"             @ string offset=411
.Linfo_string42:
	.asciz	"TIM_Base_InitTypeDef"          @ string offset=429
.Linfo_string43:
	.asciz	"Channel"                       @ string offset=450
.Linfo_string44:
	.asciz	"unsigned char"                 @ string offset=458
.Linfo_string45:
	.asciz	"HAL_TIM_ACTIVE_CHANNEL_1"      @ string offset=472
.Linfo_string46:
	.asciz	"HAL_TIM_ACTIVE_CHANNEL_2"      @ string offset=497
.Linfo_string47:
	.asciz	"HAL_TIM_ACTIVE_CHANNEL_3"      @ string offset=522
.Linfo_string48:
	.asciz	"HAL_TIM_ACTIVE_CHANNEL_4"      @ string offset=547
.Linfo_string49:
	.asciz	"HAL_TIM_ACTIVE_CHANNEL_5"      @ string offset=572
.Linfo_string50:
	.asciz	"HAL_TIM_ACTIVE_CHANNEL_6"      @ string offset=597
.Linfo_string51:
	.asciz	"HAL_TIM_ACTIVE_CHANNEL_CLEARED" @ string offset=622
.Linfo_string52:
	.asciz	"HAL_TIM_ActiveChannel"         @ string offset=653
.Linfo_string53:
	.asciz	"hdma"                          @ string offset=675
.Linfo_string54:
	.asciz	"Request"                       @ string offset=680
.Linfo_string55:
	.asciz	"Direction"                     @ string offset=688
.Linfo_string56:
	.asciz	"PeriphInc"                     @ string offset=698
.Linfo_string57:
	.asciz	"MemInc"                        @ string offset=708
.Linfo_string58:
	.asciz	"PeriphDataAlignment"           @ string offset=715
.Linfo_string59:
	.asciz	"MemDataAlignment"              @ string offset=735
.Linfo_string60:
	.asciz	"Mode"                          @ string offset=752
.Linfo_string61:
	.asciz	"Priority"                      @ string offset=757
.Linfo_string62:
	.asciz	"FIFOMode"                      @ string offset=766
.Linfo_string63:
	.asciz	"FIFOThreshold"                 @ string offset=775
.Linfo_string64:
	.asciz	"MemBurst"                      @ string offset=789
.Linfo_string65:
	.asciz	"PeriphBurst"                   @ string offset=798
.Linfo_string66:
	.asciz	"DMA_InitTypeDef"               @ string offset=810
.Linfo_string67:
	.asciz	"Lock"                          @ string offset=826
.Linfo_string68:
	.asciz	"HAL_UNLOCKED"                  @ string offset=831
.Linfo_string69:
	.asciz	"HAL_LOCKED"                    @ string offset=844
.Linfo_string70:
	.asciz	"HAL_LockTypeDef"               @ string offset=855
.Linfo_string71:
	.asciz	"State"                         @ string offset=871
.Linfo_string72:
	.asciz	"HAL_DMA_STATE_RESET"           @ string offset=877
.Linfo_string73:
	.asciz	"HAL_DMA_STATE_READY"           @ string offset=897
.Linfo_string74:
	.asciz	"HAL_DMA_STATE_BUSY"            @ string offset=917
.Linfo_string75:
	.asciz	"HAL_DMA_STATE_ERROR"           @ string offset=936
.Linfo_string76:
	.asciz	"HAL_DMA_STATE_ABORT"           @ string offset=956
.Linfo_string77:
	.asciz	"HAL_DMA_StateTypeDef"          @ string offset=976
.Linfo_string78:
	.asciz	"Parent"                        @ string offset=997
.Linfo_string79:
	.asciz	"XferCpltCallback"              @ string offset=1004
.Linfo_string80:
	.asciz	"XferHalfCpltCallback"          @ string offset=1021
.Linfo_string81:
	.asciz	"XferM1CpltCallback"            @ string offset=1042
.Linfo_string82:
	.asciz	"XferM1HalfCpltCallback"        @ string offset=1061
.Linfo_string83:
	.asciz	"XferErrorCallback"             @ string offset=1084
.Linfo_string84:
	.asciz	"XferAbortCallback"             @ string offset=1102
.Linfo_string85:
	.asciz	"ErrorCode"                     @ string offset=1120
.Linfo_string86:
	.asciz	"StreamBaseAddress"             @ string offset=1130
.Linfo_string87:
	.asciz	"StreamIndex"                   @ string offset=1148
.Linfo_string88:
	.asciz	"DMAmuxChannel"                 @ string offset=1160
.Linfo_string89:
	.asciz	"CCR"                           @ string offset=1174
.Linfo_string90:
	.asciz	"DMAMUX_Channel_TypeDef"        @ string offset=1178
.Linfo_string91:
	.asciz	"DMAmuxChannelStatus"           @ string offset=1201
.Linfo_string92:
	.asciz	"CSR"                           @ string offset=1221
.Linfo_string93:
	.asciz	"CFR"                           @ string offset=1225
.Linfo_string94:
	.asciz	"DMAMUX_ChannelStatus_TypeDef"  @ string offset=1229
.Linfo_string95:
	.asciz	"DMAmuxChannelStatusMask"       @ string offset=1258
.Linfo_string96:
	.asciz	"DMAmuxRequestGen"              @ string offset=1282
.Linfo_string97:
	.asciz	"RGCR"                          @ string offset=1299
.Linfo_string98:
	.asciz	"DMAMUX_RequestGen_TypeDef"     @ string offset=1304
.Linfo_string99:
	.asciz	"DMAmuxRequestGenStatus"        @ string offset=1330
.Linfo_string100:
	.asciz	"RGSR"                          @ string offset=1353
.Linfo_string101:
	.asciz	"RGCFR"                         @ string offset=1358
.Linfo_string102:
	.asciz	"DMAMUX_RequestGenStatus_TypeDef" @ string offset=1364
.Linfo_string103:
	.asciz	"DMAmuxRequestGenStatusMask"    @ string offset=1396
.Linfo_string104:
	.asciz	"__DMA_HandleTypeDef"           @ string offset=1423
.Linfo_string105:
	.asciz	"DMA_HandleTypeDef"             @ string offset=1443
.Linfo_string106:
	.asciz	"__ARRAY_SIZE_TYPE__"           @ string offset=1461
.Linfo_string107:
	.asciz	"HAL_TIM_STATE_RESET"           @ string offset=1481
.Linfo_string108:
	.asciz	"HAL_TIM_STATE_READY"           @ string offset=1501
.Linfo_string109:
	.asciz	"HAL_TIM_STATE_BUSY"            @ string offset=1521
.Linfo_string110:
	.asciz	"HAL_TIM_STATE_TIMEOUT"         @ string offset=1540
.Linfo_string111:
	.asciz	"HAL_TIM_STATE_ERROR"           @ string offset=1562
.Linfo_string112:
	.asciz	"HAL_TIM_StateTypeDef"          @ string offset=1582
.Linfo_string113:
	.asciz	"ChannelState"                  @ string offset=1603
.Linfo_string114:
	.asciz	"HAL_TIM_CHANNEL_STATE_RESET"   @ string offset=1616
.Linfo_string115:
	.asciz	"HAL_TIM_CHANNEL_STATE_READY"   @ string offset=1644
.Linfo_string116:
	.asciz	"HAL_TIM_CHANNEL_STATE_BUSY"    @ string offset=1672
.Linfo_string117:
	.asciz	"HAL_TIM_ChannelStateTypeDef"   @ string offset=1699
.Linfo_string118:
	.asciz	"ChannelNState"                 @ string offset=1727
.Linfo_string119:
	.asciz	"DMABurstState"                 @ string offset=1741
.Linfo_string120:
	.asciz	"HAL_DMA_BURST_STATE_RESET"     @ string offset=1755
.Linfo_string121:
	.asciz	"HAL_DMA_BURST_STATE_READY"     @ string offset=1781
.Linfo_string122:
	.asciz	"HAL_DMA_BURST_STATE_BUSY"      @ string offset=1807
.Linfo_string123:
	.asciz	"HAL_TIM_DMABurstStateTypeDef"  @ string offset=1832
.Linfo_string124:
	.asciz	"TIM_HandleTypeDef"             @ string offset=1861
.Linfo_string125:
	.asciz	"htim12"                        @ string offset=1879
.Linfo_string126:
	.asciz	"HAL_OK"                        @ string offset=1886
.Linfo_string127:
	.asciz	"HAL_ERROR"                     @ string offset=1893
.Linfo_string128:
	.asciz	"HAL_BUSY"                      @ string offset=1903
.Linfo_string129:
	.asciz	"HAL_TIMEOUT"                   @ string offset=1912
.Linfo_string130:
	.asciz	"CR"                            @ string offset=1924
.Linfo_string131:
	.asciz	"HSICFGR"                       @ string offset=1927
.Linfo_string132:
	.asciz	"CRRCR"                         @ string offset=1935
.Linfo_string133:
	.asciz	"CSICFGR"                       @ string offset=1941
.Linfo_string134:
	.asciz	"CFGR"                          @ string offset=1949
.Linfo_string135:
	.asciz	"D1CFGR"                        @ string offset=1954
.Linfo_string136:
	.asciz	"D2CFGR"                        @ string offset=1961
.Linfo_string137:
	.asciz	"D3CFGR"                        @ string offset=1968
.Linfo_string138:
	.asciz	"RESERVED2"                     @ string offset=1975
.Linfo_string139:
	.asciz	"PLLCKSELR"                     @ string offset=1985
.Linfo_string140:
	.asciz	"PLLCFGR"                       @ string offset=1995
.Linfo_string141:
	.asciz	"PLL1DIVR"                      @ string offset=2003
.Linfo_string142:
	.asciz	"PLL1FRACR"                     @ string offset=2012
.Linfo_string143:
	.asciz	"PLL2DIVR"                      @ string offset=2022
.Linfo_string144:
	.asciz	"PLL2FRACR"                     @ string offset=2031
.Linfo_string145:
	.asciz	"PLL3DIVR"                      @ string offset=2041
.Linfo_string146:
	.asciz	"PLL3FRACR"                     @ string offset=2050
.Linfo_string147:
	.asciz	"RESERVED3"                     @ string offset=2060
.Linfo_string148:
	.asciz	"D1CCIPR"                       @ string offset=2070
.Linfo_string149:
	.asciz	"D2CCIP1R"                      @ string offset=2078
.Linfo_string150:
	.asciz	"D2CCIP2R"                      @ string offset=2087
.Linfo_string151:
	.asciz	"D3CCIPR"                       @ string offset=2096
.Linfo_string152:
	.asciz	"RESERVED4"                     @ string offset=2104
.Linfo_string153:
	.asciz	"CIER"                          @ string offset=2114
.Linfo_string154:
	.asciz	"CIFR"                          @ string offset=2119
.Linfo_string155:
	.asciz	"CICR"                          @ string offset=2124
.Linfo_string156:
	.asciz	"RESERVED5"                     @ string offset=2129
.Linfo_string157:
	.asciz	"BDCR"                          @ string offset=2139
.Linfo_string158:
	.asciz	"RESERVED6"                     @ string offset=2144
.Linfo_string159:
	.asciz	"AHB3RSTR"                      @ string offset=2154
.Linfo_string160:
	.asciz	"AHB1RSTR"                      @ string offset=2163
.Linfo_string161:
	.asciz	"AHB2RSTR"                      @ string offset=2172
.Linfo_string162:
	.asciz	"AHB4RSTR"                      @ string offset=2181
.Linfo_string163:
	.asciz	"APB3RSTR"                      @ string offset=2190
.Linfo_string164:
	.asciz	"APB1LRSTR"                     @ string offset=2199
.Linfo_string165:
	.asciz	"APB1HRSTR"                     @ string offset=2209
.Linfo_string166:
	.asciz	"APB2RSTR"                      @ string offset=2219
.Linfo_string167:
	.asciz	"APB4RSTR"                      @ string offset=2228
.Linfo_string168:
	.asciz	"GCR"                           @ string offset=2237
.Linfo_string169:
	.asciz	"RESERVED8"                     @ string offset=2241
.Linfo_string170:
	.asciz	"D3AMR"                         @ string offset=2251
.Linfo_string171:
	.asciz	"RESERVED11"                    @ string offset=2257
.Linfo_string172:
	.asciz	"RSR"                           @ string offset=2268
.Linfo_string173:
	.asciz	"AHB3ENR"                       @ string offset=2272
.Linfo_string174:
	.asciz	"AHB1ENR"                       @ string offset=2280
.Linfo_string175:
	.asciz	"AHB2ENR"                       @ string offset=2288
.Linfo_string176:
	.asciz	"AHB4ENR"                       @ string offset=2296
.Linfo_string177:
	.asciz	"APB3ENR"                       @ string offset=2304
.Linfo_string178:
	.asciz	"APB1LENR"                      @ string offset=2312
.Linfo_string179:
	.asciz	"APB1HENR"                      @ string offset=2321
.Linfo_string180:
	.asciz	"APB2ENR"                       @ string offset=2330
.Linfo_string181:
	.asciz	"APB4ENR"                       @ string offset=2338
.Linfo_string182:
	.asciz	"RESERVED12"                    @ string offset=2346
.Linfo_string183:
	.asciz	"AHB3LPENR"                     @ string offset=2357
.Linfo_string184:
	.asciz	"AHB1LPENR"                     @ string offset=2367
.Linfo_string185:
	.asciz	"AHB2LPENR"                     @ string offset=2377
.Linfo_string186:
	.asciz	"AHB4LPENR"                     @ string offset=2387
.Linfo_string187:
	.asciz	"APB3LPENR"                     @ string offset=2397
.Linfo_string188:
	.asciz	"APB1LLPENR"                    @ string offset=2407
.Linfo_string189:
	.asciz	"APB1HLPENR"                    @ string offset=2418
.Linfo_string190:
	.asciz	"APB2LPENR"                     @ string offset=2429
.Linfo_string191:
	.asciz	"APB4LPENR"                     @ string offset=2439
.Linfo_string192:
	.asciz	"RESERVED13"                    @ string offset=2449
.Linfo_string193:
	.asciz	"RCC_TypeDef"                   @ string offset=2460
.Linfo_string194:
	.asciz	"unsigned short"                @ string offset=2472
.Linfo_string195:
	.asciz	"uint16_t"                      @ string offset=2487
.Linfo_string196:
	.asciz	"uint8_t"                       @ string offset=2496
.Linfo_string197:
	.asciz	"MODER"                         @ string offset=2504
.Linfo_string198:
	.asciz	"OTYPER"                        @ string offset=2510
.Linfo_string199:
	.asciz	"OSPEEDR"                       @ string offset=2517
.Linfo_string200:
	.asciz	"PUPDR"                         @ string offset=2525
.Linfo_string201:
	.asciz	"IDR"                           @ string offset=2531
.Linfo_string202:
	.asciz	"ODR"                           @ string offset=2535
.Linfo_string203:
	.asciz	"BSRR"                          @ string offset=2539
.Linfo_string204:
	.asciz	"LCKR"                          @ string offset=2544
.Linfo_string205:
	.asciz	"AFR"                           @ string offset=2549
.Linfo_string206:
	.asciz	"GPIO_TypeDef"                  @ string offset=2553
.Linfo_string207:
	.asciz	"MX_TIM3_Init"                  @ string offset=2566
.Linfo_string208:
	.asciz	"HAL_TIM_MspPostInit"           @ string offset=2579
.Linfo_string209:
	.asciz	"MX_TIM12_Init"                 @ string offset=2599
.Linfo_string210:
	.asciz	"HAL_TIM_PWM_MspInit"           @ string offset=2613
.Linfo_string211:
	.asciz	"HAL_TIM_PWM_MspDeInit"         @ string offset=2633
.Linfo_string212:
	.asciz	"sMasterConfig"                 @ string offset=2655
.Linfo_string213:
	.asciz	"MasterOutputTrigger"           @ string offset=2669
.Linfo_string214:
	.asciz	"MasterOutputTrigger2"          @ string offset=2689
.Linfo_string215:
	.asciz	"MasterSlaveMode"               @ string offset=2710
.Linfo_string216:
	.asciz	"TIM_MasterConfigTypeDef"       @ string offset=2726
.Linfo_string217:
	.asciz	"sConfigOC"                     @ string offset=2750
.Linfo_string218:
	.asciz	"OCMode"                        @ string offset=2760
.Linfo_string219:
	.asciz	"Pulse"                         @ string offset=2767
.Linfo_string220:
	.asciz	"OCPolarity"                    @ string offset=2773
.Linfo_string221:
	.asciz	"OCNPolarity"                   @ string offset=2784
.Linfo_string222:
	.asciz	"OCFastMode"                    @ string offset=2796
.Linfo_string223:
	.asciz	"OCIdleState"                   @ string offset=2807
.Linfo_string224:
	.asciz	"OCNIdleState"                  @ string offset=2819
.Linfo_string225:
	.asciz	"TIM_OC_InitTypeDef"            @ string offset=2832
.Linfo_string226:
	.asciz	"timHandle"                     @ string offset=2851
.Linfo_string227:
	.asciz	"GPIO_InitStruct"               @ string offset=2861
.Linfo_string228:
	.asciz	"Pin"                           @ string offset=2877
.Linfo_string229:
	.asciz	"Pull"                          @ string offset=2881
.Linfo_string230:
	.asciz	"Speed"                         @ string offset=2886
.Linfo_string231:
	.asciz	"Alternate"                     @ string offset=2892
.Linfo_string232:
	.asciz	"GPIO_InitTypeDef"              @ string offset=2902
.Linfo_string233:
	.asciz	"tmpreg"                        @ string offset=2919
.Linfo_string234:
	.asciz	"tim_pwmHandle"                 @ string offset=2926
	.ident	"Component: Arm Compiler for Embedded 6.24 Tool: armclang [5f371800]"
	.section	".note.GNU-stack","",%progbits
	.eabi_attribute	30, 6	@ Tag_ABI_optimization_goals
	.ARM_attribute	16, 1	@ Tag_AV_eba
	.section	.debug_line,"",%progbits
.Lline_table_start0:
